date,GDP_growth,Inflation,Unemployment,Exports_pct_GDP,Imports_pct_GDP,GDP_per_capita,Agriculture_pct_GDP,Industry_pct_GDP,Services_pct_GDP,year,Copper_Price_USD,Volume,ZMW_per_USD,month,quarter,GDP_growth_lag_1,GDP_growth_lag_3,GDP_growth_lag_12,Copper_MA_3,Copper_MA_12,Forex_MA_3,Forex_MA_12,Economic_Trend
1960-01-01,1.36138199147489,55.8282208588966,18.9,32.9503954636075,33.7001993659509,221.559848922849,11.4606291324384,62.1518733720697,30.6251793743423,1960,3.3376578908217582,5475.0,0.1921139742646898,1,1,,,,3.3376578908217582,3.3376578908217582,0.1921139742646898,0.1921139742646898,Decline
1960-02-01,1.36138199147489,55.8282208588966,18.9,32.9503954636075,33.7001993659509,221.559848922849,11.4606291324384,62.1518733720697,30.6251793743423,1960,3.3376578908217582,5475.0,0.1921139742646898,2,1,1.36138199147489,,,3.3376578908217582,3.3376578908217582,0.1921139742646898,0.1921139742646898,Decline
1960-03-01,1.36138199147489,55.8282208588966,18.9,32.9503954636075,33.7001993659509,221.559848922849,11.4606291324384,62.1518733720697,30.6251793743423,1960,3.3376578908217582,5475.0,0.1921139742646898,3,1,1.36138199147489,,,3.3376578908217582,3.3376578908217582,0.1921139742646898,0.1921139742646898,Decline
1960-04-01,1.36138199147489,55.8282208588966,18.9,32.9503954636075,33.7001993659509,221.559848922849,11.4606291324384,62.1518733720697,30.6251793743423,1960,3.3376578908217582,5475.0,0.1921139742646898,4,2,1.36138199147489,1.36138199147489,,3.3376578908217582,3.3376578908217582,0.1921139742646898,0.1921139742646898,Decline
1960-05-01,1.36138199147489,55.8282208588966,18.9,32.9503954636075,33.7001993659509,221.559848922849,11.4606291324384,62.1518733720697,30.6251793743423,1960,3.3376578908217582,5475.0,0.1921139742646898,5,2,1.36138199147489,1.36138199147489,,3.3376578908217582,3.3376578908217582,0.1921139742646898,0.1921139742646898,Decline
1960-06-01,1.36138199147489,55.8282208588966,18.9,32.9503954636075,33.7001993659509,221.559848922849,11.4606291324384,62.1518733720697,30.6251793743423,1960,3.3376578908217582,5475.0,0.1921139742646898,6,2,1.36138199147489,1.36138199147489,,3.3376578908217582,3.3376578908217582,0.1921139742646898,0.1921139742646898,Decline
1960-07-01,1.36138199147489,55.8282208588966,18.9,32.9503954636075,33.7001993659509,221.559848922849,11.4606291324384,62.1518733720697,30.6251793743423,1960,3.3376578908217582,5475.0,0.1921139742646898,7,3,1.36138199147489,1.36138199147489,,3.3376578908217582,3.3376578908217582,0.1921139742646898,0.1921139742646898,Decline
1960-08-01,1.36138199147489,55.8282208588966,18.9,32.9503954636075,33.7001993659509,221.559848922849,11.4606291324384,62.1518733720697,30.6251793743423,1960,3.3376578908217582,5475.0,0.1921139742646898,8,3,1.36138199147489,1.36138199147489,,3.3376578908217582,3.3376578908217582,0.1921139742646898,0.1921139742646898,Decline
1960-09-01,1.36138199147489,55.8282208588966,18.9,32.9503954636075,33.7001993659509,221.559848922849,11.4606291324384,62.1518733720697,30.6251793743423,1960,3.3376578908217582,5475.0,0.1921139742646898,9,3,1.36138199147489,1.36138199147489,,3.3376578908217582,3.3376578908217582,0.1921139742646898,0.1921139742646898,Decline
1960-10-01,1.36138199147489,55.8282208588966,18.9,32.9503954636075,33.7001993659509,221.559848922849,11.4606291324384,62.1518733720697,30.6251793743423,1960,3.3376578908217582,5475.0,0.1921139742646898,10,4,1.36138199147489,1.36138199147489,,3.3376578908217582,3.3376578908217582,0.1921139742646898,0.1921139742646898,Decline
1960-11-01,1.36138199147489,55.8282208588966,18.9,32.9503954636075,33.7001993659509,221.559848922849,11.4606291324384,62.1518733720697,30.6251793743423,1960,3.3376578908217582,5475.0,0.1921139742646898,11,4,1.36138199147489,1.36138199147489,,3.3376578908217582,3.3376578908217582,0.1921139742646898,0.1921139742646898,Decline
1960-12-01,1.36138199147489,55.8282208588966,18.9,32.9503954636075,33.7001993659509,221.559848922849,11.4606291324384,62.1518733720697,30.6251793743423,1960,3.3376578908217582,5475.0,0.1921139742646898,12,4,1.36138199147489,1.36138199147489,,3.3376578908217582,3.3376578908217582,0.1921139742646898,0.1921139742646898,Decline
1961-01-01,1.36138199147489,55.8282208588966,18.9,32.9503954636075,33.7001993659509,209.693206426951,12.7615921214608,59.4173163725892,30.6251793743423,1961,3.3376578908217582,5475.0,0.1921139742646898,1,1,1.36138199147489,1.36138199147489,1.36138199147489,3.3376578908217582,3.3376578908217582,0.1921139742646898,0.1921139742646898,Decline
1961-02-01,1.36138199147489,55.8282208588966,18.9,32.9503954636075,33.7001993659509,209.693206426951,12.7615921214608,59.4173163725892,30.6251793743423,1961,3.3376578908217582,5475.0,0.1921139742646898,2,1,1.36138199147489,1.36138199147489,1.36138199147489,3.3376578908217582,3.3376578908217582,0.1921139742646898,0.1921139742646898,Decline
1961-03-01,1.36138199147489,55.8282208588966,18.9,32.9503954636075,33.7001993659509,209.693206426951,12.7615921214608,59.4173163725892,30.6251793743423,1961,3.3376578908217582,5475.0,0.1921139742646898,3,1,1.36138199147489,1.36138199147489,1.36138199147489,3.3376578908217582,3.3376578908217582,0.1921139742646898,0.1921139742646898,Decline
1961-04-01,1.36138199147489,55.8282208588966,18.9,32.9503954636075,33.7001993659509,209.693206426951,12.7615921214608,59.4173163725892,30.6251793743423,1961,3.3376578908217582,5475.0,0.1921139742646898,4,2,1.36138199147489,1.36138199147489,1.36138199147489,3.3376578908217582,3.3376578908217582,0.1921139742646898,0.1921139742646898,Decline
1961-05-01,1.36138199147489,55.8282208588966,18.9,32.9503954636075,33.7001993659509,209.693206426951,12.7615921214608,59.4173163725892,30.6251793743423,1961,3.3376578908217582,5475.0,0.1921139742646898,5,2,1.36138199147489,1.36138199147489,1.36138199147489,3.3376578908217582,3.3376578908217582,0.1921139742646898,0.1921139742646898,Decline
1961-06-01,1.36138199147489,55.8282208588966,18.9,32.9503954636075,33.7001993659509,209.693206426951,12.7615921214608,59.4173163725892,30.6251793743423,1961,3.3376578908217582,5475.0,0.1921139742646898,6,2,1.36138199147489,1.36138199147489,1.36138199147489,3.3376578908217582,3.3376578908217582,0.1921139742646898,0.1921139742646898,Decline
1961-07-01,1.36138199147489,55.8282208588966,18.9,32.9503954636075,33.7001993659509,209.693206426951,12.7615921214608,59.4173163725892,30.6251793743423,1961,3.3376578908217582,5475.0,0.1921139742646898,7,3,1.36138199147489,1.36138199147489,1.36138199147489,3.3376578908217582,3.3376578908217582,0.1921139742646898,0.1921139742646898,Decline
1961-08-01,1.36138199147489,55.8282208588966,18.9,32.9503954636075,33.7001993659509,209.693206426951,12.7615921214608,59.4173163725892,30.6251793743423,1961,3.3376578908217582,5475.0,0.1921139742646898,8,3,1.36138199147489,1.36138199147489,1.36138199147489,3.3376578908217582,3.3376578908217582,0.1921139742646898,0.1921139742646898,Decline
1961-09-01,1.36138199147489,55.8282208588966,18.9,32.9503954636075,33.7001993659509,209.693206426951,12.7615921214608,59.4173163725892,30.6251793743423,1961,3.3376578908217582,5475.0,0.1921139742646898,9,3,1.36138199147489,1.36138199147489,1.36138199147489,3.3376578908217582,3.3376578908217582,0.1921139742646898,0.1921139742646898,Decline
1961-10-01,1.36138199147489,55.8282208588966,18.9,32.9503954636075,33.7001993659509,209.693206426951,12.7615921214608,59.4173163725892,30.6251793743423,1961,3.3376578908217582,5475.0,0.1921139742646898,10,4,1.36138199147489,1.36138199147489,1.36138199147489,3.3376578908217582,3.3376578908217582,0.1921139742646898,0.1921139742646898,Decline
1961-11-01,1.36138199147489,55.8282208588966,18.9,32.9503954636075,33.7001993659509,209.693206426951,12.7615921214608,59.4173163725892,30.6251793743423,1961,3.3376578908217582,5475.0,0.1921139742646898,11,4,1.36138199147489,1.36138199147489,1.36138199147489,3.3376578908217582,3.3376578908217582,0.1921139742646898,0.1921139742646898,Decline
1961-12-01,1.36138199147489,55.8282208588966,18.9,32.9503954636075,33.7001993659509,209.693206426951,12.7615921214608,59.4173163725892,30.6251793743423,1961,3.3376578908217582,5475.0,0.1921139742646898,12,4,1.36138199147489,1.36138199147489,1.36138199147489,3.3376578908217582,3.3376578908217582,0.1921139742646898,0.1921139742646898,Decline
1962-01-01,-2.49083947454871,55.8282208588966,18.9,32.9503954636075,33.7001993659509,202.28103119051,12.3454245671888,58.037922506183,30.6251793743423,1962,3.3376578908217582,5475.0,0.1921139742646898,1,1,1.36138199147489,1.36138199147489,1.36138199147489,3.3376578908217582,3.3376578908217582,0.1921139742646898,0.1921139742646898,Decline
1962-02-01,-2.49083947454871,55.8282208588966,18.9,32.9503954636075,33.7001993659509,202.28103119051,12.3454245671888,58.037922506183,30.6251793743423,1962,3.3376578908217582,5475.0,0.1921139742646898,2,1,-2.49083947454871,1.36138199147489,1.36138199147489,3.3376578908217582,3.3376578908217582,0.1921139742646898,0.1921139742646898,Decline
1962-03-01,-2.49083947454871,55.8282208588966,18.9,32.9503954636075,33.7001993659509,202.28103119051,12.3454245671888,58.037922506183,30.6251793743423,1962,3.3376578908217582,5475.0,0.1921139742646898,3,1,-2.49083947454871,1.36138199147489,1.36138199147489,3.3376578908217582,3.3376578908217582,0.1921139742646898,0.1921139742646898,Decline
1962-04-01,-2.49083947454871,55.8282208588966,18.9,32.9503954636075,33.7001993659509,202.28103119051,12.3454245671888,58.037922506183,30.6251793743423,1962,3.3376578908217582,5475.0,0.1921139742646898,4,2,-2.49083947454871,-2.49083947454871,1.36138199147489,3.3376578908217582,3.3376578908217582,0.1921139742646898,0.1921139742646898,Decline
1962-05-01,-2.49083947454871,55.8282208588966,18.9,32.9503954636075,33.7001993659509,202.28103119051,12.3454245671888,58.037922506183,30.6251793743423,1962,3.3376578908217582,5475.0,0.1921139742646898,5,2,-2.49083947454871,-2.49083947454871,1.36138199147489,3.3376578908217582,3.3376578908217582,0.1921139742646898,0.1921139742646898,Decline
1962-06-01,-2.49083947454871,55.8282208588966,18.9,32.9503954636075,33.7001993659509,202.28103119051,12.3454245671888,58.037922506183,30.6251793743423,1962,3.3376578908217582,5475.0,0.1921139742646898,6,2,-2.49083947454871,-2.49083947454871,1.36138199147489,3.3376578908217582,3.3376578908217582,0.1921139742646898,0.1921139742646898,Decline
1962-07-01,-2.49083947454871,55.8282208588966,18.9,32.9503954636075,33.7001993659509,202.28103119051,12.3454245671888,58.037922506183,30.6251793743423,1962,3.3376578908217582,5475.0,0.1921139742646898,7,3,-2.49083947454871,-2.49083947454871,1.36138199147489,3.3376578908217582,3.3376578908217582,0.1921139742646898,0.1921139742646898,Decline
1962-08-01,-2.49083947454871,55.8282208588966,18.9,32.9503954636075,33.7001993659509,202.28103119051,12.3454245671888,58.037922506183,30.6251793743423,1962,3.3376578908217582,5475.0,0.1921139742646898,8,3,-2.49083947454871,-2.49083947454871,1.36138199147489,3.3376578908217582,3.3376578908217582,0.1921139742646898,0.1921139742646898,Decline
1962-09-01,-2.49083947454871,55.8282208588966,18.9,32.9503954636075,33.7001993659509,202.28103119051,12.3454245671888,58.037922506183,30.6251793743423,1962,3.3376578908217582,5475.0,0.1921139742646898,9,3,-2.49083947454871,-2.49083947454871,1.36138199147489,3.3376578908217582,3.3376578908217582,0.1921139742646898,0.1921139742646898,Decline
1962-10-01,-2.49083947454871,55.8282208588966,18.9,32.9503954636075,33.7001993659509,202.28103119051,12.3454245671888,58.037922506183,30.6251793743423,1962,3.3376578908217582,5475.0,0.1921139742646898,10,4,-2.49083947454871,-2.49083947454871,1.36138199147489,3.3376578908217582,3.3376578908217582,0.1921139742646898,0.1921139742646898,Decline
1962-11-01,-2.49083947454871,55.8282208588966,18.9,32.9503954636075,33.7001993659509,202.28103119051,12.3454245671888,58.037922506183,30.6251793743423,1962,3.3376578908217582,5475.0,0.1921139742646898,11,4,-2.49083947454871,-2.49083947454871,1.36138199147489,3.3376578908217582,3.3376578908217582,0.1921139742646898,0.1921139742646898,Decline
1962-12-01,-2.49083947454871,55.8282208588966,18.9,32.9503954636075,33.7001993659509,202.28103119051,12.3454245671888,58.037922506183,30.6251793743423,1962,3.3376578908217582,5475.0,0.1921139742646898,12,4,-2.49083947454871,-2.49083947454871,1.36138199147489,3.3376578908217582,3.3376578908217582,0.1921139742646898,0.1921139742646898,Decline
1963-01-01,3.27239289272524,55.8282208588966,18.9,32.9503954636075,33.7001993659509,203.219451227586,13.0192804611409,57.7419996024647,30.6251793743423,1963,3.3376578908217582,5475.0,0.1921139742646898,1,1,-2.49083947454871,-2.49083947454871,-2.49083947454871,3.3376578908217582,3.3376578908217582,0.1921139742646898,0.1921139742646898,Stable
1963-02-01,3.27239289272524,55.8282208588966,18.9,32.9503954636075,33.7001993659509,203.219451227586,13.0192804611409,57.7419996024647,30.6251793743423,1963,3.3376578908217582,5475.0,0.1921139742646898,2,1,3.27239289272524,-2.49083947454871,-2.49083947454871,3.3376578908217582,3.3376578908217582,0.1921139742646898,0.1921139742646898,Stable
1963-03-01,3.27239289272524,55.8282208588966,18.9,32.9503954636075,33.7001993659509,203.219451227586,13.0192804611409,57.7419996024647,30.6251793743423,1963,3.3376578908217582,5475.0,0.1921139742646898,3,1,3.27239289272524,-2.49083947454871,-2.49083947454871,3.3376578908217582,3.3376578908217582,0.1921139742646898,0.1921139742646898,Stable
1963-04-01,3.27239289272524,55.8282208588966,18.9,32.9503954636075,33.7001993659509,203.219451227586,13.0192804611409,57.7419996024647,30.6251793743423,1963,3.3376578908217582,5475.0,0.1921139742646898,4,2,3.27239289272524,3.27239289272524,-2.49083947454871,3.3376578908217582,3.3376578908217582,0.1921139742646898,0.1921139742646898,Stable
1963-05-01,3.27239289272524,55.8282208588966,18.9,32.9503954636075,33.7001993659509,203.219451227586,13.0192804611409,57.7419996024647,30.6251793743423,1963,3.3376578908217582,5475.0,0.1921139742646898,5,2,3.27239289272524,3.27239289272524,-2.49083947454871,3.3376578908217582,3.3376578908217582,0.1921139742646898,0.1921139742646898,Stable
1963-06-01,3.27239289272524,55.8282208588966,18.9,32.9503954636075,33.7001993659509,203.219451227586,13.0192804611409,57.7419996024647,30.6251793743423,1963,3.3376578908217582,5475.0,0.1921139742646898,6,2,3.27239289272524,3.27239289272524,-2.49083947454871,3.3376578908217582,3.3376578908217582,0.1921139742646898,0.1921139742646898,Stable
1963-07-01,3.27239289272524,55.8282208588966,18.9,32.9503954636075,33.7001993659509,203.219451227586,13.0192804611409,57.7419996024647,30.6251793743423,1963,3.3376578908217582,5475.0,0.1921139742646898,7,3,3.27239289272524,3.27239289272524,-2.49083947454871,3.3376578908217582,3.3376578908217582,0.1921139742646898,0.1921139742646898,Stable
1963-08-01,3.27239289272524,55.8282208588966,18.9,32.9503954636075,33.7001993659509,203.219451227586,13.0192804611409,57.7419996024647,30.6251793743423,1963,3.3376578908217582,5475.0,0.1921139742646898,8,3,3.27239289272524,3.27239289272524,-2.49083947454871,3.3376578908217582,3.3376578908217582,0.1921139742646898,0.1921139742646898,Stable
1963-09-01,3.27239289272524,55.8282208588966,18.9,32.9503954636075,33.7001993659509,203.219451227586,13.0192804611409,57.7419996024647,30.6251793743423,1963,3.3376578908217582,5475.0,0.1921139742646898,9,3,3.27239289272524,3.27239289272524,-2.49083947454871,3.3376578908217582,3.3376578908217582,0.1921139742646898,0.1921139742646898,Stable
1963-10-01,3.27239289272524,55.8282208588966,18.9,32.9503954636075,33.7001993659509,203.219451227586,13.0192804611409,57.7419996024647,30.6251793743423,1963,3.3376578908217582,5475.0,0.1921139742646898,10,4,3.27239289272524,3.27239289272524,-2.49083947454871,3.3376578908217582,3.3376578908217582,0.1921139742646898,0.1921139742646898,Stable
1963-11-01,3.27239289272524,55.8282208588966,18.9,32.9503954636075,33.7001993659509,203.219451227586,13.0192804611409,57.7419996024647,30.6251793743423,1963,3.3376578908217582,5475.0,0.1921139742646898,11,4,3.27239289272524,3.27239289272524,-2.49083947454871,3.3376578908217582,3.3376578908217582,0.1921139742646898,0.1921139742646898,Stable
1963-12-01,3.27239289272524,55.8282208588966,18.9,32.9503954636075,33.7001993659509,203.219451227586,13.0192804611409,57.7419996024647,30.6251793743423,1963,3.3376578908217582,5475.0,0.1921139742646898,12,4,3.27239289272524,3.27239289272524,-2.49083947454871,3.3376578908217582,3.3376578908217582,0.1921139742646898,0.1921139742646898,Stable
1964-01-01,12.2140480179323,55.8282208588966,18.9,32.9503954636075,33.7001993659509,229.979245632097,11.9809394145677,58.1347855684139,30.6251793743423,1964,3.3376578908217582,5475.0,0.1921139742646898,1,1,3.27239289272524,3.27239289272524,3.27239289272524,3.3376578908217582,3.3376578908217582,0.1921139742646898,0.1921139742646898,Growth
1964-02-01,12.2140480179323,55.8282208588966,18.9,32.9503954636075,33.7001993659509,229.979245632097,11.9809394145677,58.1347855684139,30.6251793743423,1964,3.3376578908217582,5475.0,0.1921139742646898,2,1,12.2140480179323,3.27239289272524,3.27239289272524,3.3376578908217582,3.3376578908217582,0.1921139742646898,0.1921139742646898,Growth
1964-03-01,12.2140480179323,55.8282208588966,18.9,32.9503954636075,33.7001993659509,229.979245632097,11.9809394145677,58.1347855684139,30.6251793743423,1964,3.3376578908217582,5475.0,0.1921139742646898,3,1,12.2140480179323,3.27239289272524,3.27239289272524,3.3376578908217582,3.3376578908217582,0.1921139742646898,0.1921139742646898,Growth
1964-04-01,12.2140480179323,55.8282208588966,18.9,32.9503954636075,33.7001993659509,229.979245632097,11.9809394145677,58.1347855684139,30.6251793743423,1964,3.3376578908217582,5475.0,0.1921139742646898,4,2,12.2140480179323,12.2140480179323,3.27239289272524,3.3376578908217582,3.3376578908217582,0.1921139742646898,0.1921139742646898,Growth
1964-05-01,12.2140480179323,55.8282208588966,18.9,32.9503954636075,33.7001993659509,229.979245632097,11.9809394145677,58.1347855684139,30.6251793743423,1964,3.3376578908217582,5475.0,0.1921139742646898,5,2,12.2140480179323,12.2140480179323,3.27239289272524,3.3376578908217582,3.3376578908217582,0.1921139742646898,0.1921139742646898,Growth
1964-06-01,12.2140480179323,55.8282208588966,18.9,32.9503954636075,33.7001993659509,229.979245632097,11.9809394145677,58.1347855684139,30.6251793743423,1964,3.3376578908217582,5475.0,0.1921139742646898,6,2,12.2140480179323,12.2140480179323,3.27239289272524,3.3376578908217582,3.3376578908217582,0.1921139742646898,0.1921139742646898,Growth
1964-07-01,12.2140480179323,55.8282208588966,18.9,32.9503954636075,33.7001993659509,229.979245632097,11.9809394145677,58.1347855684139,30.6251793743423,1964,3.3376578908217582,5475.0,0.1921139742646898,7,3,12.2140480179323,12.2140480179323,3.27239289272524,3.3376578908217582,3.3376578908217582,0.1921139742646898,0.1921139742646898,Growth
1964-08-01,12.2140480179323,55.8282208588966,18.9,32.9503954636075,33.7001993659509,229.979245632097,11.9809394145677,58.1347855684139,30.6251793743423,1964,3.3376578908217582,5475.0,0.1921139742646898,8,3,12.2140480179323,12.2140480179323,3.27239289272524,3.3376578908217582,3.3376578908217582,0.1921139742646898,0.1921139742646898,Growth
1964-09-01,12.2140480179323,55.8282208588966,18.9,32.9503954636075,33.7001993659509,229.979245632097,11.9809394145677,58.1347855684139,30.6251793743423,1964,3.3376578908217582,5475.0,0.1921139742646898,9,3,12.2140480179323,12.2140480179323,3.27239289272524,3.3376578908217582,3.3376578908217582,0.1921139742646898,0.1921139742646898,Growth
1964-10-01,12.2140480179323,55.8282208588966,18.9,32.9503954636075,33.7001993659509,229.979245632097,11.9809394145677,58.1347855684139,30.6251793743423,1964,3.3376578908217582,5475.0,0.1921139742646898,10,4,12.2140480179323,12.2140480179323,3.27239289272524,3.3376578908217582,3.3376578908217582,0.1921139742646898,0.1921139742646898,Growth
1964-11-01,12.2140480179323,55.8282208588966,18.9,32.9503954636075,33.7001993659509,229.979245632097,11.9809394145677,58.1347855684139,30.6251793743423,1964,3.3376578908217582,5475.0,0.1921139742646898,11,4,12.2140480179323,12.2140480179323,3.27239289272524,3.3376578908217582,3.3376578908217582,0.1921139742646898,0.1921139742646898,Growth
1964-12-01,12.2140480179323,55.8282208588966,18.9,32.9503954636075,33.7001993659509,229.979245632097,11.9809394145677,58.1347855684139,30.6251793743423,1964,3.3376578908217582,5475.0,0.1921139742646898,12,4,12.2140480179323,12.2140480179323,3.27239289272524,3.3376578908217582,3.3376578908217582,0.1921139742646898,0.1921139742646898,Growth
1965-01-01,16.6474559632126,55.8282208588966,18.9,32.9503954636075,33.7001993659509,287.42547598963,14.3139841688654,53.8126649076517,30.6251793743423,1965,3.3376578908217582,5475.0,0.1921139742646898,1,1,12.2140480179323,12.2140480179323,12.2140480179323,3.3376578908217582,3.3376578908217582,0.1921139742646898,0.1921139742646898,Growth
1965-02-01,16.6474559632126,55.8282208588966,18.9,32.9503954636075,33.7001993659509,287.42547598963,14.3139841688654,53.8126649076517,30.6251793743423,1965,3.3376578908217582,5475.0,0.1921139742646898,2,1,16.6474559632126,12.2140480179323,12.2140480179323,3.3376578908217582,3.3376578908217582,0.1921139742646898,0.1921139742646898,Growth
1965-03-01,16.6474559632126,55.8282208588966,18.9,32.9503954636075,33.7001993659509,287.42547598963,14.3139841688654,53.8126649076517,30.6251793743423,1965,3.3376578908217582,5475.0,0.1921139742646898,3,1,16.6474559632126,12.2140480179323,12.2140480179323,3.3376578908217582,3.3376578908217582,0.1921139742646898,0.1921139742646898,Growth
1965-04-01,16.6474559632126,55.8282208588966,18.9,32.9503954636075,33.7001993659509,287.42547598963,14.3139841688654,53.8126649076517,30.6251793743423,1965,3.3376578908217582,5475.0,0.1921139742646898,4,2,16.6474559632126,16.6474559632126,12.2140480179323,3.3376578908217582,3.3376578908217582,0.1921139742646898,0.1921139742646898,Growth
1965-05-01,16.6474559632126,55.8282208588966,18.9,32.9503954636075,33.7001993659509,287.42547598963,14.3139841688654,53.8126649076517,30.6251793743423,1965,3.3376578908217582,5475.0,0.1921139742646898,5,2,16.6474559632126,16.6474559632126,12.2140480179323,3.3376578908217582,3.3376578908217582,0.1921139742646898,0.1921139742646898,Growth
1965-06-01,16.6474559632126,55.8282208588966,18.9,32.9503954636075,33.7001993659509,287.42547598963,14.3139841688654,53.8126649076517,30.6251793743423,1965,3.3376578908217582,5475.0,0.1921139742646898,6,2,16.6474559632126,16.6474559632126,12.2140480179323,3.3376578908217582,3.3376578908217582,0.1921139742646898,0.1921139742646898,Growth
1965-07-01,16.6474559632126,55.8282208588966,18.9,32.9503954636075,33.7001993659509,287.42547598963,14.3139841688654,53.8126649076517,30.6251793743423,1965,3.3376578908217582,5475.0,0.1921139742646898,7,3,16.6474559632126,16.6474559632126,12.2140480179323,3.3376578908217582,3.3376578908217582,0.1921139742646898,0.1921139742646898,Growth
1965-08-01,16.6474559632126,55.8282208588966,18.9,32.9503954636075,33.7001993659509,287.42547598963,14.3139841688654,53.8126649076517,30.6251793743423,1965,3.3376578908217582,5475.0,0.1921139742646898,8,3,16.6474559632126,16.6474559632126,12.2140480179323,3.3376578908217582,3.3376578908217582,0.1921139742646898,0.1921139742646898,Growth
1965-09-01,16.6474559632126,55.8282208588966,18.9,32.9503954636075,33.7001993659509,287.42547598963,14.3139841688654,53.8126649076517,30.6251793743423,1965,3.3376578908217582,5475.0,0.1921139742646898,9,3,16.6474559632126,16.6474559632126,12.2140480179323,3.3376578908217582,3.3376578908217582,0.1921139742646898,0.1921139742646898,Growth
1965-10-01,16.6474559632126,55.8282208588966,18.9,32.9503954636075,33.7001993659509,287.42547598963,14.3139841688654,53.8126649076517,30.6251793743423,1965,3.3376578908217582,5475.0,0.1921139742646898,10,4,16.6474559632126,16.6474559632126,12.2140480179323,3.3376578908217582,3.3376578908217582,0.1921139742646898,0.1921139742646898,Growth
1965-11-01,16.6474559632126,55.8282208588966,18.9,32.9503954636075,33.7001993659509,287.42547598963,14.3139841688654,53.8126649076517,30.6251793743423,1965,3.3376578908217582,5475.0,0.1921139742646898,11,4,16.6474559632126,16.6474559632126,12.2140480179323,3.3376578908217582,3.3376578908217582,0.1921139742646898,0.1921139742646898,Growth
1965-12-01,16.6474559632126,55.8282208588966,18.9,32.9503954636075,33.7001993659509,287.42547598963,14.3139841688654,53.8126649076517,30.6251793743423,1965,3.3376578908217582,5475.0,0.1921139742646898,12,4,16.6474559632126,16.6474559632126,12.2140480179323,3.3376578908217582,3.3376578908217582,0.1921139742646898,0.1921139742646898,Growth
1966-01-01,-5.57030980860466,55.8282208588966,18.9,32.9503954636075,33.7001993659509,325.025847276562,13.4463276836158,58.8474576271187,30.6251793743423,1966,3.3376578908217582,5475.0,0.1921139742646898,1,1,16.6474559632126,16.6474559632126,16.6474559632126,3.3376578908217582,3.3376578908217582,0.1921139742646898,0.1921139742646898,Decline
1966-02-01,-5.57030980860466,55.8282208588966,18.9,32.9503954636075,33.7001993659509,325.025847276562,13.4463276836158,58.8474576271187,30.6251793743423,1966,3.3376578908217582,5475.0,0.1921139742646898,2,1,-5.57030980860466,16.6474559632126,16.6474559632126,3.3376578908217582,3.3376578908217582,0.1921139742646898,0.1921139742646898,Decline
1966-03-01,-5.57030980860466,55.8282208588966,18.9,32.9503954636075,33.7001993659509,325.025847276562,13.4463276836158,58.8474576271187,30.6251793743423,1966,3.3376578908217582,5475.0,0.1921139742646898,3,1,-5.57030980860466,16.6474559632126,16.6474559632126,3.3376578908217582,3.3376578908217582,0.1921139742646898,0.1921139742646898,Decline
1966-04-01,-5.57030980860466,55.8282208588966,18.9,32.9503954636075,33.7001993659509,325.025847276562,13.4463276836158,58.8474576271187,30.6251793743423,1966,3.3376578908217582,5475.0,0.1921139742646898,4,2,-5.57030980860466,-5.57030980860466,16.6474559632126,3.3376578908217582,3.3376578908217582,0.1921139742646898,0.1921139742646898,Decline
1966-05-01,-5.57030980860466,55.8282208588966,18.9,32.9503954636075,33.7001993659509,325.025847276562,13.4463276836158,58.8474576271187,30.6251793743423,1966,3.3376578908217582,5475.0,0.1921139742646898,5,2,-5.57030980860466,-5.57030980860466,16.6474559632126,3.3376578908217582,3.3376578908217582,0.1921139742646898,0.1921139742646898,Decline
1966-06-01,-5.57030980860466,55.8282208588966,18.9,32.9503954636075,33.7001993659509,325.025847276562,13.4463276836158,58.8474576271187,30.6251793743423,1966,3.3376578908217582,5475.0,0.1921139742646898,6,2,-5.57030980860466,-5.57030980860466,16.6474559632126,3.3376578908217582,3.3376578908217582,0.1921139742646898,0.1921139742646898,Decline
1966-07-01,-5.57030980860466,55.8282208588966,18.9,32.9503954636075,33.7001993659509,325.025847276562,13.4463276836158,58.8474576271187,30.6251793743423,1966,3.3376578908217582,5475.0,0.1921139742646898,7,3,-5.57030980860466,-5.57030980860466,16.6474559632126,3.3376578908217582,3.3376578908217582,0.1921139742646898,0.1921139742646898,Decline
1966-08-01,-5.57030980860466,55.8282208588966,18.9,32.9503954636075,33.7001993659509,325.025847276562,13.4463276836158,58.8474576271187,30.6251793743423,1966,3.3376578908217582,5475.0,0.1921139742646898,8,3,-5.57030980860466,-5.57030980860466,16.6474559632126,3.3376578908217582,3.3376578908217582,0.1921139742646898,0.1921139742646898,Decline
1966-09-01,-5.57030980860466,55.8282208588966,18.9,32.9503954636075,33.7001993659509,325.025847276562,13.4463276836158,58.8474576271187,30.6251793743423,1966,3.3376578908217582,5475.0,0.1921139742646898,9,3,-5.57030980860466,-5.57030980860466,16.6474559632126,3.3376578908217582,3.3376578908217582,0.1921139742646898,0.1921139742646898,Decline
1966-10-01,-5.57030980860466,55.8282208588966,18.9,32.9503954636075,33.7001993659509,325.025847276562,13.4463276836158,58.8474576271187,30.6251793743423,1966,3.3376578908217582,5475.0,0.1921139742646898,10,4,-5.57030980860466,-5.57030980860466,16.6474559632126,3.3376578908217582,3.3376578908217582,0.1921139742646898,0.1921139742646898,Decline
1966-11-01,-5.57030980860466,55.8282208588966,18.9,32.9503954636075,33.7001993659509,325.025847276562,13.4463276836158,58.8474576271187,30.6251793743423,1966,3.3376578908217582,5475.0,0.1921139742646898,11,4,-5.57030980860466,-5.57030980860466,16.6474559632126,3.3376578908217582,3.3376578908217582,0.1921139742646898,0.1921139742646898,Decline
1966-12-01,-5.57030980860466,55.8282208588966,18.9,32.9503954636075,33.7001993659509,325.025847276562,13.4463276836158,58.8474576271187,30.6251793743423,1966,3.3376578908217582,5475.0,0.1921139742646898,12,4,-5.57030980860466,-5.57030980860466,16.6474559632126,3.3376578908217582,3.3376578908217582,0.1921139742646898,0.1921139742646898,Decline
1967-01-01,7.91969651199875,55.8282208588966,18.9,32.9503954636075,33.7001993659509,340.579940386412,12.8446115288221,52.140768588137,30.6251793743423,1967,3.3376578908217582,5475.0,0.1921139742646898,1,1,-5.57030980860466,-5.57030980860466,-5.57030980860466,3.3376578908217582,3.3376578908217582,0.1921139742646898,0.1921139742646898,Growth
1967-02-01,7.91969651199875,55.8282208588966,18.9,32.9503954636075,33.7001993659509,340.579940386412,12.8446115288221,52.140768588137,30.6251793743423,1967,3.3376578908217582,5475.0,0.1921139742646898,2,1,7.91969651199875,-5.57030980860466,-5.57030980860466,3.3376578908217582,3.3376578908217582,0.1921139742646898,0.1921139742646898,Growth
1967-03-01,7.91969651199875,55.8282208588966,18.9,32.9503954636075,33.7001993659509,340.579940386412,12.8446115288221,52.140768588137,30.6251793743423,1967,3.3376578908217582,5475.0,0.1921139742646898,3,1,7.91969651199875,-5.57030980860466,-5.57030980860466,3.3376578908217582,3.3376578908217582,0.1921139742646898,0.1921139742646898,Growth
1967-04-01,7.91969651199875,55.8282208588966,18.9,32.9503954636075,33.7001993659509,340.579940386412,12.8446115288221,52.140768588137,30.6251793743423,1967,3.3376578908217582,5475.0,0.1921139742646898,4,2,7.91969651199875,7.91969651199875,-5.57030980860466,3.3376578908217582,3.3376578908217582,0.1921139742646898,0.1921139742646898,Growth
1967-05-01,7.91969651199875,55.8282208588966,18.9,32.9503954636075,33.7001993659509,340.579940386412,12.8446115288221,52.140768588137,30.6251793743423,1967,3.3376578908217582,5475.0,0.1921139742646898,5,2,7.91969651199875,7.91969651199875,-5.57030980860466,3.3376578908217582,3.3376578908217582,0.1921139742646898,0.1921139742646898,Growth
1967-06-01,7.91969651199875,55.8282208588966,18.9,32.9503954636075,33.7001993659509,340.579940386412,12.8446115288221,52.140768588137,30.6251793743423,1967,3.3376578908217582,5475.0,0.1921139742646898,6,2,7.91969651199875,7.91969651199875,-5.57030980860466,3.3376578908217582,3.3376578908217582,0.1921139742646898,0.1921139742646898,Growth
1967-07-01,7.91969651199875,55.8282208588966,18.9,32.9503954636075,33.7001993659509,340.579940386412,12.8446115288221,52.140768588137,30.6251793743423,1967,3.3376578908217582,5475.0,0.1921139742646898,7,3,7.91969651199875,7.91969651199875,-5.57030980860466,3.3376578908217582,3.3376578908217582,0.1921139742646898,0.1921139742646898,Growth
1967-08-01,7.91969651199875,55.8282208588966,18.9,32.9503954636075,33.7001993659509,340.579940386412,12.8446115288221,52.140768588137,30.6251793743423,1967,3.3376578908217582,5475.0,0.1921139742646898,8,3,7.91969651199875,7.91969651199875,-5.57030980860466,3.3376578908217582,3.3376578908217582,0.1921139742646898,0.1921139742646898,Growth
1967-09-01,7.91969651199875,55.8282208588966,18.9,32.9503954636075,33.7001993659509,340.579940386412,12.8446115288221,52.140768588137,30.6251793743423,1967,3.3376578908217582,5475.0,0.1921139742646898,9,3,7.91969651199875,7.91969651199875,-5.57030980860466,3.3376578908217582,3.3376578908217582,0.1921139742646898,0.1921139742646898,Growth
1967-10-01,7.91969651199875,55.8282208588966,18.9,32.9503954636075,33.7001993659509,340.579940386412,12.8446115288221,52.140768588137,30.6251793743423,1967,3.3376578908217582,5475.0,0.1921139742646898,10,4,7.91969651199875,7.91969651199875,-5.57030980860466,3.3376578908217582,3.3376578908217582,0.1921139742646898,0.1921139742646898,Growth
1967-11-01,7.91969651199875,55.8282208588966,18.9,32.9503954636075,33.7001993659509,340.579940386412,12.8446115288221,52.140768588137,30.6251793743423,1967,3.3376578908217582,5475.0,0.1921139742646898,11,4,7.91969651199875,7.91969651199875,-5.57030980860466,3.3376578908217582,3.3376578908217582,0.1921139742646898,0.1921139742646898,Growth
1967-12-01,7.91969651199875,55.8282208588966,18.9,32.9503954636075,33.7001993659509,340.579940386412,12.8446115288221,52.140768588137,30.6251793743423,1967,3.3376578908217582,5475.0,0.1921139742646898,12,4,7.91969651199875,7.91969651199875,-5.57030980860466,3.3376578908217582,3.3376578908217582,0.1921139742646898,0.1921139742646898,Growth
1968-01-01,1.24832998222797,55.8282208588966,18.9,32.9503954636075,33.7001993659509,387.087288652294,11.3868872876079,54.5947869406636,30.6251793743423,1968,3.3376578908217582,5475.0,0.1921139742646898,1,1,7.91969651199875,7.91969651199875,7.91969651199875,3.3376578908217582,3.3376578908217582,0.1921139742646898,0.1921139742646898,Decline
1968-02-01,1.24832998222797,55.8282208588966,18.9,32.9503954636075,33.7001993659509,387.087288652294,11.3868872876079,54.5947869406636,30.6251793743423,1968,3.3376578908217582,5475.0,0.1921139742646898,2,1,1.24832998222797,7.91969651199875,7.91969651199875,3.3376578908217582,3.3376578908217582,0.1921139742646898,0.1921139742646898,Decline
1968-03-01,1.24832998222797,55.8282208588966,18.9,32.9503954636075,33.7001993659509,387.087288652294,11.3868872876079,54.5947869406636,30.6251793743423,1968,3.3376578908217582,5475.0,0.1921139742646898,3,1,1.24832998222797,7.91969651199875,7.91969651199875,3.3376578908217582,3.3376578908217582,0.1921139742646898,0.1921139742646898,Decline
1968-04-01,1.24832998222797,55.8282208588966,18.9,32.9503954636075,33.7001993659509,387.087288652294,11.3868872876079,54.5947869406636,30.6251793743423,1968,3.3376578908217582,5475.0,0.1921139742646898,4,2,1.24832998222797,1.24832998222797,7.91969651199875,3.3376578908217582,3.3376578908217582,0.1921139742646898,0.1921139742646898,Decline
1968-05-01,1.24832998222797,55.8282208588966,18.9,32.9503954636075,33.7001993659509,387.087288652294,11.3868872876079,54.5947869406636,30.6251793743423,1968,3.3376578908217582,5475.0,0.1921139742646898,5,2,1.24832998222797,1.24832998222797,7.91969651199875,3.3376578908217582,3.3376578908217582,0.1921139742646898,0.1921139742646898,Decline
1968-06-01,1.24832998222797,55.8282208588966,18.9,32.9503954636075,33.7001993659509,387.087288652294,11.3868872876079,54.5947869406636,30.6251793743423,1968,3.3376578908217582,5475.0,0.1921139742646898,6,2,1.24832998222797,1.24832998222797,7.91969651199875,3.3376578908217582,3.3376578908217582,0.1921139742646898,0.1921139742646898,Decline
1968-07-01,1.24832998222797,55.8282208588966,18.9,32.9503954636075,33.7001993659509,387.087288652294,11.3868872876079,54.5947869406636,30.6251793743423,1968,3.3376578908217582,5475.0,0.1921139742646898,7,3,1.24832998222797,1.24832998222797,7.91969651199875,3.3376578908217582,3.3376578908217582,0.1921139742646898,0.1921139742646898,Decline
1968-08-01,1.24832998222797,55.8282208588966,18.9,32.9503954636075,33.7001993659509,387.087288652294,11.3868872876079,54.5947869406636,30.6251793743423,1968,3.3376578908217582,5475.0,0.1921139742646898,8,3,1.24832998222797,1.24832998222797,7.91969651199875,3.3376578908217582,3.3376578908217582,0.1921139742646898,0.1921139742646898,Decline
1968-09-01,1.24832998222797,55.8282208588966,18.9,32.9503954636075,33.7001993659509,387.087288652294,11.3868872876079,54.5947869406636,30.6251793743423,1968,3.3376578908217582,5475.0,0.1921139742646898,9,3,1.24832998222797,1.24832998222797,7.91969651199875,3.3376578908217582,3.3376578908217582,0.1921139742646898,0.1921139742646898,Decline
1968-10-01,1.24832998222797,55.8282208588966,18.9,32.9503954636075,33.7001993659509,387.087288652294,11.3868872876079,54.5947869406636,30.6251793743423,1968,3.3376578908217582,5475.0,0.1921139742646898,10,4,1.24832998222797,1.24832998222797,7.91969651199875,3.3376578908217582,3.3376578908217582,0.1921139742646898,0.1921139742646898,Decline
1968-11-01,1.24832998222797,55.8282208588966,18.9,32.9503954636075,33.7001993659509,387.087288652294,11.3868872876079,54.5947869406636,30.6251793743423,1968,3.3376578908217582,5475.0,0.1921139742646898,11,4,1.24832998222797,1.24832998222797,7.91969651199875,3.3376578908217582,3.3376578908217582,0.1921139742646898,0.1921139742646898,Decline
1968-12-01,1.24832998222797,55.8282208588966,18.9,32.9503954636075,33.7001993659509,387.087288652294,11.3868872876079,54.5947869406636,30.6251793743423,1968,3.3376578908217582,5475.0,0.1921139742646898,12,4,1.24832998222797,1.24832998222797,7.91969651199875,3.3376578908217582,3.3376578908217582,0.1921139742646898,0.1921139742646898,Decline
1969-01-01,-0.436915823088214,55.8282208588966,18.9,32.9503954636075,33.7001993659509,458.981650783744,9.66569767441861,62.405523255814,30.6251793743423,1969,3.3376578908217582,5475.0,0.1921139742646898,1,1,1.24832998222797,1.24832998222797,1.24832998222797,3.3376578908217582,3.3376578908217582,0.1921139742646898,0.1921139742646898,Decline
1969-02-01,-0.436915823088214,55.8282208588966,18.9,32.9503954636075,33.7001993659509,458.981650783744,9.66569767441861,62.405523255814,30.6251793743423,1969,3.3376578908217582,5475.0,0.1921139742646898,2,1,-0.436915823088214,1.24832998222797,1.24832998222797,3.3376578908217582,3.3376578908217582,0.1921139742646898,0.1921139742646898,Decline
1969-03-01,-0.436915823088214,55.8282208588966,18.9,32.9503954636075,33.7001993659509,458.981650783744,9.66569767441861,62.405523255814,30.6251793743423,1969,3.3376578908217582,5475.0,0.1921139742646898,3,1,-0.436915823088214,1.24832998222797,1.24832998222797,3.3376578908217582,3.3376578908217582,0.1921139742646898,0.1921139742646898,Decline
1969-04-01,-0.436915823088214,55.8282208588966,18.9,32.9503954636075,33.7001993659509,458.981650783744,9.66569767441861,62.405523255814,30.6251793743423,1969,3.3376578908217582,5475.0,0.1921139742646898,4,2,-0.436915823088214,-0.436915823088214,1.24832998222797,3.3376578908217582,3.3376578908217582,0.1921139742646898,0.1921139742646898,Decline
1969-05-01,-0.436915823088214,55.8282208588966,18.9,32.9503954636075,33.7001993659509,458.981650783744,9.66569767441861,62.405523255814,30.6251793743423,1969,3.3376578908217582,5475.0,0.1921139742646898,5,2,-0.436915823088214,-0.436915823088214,1.24832998222797,3.3376578908217582,3.3376578908217582,0.1921139742646898,0.1921139742646898,Decline
1969-06-01,-0.436915823088214,55.8282208588966,18.9,32.9503954636075,33.7001993659509,458.981650783744,9.66569767441861,62.405523255814,30.6251793743423,1969,3.3376578908217582,5475.0,0.1921139742646898,6,2,-0.436915823088214,-0.436915823088214,1.24832998222797,3.3376578908217582,3.3376578908217582,0.1921139742646898,0.1921139742646898,Decline
1969-07-01,-0.436915823088214,55.8282208588966,18.9,32.9503954636075,33.7001993659509,458.981650783744,9.66569767441861,62.405523255814,30.6251793743423,1969,3.3376578908217582,5475.0,0.1921139742646898,7,3,-0.436915823088214,-0.436915823088214,1.24832998222797,3.3376578908217582,3.3376578908217582,0.1921139742646898,0.1921139742646898,Decline
1969-08-01,-0.436915823088214,55.8282208588966,18.9,32.9503954636075,33.7001993659509,458.981650783744,9.66569767441861,62.405523255814,30.6251793743423,1969,3.3376578908217582,5475.0,0.1921139742646898,8,3,-0.436915823088214,-0.436915823088214,1.24832998222797,3.3376578908217582,3.3376578908217582,0.1921139742646898,0.1921139742646898,Decline
1969-09-01,-0.436915823088214,55.8282208588966,18.9,32.9503954636075,33.7001993659509,458.981650783744,9.66569767441861,62.405523255814,30.6251793743423,1969,3.3376578908217582,5475.0,0.1921139742646898,9,3,-0.436915823088214,-0.436915823088214,1.24832998222797,3.3376578908217582,3.3376578908217582,0.1921139742646898,0.1921139742646898,Decline
1969-10-01,-0.436915823088214,55.8282208588966,18.9,32.9503954636075,33.7001993659509,458.981650783744,9.66569767441861,62.405523255814,30.6251793743423,1969,3.3376578908217582,5475.0,0.1921139742646898,10,4,-0.436915823088214,-0.436915823088214,1.24832998222797,3.3376578908217582,3.3376578908217582,0.1921139742646898,0.1921139742646898,Decline
1969-11-01,-0.436915823088214,55.8282208588966,18.9,32.9503954636075,33.7001993659509,458.981650783744,9.66569767441861,62.405523255814,30.6251793743423,1969,3.3376578908217582,5475.0,0.1921139742646898,11,4,-0.436915823088214,-0.436915823088214,1.24832998222797,3.3376578908217582,3.3376578908217582,0.1921139742646898,0.1921139742646898,Decline
1969-12-01,-0.436915823088214,55.8282208588966,18.9,32.9503954636075,33.7001993659509,458.981650783744,9.66569767441861,62.405523255814,30.6251793743423,1969,3.3376578908217582,5475.0,0.1921139742646898,12,4,-0.436915823088214,-0.436915823088214,1.24832998222797,3.3376578908217582,3.3376578908217582,0.1921139742646898,0.1921139742646898,Decline
1970-01-01,4.79711290318896,55.8282208588966,18.9,32.9503954636075,33.7001993659509,413.904675224945,10.6519527275573,54.7233309853643,30.6251793743423,1970,3.3376578908217582,5475.0,0.1921139742646898,1,1,-0.436915823088214,-0.436915823088214,-0.436915823088214,3.3376578908217582,3.3376578908217582,0.1921139742646898,0.1921139742646898,Growth
1970-02-01,4.79711290318896,55.8282208588966,18.9,32.9503954636075,33.7001993659509,413.904675224945,10.6519527275573,54.7233309853643,30.6251793743423,1970,3.3376578908217582,5475.0,0.1921139742646898,2,1,4.79711290318896,-0.436915823088214,-0.436915823088214,3.3376578908217582,3.3376578908217582,0.1921139742646898,0.1921139742646898,Growth
1970-03-01,4.79711290318896,55.8282208588966,18.9,32.9503954636075,33.7001993659509,413.904675224945,10.6519527275573,54.7233309853643,30.6251793743423,1970,3.3376578908217582,5475.0,0.1921139742646898,3,1,4.79711290318896,-0.436915823088214,-0.436915823088214,3.3376578908217582,3.3376578908217582,0.1921139742646898,0.1921139742646898,Growth
1970-04-01,4.79711290318896,55.8282208588966,18.9,32.9503954636075,33.7001993659509,413.904675224945,10.6519527275573,54.7233309853643,30.6251793743423,1970,3.3376578908217582,5475.0,0.1921139742646898,4,2,4.79711290318896,4.79711290318896,-0.436915823088214,3.3376578908217582,3.3376578908217582,0.1921139742646898,0.1921139742646898,Growth
1970-05-01,4.79711290318896,55.8282208588966,18.9,32.9503954636075,33.7001993659509,413.904675224945,10.6519527275573,54.7233309853643,30.6251793743423,1970,3.3376578908217582,5475.0,0.1921139742646898,5,2,4.79711290318896,4.79711290318896,-0.436915823088214,3.3376578908217582,3.3376578908217582,0.1921139742646898,0.1921139742646898,Growth
1970-06-01,4.79711290318896,55.8282208588966,18.9,32.9503954636075,33.7001993659509,413.904675224945,10.6519527275573,54.7233309853643,30.6251793743423,1970,3.3376578908217582,5475.0,0.1921139742646898,6,2,4.79711290318896,4.79711290318896,-0.436915823088214,3.3376578908217582,3.3376578908217582,0.1921139742646898,0.1921139742646898,Growth
1970-07-01,4.79711290318896,55.8282208588966,18.9,32.9503954636075,33.7001993659509,413.904675224945,10.6519527275573,54.7233309853643,30.6251793743423,1970,3.3376578908217582,5475.0,0.1921139742646898,7,3,4.79711290318896,4.79711290318896,-0.436915823088214,3.3376578908217582,3.3376578908217582,0.1921139742646898,0.1921139742646898,Growth
1970-08-01,4.79711290318896,55.8282208588966,18.9,32.9503954636075,33.7001993659509,413.904675224945,10.6519527275573,54.7233309853643,30.6251793743423,1970,3.3376578908217582,5475.0,0.1921139742646898,8,3,4.79711290318896,4.79711290318896,-0.436915823088214,3.3376578908217582,3.3376578908217582,0.1921139742646898,0.1921139742646898,Growth
1970-09-01,4.79711290318896,55.8282208588966,18.9,32.9503954636075,33.7001993659509,413.904675224945,10.6519527275573,54.7233309853643,30.6251793743423,1970,3.3376578908217582,5475.0,0.1921139742646898,9,3,4.79711290318896,4.79711290318896,-0.436915823088214,3.3376578908217582,3.3376578908217582,0.1921139742646898,0.1921139742646898,Growth
1970-10-01,4.79711290318896,55.8282208588966,18.9,32.9503954636075,33.7001993659509,413.904675224945,10.6519527275573,54.7233309853643,30.6251793743423,1970,3.3376578908217582,5475.0,0.1921139742646898,10,4,4.79711290318896,4.79711290318896,-0.436915823088214,3.3376578908217582,3.3376578908217582,0.1921139742646898,0.1921139742646898,Growth
1970-11-01,4.79711290318896,55.8282208588966,18.9,32.9503954636075,33.7001993659509,413.904675224945,10.6519527275573,54.7233309853643,30.6251793743423,1970,3.3376578908217582,5475.0,0.1921139742646898,11,4,4.79711290318896,4.79711290318896,-0.436915823088214,3.3376578908217582,3.3376578908217582,0.1921139742646898,0.1921139742646898,Growth
1970-12-01,4.79711290318896,55.8282208588966,18.9,32.9503954636075,33.7001993659509,413.904675224945,10.6519527275573,54.7233309853643,30.6251793743423,1970,3.3376578908217582,5475.0,0.1921139742646898,12,4,4.79711290318896,4.79711290318896,-0.436915823088214,3.3376578908217582,3.3376578908217582,0.1921139742646898,0.1921139742646898,Growth
1971-01-01,-0.0860395508674401,55.8282208588966,18.9,32.9503954636075,33.7001993659509,372.144071511389,13.040901007706,46.1935811669066,30.6251793743423,1971,3.3376578908217582,5475.0,0.1921139742646898,1,1,4.79711290318896,4.79711290318896,4.79711290318896,3.3376578908217582,3.3376578908217582,0.1921139742646898,0.1921139742646898,Decline
1971-02-01,-0.0860395508674401,55.8282208588966,18.9,32.9503954636075,33.7001993659509,372.144071511389,13.040901007706,46.1935811669066,30.6251793743423,1971,3.3376578908217582,5475.0,0.1921139742646898,2,1,-0.0860395508674401,4.79711290318896,4.79711290318896,3.3376578908217582,3.3376578908217582,0.1921139742646898,0.1921139742646898,Decline
1971-03-01,-0.0860395508674401,55.8282208588966,18.9,32.9503954636075,33.7001993659509,372.144071511389,13.040901007706,46.1935811669066,30.6251793743423,1971,3.3376578908217582,5475.0,0.1921139742646898,3,1,-0.0860395508674401,4.79711290318896,4.79711290318896,3.3376578908217582,3.3376578908217582,0.1921139742646898,0.1921139742646898,Decline
1971-04-01,-0.0860395508674401,55.8282208588966,18.9,32.9503954636075,33.7001993659509,372.144071511389,13.040901007706,46.1935811669066,30.6251793743423,1971,3.3376578908217582,5475.0,0.1921139742646898,4,2,-0.0860395508674401,-0.0860395508674401,4.79711290318896,3.3376578908217582,3.3376578908217582,0.1921139742646898,0.1921139742646898,Decline
1971-05-01,-0.0860395508674401,55.8282208588966,18.9,32.9503954636075,33.7001993659509,372.144071511389,13.040901007706,46.1935811669066,30.6251793743423,1971,3.3376578908217582,5475.0,0.1921139742646898,5,2,-0.0860395508674401,-0.0860395508674401,4.79711290318896,3.3376578908217582,3.3376578908217582,0.1921139742646898,0.1921139742646898,Decline
1971-06-01,-0.0860395508674401,55.8282208588966,18.9,32.9503954636075,33.7001993659509,372.144071511389,13.040901007706,46.1935811669066,30.6251793743423,1971,3.3376578908217582,5475.0,0.1921139742646898,6,2,-0.0860395508674401,-0.0860395508674401,4.79711290318896,3.3376578908217582,3.3376578908217582,0.1921139742646898,0.1921139742646898,Decline
1971-07-01,-0.0860395508674401,55.8282208588966,18.9,32.9503954636075,33.7001993659509,372.144071511389,13.040901007706,46.1935811669066,30.6251793743423,1971,3.3376578908217582,5475.0,0.1921139742646898,7,3,-0.0860395508674401,-0.0860395508674401,4.79711290318896,3.3376578908217582,3.3376578908217582,0.1921139742646898,0.1921139742646898,Decline
1971-08-01,-0.0860395508674401,55.8282208588966,18.9,32.9503954636075,33.7001993659509,372.144071511389,13.040901007706,46.1935811669066,30.6251793743423,1971,3.3376578908217582,5475.0,0.1921139742646898,8,3,-0.0860395508674401,-0.0860395508674401,4.79711290318896,3.3376578908217582,3.3376578908217582,0.1921139742646898,0.1921139742646898,Decline
1971-09-01,-0.0860395508674401,55.8282208588966,18.9,32.9503954636075,33.7001993659509,372.144071511389,13.040901007706,46.1935811669066,30.6251793743423,1971,3.3376578908217582,5475.0,0.1921139742646898,9,3,-0.0860395508674401,-0.0860395508674401,4.79711290318896,3.3376578908217582,3.3376578908217582,0.1921139742646898,0.1921139742646898,Decline
1971-10-01,-0.0860395508674401,55.8282208588966,18.9,32.9503954636075,33.7001993659509,372.144071511389,13.040901007706,46.1935811669066,30.6251793743423,1971,3.3376578908217582,5475.0,0.1921139742646898,10,4,-0.0860395508674401,-0.0860395508674401,4.79711290318896,3.3376578908217582,3.3376578908217582,0.1921139742646898,0.1921139742646898,Decline
1971-11-01,-0.0860395508674401,55.8282208588966,18.9,32.9503954636075,33.7001993659509,372.144071511389,13.040901007706,46.1935811669066,30.6251793743423,1971,3.3376578908217582,5475.0,0.1921139742646898,11,4,-0.0860395508674401,-0.0860395508674401,4.79711290318896,3.3376578908217582,3.3376578908217582,0.1921139742646898,0.1921139742646898,Decline
1971-12-01,-0.0860395508674401,55.8282208588966,18.9,32.9503954636075,33.7001993659509,372.144071511389,13.040901007706,46.1935811669066,30.6251793743423,1971,3.3376578908217582,5475.0,0.1921139742646898,12,4,-0.0860395508674401,-0.0860395508674401,4.79711290318896,3.3376578908217582,3.3376578908217582,0.1921139742646898,0.1921139742646898,Decline
1972-01-01,9.20886514231279,55.8282208588966,18.9,32.9503954636075,33.7001993659509,409.781146356948,12.8747663551402,47.5738317757009,30.6251793743423,1972,3.3376578908217582,5475.0,0.1921139742646898,1,1,-0.0860395508674401,-0.0860395508674401,-0.0860395508674401,3.3376578908217582,3.3376578908217582,0.1921139742646898,0.1921139742646898,Growth
1972-02-01,9.20886514231279,55.8282208588966,18.9,32.9503954636075,33.7001993659509,409.781146356948,12.8747663551402,47.5738317757009,30.6251793743423,1972,3.3376578908217582,5475.0,0.1921139742646898,2,1,9.20886514231279,-0.0860395508674401,-0.0860395508674401,3.3376578908217582,3.3376578908217582,0.1921139742646898,0.1921139742646898,Growth
1972-03-01,9.20886514231279,55.8282208588966,18.9,32.9503954636075,33.7001993659509,409.781146356948,12.8747663551402,47.5738317757009,30.6251793743423,1972,3.3376578908217582,5475.0,0.1921139742646898,3,1,9.20886514231279,-0.0860395508674401,-0.0860395508674401,3.3376578908217582,3.3376578908217582,0.1921139742646898,0.1921139742646898,Growth
1972-04-01,9.20886514231279,55.8282208588966,18.9,32.9503954636075,33.7001993659509,409.781146356948,12.8747663551402,47.5738317757009,30.6251793743423,1972,3.3376578908217582,5475.0,0.1921139742646898,4,2,9.20886514231279,9.20886514231279,-0.0860395508674401,3.3376578908217582,3.3376578908217582,0.1921139742646898,0.1921139742646898,Growth
1972-05-01,9.20886514231279,55.8282208588966,18.9,32.9503954636075,33.7001993659509,409.781146356948,12.8747663551402,47.5738317757009,30.6251793743423,1972,3.3376578908217582,5475.0,0.1921139742646898,5,2,9.20886514231279,9.20886514231279,-0.0860395508674401,3.3376578908217582,3.3376578908217582,0.1921139742646898,0.1921139742646898,Growth
1972-06-01,9.20886514231279,55.8282208588966,18.9,32.9503954636075,33.7001993659509,409.781146356948,12.8747663551402,47.5738317757009,30.6251793743423,1972,3.3376578908217582,5475.0,0.1921139742646898,6,2,9.20886514231279,9.20886514231279,-0.0860395508674401,3.3376578908217582,3.3376578908217582,0.1921139742646898,0.1921139742646898,Growth
1972-07-01,9.20886514231279,55.8282208588966,18.9,32.9503954636075,33.7001993659509,409.781146356948,12.8747663551402,47.5738317757009,30.6251793743423,1972,3.3376578908217582,5475.0,0.1921139742646898,7,3,9.20886514231279,9.20886514231279,-0.0860395508674401,3.3376578908217582,3.3376578908217582,0.1921139742646898,0.1921139742646898,Growth
1972-08-01,9.20886514231279,55.8282208588966,18.9,32.9503954636075,33.7001993659509,409.781146356948,12.8747663551402,47.5738317757009,30.6251793743423,1972,3.3376578908217582,5475.0,0.1921139742646898,8,3,9.20886514231279,9.20886514231279,-0.0860395508674401,3.3376578908217582,3.3376578908217582,0.1921139742646898,0.1921139742646898,Growth
1972-09-01,9.20886514231279,55.8282208588966,18.9,32.9503954636075,33.7001993659509,409.781146356948,12.8747663551402,47.5738317757009,30.6251793743423,1972,3.3376578908217582,5475.0,0.1921139742646898,9,3,9.20886514231279,9.20886514231279,-0.0860395508674401,3.3376578908217582,3.3376578908217582,0.1921139742646898,0.1921139742646898,Growth
1972-10-01,9.20886514231279,55.8282208588966,18.9,32.9503954636075,33.7001993659509,409.781146356948,12.8747663551402,47.5738317757009,30.6251793743423,1972,3.3376578908217582,5475.0,0.1921139742646898,10,4,9.20886514231279,9.20886514231279,-0.0860395508674401,3.3376578908217582,3.3376578908217582,0.1921139742646898,0.1921139742646898,Growth
1972-11-01,9.20886514231279,55.8282208588966,18.9,32.9503954636075,33.7001993659509,409.781146356948,12.8747663551402,47.5738317757009,30.6251793743423,1972,3.3376578908217582,5475.0,0.1921139742646898,11,4,9.20886514231279,9.20886514231279,-0.0860395508674401,3.3376578908217582,3.3376578908217582,0.1921139742646898,0.1921139742646898,Growth
1972-12-01,9.20886514231279,55.8282208588966,18.9,32.9503954636075,33.7001993659509,409.781146356948,12.8747663551402,47.5738317757009,30.6251793743423,1972,3.3376578908217582,5475.0,0.1921139742646898,12,4,9.20886514231279,9.20886514231279,-0.0860395508674401,3.3376578908217582,3.3376578908217582,0.1921139742646898,0.1921139742646898,Growth
1973-01-01,-0.962048756426327,55.8282208588966,18.9,32.9503954636075,33.7001993659509,517.630055161873,11.309111516907,53.6175303822178,30.6251793743423,1973,3.3376578908217582,5475.0,0.1921139742646898,1,1,9.20886514231279,9.20886514231279,9.20886514231279,3.3376578908217582,3.3376578908217582,0.1921139742646898,0.1921139742646898,Decline
1973-02-01,-0.962048756426327,55.8282208588966,18.9,32.9503954636075,33.7001993659509,517.630055161873,11.309111516907,53.6175303822178,30.6251793743423,1973,3.3376578908217582,5475.0,0.1921139742646898,2,1,-0.962048756426327,9.20886514231279,9.20886514231279,3.3376578908217582,3.3376578908217582,0.1921139742646898,0.1921139742646898,Decline
1973-03-01,-0.962048756426327,55.8282208588966,18.9,32.9503954636075,33.7001993659509,517.630055161873,11.309111516907,53.6175303822178,30.6251793743423,1973,3.3376578908217582,5475.0,0.1921139742646898,3,1,-0.962048756426327,9.20886514231279,9.20886514231279,3.3376578908217582,3.3376578908217582,0.1921139742646898,0.1921139742646898,Decline
1973-04-01,-0.962048756426327,55.8282208588966,18.9,32.9503954636075,33.7001993659509,517.630055161873,11.309111516907,53.6175303822178,30.6251793743423,1973,3.3376578908217582,5475.0,0.1921139742646898,4,2,-0.962048756426327,-0.962048756426327,9.20886514231279,3.3376578908217582,3.3376578908217582,0.1921139742646898,0.1921139742646898,Decline
1973-05-01,-0.962048756426327,55.8282208588966,18.9,32.9503954636075,33.7001993659509,517.630055161873,11.309111516907,53.6175303822178,30.6251793743423,1973,3.3376578908217582,5475.0,0.1921139742646898,5,2,-0.962048756426327,-0.962048756426327,9.20886514231279,3.3376578908217582,3.3376578908217582,0.1921139742646898,0.1921139742646898,Decline
1973-06-01,-0.962048756426327,55.8282208588966,18.9,32.9503954636075,33.7001993659509,517.630055161873,11.309111516907,53.6175303822178,30.6251793743423,1973,3.3376578908217582,5475.0,0.1921139742646898,6,2,-0.962048756426327,-0.962048756426327,9.20886514231279,3.3376578908217582,3.3376578908217582,0.1921139742646898,0.1921139742646898,Decline
1973-07-01,-0.962048756426327,55.8282208588966,18.9,32.9503954636075,33.7001993659509,517.630055161873,11.309111516907,53.6175303822178,30.6251793743423,1973,3.3376578908217582,5475.0,0.1921139742646898,7,3,-0.962048756426327,-0.962048756426327,9.20886514231279,3.3376578908217582,3.3376578908217582,0.1921139742646898,0.1921139742646898,Decline
1973-08-01,-0.962048756426327,55.8282208588966,18.9,32.9503954636075,33.7001993659509,517.630055161873,11.309111516907,53.6175303822178,30.6251793743423,1973,3.3376578908217582,5475.0,0.1921139742646898,8,3,-0.962048756426327,-0.962048756426327,9.20886514231279,3.3376578908217582,3.3376578908217582,0.1921139742646898,0.1921139742646898,Decline
1973-09-01,-0.962048756426327,55.8282208588966,18.9,32.9503954636075,33.7001993659509,517.630055161873,11.309111516907,53.6175303822178,30.6251793743423,1973,3.3376578908217582,5475.0,0.1921139742646898,9,3,-0.962048756426327,-0.962048756426327,9.20886514231279,3.3376578908217582,3.3376578908217582,0.1921139742646898,0.1921139742646898,Decline
1973-10-01,-0.962048756426327,55.8282208588966,18.9,32.9503954636075,33.7001993659509,517.630055161873,11.309111516907,53.6175303822178,30.6251793743423,1973,3.3376578908217582,5475.0,0.1921139742646898,10,4,-0.962048756426327,-0.962048756426327,9.20886514231279,3.3376578908217582,3.3376578908217582,0.1921139742646898,0.1921139742646898,Decline
1973-11-01,-0.962048756426327,55.8282208588966,18.9,32.9503954636075,33.7001993659509,517.630055161873,11.309111516907,53.6175303822178,30.6251793743423,1973,3.3376578908217582,5475.0,0.1921139742646898,11,4,-0.962048756426327,-0.962048756426327,9.20886514231279,3.3376578908217582,3.3376578908217582,0.1921139742646898,0.1921139742646898,Decline
1973-12-01,-0.962048756426327,55.8282208588966,18.9,32.9503954636075,33.7001993659509,517.630055161873,11.309111516907,53.6175303822178,30.6251793743423,1973,3.3376578908217582,5475.0,0.1921139742646898,12,4,-0.962048756426327,-0.962048756426327,9.20886514231279,3.3376578908217582,3.3376578908217582,0.1921139742646898,0.1921139742646898,Decline
1974-01-01,6.42815854892096,55.8282208588966,18.9,32.9503954636075,33.7001993659509,601.101371432691,10.6454540601143,54.7861833324435,30.6251793743423,1974,3.3376578908217582,5475.0,0.1921139742646898,1,1,-0.962048756426327,-0.962048756426327,-0.962048756426327,3.3376578908217582,3.3376578908217582,0.1921139742646898,0.1921139742646898,Growth
1974-02-01,6.42815854892096,55.8282208588966,18.9,32.9503954636075,33.7001993659509,601.101371432691,10.6454540601143,54.7861833324435,30.6251793743423,1974,3.3376578908217582,5475.0,0.1921139742646898,2,1,6.42815854892096,-0.962048756426327,-0.962048756426327,3.3376578908217582,3.3376578908217582,0.1921139742646898,0.1921139742646898,Growth
1974-03-01,6.42815854892096,55.8282208588966,18.9,32.9503954636075,33.7001993659509,601.101371432691,10.6454540601143,54.7861833324435,30.6251793743423,1974,3.3376578908217582,5475.0,0.1921139742646898,3,1,6.42815854892096,-0.962048756426327,-0.962048756426327,3.3376578908217582,3.3376578908217582,0.1921139742646898,0.1921139742646898,Growth
1974-04-01,6.42815854892096,55.8282208588966,18.9,32.9503954636075,33.7001993659509,601.101371432691,10.6454540601143,54.7861833324435,30.6251793743423,1974,3.3376578908217582,5475.0,0.1921139742646898,4,2,6.42815854892096,6.42815854892096,-0.962048756426327,3.3376578908217582,3.3376578908217582,0.1921139742646898,0.1921139742646898,Growth
1974-05-01,6.42815854892096,55.8282208588966,18.9,32.9503954636075,33.7001993659509,601.101371432691,10.6454540601143,54.7861833324435,30.6251793743423,1974,3.3376578908217582,5475.0,0.1921139742646898,5,2,6.42815854892096,6.42815854892096,-0.962048756426327,3.3376578908217582,3.3376578908217582,0.1921139742646898,0.1921139742646898,Growth
1974-06-01,6.42815854892096,55.8282208588966,18.9,32.9503954636075,33.7001993659509,601.101371432691,10.6454540601143,54.7861833324435,30.6251793743423,1974,3.3376578908217582,5475.0,0.1921139742646898,6,2,6.42815854892096,6.42815854892096,-0.962048756426327,3.3376578908217582,3.3376578908217582,0.1921139742646898,0.1921139742646898,Growth
1974-07-01,6.42815854892096,55.8282208588966,18.9,32.9503954636075,33.7001993659509,601.101371432691,10.6454540601143,54.7861833324435,30.6251793743423,1974,3.3376578908217582,5475.0,0.1921139742646898,7,3,6.42815854892096,6.42815854892096,-0.962048756426327,3.3376578908217582,3.3376578908217582,0.1921139742646898,0.1921139742646898,Growth
1974-08-01,6.42815854892096,55.8282208588966,18.9,32.9503954636075,33.7001993659509,601.101371432691,10.6454540601143,54.7861833324435,30.6251793743423,1974,3.3376578908217582,5475.0,0.1921139742646898,8,3,6.42815854892096,6.42815854892096,-0.962048756426327,3.3376578908217582,3.3376578908217582,0.1921139742646898,0.1921139742646898,Growth
1974-09-01,6.42815854892096,55.8282208588966,18.9,32.9503954636075,33.7001993659509,601.101371432691,10.6454540601143,54.7861833324435,30.6251793743423,1974,3.3376578908217582,5475.0,0.1921139742646898,9,3,6.42815854892096,6.42815854892096,-0.962048756426327,3.3376578908217582,3.3376578908217582,0.1921139742646898,0.1921139742646898,Growth
1974-10-01,6.42815854892096,55.8282208588966,18.9,32.9503954636075,33.7001993659509,601.101371432691,10.6454540601143,54.7861833324435,30.6251793743423,1974,3.3376578908217582,5475.0,0.1921139742646898,10,4,6.42815854892096,6.42815854892096,-0.962048756426327,3.3376578908217582,3.3376578908217582,0.1921139742646898,0.1921139742646898,Growth
1974-11-01,6.42815854892096,55.8282208588966,18.9,32.9503954636075,33.7001993659509,601.101371432691,10.6454540601143,54.7861833324435,30.6251793743423,1974,3.3376578908217582,5475.0,0.1921139742646898,11,4,6.42815854892096,6.42815854892096,-0.962048756426327,3.3376578908217582,3.3376578908217582,0.1921139742646898,0.1921139742646898,Growth
1974-12-01,6.42815854892096,55.8282208588966,18.9,32.9503954636075,33.7001993659509,601.101371432691,10.6454540601143,54.7861833324435,30.6251793743423,1974,3.3376578908217582,5475.0,0.1921139742646898,12,4,6.42815854892096,6.42815854892096,-0.962048756426327,3.3376578908217582,3.3376578908217582,0.1921139742646898,0.1921139742646898,Growth
1975-01-01,-2.26932892418952,55.8282208588966,18.9,32.9503954636075,33.7001993659509,489.505018740558,13.1109979633401,41.6687881873727,30.6251793743423,1975,3.3376578908217582,5475.0,0.1921139742646898,1,1,6.42815854892096,6.42815854892096,6.42815854892096,3.3376578908217582,3.3376578908217582,0.1921139742646898,0.1921139742646898,Decline
1975-02-01,-2.26932892418952,55.8282208588966,18.9,32.9503954636075,33.7001993659509,489.505018740558,13.1109979633401,41.6687881873727,30.6251793743423,1975,3.3376578908217582,5475.0,0.1921139742646898,2,1,-2.26932892418952,6.42815854892096,6.42815854892096,3.3376578908217582,3.3376578908217582,0.1921139742646898,0.1921139742646898,Decline
1975-03-01,-2.26932892418952,55.8282208588966,18.9,32.9503954636075,33.7001993659509,489.505018740558,13.1109979633401,41.6687881873727,30.6251793743423,1975,3.3376578908217582,5475.0,0.1921139742646898,3,1,-2.26932892418952,6.42815854892096,6.42815854892096,3.3376578908217582,3.3376578908217582,0.1921139742646898,0.1921139742646898,Decline
1975-04-01,-2.26932892418952,55.8282208588966,18.9,32.9503954636075,33.7001993659509,489.505018740558,13.1109979633401,41.6687881873727,30.6251793743423,1975,3.3376578908217582,5475.0,0.1921139742646898,4,2,-2.26932892418952,-2.26932892418952,6.42815854892096,3.3376578908217582,3.3376578908217582,0.1921139742646898,0.1921139742646898,Decline
1975-05-01,-2.26932892418952,55.8282208588966,18.9,32.9503954636075,33.7001993659509,489.505018740558,13.1109979633401,41.6687881873727,30.6251793743423,1975,3.3376578908217582,5475.0,0.1921139742646898,5,2,-2.26932892418952,-2.26932892418952,6.42815854892096,3.3376578908217582,3.3376578908217582,0.1921139742646898,0.1921139742646898,Decline
1975-06-01,-2.26932892418952,55.8282208588966,18.9,32.9503954636075,33.7001993659509,489.505018740558,13.1109979633401,41.6687881873727,30.6251793743423,1975,3.3376578908217582,5475.0,0.1921139742646898,6,2,-2.26932892418952,-2.26932892418952,6.42815854892096,3.3376578908217582,3.3376578908217582,0.1921139742646898,0.1921139742646898,Decline
1975-07-01,-2.26932892418952,55.8282208588966,18.9,32.9503954636075,33.7001993659509,489.505018740558,13.1109979633401,41.6687881873727,30.6251793743423,1975,3.3376578908217582,5475.0,0.1921139742646898,7,3,-2.26932892418952,-2.26932892418952,6.42815854892096,3.3376578908217582,3.3376578908217582,0.1921139742646898,0.1921139742646898,Decline
1975-08-01,-2.26932892418952,55.8282208588966,18.9,32.9503954636075,33.7001993659509,489.505018740558,13.1109979633401,41.6687881873727,30.6251793743423,1975,3.3376578908217582,5475.0,0.1921139742646898,8,3,-2.26932892418952,-2.26932892418952,6.42815854892096,3.3376578908217582,3.3376578908217582,0.1921139742646898,0.1921139742646898,Decline
1975-09-01,-2.26932892418952,55.8282208588966,18.9,32.9503954636075,33.7001993659509,489.505018740558,13.1109979633401,41.6687881873727,30.6251793743423,1975,3.3376578908217582,5475.0,0.1921139742646898,9,3,-2.26932892418952,-2.26932892418952,6.42815854892096,3.3376578908217582,3.3376578908217582,0.1921139742646898,0.1921139742646898,Decline
1975-10-01,-2.26932892418952,55.8282208588966,18.9,32.9503954636075,33.7001993659509,489.505018740558,13.1109979633401,41.6687881873727,30.6251793743423,1975,3.3376578908217582,5475.0,0.1921139742646898,10,4,-2.26932892418952,-2.26932892418952,6.42815854892096,3.3376578908217582,3.3376578908217582,0.1921139742646898,0.1921139742646898,Decline
1975-11-01,-2.26932892418952,55.8282208588966,18.9,32.9503954636075,33.7001993659509,489.505018740558,13.1109979633401,41.6687881873727,30.6251793743423,1975,3.3376578908217582,5475.0,0.1921139742646898,11,4,-2.26932892418952,-2.26932892418952,6.42815854892096,3.3376578908217582,3.3376578908217582,0.1921139742646898,0.1921139742646898,Decline
1975-12-01,-2.26932892418952,55.8282208588966,18.9,32.9503954636075,33.7001993659509,489.505018740558,13.1109979633401,41.6687881873727,30.6251793743423,1975,3.3376578908217582,5475.0,0.1921139742646898,12,4,-2.26932892418952,-2.26932892418952,6.42815854892096,3.3376578908217582,3.3376578908217582,0.1921139742646898,0.1921139742646898,Decline
1976-01-01,6.22097526707175,55.8282208588966,18.9,32.9503954636075,33.7001993659509,533.231631721853,14.1987829614604,40.5679513184584,30.6251793743423,1976,3.3376578908217582,5475.0,0.1921139742646898,1,1,-2.26932892418952,-2.26932892418952,-2.26932892418952,3.3376578908217582,3.3376578908217582,0.1921139742646898,0.1921139742646898,Growth
1976-02-01,6.22097526707175,55.8282208588966,18.9,32.9503954636075,33.7001993659509,533.231631721853,14.1987829614604,40.5679513184584,30.6251793743423,1976,3.3376578908217582,5475.0,0.1921139742646898,2,1,6.22097526707175,-2.26932892418952,-2.26932892418952,3.3376578908217582,3.3376578908217582,0.1921139742646898,0.1921139742646898,Growth
1976-03-01,6.22097526707175,55.8282208588966,18.9,32.9503954636075,33.7001993659509,533.231631721853,14.1987829614604,40.5679513184584,30.6251793743423,1976,3.3376578908217582,5475.0,0.1921139742646898,3,1,6.22097526707175,-2.26932892418952,-2.26932892418952,3.3376578908217582,3.3376578908217582,0.1921139742646898,0.1921139742646898,Growth
1976-04-01,6.22097526707175,55.8282208588966,18.9,32.9503954636075,33.7001993659509,533.231631721853,14.1987829614604,40.5679513184584,30.6251793743423,1976,3.3376578908217582,5475.0,0.1921139742646898,4,2,6.22097526707175,6.22097526707175,-2.26932892418952,3.3376578908217582,3.3376578908217582,0.1921139742646898,0.1921139742646898,Growth
1976-05-01,6.22097526707175,55.8282208588966,18.9,32.9503954636075,33.7001993659509,533.231631721853,14.1987829614604,40.5679513184584,30.6251793743423,1976,3.3376578908217582,5475.0,0.1921139742646898,5,2,6.22097526707175,6.22097526707175,-2.26932892418952,3.3376578908217582,3.3376578908217582,0.1921139742646898,0.1921139742646898,Growth
1976-06-01,6.22097526707175,55.8282208588966,18.9,32.9503954636075,33.7001993659509,533.231631721853,14.1987829614604,40.5679513184584,30.6251793743423,1976,3.3376578908217582,5475.0,0.1921139742646898,6,2,6.22097526707175,6.22097526707175,-2.26932892418952,3.3376578908217582,3.3376578908217582,0.1921139742646898,0.1921139742646898,Growth
1976-07-01,6.22097526707175,55.8282208588966,18.9,32.9503954636075,33.7001993659509,533.231631721853,14.1987829614604,40.5679513184584,30.6251793743423,1976,3.3376578908217582,5475.0,0.1921139742646898,7,3,6.22097526707175,6.22097526707175,-2.26932892418952,3.3376578908217582,3.3376578908217582,0.1921139742646898,0.1921139742646898,Growth
1976-08-01,6.22097526707175,55.8282208588966,18.9,32.9503954636075,33.7001993659509,533.231631721853,14.1987829614604,40.5679513184584,30.6251793743423,1976,3.3376578908217582,5475.0,0.1921139742646898,8,3,6.22097526707175,6.22097526707175,-2.26932892418952,3.3376578908217582,3.3376578908217582,0.1921139742646898,0.1921139742646898,Growth
1976-09-01,6.22097526707175,55.8282208588966,18.9,32.9503954636075,33.7001993659509,533.231631721853,14.1987829614604,40.5679513184584,30.6251793743423,1976,3.3376578908217582,5475.0,0.1921139742646898,9,3,6.22097526707175,6.22097526707175,-2.26932892418952,3.3376578908217582,3.3376578908217582,0.1921139742646898,0.1921139742646898,Growth
1976-10-01,6.22097526707175,55.8282208588966,18.9,32.9503954636075,33.7001993659509,533.231631721853,14.1987829614604,40.5679513184584,30.6251793743423,1976,3.3376578908217582,5475.0,0.1921139742646898,10,4,6.22097526707175,6.22097526707175,-2.26932892418952,3.3376578908217582,3.3376578908217582,0.1921139742646898,0.1921139742646898,Growth
1976-11-01,6.22097526707175,55.8282208588966,18.9,32.9503954636075,33.7001993659509,533.231631721853,14.1987829614604,40.5679513184584,30.6251793743423,1976,3.3376578908217582,5475.0,0.1921139742646898,11,4,6.22097526707175,6.22097526707175,-2.26932892418952,3.3376578908217582,3.3376578908217582,0.1921139742646898,0.1921139742646898,Growth
1976-12-01,6.22097526707175,55.8282208588966,18.9,32.9503954636075,33.7001993659509,533.231631721853,14.1987829614604,40.5679513184584,30.6251793743423,1976,3.3376578908217582,5475.0,0.1921139742646898,12,4,6.22097526707175,6.22097526707175,-2.26932892418952,3.3376578908217582,3.3376578908217582,0.1921139742646898,0.1921139742646898,Growth
1977-01-01,-4.5642361743654,55.8282208588966,18.9,32.9503954636075,33.7001993659509,474.362362443019,16.3914619412002,37.6560612162706,30.6251793743423,1977,3.3376578908217582,5475.0,0.1921139742646898,1,1,6.22097526707175,6.22097526707175,6.22097526707175,3.3376578908217582,3.3376578908217582,0.1921139742646898,0.1921139742646898,Decline
1977-02-01,-4.5642361743654,55.8282208588966,18.9,32.9503954636075,33.7001993659509,474.362362443019,16.3914619412002,37.6560612162706,30.6251793743423,1977,3.3376578908217582,5475.0,0.1921139742646898,2,1,-4.5642361743654,6.22097526707175,6.22097526707175,3.3376578908217582,3.3376578908217582,0.1921139742646898,0.1921139742646898,Decline
1977-03-01,-4.5642361743654,55.8282208588966,18.9,32.9503954636075,33.7001993659509,474.362362443019,16.3914619412002,37.6560612162706,30.6251793743423,1977,3.3376578908217582,5475.0,0.1921139742646898,3,1,-4.5642361743654,6.22097526707175,6.22097526707175,3.3376578908217582,3.3376578908217582,0.1921139742646898,0.1921139742646898,Decline
1977-04-01,-4.5642361743654,55.8282208588966,18.9,32.9503954636075,33.7001993659509,474.362362443019,16.3914619412002,37.6560612162706,30.6251793743423,1977,3.3376578908217582,5475.0,0.1921139742646898,4,2,-4.5642361743654,-4.5642361743654,6.22097526707175,3.3376578908217582,3.3376578908217582,0.1921139742646898,0.1921139742646898,Decline
1977-05-01,-4.5642361743654,55.8282208588966,18.9,32.9503954636075,33.7001993659509,474.362362443019,16.3914619412002,37.6560612162706,30.6251793743423,1977,3.3376578908217582,5475.0,0.1921139742646898,5,2,-4.5642361743654,-4.5642361743654,6.22097526707175,3.3376578908217582,3.3376578908217582,0.1921139742646898,0.1921139742646898,Decline
1977-06-01,-4.5642361743654,55.8282208588966,18.9,32.9503954636075,33.7001993659509,474.362362443019,16.3914619412002,37.6560612162706,30.6251793743423,1977,3.3376578908217582,5475.0,0.1921139742646898,6,2,-4.5642361743654,-4.5642361743654,6.22097526707175,3.3376578908217582,3.3376578908217582,0.1921139742646898,0.1921139742646898,Decline
1977-07-01,-4.5642361743654,55.8282208588966,18.9,32.9503954636075,33.7001993659509,474.362362443019,16.3914619412002,37.6560612162706,30.6251793743423,1977,3.3376578908217582,5475.0,0.1921139742646898,7,3,-4.5642361743654,-4.5642361743654,6.22097526707175,3.3376578908217582,3.3376578908217582,0.1921139742646898,0.1921139742646898,Decline
1977-08-01,-4.5642361743654,55.8282208588966,18.9,32.9503954636075,33.7001993659509,474.362362443019,16.3914619412002,37.6560612162706,30.6251793743423,1977,3.3376578908217582,5475.0,0.1921139742646898,8,3,-4.5642361743654,-4.5642361743654,6.22097526707175,3.3376578908217582,3.3376578908217582,0.1921139742646898,0.1921139742646898,Decline
1977-09-01,-4.5642361743654,55.8282208588966,18.9,32.9503954636075,33.7001993659509,474.362362443019,16.3914619412002,37.6560612162706,30.6251793743423,1977,3.3376578908217582,5475.0,0.1921139742646898,9,3,-4.5642361743654,-4.5642361743654,6.22097526707175,3.3376578908217582,3.3376578908217582,0.1921139742646898,0.1921139742646898,Decline
1977-10-01,-4.5642361743654,55.8282208588966,18.9,32.9503954636075,33.7001993659509,474.362362443019,16.3914619412002,37.6560612162706,30.6251793743423,1977,3.3376578908217582,5475.0,0.1921139742646898,10,4,-4.5642361743654,-4.5642361743654,6.22097526707175,3.3376578908217582,3.3376578908217582,0.1921139742646898,0.1921139742646898,Decline
1977-11-01,-4.5642361743654,55.8282208588966,18.9,32.9503954636075,33.7001993659509,474.362362443019,16.3914619412002,37.6560612162706,30.6251793743423,1977,3.3376578908217582,5475.0,0.1921139742646898,11,4,-4.5642361743654,-4.5642361743654,6.22097526707175,3.3376578908217582,3.3376578908217582,0.1921139742646898,0.1921139742646898,Decline
1977-12-01,-4.5642361743654,55.8282208588966,18.9,32.9503954636075,33.7001993659509,474.362362443019,16.3914619412002,37.6560612162706,30.6251793743423,1977,3.3376578908217582,5475.0,0.1921139742646898,12,4,-4.5642361743654,-4.5642361743654,6.22097526707175,3.3376578908217582,3.3376578908217582,0.1921139742646898,0.1921139742646898,Decline
1978-01-01,0.553763844248408,55.8282208588966,18.9,32.9503954636075,33.7001993659509,514.334878626644,16.1283156351357,39.3699737859333,30.6251793743423,1978,3.3376578908217582,5475.0,0.1921139742646898,1,1,-4.5642361743654,-4.5642361743654,-4.5642361743654,3.3376578908217582,3.3376578908217582,0.1921139742646898,0.1921139742646898,Decline
1978-02-01,0.553763844248408,55.8282208588966,18.9,32.9503954636075,33.7001993659509,514.334878626644,16.1283156351357,39.3699737859333,30.6251793743423,1978,3.3376578908217582,5475.0,0.1921139742646898,2,1,0.553763844248408,-4.5642361743654,-4.5642361743654,3.3376578908217582,3.3376578908217582,0.1921139742646898,0.1921139742646898,Decline
1978-03-01,0.553763844248408,55.8282208588966,18.9,32.9503954636075,33.7001993659509,514.334878626644,16.1283156351357,39.3699737859333,30.6251793743423,1978,3.3376578908217582,5475.0,0.1921139742646898,3,1,0.553763844248408,-4.5642361743654,-4.5642361743654,3.3376578908217582,3.3376578908217582,0.1921139742646898,0.1921139742646898,Decline
1978-04-01,0.553763844248408,55.8282208588966,18.9,32.9503954636075,33.7001993659509,514.334878626644,16.1283156351357,39.3699737859333,30.6251793743423,1978,3.3376578908217582,5475.0,0.1921139742646898,4,2,0.553763844248408,0.553763844248408,-4.5642361743654,3.3376578908217582,3.3376578908217582,0.1921139742646898,0.1921139742646898,Decline
1978-05-01,0.553763844248408,55.8282208588966,18.9,32.9503954636075,33.7001993659509,514.334878626644,16.1283156351357,39.3699737859333,30.6251793743423,1978,3.3376578908217582,5475.0,0.1921139742646898,5,2,0.553763844248408,0.553763844248408,-4.5642361743654,3.3376578908217582,3.3376578908217582,0.1921139742646898,0.1921139742646898,Decline
1978-06-01,0.553763844248408,55.8282208588966,18.9,32.9503954636075,33.7001993659509,514.334878626644,16.1283156351357,39.3699737859333,30.6251793743423,1978,3.3376578908217582,5475.0,0.1921139742646898,6,2,0.553763844248408,0.553763844248408,-4.5642361743654,3.3376578908217582,3.3376578908217582,0.1921139742646898,0.1921139742646898,Decline
1978-07-01,0.553763844248408,55.8282208588966,18.9,32.9503954636075,33.7001993659509,514.334878626644,16.1283156351357,39.3699737859333,30.6251793743423,1978,3.3376578908217582,5475.0,0.1921139742646898,7,3,0.553763844248408,0.553763844248408,-4.5642361743654,3.3376578908217582,3.3376578908217582,0.1921139742646898,0.1921139742646898,Decline
1978-08-01,0.553763844248408,55.8282208588966,18.9,32.9503954636075,33.7001993659509,514.334878626644,16.1283156351357,39.3699737859333,30.6251793743423,1978,3.3376578908217582,5475.0,0.1921139742646898,8,3,0.553763844248408,0.553763844248408,-4.5642361743654,3.3376578908217582,3.3376578908217582,0.1921139742646898,0.1921139742646898,Decline
1978-09-01,0.553763844248408,55.8282208588966,18.9,32.9503954636075,33.7001993659509,514.334878626644,16.1283156351357,39.3699737859333,30.6251793743423,1978,3.3376578908217582,5475.0,0.1921139742646898,9,3,0.553763844248408,0.553763844248408,-4.5642361743654,3.3376578908217582,3.3376578908217582,0.1921139742646898,0.1921139742646898,Decline
1978-10-01,0.553763844248408,55.8282208588966,18.9,32.9503954636075,33.7001993659509,514.334878626644,16.1283156351357,39.3699737859333,30.6251793743423,1978,3.3376578908217582,5475.0,0.1921139742646898,10,4,0.553763844248408,0.553763844248408,-4.5642361743654,3.3376578908217582,3.3376578908217582,0.1921139742646898,0.1921139742646898,Decline
1978-11-01,0.553763844248408,55.8282208588966,18.9,32.9503954636075,33.7001993659509,514.334878626644,16.1283156351357,39.3699737859333,30.6251793743423,1978,3.3376578908217582,5475.0,0.1921139742646898,11,4,0.553763844248408,0.553763844248408,-4.5642361743654,3.3376578908217582,3.3376578908217582,0.1921139742646898,0.1921139742646898,Decline
1978-12-01,0.553763844248408,55.8282208588966,18.9,32.9503954636075,33.7001993659509,514.334878626644,16.1283156351357,39.3699737859333,30.6251793743423,1978,3.3376578908217582,5475.0,0.1921139742646898,12,4,0.553763844248408,0.553763844248408,-4.5642361743654,3.3376578908217582,3.3376578908217582,0.1921139742646898,0.1921139742646898,Decline
1979-01-01,-3.02393103121803,55.8282208588966,18.9,32.9503954636075,33.7001993659509,595.455849101956,14.9300857013983,41.9899263268681,30.6251793743423,1979,3.3376578908217582,5475.0,0.1921139742646898,1,1,0.553763844248408,0.553763844248408,0.553763844248408,3.3376578908217582,3.3376578908217582,0.1921139742646898,0.1921139742646898,Decline
1979-02-01,-3.02393103121803,55.8282208588966,18.9,32.9503954636075,33.7001993659509,595.455849101956,14.9300857013983,41.9899263268681,30.6251793743423,1979,3.3376578908217582,5475.0,0.1921139742646898,2,1,-3.02393103121803,0.553763844248408,0.553763844248408,3.3376578908217582,3.3376578908217582,0.1921139742646898,0.1921139742646898,Decline
1979-03-01,-3.02393103121803,55.8282208588966,18.9,32.9503954636075,33.7001993659509,595.455849101956,14.9300857013983,41.9899263268681,30.6251793743423,1979,3.3376578908217582,5475.0,0.1921139742646898,3,1,-3.02393103121803,0.553763844248408,0.553763844248408,3.3376578908217582,3.3376578908217582,0.1921139742646898,0.1921139742646898,Decline
1979-04-01,-3.02393103121803,55.8282208588966,18.9,32.9503954636075,33.7001993659509,595.455849101956,14.9300857013983,41.9899263268681,30.6251793743423,1979,3.3376578908217582,5475.0,0.1921139742646898,4,2,-3.02393103121803,-3.02393103121803,0.553763844248408,3.3376578908217582,3.3376578908217582,0.1921139742646898,0.1921139742646898,Decline
1979-05-01,-3.02393103121803,55.8282208588966,18.9,32.9503954636075,33.7001993659509,595.455849101956,14.9300857013983,41.9899263268681,30.6251793743423,1979,3.3376578908217582,5475.0,0.1921139742646898,5,2,-3.02393103121803,-3.02393103121803,0.553763844248408,3.3376578908217582,3.3376578908217582,0.1921139742646898,0.1921139742646898,Decline
1979-06-01,-3.02393103121803,55.8282208588966,18.9,32.9503954636075,33.7001993659509,595.455849101956,14.9300857013983,41.9899263268681,30.6251793743423,1979,3.3376578908217582,5475.0,0.1921139742646898,6,2,-3.02393103121803,-3.02393103121803,0.553763844248408,3.3376578908217582,3.3376578908217582,0.1921139742646898,0.1921139742646898,Decline
1979-07-01,-3.02393103121803,55.8282208588966,18.9,32.9503954636075,33.7001993659509,595.455849101956,14.9300857013983,41.9899263268681,30.6251793743423,1979,3.3376578908217582,5475.0,0.1921139742646898,7,3,-3.02393103121803,-3.02393103121803,0.553763844248408,3.3376578908217582,3.3376578908217582,0.1921139742646898,0.1921139742646898,Decline
1979-08-01,-3.02393103121803,55.8282208588966,18.9,32.9503954636075,33.7001993659509,595.455849101956,14.9300857013983,41.9899263268681,30.6251793743423,1979,3.3376578908217582,5475.0,0.1921139742646898,8,3,-3.02393103121803,-3.02393103121803,0.553763844248408,3.3376578908217582,3.3376578908217582,0.1921139742646898,0.1921139742646898,Decline
1979-09-01,-3.02393103121803,55.8282208588966,18.9,32.9503954636075,33.7001993659509,595.455849101956,14.9300857013983,41.9899263268681,30.6251793743423,1979,3.3376578908217582,5475.0,0.1921139742646898,9,3,-3.02393103121803,-3.02393103121803,0.553763844248408,3.3376578908217582,3.3376578908217582,0.1921139742646898,0.1921139742646898,Decline
1979-10-01,-3.02393103121803,55.8282208588966,18.9,32.9503954636075,33.7001993659509,595.455849101956,14.9300857013983,41.9899263268681,30.6251793743423,1979,3.3376578908217582,5475.0,0.1921139742646898,10,4,-3.02393103121803,-3.02393103121803,0.553763844248408,3.3376578908217582,3.3376578908217582,0.1921139742646898,0.1921139742646898,Decline
1979-11-01,-3.02393103121803,55.8282208588966,18.9,32.9503954636075,33.7001993659509,595.455849101956,14.9300857013983,41.9899263268681,30.6251793743423,1979,3.3376578908217582,5475.0,0.1921139742646898,11,4,-3.02393103121803,-3.02393103121803,0.553763844248408,3.3376578908217582,3.3376578908217582,0.1921139742646898,0.1921139742646898,Decline
1979-12-01,-3.02393103121803,55.8282208588966,18.9,32.9503954636075,33.7001993659509,595.455849101956,14.9300857013983,41.9899263268681,30.6251793743423,1979,3.3376578908217582,5475.0,0.1921139742646898,12,4,-3.02393103121803,-3.02393103121803,0.553763844248408,3.3376578908217582,3.3376578908217582,0.1921139742646898,0.1921139742646898,Decline
1980-01-01,3.03562235066106,55.8282208588966,18.9,32.9503954636075,33.7001993659509,669.419722015371,13.9835487661575,39.1010575793185,30.6251793743423,1980,3.3376578908217582,5475.0,0.1921139742646898,1,1,-3.02393103121803,-3.02393103121803,-3.02393103121803,3.3376578908217582,3.3376578908217582,0.1921139742646898,0.1921139742646898,Stable
1980-02-01,3.03562235066106,55.8282208588966,18.9,32.9503954636075,33.7001993659509,669.419722015371,13.9835487661575,39.1010575793185,30.6251793743423,1980,3.3376578908217582,5475.0,0.1921139742646898,2,1,3.03562235066106,-3.02393103121803,-3.02393103121803,3.3376578908217582,3.3376578908217582,0.1921139742646898,0.1921139742646898,Stable
1980-03-01,3.03562235066106,55.8282208588966,18.9,32.9503954636075,33.7001993659509,669.419722015371,13.9835487661575,39.1010575793185,30.6251793743423,1980,3.3376578908217582,5475.0,0.1921139742646898,3,1,3.03562235066106,-3.02393103121803,-3.02393103121803,3.3376578908217582,3.3376578908217582,0.1921139742646898,0.1921139742646898,Stable
1980-04-01,3.03562235066106,55.8282208588966,18.9,32.9503954636075,33.7001993659509,669.419722015371,13.9835487661575,39.1010575793185,30.6251793743423,1980,3.3376578908217582,5475.0,0.1921139742646898,4,2,3.03562235066106,3.03562235066106,-3.02393103121803,3.3376578908217582,3.3376578908217582,0.1921139742646898,0.1921139742646898,Stable
1980-05-01,3.03562235066106,55.8282208588966,18.9,32.9503954636075,33.7001993659509,669.419722015371,13.9835487661575,39.1010575793185,30.6251793743423,1980,3.3376578908217582,5475.0,0.1921139742646898,5,2,3.03562235066106,3.03562235066106,-3.02393103121803,3.3376578908217582,3.3376578908217582,0.1921139742646898,0.1921139742646898,Stable
1980-06-01,3.03562235066106,55.8282208588966,18.9,32.9503954636075,33.7001993659509,669.419722015371,13.9835487661575,39.1010575793185,30.6251793743423,1980,3.3376578908217582,5475.0,0.1921139742646898,6,2,3.03562235066106,3.03562235066106,-3.02393103121803,3.3376578908217582,3.3376578908217582,0.1921139742646898,0.1921139742646898,Stable
1980-07-01,3.03562235066106,55.8282208588966,18.9,32.9503954636075,33.7001993659509,669.419722015371,13.9835487661575,39.1010575793185,30.6251793743423,1980,3.3376578908217582,5475.0,0.1921139742646898,7,3,3.03562235066106,3.03562235066106,-3.02393103121803,3.3376578908217582,3.3376578908217582,0.1921139742646898,0.1921139742646898,Stable
1980-08-01,3.03562235066106,55.8282208588966,18.9,32.9503954636075,33.7001993659509,669.419722015371,13.9835487661575,39.1010575793185,30.6251793743423,1980,3.3376578908217582,5475.0,0.1921139742646898,8,3,3.03562235066106,3.03562235066106,-3.02393103121803,3.3376578908217582,3.3376578908217582,0.1921139742646898,0.1921139742646898,Stable
1980-09-01,3.03562235066106,55.8282208588966,18.9,32.9503954636075,33.7001993659509,669.419722015371,13.9835487661575,39.1010575793185,30.6251793743423,1980,3.3376578908217582,5475.0,0.1921139742646898,9,3,3.03562235066106,3.03562235066106,-3.02393103121803,3.3376578908217582,3.3376578908217582,0.1921139742646898,0.1921139742646898,Stable
1980-10-01,3.03562235066106,55.8282208588966,18.9,32.9503954636075,33.7001993659509,669.419722015371,13.9835487661575,39.1010575793185,30.6251793743423,1980,3.3376578908217582,5475.0,0.1921139742646898,10,4,3.03562235066106,3.03562235066106,-3.02393103121803,3.3376578908217582,3.3376578908217582,0.1921139742646898,0.1921139742646898,Stable
1980-11-01,3.03562235066106,55.8282208588966,18.9,32.9503954636075,33.7001993659509,669.419722015371,13.9835487661575,39.1010575793185,30.6251793743423,1980,3.3376578908217582,5475.0,0.1921139742646898,11,4,3.03562235066106,3.03562235066106,-3.02393103121803,3.3376578908217582,3.3376578908217582,0.1921139742646898,0.1921139742646898,Stable
1980-12-01,3.03562235066106,55.8282208588966,18.9,32.9503954636075,33.7001993659509,669.419722015371,13.9835487661575,39.1010575793185,30.6251793743423,1980,3.3376578908217582,5475.0,0.1921139742646898,12,4,3.03562235066106,3.03562235066106,-3.02393103121803,3.3376578908217582,3.3376578908217582,0.1921139742646898,0.1921139742646898,Stable
1981-01-01,6.16795740650589,55.8282208588966,18.9,32.9503954636075,33.7001993659509,669.886829361684,15.6251793194468,36.850863602456,30.6251793743423,1981,3.3376578908217582,5475.0,0.1921139742646898,1,1,3.03562235066106,3.03562235066106,3.03562235066106,3.3376578908217582,3.3376578908217582,0.1921139742646898,0.1921139742646898,Growth
1981-02-01,6.16795740650589,55.8282208588966,18.9,32.9503954636075,33.7001993659509,669.886829361684,15.6251793194468,36.850863602456,30.6251793743423,1981,3.3376578908217582,5475.0,0.1921139742646898,2,1,6.16795740650589,3.03562235066106,3.03562235066106,3.3376578908217582,3.3376578908217582,0.1921139742646898,0.1921139742646898,Growth
1981-03-01,6.16795740650589,55.8282208588966,18.9,32.9503954636075,33.7001993659509,669.886829361684,15.6251793194468,36.850863602456,30.6251793743423,1981,3.3376578908217582,5475.0,0.1921139742646898,3,1,6.16795740650589,3.03562235066106,3.03562235066106,3.3376578908217582,3.3376578908217582,0.1921139742646898,0.1921139742646898,Growth
1981-04-01,6.16795740650589,55.8282208588966,18.9,32.9503954636075,33.7001993659509,669.886829361684,15.6251793194468,36.850863602456,30.6251793743423,1981,3.3376578908217582,5475.0,0.1921139742646898,4,2,6.16795740650589,6.16795740650589,3.03562235066106,3.3376578908217582,3.3376578908217582,0.1921139742646898,0.1921139742646898,Growth
1981-05-01,6.16795740650589,55.8282208588966,18.9,32.9503954636075,33.7001993659509,669.886829361684,15.6251793194468,36.850863602456,30.6251793743423,1981,3.3376578908217582,5475.0,0.1921139742646898,5,2,6.16795740650589,6.16795740650589,3.03562235066106,3.3376578908217582,3.3376578908217582,0.1921139742646898,0.1921139742646898,Growth
1981-06-01,6.16795740650589,55.8282208588966,18.9,32.9503954636075,33.7001993659509,669.886829361684,15.6251793194468,36.850863602456,30.6251793743423,1981,3.3376578908217582,5475.0,0.1921139742646898,6,2,6.16795740650589,6.16795740650589,3.03562235066106,3.3376578908217582,3.3376578908217582,0.1921139742646898,0.1921139742646898,Growth
1981-07-01,6.16795740650589,55.8282208588966,18.9,32.9503954636075,33.7001993659509,669.886829361684,15.6251793194468,36.850863602456,30.6251793743423,1981,3.3376578908217582,5475.0,0.1921139742646898,7,3,6.16795740650589,6.16795740650589,3.03562235066106,3.3376578908217582,3.3376578908217582,0.1921139742646898,0.1921139742646898,Growth
1981-08-01,6.16795740650589,55.8282208588966,18.9,32.9503954636075,33.7001993659509,669.886829361684,15.6251793194468,36.850863602456,30.6251793743423,1981,3.3376578908217582,5475.0,0.1921139742646898,8,3,6.16795740650589,6.16795740650589,3.03562235066106,3.3376578908217582,3.3376578908217582,0.1921139742646898,0.1921139742646898,Growth
1981-09-01,6.16795740650589,55.8282208588966,18.9,32.9503954636075,33.7001993659509,669.886829361684,15.6251793194468,36.850863602456,30.6251793743423,1981,3.3376578908217582,5475.0,0.1921139742646898,9,3,6.16795740650589,6.16795740650589,3.03562235066106,3.3376578908217582,3.3376578908217582,0.1921139742646898,0.1921139742646898,Growth
1981-10-01,6.16795740650589,55.8282208588966,18.9,32.9503954636075,33.7001993659509,669.886829361684,15.6251793194468,36.850863602456,30.6251793743423,1981,3.3376578908217582,5475.0,0.1921139742646898,10,4,6.16795740650589,6.16795740650589,3.03562235066106,3.3376578908217582,3.3376578908217582,0.1921139742646898,0.1921139742646898,Growth
1981-11-01,6.16795740650589,55.8282208588966,18.9,32.9503954636075,33.7001993659509,669.886829361684,15.6251793194468,36.850863602456,30.6251793743423,1981,3.3376578908217582,5475.0,0.1921139742646898,11,4,6.16795740650589,6.16795740650589,3.03562235066106,3.3376578908217582,3.3376578908217582,0.1921139742646898,0.1921139742646898,Growth
1981-12-01,6.16795740650589,55.8282208588966,18.9,32.9503954636075,33.7001993659509,669.886829361684,15.6251793194468,36.850863602456,30.6251793743423,1981,3.3376578908217582,5475.0,0.1921139742646898,12,4,6.16795740650589,6.16795740650589,3.03562235066106,3.3376578908217582,3.3376578908217582,0.1921139742646898,0.1921139742646898,Growth
1982-01-01,-2.81278262868891,55.8282208588966,18.9,32.9503954636075,33.7001993659509,626.532533448195,13.4620198592607,35.2960809946319,30.6251793743423,1982,3.3376578908217582,5475.0,0.1921139742646898,1,1,6.16795740650589,6.16795740650589,6.16795740650589,3.3376578908217582,3.3376578908217582,0.1921139742646898,0.1921139742646898,Decline
1982-02-01,-2.81278262868891,55.8282208588966,18.9,32.9503954636075,33.7001993659509,626.532533448195,13.4620198592607,35.2960809946319,30.6251793743423,1982,3.3376578908217582,5475.0,0.1921139742646898,2,1,-2.81278262868891,6.16795740650589,6.16795740650589,3.3376578908217582,3.3376578908217582,0.1921139742646898,0.1921139742646898,Decline
1982-03-01,-2.81278262868891,55.8282208588966,18.9,32.9503954636075,33.7001993659509,626.532533448195,13.4620198592607,35.2960809946319,30.6251793743423,1982,3.3376578908217582,5475.0,0.1921139742646898,3,1,-2.81278262868891,6.16795740650589,6.16795740650589,3.3376578908217582,3.3376578908217582,0.1921139742646898,0.1921139742646898,Decline
1982-04-01,-2.81278262868891,55.8282208588966,18.9,32.9503954636075,33.7001993659509,626.532533448195,13.4620198592607,35.2960809946319,30.6251793743423,1982,3.3376578908217582,5475.0,0.1921139742646898,4,2,-2.81278262868891,-2.81278262868891,6.16795740650589,3.3376578908217582,3.3376578908217582,0.1921139742646898,0.1921139742646898,Decline
1982-05-01,-2.81278262868891,55.8282208588966,18.9,32.9503954636075,33.7001993659509,626.532533448195,13.4620198592607,35.2960809946319,30.6251793743423,1982,3.3376578908217582,5475.0,0.1921139742646898,5,2,-2.81278262868891,-2.81278262868891,6.16795740650589,3.3376578908217582,3.3376578908217582,0.1921139742646898,0.1921139742646898,Decline
1982-06-01,-2.81278262868891,55.8282208588966,18.9,32.9503954636075,33.7001993659509,626.532533448195,13.4620198592607,35.2960809946319,30.6251793743423,1982,3.3376578908217582,5475.0,0.1921139742646898,6,2,-2.81278262868891,-2.81278262868891,6.16795740650589,3.3376578908217582,3.3376578908217582,0.1921139742646898,0.1921139742646898,Decline
1982-07-01,-2.81278262868891,55.8282208588966,18.9,32.9503954636075,33.7001993659509,626.532533448195,13.4620198592607,35.2960809946319,30.6251793743423,1982,3.3376578908217582,5475.0,0.1921139742646898,7,3,-2.81278262868891,-2.81278262868891,6.16795740650589,3.3376578908217582,3.3376578908217582,0.1921139742646898,0.1921139742646898,Decline
1982-08-01,-2.81278262868891,55.8282208588966,18.9,32.9503954636075,33.7001993659509,626.532533448195,13.4620198592607,35.2960809946319,30.6251793743423,1982,3.3376578908217582,5475.0,0.1921139742646898,8,3,-2.81278262868891,-2.81278262868891,6.16795740650589,3.3376578908217582,3.3376578908217582,0.1921139742646898,0.1921139742646898,Decline
1982-09-01,-2.81278262868891,55.8282208588966,18.9,32.9503954636075,33.7001993659509,626.532533448195,13.4620198592607,35.2960809946319,30.6251793743423,1982,3.3376578908217582,5475.0,0.1921139742646898,9,3,-2.81278262868891,-2.81278262868891,6.16795740650589,3.3376578908217582,3.3376578908217582,0.1921139742646898,0.1921139742646898,Decline
1982-10-01,-2.81278262868891,55.8282208588966,18.9,32.9503954636075,33.7001993659509,626.532533448195,13.4620198592607,35.2960809946319,30.6251793743423,1982,3.3376578908217582,5475.0,0.1921139742646898,10,4,-2.81278262868891,-2.81278262868891,6.16795740650589,3.3376578908217582,3.3376578908217582,0.1921139742646898,0.1921139742646898,Decline
1982-11-01,-2.81278262868891,55.8282208588966,18.9,32.9503954636075,33.7001993659509,626.532533448195,13.4620198592607,35.2960809946319,30.6251793743423,1982,3.3376578908217582,5475.0,0.1921139742646898,11,4,-2.81278262868891,-2.81278262868891,6.16795740650589,3.3376578908217582,3.3376578908217582,0.1921139742646898,0.1921139742646898,Decline
1982-12-01,-2.81278262868891,55.8282208588966,18.9,32.9503954636075,33.7001993659509,626.532533448195,13.4620198592607,35.2960809946319,30.6251793743423,1982,3.3376578908217582,5475.0,0.1921139742646898,12,4,-2.81278262868891,-2.81278262868891,6.16795740650589,3.3376578908217582,3.3376578908217582,0.1921139742646898,0.1921139742646898,Decline
1983-01-01,-1.96668929762134,55.8282208588966,18.9,32.9503954636075,33.7001993659509,520.45583354177,14.1992729359992,40.0578781211136,30.6251793743423,1983,3.3376578908217582,5475.0,0.1921139742646898,1,1,-2.81278262868891,-2.81278262868891,-2.81278262868891,3.3376578908217582,3.3376578908217582,0.1921139742646898,0.1921139742646898,Decline
1983-02-01,-1.96668929762134,55.8282208588966,18.9,32.9503954636075,33.7001993659509,520.45583354177,14.1992729359992,40.0578781211136,30.6251793743423,1983,3.3376578908217582,5475.0,0.1921139742646898,2,1,-1.96668929762134,-2.81278262868891,-2.81278262868891,3.3376578908217582,3.3376578908217582,0.1921139742646898,0.1921139742646898,Decline
1983-03-01,-1.96668929762134,55.8282208588966,18.9,32.9503954636075,33.7001993659509,520.45583354177,14.1992729359992,40.0578781211136,30.6251793743423,1983,3.3376578908217582,5475.0,0.1921139742646898,3,1,-1.96668929762134,-2.81278262868891,-2.81278262868891,3.3376578908217582,3.3376578908217582,0.1921139742646898,0.1921139742646898,Decline
1983-04-01,-1.96668929762134,55.8282208588966,18.9,32.9503954636075,33.7001993659509,520.45583354177,14.1992729359992,40.0578781211136,30.6251793743423,1983,3.3376578908217582,5475.0,0.1921139742646898,4,2,-1.96668929762134,-1.96668929762134,-2.81278262868891,3.3376578908217582,3.3376578908217582,0.1921139742646898,0.1921139742646898,Decline
1983-05-01,-1.96668929762134,55.8282208588966,18.9,32.9503954636075,33.7001993659509,520.45583354177,14.1992729359992,40.0578781211136,30.6251793743423,1983,3.3376578908217582,5475.0,0.1921139742646898,5,2,-1.96668929762134,-1.96668929762134,-2.81278262868891,3.3376578908217582,3.3376578908217582,0.1921139742646898,0.1921139742646898,Decline
1983-06-01,-1.96668929762134,55.8282208588966,18.9,32.9503954636075,33.7001993659509,520.45583354177,14.1992729359992,40.0578781211136,30.6251793743423,1983,3.3376578908217582,5475.0,0.1921139742646898,6,2,-1.96668929762134,-1.96668929762134,-2.81278262868891,3.3376578908217582,3.3376578908217582,0.1921139742646898,0.1921139742646898,Decline
1983-07-01,-1.96668929762134,55.8282208588966,18.9,32.9503954636075,33.7001993659509,520.45583354177,14.1992729359992,40.0578781211136,30.6251793743423,1983,3.3376578908217582,5475.0,0.1921139742646898,7,3,-1.96668929762134,-1.96668929762134,-2.81278262868891,3.3376578908217582,3.3376578908217582,0.1921139742646898,0.1921139742646898,Decline
1983-08-01,-1.96668929762134,55.8282208588966,18.9,32.9503954636075,33.7001993659509,520.45583354177,14.1992729359992,40.0578781211136,30.6251793743423,1983,3.3376578908217582,5475.0,0.1921139742646898,8,3,-1.96668929762134,-1.96668929762134,-2.81278262868891,3.3376578908217582,3.3376578908217582,0.1921139742646898,0.1921139742646898,Decline
1983-09-01,-1.96668929762134,55.8282208588966,18.9,32.9503954636075,33.7001993659509,520.45583354177,14.1992729359992,40.0578781211136,30.6251793743423,1983,3.3376578908217582,5475.0,0.1921139742646898,9,3,-1.96668929762134,-1.96668929762134,-2.81278262868891,3.3376578908217582,3.3376578908217582,0.1921139742646898,0.1921139742646898,Decline
1983-10-01,-1.96668929762134,55.8282208588966,18.9,32.9503954636075,33.7001993659509,520.45583354177,14.1992729359992,40.0578781211136,30.6251793743423,1983,3.3376578908217582,5475.0,0.1921139742646898,10,4,-1.96668929762134,-1.96668929762134,-2.81278262868891,3.3376578908217582,3.3376578908217582,0.1921139742646898,0.1921139742646898,Decline
1983-11-01,-1.96668929762134,55.8282208588966,18.9,32.9503954636075,33.7001993659509,520.45583354177,14.1992729359992,40.0578781211136,30.6251793743423,1983,3.3376578908217582,5475.0,0.1921139742646898,11,4,-1.96668929762134,-1.96668929762134,-2.81278262868891,3.3376578908217582,3.3376578908217582,0.1921139742646898,0.1921139742646898,Decline
1983-12-01,-1.96668929762134,55.8282208588966,18.9,32.9503954636075,33.7001993659509,520.45583354177,14.1992729359992,40.0578781211136,30.6251793743423,1983,3.3376578908217582,5475.0,0.1921139742646898,12,4,-1.96668929762134,-1.96668929762134,-2.81278262868891,3.3376578908217582,3.3376578908217582,0.1921139742646898,0.1921139742646898,Decline
1984-01-01,-0.336834899256019,55.8282208588966,18.9,32.9503954636075,33.7001993659509,413.269974271735,14.5447170959237,39.2313932265261,35.1206651794768,1984,3.3376578908217582,5475.0,0.1921139742646898,1,1,-1.96668929762134,-1.96668929762134,-1.96668929762134,3.3376578908217582,3.3376578908217582,0.1921139742646898,0.1921139742646898,Decline
1984-02-01,-0.336834899256019,55.8282208588966,18.9,32.9503954636075,33.7001993659509,413.269974271735,14.5447170959237,39.2313932265261,35.1206651794768,1984,3.3376578908217582,5475.0,0.1921139742646898,2,1,-0.336834899256019,-1.96668929762134,-1.96668929762134,3.3376578908217582,3.3376578908217582,0.1921139742646898,0.1921139742646898,Decline
1984-03-01,-0.336834899256019,55.8282208588966,18.9,32.9503954636075,33.7001993659509,413.269974271735,14.5447170959237,39.2313932265261,35.1206651794768,1984,3.3376578908217582,5475.0,0.1921139742646898,3,1,-0.336834899256019,-1.96668929762134,-1.96668929762134,3.3376578908217582,3.3376578908217582,0.1921139742646898,0.1921139742646898,Decline
1984-04-01,-0.336834899256019,55.8282208588966,18.9,32.9503954636075,33.7001993659509,413.269974271735,14.5447170959237,39.2313932265261,35.1206651794768,1984,3.3376578908217582,5475.0,0.1921139742646898,4,2,-0.336834899256019,-0.336834899256019,-1.96668929762134,3.3376578908217582,3.3376578908217582,0.1921139742646898,0.1921139742646898,Decline
1984-05-01,-0.336834899256019,55.8282208588966,18.9,32.9503954636075,33.7001993659509,413.269974271735,14.5447170959237,39.2313932265261,35.1206651794768,1984,3.3376578908217582,5475.0,0.1921139742646898,5,2,-0.336834899256019,-0.336834899256019,-1.96668929762134,3.3376578908217582,3.3376578908217582,0.1921139742646898,0.1921139742646898,Decline
1984-06-01,-0.336834899256019,55.8282208588966,18.9,32.9503954636075,33.7001993659509,413.269974271735,14.5447170959237,39.2313932265261,35.1206651794768,1984,3.3376578908217582,5475.0,0.1921139742646898,6,2,-0.336834899256019,-0.336834899256019,-1.96668929762134,3.3376578908217582,3.3376578908217582,0.1921139742646898,0.1921139742646898,Decline
1984-07-01,-0.336834899256019,55.8282208588966,18.9,32.9503954636075,33.7001993659509,413.269974271735,14.5447170959237,39.2313932265261,35.1206651794768,1984,3.3376578908217582,5475.0,0.1921139742646898,7,3,-0.336834899256019,-0.336834899256019,-1.96668929762134,3.3376578908217582,3.3376578908217582,0.1921139742646898,0.1921139742646898,Decline
1984-08-01,-0.336834899256019,55.8282208588966,18.9,32.9503954636075,33.7001993659509,413.269974271735,14.5447170959237,39.2313932265261,35.1206651794768,1984,3.3376578908217582,5475.0,0.1921139742646898,8,3,-0.336834899256019,-0.336834899256019,-1.96668929762134,3.3376578908217582,3.3376578908217582,0.1921139742646898,0.1921139742646898,Decline
1984-09-01,-0.336834899256019,55.8282208588966,18.9,32.9503954636075,33.7001993659509,413.269974271735,14.5447170959237,39.2313932265261,35.1206651794768,1984,3.3376578908217582,5475.0,0.1921139742646898,9,3,-0.336834899256019,-0.336834899256019,-1.96668929762134,3.3376578908217582,3.3376578908217582,0.1921139742646898,0.1921139742646898,Decline
1984-10-01,-0.336834899256019,55.8282208588966,18.9,32.9503954636075,33.7001993659509,413.269974271735,14.5447170959237,39.2313932265261,35.1206651794768,1984,3.3376578908217582,5475.0,0.1921139742646898,10,4,-0.336834899256019,-0.336834899256019,-1.96668929762134,3.3376578908217582,3.3376578908217582,0.1921139742646898,0.1921139742646898,Decline
1984-11-01,-0.336834899256019,55.8282208588966,18.9,32.9503954636075,33.7001993659509,413.269974271735,14.5447170959237,39.2313932265261,35.1206651794768,1984,3.3376578908217582,5475.0,0.1921139742646898,11,4,-0.336834899256019,-0.336834899256019,-1.96668929762134,3.3376578908217582,3.3376578908217582,0.1921139742646898,0.1921139742646898,Decline
1984-12-01,-0.336834899256019,55.8282208588966,18.9,32.9503954636075,33.7001993659509,413.269974271735,14.5447170959237,39.2313932265261,35.1206651794768,1984,3.3376578908217582,5475.0,0.1921139742646898,12,4,-0.336834899256019,-0.336834899256019,-1.96668929762134,3.3376578908217582,3.3376578908217582,0.1921139742646898,0.1921139742646898,Decline
1985-01-01,1.61531036759311,55.8282208588966,18.9,32.9503954636075,33.7001993659509,332.173737253298,13.0827641793577,42.0339654124069,34.6710219318712,1985,3.3376578908217582,5475.0,0.1921139742646898,1,1,-0.336834899256019,-0.336834899256019,-0.336834899256019,3.3376578908217582,3.3376578908217582,0.1921139742646898,0.1921139742646898,Decline
1985-02-01,1.61531036759311,55.8282208588966,18.9,32.9503954636075,33.7001993659509,332.173737253298,13.0827641793577,42.0339654124069,34.6710219318712,1985,3.3376578908217582,5475.0,0.1921139742646898,2,1,1.61531036759311,-0.336834899256019,-0.336834899256019,3.3376578908217582,3.3376578908217582,0.1921139742646898,0.1921139742646898,Decline
1985-03-01,1.61531036759311,55.8282208588966,18.9,32.9503954636075,33.7001993659509,332.173737253298,13.0827641793577,42.0339654124069,34.6710219318712,1985,3.3376578908217582,5475.0,0.1921139742646898,3,1,1.61531036759311,-0.336834899256019,-0.336834899256019,3.3376578908217582,3.3376578908217582,0.1921139742646898,0.1921139742646898,Decline
1985-04-01,1.61531036759311,55.8282208588966,18.9,32.9503954636075,33.7001993659509,332.173737253298,13.0827641793577,42.0339654124069,34.6710219318712,1985,3.3376578908217582,5475.0,0.1921139742646898,4,2,1.61531036759311,1.61531036759311,-0.336834899256019,3.3376578908217582,3.3376578908217582,0.1921139742646898,0.1921139742646898,Decline
1985-05-01,1.61531036759311,55.8282208588966,18.9,32.9503954636075,33.7001993659509,332.173737253298,13.0827641793577,42.0339654124069,34.6710219318712,1985,3.3376578908217582,5475.0,0.1921139742646898,5,2,1.61531036759311,1.61531036759311,-0.336834899256019,3.3376578908217582,3.3376578908217582,0.1921139742646898,0.1921139742646898,Decline
1985-06-01,1.61531036759311,55.8282208588966,18.9,32.9503954636075,33.7001993659509,332.173737253298,13.0827641793577,42.0339654124069,34.6710219318712,1985,3.3376578908217582,5475.0,0.1921139742646898,6,2,1.61531036759311,1.61531036759311,-0.336834899256019,3.3376578908217582,3.3376578908217582,0.1921139742646898,0.1921139742646898,Decline
1985-07-01,1.61531036759311,55.8282208588966,18.9,32.9503954636075,33.7001993659509,332.173737253298,13.0827641793577,42.0339654124069,34.6710219318712,1985,3.3376578908217582,5475.0,0.1921139742646898,7,3,1.61531036759311,1.61531036759311,-0.336834899256019,3.3376578908217582,3.3376578908217582,0.1921139742646898,0.1921139742646898,Decline
1985-08-01,1.61531036759311,55.8282208588966,18.9,32.9503954636075,33.7001993659509,332.173737253298,13.0827641793577,42.0339654124069,34.6710219318712,1985,3.3376578908217582,5475.0,0.1921139742646898,8,3,1.61531036759311,1.61531036759311,-0.336834899256019,3.3376578908217582,3.3376578908217582,0.1921139742646898,0.1921139742646898,Decline
1985-09-01,1.61531036759311,55.8282208588966,18.9,32.9503954636075,33.7001993659509,332.173737253298,13.0827641793577,42.0339654124069,34.6710219318712,1985,3.3376578908217582,5475.0,0.1921139742646898,9,3,1.61531036759311,1.61531036759311,-0.336834899256019,3.3376578908217582,3.3376578908217582,0.1921139742646898,0.1921139742646898,Decline
1985-10-01,1.61531036759311,55.8282208588966,18.9,32.9503954636075,33.7001993659509,332.173737253298,13.0827641793577,42.0339654124069,34.6710219318712,1985,3.3376578908217582,5475.0,0.1921139742646898,10,4,1.61531036759311,1.61531036759311,-0.336834899256019,3.3376578908217582,3.3376578908217582,0.1921139742646898,0.1921139742646898,Decline
1985-11-01,1.61531036759311,55.8282208588966,18.9,32.9503954636075,33.7001993659509,332.173737253298,13.0827641793577,42.0339654124069,34.6710219318712,1985,3.3376578908217582,5475.0,0.1921139742646898,11,4,1.61531036759311,1.61531036759311,-0.336834899256019,3.3376578908217582,3.3376578908217582,0.1921139742646898,0.1921139742646898,Decline
1985-12-01,1.61531036759311,55.8282208588966,18.9,32.9503954636075,33.7001993659509,332.173737253298,13.0827641793577,42.0339654124069,34.6710219318712,1985,3.3376578908217582,5475.0,0.1921139742646898,12,4,1.61531036759311,1.61531036759311,-0.336834899256019,3.3376578908217582,3.3376578908217582,0.1921139742646898,0.1921139742646898,Decline
1986-01-01,0.723893955923913,55.8282208588966,18.9,32.9503954636075,33.7001993659509,238.23379616097,12.1713774376697,44.3532461120711,33.2201925450506,1986,3.3376578908217582,5475.0,0.1921139742646898,1,1,1.61531036759311,1.61531036759311,1.61531036759311,3.3376578908217582,3.3376578908217582,0.1921139742646898,0.1921139742646898,Decline
1986-02-01,0.723893955923913,55.8282208588966,18.9,32.9503954636075,33.7001993659509,238.23379616097,12.1713774376697,44.3532461120711,33.2201925450506,1986,3.3376578908217582,5475.0,0.1921139742646898,2,1,0.723893955923913,1.61531036759311,1.61531036759311,3.3376578908217582,3.3376578908217582,0.1921139742646898,0.1921139742646898,Decline
1986-03-01,0.723893955923913,55.8282208588966,18.9,32.9503954636075,33.7001993659509,238.23379616097,12.1713774376697,44.3532461120711,33.2201925450506,1986,3.3376578908217582,5475.0,0.1921139742646898,3,1,0.723893955923913,1.61531036759311,1.61531036759311,3.3376578908217582,3.3376578908217582,0.1921139742646898,0.1921139742646898,Decline
1986-04-01,0.723893955923913,55.8282208588966,18.9,32.9503954636075,33.7001993659509,238.23379616097,12.1713774376697,44.3532461120711,33.2201925450506,1986,3.3376578908217582,5475.0,0.1921139742646898,4,2,0.723893955923913,0.723893955923913,1.61531036759311,3.3376578908217582,3.3376578908217582,0.1921139742646898,0.1921139742646898,Decline
1986-05-01,0.723893955923913,55.8282208588966,18.9,32.9503954636075,33.7001993659509,238.23379616097,12.1713774376697,44.3532461120711,33.2201925450506,1986,3.3376578908217582,5475.0,0.1921139742646898,5,2,0.723893955923913,0.723893955923913,1.61531036759311,3.3376578908217582,3.3376578908217582,0.1921139742646898,0.1921139742646898,Decline
1986-06-01,0.723893955923913,55.8282208588966,18.9,32.9503954636075,33.7001993659509,238.23379616097,12.1713774376697,44.3532461120711,33.2201925450506,1986,3.3376578908217582,5475.0,0.1921139742646898,6,2,0.723893955923913,0.723893955923913,1.61531036759311,3.3376578908217582,3.3376578908217582,0.1921139742646898,0.1921139742646898,Decline
1986-07-01,0.723893955923913,55.8282208588966,18.9,32.9503954636075,33.7001993659509,238.23379616097,12.1713774376697,44.3532461120711,33.2201925450506,1986,3.3376578908217582,5475.0,0.1921139742646898,7,3,0.723893955923913,0.723893955923913,1.61531036759311,3.3376578908217582,3.3376578908217582,0.1921139742646898,0.1921139742646898,Decline
1986-08-01,0.723893955923913,55.8282208588966,18.9,32.9503954636075,33.7001993659509,238.23379616097,12.1713774376697,44.3532461120711,33.2201925450506,1986,3.3376578908217582,5475.0,0.1921139742646898,8,3,0.723893955923913,0.723893955923913,1.61531036759311,3.3376578908217582,3.3376578908217582,0.1921139742646898,0.1921139742646898,Decline
1986-09-01,0.723893955923913,55.8282208588966,18.9,32.9503954636075,33.7001993659509,238.23379616097,12.1713774376697,44.3532461120711,33.2201925450506,1986,3.3376578908217582,5475.0,0.1921139742646898,9,3,0.723893955923913,0.723893955923913,1.61531036759311,3.3376578908217582,3.3376578908217582,0.1921139742646898,0.1921139742646898,Decline
1986-10-01,0.723893955923913,55.8282208588966,18.9,32.9503954636075,33.7001993659509,238.23379616097,12.1713774376697,44.3532461120711,33.2201925450506,1986,3.3376578908217582,5475.0,0.1921139742646898,10,4,0.723893955923913,0.723893955923913,1.61531036759311,3.3376578908217582,3.3376578908217582,0.1921139742646898,0.1921139742646898,Decline
1986-11-01,0.723893955923913,55.8282208588966,18.9,32.9503954636075,33.7001993659509,238.23379616097,12.1713774376697,44.3532461120711,33.2201925450506,1986,3.3376578908217582,5475.0,0.1921139742646898,11,4,0.723893955923913,0.723893955923913,1.61531036759311,3.3376578908217582,3.3376578908217582,0.1921139742646898,0.1921139742646898,Decline
1986-12-01,0.723893955923913,55.8282208588966,18.9,32.9503954636075,33.7001993659509,238.23379616097,12.1713774376697,44.3532461120711,33.2201925450506,1986,3.3376578908217582,5475.0,0.1921139742646898,12,4,0.723893955923913,0.723893955923913,1.61531036759311,3.3376578908217582,3.3376578908217582,0.1921139742646898,0.1921139742646898,Decline
1987-01-01,2.67566171341133,47.0472440944876,18.9,32.9503954636075,33.7001993659509,314.999602622841,10.8838805416435,41.1254869226489,38.3198849935077,1987,3.3376578908217582,5475.0,0.1921139742646898,1,1,0.723893955923913,0.723893955923913,0.723893955923913,3.3376578908217582,3.3376578908217582,0.1921139742646898,0.1921139742646898,Stable
1987-02-01,2.67566171341133,47.0472440944876,18.9,32.9503954636075,33.7001993659509,314.999602622841,10.8838805416435,41.1254869226489,38.3198849935077,1987,3.3376578908217582,5475.0,0.1921139742646898,2,1,2.67566171341133,0.723893955923913,0.723893955923913,3.3376578908217582,3.3376578908217582,0.1921139742646898,0.1921139742646898,Stable
1987-03-01,2.67566171341133,47.0472440944876,18.9,32.9503954636075,33.7001993659509,314.999602622841,10.8838805416435,41.1254869226489,38.3198849935077,1987,3.3376578908217582,5475.0,0.1921139742646898,3,1,2.67566171341133,0.723893955923913,0.723893955923913,3.3376578908217582,3.3376578908217582,0.1921139742646898,0.1921139742646898,Stable
1987-04-01,2.67566171341133,47.0472440944876,18.9,32.9503954636075,33.7001993659509,314.999602622841,10.8838805416435,41.1254869226489,38.3198849935077,1987,3.3376578908217582,5475.0,0.1921139742646898,4,2,2.67566171341133,2.67566171341133,0.723893955923913,3.3376578908217582,3.3376578908217582,0.1921139742646898,0.1921139742646898,Stable
1987-05-01,2.67566171341133,47.0472440944876,18.9,32.9503954636075,33.7001993659509,314.999602622841,10.8838805416435,41.1254869226489,38.3198849935077,1987,3.3376578908217582,5475.0,0.1921139742646898,5,2,2.67566171341133,2.67566171341133,0.723893955923913,3.3376578908217582,3.3376578908217582,0.1921139742646898,0.1921139742646898,Stable
1987-06-01,2.67566171341133,47.0472440944876,18.9,32.9503954636075,33.7001993659509,314.999602622841,10.8838805416435,41.1254869226489,38.3198849935077,1987,3.3376578908217582,5475.0,0.1921139742646898,6,2,2.67566171341133,2.67566171341133,0.723893955923913,3.3376578908217582,3.3376578908217582,0.1921139742646898,0.1921139742646898,Stable
1987-07-01,2.67566171341133,47.0472440944876,18.9,32.9503954636075,33.7001993659509,314.999602622841,10.8838805416435,41.1254869226489,38.3198849935077,1987,3.3376578908217582,5475.0,0.1921139742646898,7,3,2.67566171341133,2.67566171341133,0.723893955923913,3.3376578908217582,3.3376578908217582,0.1921139742646898,0.1921139742646898,Stable
1987-08-01,2.67566171341133,47.0472440944876,18.9,32.9503954636075,33.7001993659509,314.999602622841,10.8838805416435,41.1254869226489,38.3198849935077,1987,3.3376578908217582,5475.0,0.1921139742646898,8,3,2.67566171341133,2.67566171341133,0.723893955923913,3.3376578908217582,3.3376578908217582,0.1921139742646898,0.1921139742646898,Stable
1987-09-01,2.67566171341133,47.0472440944876,18.9,32.9503954636075,33.7001993659509,314.999602622841,10.8838805416435,41.1254869226489,38.3198849935077,1987,3.3376578908217582,5475.0,0.1921139742646898,9,3,2.67566171341133,2.67566171341133,0.723893955923913,3.3376578908217582,3.3376578908217582,0.1921139742646898,0.1921139742646898,Stable
1987-10-01,2.67566171341133,47.0472440944876,18.9,32.9503954636075,33.7001993659509,314.999602622841,10.8838805416435,41.1254869226489,38.3198849935077,1987,3.3376578908217582,5475.0,0.1921139742646898,10,4,2.67566171341133,2.67566171341133,0.723893955923913,3.3376578908217582,3.3376578908217582,0.1921139742646898,0.1921139742646898,Stable
1987-11-01,2.67566171341133,47.0472440944876,18.9,32.9503954636075,33.7001993659509,314.999602622841,10.8838805416435,41.1254869226489,38.3198849935077,1987,3.3376578908217582,5475.0,0.1921139742646898,11,4,2.67566171341133,2.67566171341133,0.723893955923913,3.3376578908217582,3.3376578908217582,0.1921139742646898,0.1921139742646898,Stable
1987-12-01,2.67566171341133,47.0472440944876,18.9,32.9503954636075,33.7001993659509,314.999602622841,10.8838805416435,41.1254869226489,38.3198849935077,1987,3.3376578908217582,5475.0,0.1921139742646898,12,4,2.67566171341133,2.67566171341133,0.723893955923913,3.3376578908217582,3.3376578908217582,0.1921139742646898,0.1921139742646898,Stable
1988-01-01,6.28074900897693,51.0040160642574,18.9,32.9503954636075,33.7001993659509,504.486020154114,16.4017130065211,44.0430847094702,33.6991856730364,1988,3.3376578908217582,5475.0,0.1921139742646898,1,1,2.67566171341133,2.67566171341133,2.67566171341133,3.3376578908217582,3.3376578908217582,0.1921139742646898,0.1921139742646898,Growth
1988-02-01,6.28074900897693,51.0040160642574,18.9,32.9503954636075,33.7001993659509,504.486020154114,16.4017130065211,44.0430847094702,33.6991856730364,1988,3.3376578908217582,5475.0,0.1921139742646898,2,1,6.28074900897693,2.67566171341133,2.67566171341133,3.3376578908217582,3.3376578908217582,0.1921139742646898,0.1921139742646898,Growth
1988-03-01,6.28074900897693,51.0040160642574,18.9,32.9503954636075,33.7001993659509,504.486020154114,16.4017130065211,44.0430847094702,33.6991856730364,1988,3.3376578908217582,5475.0,0.1921139742646898,3,1,6.28074900897693,2.67566171341133,2.67566171341133,3.3376578908217582,3.3376578908217582,0.1921139742646898,0.1921139742646898,Growth
1988-04-01,6.28074900897693,51.0040160642574,18.9,32.9503954636075,33.7001993659509,504.486020154114,16.4017130065211,44.0430847094702,33.6991856730364,1988,3.3376578908217582,5475.0,0.1921139742646898,4,2,6.28074900897693,6.28074900897693,2.67566171341133,3.3376578908217582,3.3376578908217582,0.1921139742646898,0.1921139742646898,Growth
1988-05-01,6.28074900897693,51.0040160642574,18.9,32.9503954636075,33.7001993659509,504.486020154114,16.4017130065211,44.0430847094702,33.6991856730364,1988,3.3376578908217582,5475.0,0.1921139742646898,5,2,6.28074900897693,6.28074900897693,2.67566171341133,3.3376578908217582,3.3376578908217582,0.1921139742646898,0.1921139742646898,Growth
1988-06-01,6.28074900897693,51.0040160642574,18.9,32.9503954636075,33.7001993659509,504.486020154114,16.4017130065211,44.0430847094702,33.6991856730364,1988,3.3376578908217582,5475.0,0.1921139742646898,6,2,6.28074900897693,6.28074900897693,2.67566171341133,3.3376578908217582,3.3376578908217582,0.1921139742646898,0.1921139742646898,Growth
1988-07-01,6.28074900897693,51.0040160642574,18.9,32.9503954636075,33.7001993659509,504.486020154114,16.4017130065211,44.0430847094702,33.6991856730364,1988,3.3376578908217582,5475.0,0.1921139742646898,7,3,6.28074900897693,6.28074900897693,2.67566171341133,3.3376578908217582,3.3376578908217582,0.1921139742646898,0.1921139742646898,Growth
1988-08-01,6.28074900897693,51.0040160642574,18.9,32.9503954636075,33.7001993659509,504.486020154114,16.4017130065211,44.0430847094702,33.6991856730364,1988,3.3376578908217582,5475.0,0.1921139742646898,8,3,6.28074900897693,6.28074900897693,2.67566171341133,3.3376578908217582,3.3376578908217582,0.1921139742646898,0.1921139742646898,Growth
1988-09-01,6.28074900897693,51.0040160642574,18.9,32.9503954636075,33.7001993659509,504.486020154114,16.4017130065211,44.0430847094702,33.6991856730364,1988,3.3376578908217582,5475.0,0.1921139742646898,9,3,6.28074900897693,6.28074900897693,2.67566171341133,3.3376578908217582,3.3376578908217582,0.1921139742646898,0.1921139742646898,Growth
1988-10-01,6.28074900897693,51.0040160642574,18.9,32.9503954636075,33.7001993659509,504.486020154114,16.4017130065211,44.0430847094702,33.6991856730364,1988,3.3376578908217582,5475.0,0.1921139742646898,10,4,6.28074900897693,6.28074900897693,2.67566171341133,3.3376578908217582,3.3376578908217582,0.1921139742646898,0.1921139742646898,Growth
1988-11-01,6.28074900897693,51.0040160642574,18.9,32.9503954636075,33.7001993659509,504.486020154114,16.4017130065211,44.0430847094702,33.6991856730364,1988,3.3376578908217582,5475.0,0.1921139742646898,11,4,6.28074900897693,6.28074900897693,2.67566171341133,3.3376578908217582,3.3376578908217582,0.1921139742646898,0.1921139742646898,Growth
1988-12-01,6.28074900897693,51.0040160642574,18.9,32.9503954636075,33.7001993659509,504.486020154114,16.4017130065211,44.0430847094702,33.6991856730364,1988,3.3376578908217582,5475.0,0.1921139742646898,12,4,6.28074900897693,6.28074900897693,2.67566171341133,3.3376578908217582,3.3376578908217582,0.1921139742646898,0.1921139742646898,Growth
1989-01-01,-1.02350178869868,123.40425531915,18.9,32.9503954636075,33.7001993659509,526.361769256072,19.1407580842751,47.2834951034048,23.6712865976093,1989,3.3376578908217582,5475.0,0.1921139742646898,1,1,6.28074900897693,6.28074900897693,6.28074900897693,3.3376578908217582,3.3376578908217582,0.1921139742646898,0.1921139742646898,Decline
1989-02-01,-1.02350178869868,123.40425531915,18.9,32.9503954636075,33.7001993659509,526.361769256072,19.1407580842751,47.2834951034048,23.6712865976093,1989,3.3376578908217582,5475.0,0.1921139742646898,2,1,-1.02350178869868,6.28074900897693,6.28074900897693,3.3376578908217582,3.3376578908217582,0.1921139742646898,0.1921139742646898,Decline
1989-03-01,-1.02350178869868,123.40425531915,18.9,32.9503954636075,33.7001993659509,526.361769256072,19.1407580842751,47.2834951034048,23.6712865976093,1989,3.3376578908217582,5475.0,0.1921139742646898,3,1,-1.02350178869868,6.28074900897693,6.28074900897693,3.3376578908217582,3.3376578908217582,0.1921139742646898,0.1921139742646898,Decline
1989-04-01,-1.02350178869868,123.40425531915,18.9,32.9503954636075,33.7001993659509,526.361769256072,19.1407580842751,47.2834951034048,23.6712865976093,1989,3.3376578908217582,5475.0,0.1921139742646898,4,2,-1.02350178869868,-1.02350178869868,6.28074900897693,3.3376578908217582,3.3376578908217582,0.1921139742646898,0.1921139742646898,Decline
1989-05-01,-1.02350178869868,123.40425531915,18.9,32.9503954636075,33.7001993659509,526.361769256072,19.1407580842751,47.2834951034048,23.6712865976093,1989,3.3376578908217582,5475.0,0.1921139742646898,5,2,-1.02350178869868,-1.02350178869868,6.28074900897693,3.3376578908217582,3.3376578908217582,0.1921139742646898,0.1921139742646898,Decline
1989-06-01,-1.02350178869868,123.40425531915,18.9,32.9503954636075,33.7001993659509,526.361769256072,19.1407580842751,47.2834951034048,23.6712865976093,1989,3.3376578908217582,5475.0,0.1921139742646898,6,2,-1.02350178869868,-1.02350178869868,6.28074900897693,3.3376578908217582,3.3376578908217582,0.1921139742646898,0.1921139742646898,Decline
1989-07-01,-1.02350178869868,123.40425531915,18.9,32.9503954636075,33.7001993659509,526.361769256072,19.1407580842751,47.2834951034048,23.6712865976093,1989,3.3376578908217582,5475.0,0.1921139742646898,7,3,-1.02350178869868,-1.02350178869868,6.28074900897693,3.3376578908217582,3.3376578908217582,0.1921139742646898,0.1921139742646898,Decline
1989-08-01,-1.02350178869868,123.40425531915,18.9,32.9503954636075,33.7001993659509,526.361769256072,19.1407580842751,47.2834951034048,23.6712865976093,1989,3.3376578908217582,5475.0,0.1921139742646898,8,3,-1.02350178869868,-1.02350178869868,6.28074900897693,3.3376578908217582,3.3376578908217582,0.1921139742646898,0.1921139742646898,Decline
1989-09-01,-1.02350178869868,123.40425531915,18.9,32.9503954636075,33.7001993659509,526.361769256072,19.1407580842751,47.2834951034048,23.6712865976093,1989,3.3376578908217582,5475.0,0.1921139742646898,9,3,-1.02350178869868,-1.02350178869868,6.28074900897693,3.3376578908217582,3.3376578908217582,0.1921139742646898,0.1921139742646898,Decline
1989-10-01,-1.02350178869868,123.40425531915,18.9,32.9503954636075,33.7001993659509,526.361769256072,19.1407580842751,47.2834951034048,23.6712865976093,1989,3.3376578908217582,5475.0,0.1921139742646898,10,4,-1.02350178869868,-1.02350178869868,6.28074900897693,3.3376578908217582,3.3376578908217582,0.1921139742646898,0.1921139742646898,Decline
1989-11-01,-1.02350178869868,123.40425531915,18.9,32.9503954636075,33.7001993659509,526.361769256072,19.1407580842751,47.2834951034048,23.6712865976093,1989,3.3376578908217582,5475.0,0.1921139742646898,11,4,-1.02350178869868,-1.02350178869868,6.28074900897693,3.3376578908217582,3.3376578908217582,0.1921139742646898,0.1921139742646898,Decline
1989-12-01,-1.02350178869868,123.40425531915,18.9,32.9503954636075,33.7001993659509,526.361769256072,19.1407580842751,47.2834951034048,23.6712865976093,1989,3.3376578908217582,5475.0,0.1921139742646898,12,4,-1.02350178869868,-1.02350178869868,6.28074900897693,3.3376578908217582,3.3376578908217582,0.1921139742646898,0.1921139742646898,Decline
1990-01-01,-0.481072027781664,107.023809523808,18.9,32.9503954636075,33.7001993659509,422.336298804219,18.2025763190401,45.2940709370037,24.8448032468678,1990,3.3376578908217582,5475.0,0.1921139742646898,1,1,-1.02350178869868,-1.02350178869868,-1.02350178869868,3.3376578908217582,3.3376578908217582,0.1921139742646898,0.1921139742646898,Decline
1990-02-01,-0.481072027781664,107.023809523808,18.9,32.9503954636075,33.7001993659509,422.336298804219,18.2025763190401,45.2940709370037,24.8448032468678,1990,3.3376578908217582,5475.0,0.1921139742646898,2,1,-0.481072027781664,-1.02350178869868,-1.02350178869868,3.3376578908217582,3.3376578908217582,0.1921139742646898,0.1921139742646898,Decline
1990-03-01,-0.481072027781664,107.023809523808,18.9,32.9503954636075,33.7001993659509,422.336298804219,18.2025763190401,45.2940709370037,24.8448032468678,1990,3.3376578908217582,5475.0,0.1921139742646898,3,1,-0.481072027781664,-1.02350178869868,-1.02350178869868,3.3376578908217582,3.3376578908217582,0.1921139742646898,0.1921139742646898,Decline
1990-04-01,-0.481072027781664,107.023809523808,18.9,32.9503954636075,33.7001993659509,422.336298804219,18.2025763190401,45.2940709370037,24.8448032468678,1990,3.3376578908217582,5475.0,0.1921139742646898,4,2,-0.481072027781664,-0.481072027781664,-1.02350178869868,3.3376578908217582,3.3376578908217582,0.1921139742646898,0.1921139742646898,Decline
1990-05-01,-0.481072027781664,107.023809523808,18.9,32.9503954636075,33.7001993659509,422.336298804219,18.2025763190401,45.2940709370037,24.8448032468678,1990,3.3376578908217582,5475.0,0.1921139742646898,5,2,-0.481072027781664,-0.481072027781664,-1.02350178869868,3.3376578908217582,3.3376578908217582,0.1921139742646898,0.1921139742646898,Decline
1990-06-01,-0.481072027781664,107.023809523808,18.9,32.9503954636075,33.7001993659509,422.336298804219,18.2025763190401,45.2940709370037,24.8448032468678,1990,3.3376578908217582,5475.0,0.1921139742646898,6,2,-0.481072027781664,-0.481072027781664,-1.02350178869868,3.3376578908217582,3.3376578908217582,0.1921139742646898,0.1921139742646898,Decline
1990-07-01,-0.481072027781664,107.023809523808,18.9,32.9503954636075,33.7001993659509,422.336298804219,18.2025763190401,45.2940709370037,24.8448032468678,1990,3.3376578908217582,5475.0,0.1921139742646898,7,3,-0.481072027781664,-0.481072027781664,-1.02350178869868,3.3376578908217582,3.3376578908217582,0.1921139742646898,0.1921139742646898,Decline
1990-08-01,-0.481072027781664,107.023809523808,18.9,32.9503954636075,33.7001993659509,422.336298804219,18.2025763190401,45.2940709370037,24.8448032468678,1990,3.3376578908217582,5475.0,0.1921139742646898,8,3,-0.481072027781664,-0.481072027781664,-1.02350178869868,3.3376578908217582,3.3376578908217582,0.1921139742646898,0.1921139742646898,Decline
1990-09-01,-0.481072027781664,107.023809523808,18.9,32.9503954636075,33.7001993659509,422.336298804219,18.2025763190401,45.2940709370037,24.8448032468678,1990,3.3376578908217582,5475.0,0.1921139742646898,9,3,-0.481072027781664,-0.481072027781664,-1.02350178869868,3.3376578908217582,3.3376578908217582,0.1921139742646898,0.1921139742646898,Decline
1990-10-01,-0.481072027781664,107.023809523808,18.9,32.9503954636075,33.7001993659509,422.336298804219,18.2025763190401,45.2940709370037,24.8448032468678,1990,3.3376578908217582,5475.0,0.1921139742646898,10,4,-0.481072027781664,-0.481072027781664,-1.02350178869868,3.3376578908217582,3.3376578908217582,0.1921139742646898,0.1921139742646898,Decline
1990-11-01,-0.481072027781664,107.023809523808,18.9,32.9503954636075,33.7001993659509,422.336298804219,18.2025763190401,45.2940709370037,24.8448032468678,1990,3.3376578908217582,5475.0,0.1921139742646898,11,4,-0.481072027781664,-0.481072027781664,-1.02350178869868,3.3376578908217582,3.3376578908217582,0.1921139742646898,0.1921139742646898,Decline
1990-12-01,-0.481072027781664,107.023809523808,18.9,32.9503954636075,33.7001993659509,422.336298804219,18.2025763190401,45.2940709370037,24.8448032468678,1990,3.3376578908217582,5475.0,0.1921139742646898,12,4,-0.481072027781664,-0.481072027781664,-1.02350178869868,3.3376578908217582,3.3376578908217582,0.1921139742646898,0.1921139742646898,Decline
1991-01-01,-0.0361333838823299,97.6423231742383,18.9,32.9503954636075,33.7001993659509,423.071256835592,15.8140297733418,46.2836924661369,28.6431203092601,1991,3.3376578908217582,5475.0,0.1921139742646898,1,1,-0.481072027781664,-0.481072027781664,-0.481072027781664,3.3376578908217582,3.3376578908217582,0.1921139742646898,0.1921139742646898,Decline
1991-02-01,-0.0361333838823299,97.6423231742383,18.9,32.9503954636075,33.7001993659509,423.071256835592,15.8140297733418,46.2836924661369,28.6431203092601,1991,3.3376578908217582,5475.0,0.1921139742646898,2,1,-0.0361333838823299,-0.481072027781664,-0.481072027781664,3.3376578908217582,3.3376578908217582,0.1921139742646898,0.1921139742646898,Decline
1991-03-01,-0.0361333838823299,97.6423231742383,18.9,32.9503954636075,33.7001993659509,423.071256835592,15.8140297733418,46.2836924661369,28.6431203092601,1991,3.3376578908217582,5475.0,0.1921139742646898,3,1,-0.0361333838823299,-0.481072027781664,-0.481072027781664,3.3376578908217582,3.3376578908217582,0.1921139742646898,0.1921139742646898,Decline
1991-04-01,-0.0361333838823299,97.6423231742383,18.9,32.9503954636075,33.7001993659509,423.071256835592,15.8140297733418,46.2836924661369,28.6431203092601,1991,3.3376578908217582,5475.0,0.1921139742646898,4,2,-0.0361333838823299,-0.0361333838823299,-0.481072027781664,3.3376578908217582,3.3376578908217582,0.1921139742646898,0.1921139742646898,Decline
1991-05-01,-0.0361333838823299,97.6423231742383,18.9,32.9503954636075,33.7001993659509,423.071256835592,15.8140297733418,46.2836924661369,28.6431203092601,1991,3.3376578908217582,5475.0,0.1921139742646898,5,2,-0.0361333838823299,-0.0361333838823299,-0.481072027781664,3.3376578908217582,3.3376578908217582,0.1921139742646898,0.1921139742646898,Decline
1991-06-01,-0.0361333838823299,97.6423231742383,18.9,32.9503954636075,33.7001993659509,423.071256835592,15.8140297733418,46.2836924661369,28.6431203092601,1991,3.3376578908217582,5475.0,0.1921139742646898,6,2,-0.0361333838823299,-0.0361333838823299,-0.481072027781664,3.3376578908217582,3.3376578908217582,0.1921139742646898,0.1921139742646898,Decline
1991-07-01,-0.0361333838823299,97.6423231742383,18.9,32.9503954636075,33.7001993659509,423.071256835592,15.8140297733418,46.2836924661369,28.6431203092601,1991,3.3376578908217582,5475.0,0.1921139742646898,7,3,-0.0361333838823299,-0.0361333838823299,-0.481072027781664,3.3376578908217582,3.3376578908217582,0.1921139742646898,0.1921139742646898,Decline
1991-08-01,-0.0361333838823299,97.6423231742383,18.9,32.9503954636075,33.7001993659509,423.071256835592,15.8140297733418,46.2836924661369,28.6431203092601,1991,3.3376578908217582,5475.0,0.1921139742646898,8,3,-0.0361333838823299,-0.0361333838823299,-0.481072027781664,3.3376578908217582,3.3376578908217582,0.1921139742646898,0.1921139742646898,Decline
1991-09-01,-0.0361333838823299,97.6423231742383,18.9,32.9503954636075,33.7001993659509,423.071256835592,15.8140297733418,46.2836924661369,28.6431203092601,1991,3.3376578908217582,5475.0,0.1921139742646898,9,3,-0.0361333838823299,-0.0361333838823299,-0.481072027781664,3.3376578908217582,3.3376578908217582,0.1921139742646898,0.1921139742646898,Decline
1991-10-01,-0.0361333838823299,97.6423231742383,18.9,32.9503954636075,33.7001993659509,423.071256835592,15.8140297733418,46.2836924661369,28.6431203092601,1991,3.3376578908217582,5475.0,0.1921139742646898,10,4,-0.0361333838823299,-0.0361333838823299,-0.481072027781664,3.3376578908217582,3.3376578908217582,0.1921139742646898,0.1921139742646898,Decline
1991-11-01,-0.0361333838823299,97.6423231742383,18.9,32.9503954636075,33.7001993659509,423.071256835592,15.8140297733418,46.2836924661369,28.6431203092601,1991,3.3376578908217582,5475.0,0.1921139742646898,11,4,-0.0361333838823299,-0.0361333838823299,-0.481072027781664,3.3376578908217582,3.3376578908217582,0.1921139742646898,0.1921139742646898,Decline
1991-12-01,-0.0361333838823299,97.6423231742383,18.9,32.9503954636075,33.7001993659509,423.071256835592,15.8140297733418,46.2836924661369,28.6431203092601,1991,3.3376578908217582,5475.0,0.1921139742646898,12,4,-0.0361333838823299,-0.0361333838823299,-0.481072027781664,3.3376578908217582,3.3376578908217582,0.1921139742646898,0.1921139742646898,Decline
1992-01-01,-1.73092217352566,165.70652700999,19.568,32.9503954636075,33.7001993659509,389.254665832226,21.2675485107907,43.7348041659936,24.3110519625538,1992,3.3376578908217582,5475.0,0.1921139742646898,1,1,-0.0361333838823299,-0.0361333838823299,-0.0361333838823299,3.3376578908217582,3.3376578908217582,0.1921139742646898,0.1921139742646898,Decline
1992-02-01,-1.73092217352566,165.70652700999,19.568,32.9503954636075,33.7001993659509,389.254665832226,21.2675485107907,43.7348041659936,24.3110519625538,1992,3.3376578908217582,5475.0,0.1921139742646898,2,1,-1.73092217352566,-0.0361333838823299,-0.0361333838823299,3.3376578908217582,3.3376578908217582,0.1921139742646898,0.1921139742646898,Decline
1992-03-01,-1.73092217352566,165.70652700999,19.568,32.9503954636075,33.7001993659509,389.254665832226,21.2675485107907,43.7348041659936,24.3110519625538,1992,3.3376578908217582,5475.0,0.1921139742646898,3,1,-1.73092217352566,-0.0361333838823299,-0.0361333838823299,3.3376578908217582,3.3376578908217582,0.1921139742646898,0.1921139742646898,Decline
1992-04-01,-1.73092217352566,165.70652700999,19.568,32.9503954636075,33.7001993659509,389.254665832226,21.2675485107907,43.7348041659936,24.3110519625538,1992,3.3376578908217582,5475.0,0.1921139742646898,4,2,-1.73092217352566,-1.73092217352566,-0.0361333838823299,3.3376578908217582,3.3376578908217582,0.1921139742646898,0.1921139742646898,Decline
1992-05-01,-1.73092217352566,165.70652700999,19.568,32.9503954636075,33.7001993659509,389.254665832226,21.2675485107907,43.7348041659936,24.3110519625538,1992,3.3376578908217582,5475.0,0.1921139742646898,5,2,-1.73092217352566,-1.73092217352566,-0.0361333838823299,3.3376578908217582,3.3376578908217582,0.1921139742646898,0.1921139742646898,Decline
1992-06-01,-1.73092217352566,165.70652700999,19.568,32.9503954636075,33.7001993659509,389.254665832226,21.2675485107907,43.7348041659936,24.3110519625538,1992,3.3376578908217582,5475.0,0.1921139742646898,6,2,-1.73092217352566,-1.73092217352566,-0.0361333838823299,3.3376578908217582,3.3376578908217582,0.1921139742646898,0.1921139742646898,Decline
1992-07-01,-1.73092217352566,165.70652700999,19.568,32.9503954636075,33.7001993659509,389.254665832226,21.2675485107907,43.7348041659936,24.3110519625538,1992,3.3376578908217582,5475.0,0.1921139742646898,7,3,-1.73092217352566,-1.73092217352566,-0.0361333838823299,3.3376578908217582,3.3376578908217582,0.1921139742646898,0.1921139742646898,Decline
1992-08-01,-1.73092217352566,165.70652700999,19.568,32.9503954636075,33.7001993659509,389.254665832226,21.2675485107907,43.7348041659936,24.3110519625538,1992,3.3376578908217582,5475.0,0.1921139742646898,8,3,-1.73092217352566,-1.73092217352566,-0.0361333838823299,3.3376578908217582,3.3376578908217582,0.1921139742646898,0.1921139742646898,Decline
1992-09-01,-1.73092217352566,165.70652700999,19.568,32.9503954636075,33.7001993659509,389.254665832226,21.2675485107907,43.7348041659936,24.3110519625538,1992,3.3376578908217582,5475.0,0.1921139742646898,9,3,-1.73092217352566,-1.73092217352566,-0.0361333838823299,3.3376578908217582,3.3376578908217582,0.1921139742646898,0.1921139742646898,Decline
1992-10-01,-1.73092217352566,165.70652700999,19.568,32.9503954636075,33.7001993659509,389.254665832226,21.2675485107907,43.7348041659936,24.3110519625538,1992,3.3376578908217582,5475.0,0.1921139742646898,10,4,-1.73092217352566,-1.73092217352566,-0.0361333838823299,3.3376578908217582,3.3376578908217582,0.1921139742646898,0.1921139742646898,Decline
1992-11-01,-1.73092217352566,165.70652700999,19.568,32.9503954636075,33.7001993659509,389.254665832226,21.2675485107907,43.7348041659936,24.3110519625538,1992,3.3376578908217582,5475.0,0.1921139742646898,11,4,-1.73092217352566,-1.73092217352566,-0.0361333838823299,3.3376578908217582,3.3376578908217582,0.1921139742646898,0.1921139742646898,Decline
1992-12-01,-1.73092217352566,165.70652700999,19.568,32.9503954636075,33.7001993659509,389.254665832226,21.2675485107907,43.7348041659936,24.3110519625538,1992,3.3376578908217582,5475.0,0.1921139742646898,12,4,-1.73092217352566,-1.73092217352566,-0.0361333838823299,3.3376578908217582,3.3376578908217582,0.1921139742646898,0.1921139742646898,Decline
1993-01-01,6.79727404907118,183.312041464393,19.7,32.9503954636075,33.7001993659509,390.916673784646,30.4787304635698,37.4428935375837,21.4548315553759,1993,3.3376578908217582,5475.0,0.1921139742646898,1,1,-1.73092217352566,-1.73092217352566,-1.73092217352566,3.3376578908217582,3.3376578908217582,0.1921139742646898,0.1921139742646898,Growth
1993-02-01,6.79727404907118,183.312041464393,19.7,32.9503954636075,33.7001993659509,390.916673784646,30.4787304635698,37.4428935375837,21.4548315553759,1993,3.3376578908217582,5475.0,0.1921139742646898,2,1,6.79727404907118,-1.73092217352566,-1.73092217352566,3.3376578908217582,3.3376578908217582,0.1921139742646898,0.1921139742646898,Growth
1993-03-01,6.79727404907118,183.312041464393,19.7,32.9503954636075,33.7001993659509,390.916673784646,30.4787304635698,37.4428935375837,21.4548315553759,1993,3.3376578908217582,5475.0,0.1921139742646898,3,1,6.79727404907118,-1.73092217352566,-1.73092217352566,3.3376578908217582,3.3376578908217582,0.1921139742646898,0.1921139742646898,Growth
1993-04-01,6.79727404907118,183.312041464393,19.7,32.9503954636075,33.7001993659509,390.916673784646,30.4787304635698,37.4428935375837,21.4548315553759,1993,3.3376578908217582,5475.0,0.1921139742646898,4,2,6.79727404907118,6.79727404907118,-1.73092217352566,3.3376578908217582,3.3376578908217582,0.1921139742646898,0.1921139742646898,Growth
1993-05-01,6.79727404907118,183.312041464393,19.7,32.9503954636075,33.7001993659509,390.916673784646,30.4787304635698,37.4428935375837,21.4548315553759,1993,3.3376578908217582,5475.0,0.1921139742646898,5,2,6.79727404907118,6.79727404907118,-1.73092217352566,3.3376578908217582,3.3376578908217582,0.1921139742646898,0.1921139742646898,Growth
1993-06-01,6.79727404907118,183.312041464393,19.7,32.9503954636075,33.7001993659509,390.916673784646,30.4787304635698,37.4428935375837,21.4548315553759,1993,3.3376578908217582,5475.0,0.1921139742646898,6,2,6.79727404907118,6.79727404907118,-1.73092217352566,3.3376578908217582,3.3376578908217582,0.1921139742646898,0.1921139742646898,Growth
1993-07-01,6.79727404907118,183.312041464393,19.7,32.9503954636075,33.7001993659509,390.916673784646,30.4787304635698,37.4428935375837,21.4548315553759,1993,3.3376578908217582,5475.0,0.1921139742646898,7,3,6.79727404907118,6.79727404907118,-1.73092217352566,3.3376578908217582,3.3376578908217582,0.1921139742646898,0.1921139742646898,Growth
1993-08-01,6.79727404907118,183.312041464393,19.7,32.9503954636075,33.7001993659509,390.916673784646,30.4787304635698,37.4428935375837,21.4548315553759,1993,3.3376578908217582,5475.0,0.1921139742646898,8,3,6.79727404907118,6.79727404907118,-1.73092217352566,3.3376578908217582,3.3376578908217582,0.1921139742646898,0.1921139742646898,Growth
1993-09-01,6.79727404907118,183.312041464393,19.7,32.9503954636075,33.7001993659509,390.916673784646,30.4787304635698,37.4428935375837,21.4548315553759,1993,3.3376578908217582,5475.0,0.1921139742646898,9,3,6.79727404907118,6.79727404907118,-1.73092217352566,3.3376578908217582,3.3376578908217582,0.1921139742646898,0.1921139742646898,Growth
1993-10-01,6.79727404907118,183.312041464393,19.7,32.9503954636075,33.7001993659509,390.916673784646,30.4787304635698,37.4428935375837,21.4548315553759,1993,3.3376578908217582,5475.0,0.1921139742646898,10,4,6.79727404907118,6.79727404907118,-1.73092217352566,3.3376578908217582,3.3376578908217582,0.1921139742646898,0.1921139742646898,Growth
1993-11-01,6.79727404907118,183.312041464393,19.7,32.9503954636075,33.7001993659509,390.916673784646,30.4787304635698,37.4428935375837,21.4548315553759,1993,3.3376578908217582,5475.0,0.1921139742646898,11,4,6.79727404907118,6.79727404907118,-1.73092217352566,3.3376578908217582,3.3376578908217582,0.1921139742646898,0.1921139742646898,Growth
1993-12-01,6.79727404907118,183.312041464393,19.7,32.9503954636075,33.7001993659509,390.916673784646,30.4787304635698,37.4428935375837,21.4548315553759,1993,3.3376578908217582,5475.0,0.1921139742646898,12,4,6.79727404907118,6.79727404907118,-1.73092217352566,3.3376578908217582,3.3376578908217582,0.1921139742646898,0.1921139742646898,Growth
1994-01-01,-8.62544195231277,54.6013218413016,18.689,32.9503954636075,33.7001993659509,426.386598390102,11.826502598294,37.3249460731444,38.0478886818969,1994,3.3376578908217582,5475.0,0.1921139742646898,1,1,6.79727404907118,6.79727404907118,6.79727404907118,3.3376578908217582,3.3376578908217582,0.1921139742646898,0.1921139742646898,Decline
1994-02-01,-8.62544195231277,54.6013218413016,18.689,32.9503954636075,33.7001993659509,426.386598390102,11.826502598294,37.3249460731444,38.0478886818969,1994,3.3376578908217582,5475.0,0.1921139742646898,2,1,-8.62544195231277,6.79727404907118,6.79727404907118,3.3376578908217582,3.3376578908217582,0.1921139742646898,0.1921139742646898,Decline
1994-03-01,-8.62544195231277,54.6013218413016,18.689,32.9503954636075,33.7001993659509,426.386598390102,11.826502598294,37.3249460731444,38.0478886818969,1994,3.3376578908217582,5475.0,0.1921139742646898,3,1,-8.62544195231277,6.79727404907118,6.79727404907118,3.3376578908217582,3.3376578908217582,0.1921139742646898,0.1921139742646898,Decline
1994-04-01,-8.62544195231277,54.6013218413016,18.689,32.9503954636075,33.7001993659509,426.386598390102,11.826502598294,37.3249460731444,38.0478886818969,1994,3.3376578908217582,5475.0,0.1921139742646898,4,2,-8.62544195231277,-8.62544195231277,6.79727404907118,3.3376578908217582,3.3376578908217582,0.1921139742646898,0.1921139742646898,Decline
1994-05-01,-8.62544195231277,54.6013218413016,18.689,32.9503954636075,33.7001993659509,426.386598390102,11.826502598294,37.3249460731444,38.0478886818969,1994,3.3376578908217582,5475.0,0.1921139742646898,5,2,-8.62544195231277,-8.62544195231277,6.79727404907118,3.3376578908217582,3.3376578908217582,0.1921139742646898,0.1921139742646898,Decline
1994-06-01,-8.62544195231277,54.6013218413016,18.689,32.9503954636075,33.7001993659509,426.386598390102,11.826502598294,37.3249460731444,38.0478886818969,1994,3.3376578908217582,5475.0,0.1921139742646898,6,2,-8.62544195231277,-8.62544195231277,6.79727404907118,3.3376578908217582,3.3376578908217582,0.1921139742646898,0.1921139742646898,Decline
1994-07-01,-8.62544195231277,54.6013218413016,18.689,32.9503954636075,33.7001993659509,426.386598390102,11.826502598294,37.3249460731444,38.0478886818969,1994,3.3376578908217582,5475.0,0.1921139742646898,7,3,-8.62544195231277,-8.62544195231277,6.79727404907118,3.3376578908217582,3.3376578908217582,0.1921139742646898,0.1921139742646898,Decline
1994-08-01,-8.62544195231277,54.6013218413016,18.689,32.9503954636075,33.7001993659509,426.386598390102,11.826502598294,37.3249460731444,38.0478886818969,1994,3.3376578908217582,5475.0,0.1921139742646898,8,3,-8.62544195231277,-8.62544195231277,6.79727404907118,3.3376578908217582,3.3376578908217582,0.1921139742646898,0.1921139742646898,Decline
1994-09-01,-8.62544195231277,54.6013218413016,18.689,32.9503954636075,33.7001993659509,426.386598390102,11.826502598294,37.3249460731444,38.0478886818969,1994,3.3376578908217582,5475.0,0.1921139742646898,9,3,-8.62544195231277,-8.62544195231277,6.79727404907118,3.3376578908217582,3.3376578908217582,0.1921139742646898,0.1921139742646898,Decline
1994-10-01,-8.62544195231277,54.6013218413016,18.689,32.9503954636075,33.7001993659509,426.386598390102,11.826502598294,37.3249460731444,38.0478886818969,1994,3.3376578908217582,5475.0,0.1921139742646898,10,4,-8.62544195231277,-8.62544195231277,6.79727404907118,3.3376578908217582,3.3376578908217582,0.1921139742646898,0.1921139742646898,Decline
1994-11-01,-8.62544195231277,54.6013218413016,18.689,32.9503954636075,33.7001993659509,426.386598390102,11.826502598294,37.3249460731444,38.0478886818969,1994,3.3376578908217582,5475.0,0.1921139742646898,11,4,-8.62544195231277,-8.62544195231277,6.79727404907118,3.3376578908217582,3.3376578908217582,0.1921139742646898,0.1921139742646898,Decline
1994-12-01,-8.62544195231277,54.6013218413016,18.689,32.9503954636075,33.7001993659509,426.386598390102,11.826502598294,37.3249460731444,38.0478886818969,1994,3.3376578908217582,5475.0,0.1921139742646898,12,4,-8.62544195231277,-8.62544195231277,6.79727404907118,3.3376578908217582,3.3376578908217582,0.1921139742646898,0.1921139742646898,Decline
1995-01-01,2.89766889341698,34.9295874166667,16.834,32.9010267147932,36.3257479808032,433.312782642118,14.089372097349,34.3135138066491,39.6525085504343,1995,3.3376578908217582,5475.0,0.1921139742646898,1,1,-8.62544195231277,-8.62544195231277,-8.62544195231277,3.3376578908217582,3.3376578908217582,0.1921139742646898,0.1921139742646898,Stable
1995-02-01,2.89766889341698,34.9295874166667,16.834,32.9010267147932,36.3257479808032,433.312782642118,14.089372097349,34.3135138066491,39.6525085504343,1995,3.3376578908217582,5475.0,0.1921139742646898,2,1,2.89766889341698,-8.62544195231277,-8.62544195231277,3.3376578908217582,3.3376578908217582,0.1921139742646898,0.1921139742646898,Stable
1995-03-01,2.89766889341698,34.9295874166667,16.834,32.9010267147932,36.3257479808032,433.312782642118,14.089372097349,34.3135138066491,39.6525085504343,1995,3.3376578908217582,5475.0,0.1921139742646898,3,1,2.89766889341698,-8.62544195231277,-8.62544195231277,3.3376578908217582,3.3376578908217582,0.1921139742646898,0.1921139742646898,Stable
1995-04-01,2.89766889341698,34.9295874166667,16.834,32.9010267147932,36.3257479808032,433.312782642118,14.089372097349,34.3135138066491,39.6525085504343,1995,3.3376578908217582,5475.0,0.1921139742646898,4,2,2.89766889341698,2.89766889341698,-8.62544195231277,3.3376578908217582,3.3376578908217582,0.1921139742646898,0.1921139742646898,Stable
1995-05-01,2.89766889341698,34.9295874166667,16.834,32.9010267147932,36.3257479808032,433.312782642118,14.089372097349,34.3135138066491,39.6525085504343,1995,3.3376578908217582,5475.0,0.1921139742646898,5,2,2.89766889341698,2.89766889341698,-8.62544195231277,3.3376578908217582,3.3376578908217582,0.1921139742646898,0.1921139742646898,Stable
1995-06-01,2.89766889341698,34.9295874166667,16.834,32.9010267147932,36.3257479808032,433.312782642118,14.089372097349,34.3135138066491,39.6525085504343,1995,3.3376578908217582,5475.0,0.1921139742646898,6,2,2.89766889341698,2.89766889341698,-8.62544195231277,3.3376578908217582,3.3376578908217582,0.1921139742646898,0.1921139742646898,Stable
1995-07-01,2.89766889341698,34.9295874166667,16.834,32.9010267147932,36.3257479808032,433.312782642118,14.089372097349,34.3135138066491,39.6525085504343,1995,3.3376578908217582,5475.0,0.1921139742646898,7,3,2.89766889341698,2.89766889341698,-8.62544195231277,3.3376578908217582,3.3376578908217582,0.1921139742646898,0.1921139742646898,Stable
1995-08-01,2.89766889341698,34.9295874166667,16.834,32.9010267147932,36.3257479808032,433.312782642118,14.089372097349,34.3135138066491,39.6525085504343,1995,3.3376578908217582,5475.0,0.1921139742646898,8,3,2.89766889341698,2.89766889341698,-8.62544195231277,3.3376578908217582,3.3376578908217582,0.1921139742646898,0.1921139742646898,Stable
1995-09-01,2.89766889341698,34.9295874166667,16.834,32.9010267147932,36.3257479808032,433.312782642118,14.089372097349,34.3135138066491,39.6525085504343,1995,3.3376578908217582,5475.0,0.1921139742646898,9,3,2.89766889341698,2.89766889341698,-8.62544195231277,3.3376578908217582,3.3376578908217582,0.1921139742646898,0.1921139742646898,Stable
1995-10-01,2.89766889341698,34.9295874166667,16.834,32.9010267147932,36.3257479808032,433.312782642118,14.089372097349,34.3135138066491,39.6525085504343,1995,3.3376578908217582,5475.0,0.1921139742646898,10,4,2.89766889341698,2.89766889341698,-8.62544195231277,3.3376578908217582,3.3376578908217582,0.1921139742646898,0.1921139742646898,Stable
1995-11-01,2.89766889341698,34.9295874166667,16.834,32.9010267147932,36.3257479808032,433.312782642118,14.089372097349,34.3135138066491,39.6525085504343,1995,3.3376578908217582,5475.0,0.1921139742646898,11,4,2.89766889341698,2.89766889341698,-8.62544195231277,3.3376578908217582,3.3376578908217582,0.1921139742646898,0.1921139742646898,Stable
1995-12-01,2.89766889341698,34.9295874166667,16.834,32.9010267147932,36.3257479808032,433.312782642118,14.089372097349,34.3135138066491,39.6525085504343,1995,3.3376578908217582,5475.0,0.1921139742646898,12,4,2.89766889341698,2.89766889341698,-8.62544195231277,3.3376578908217582,3.3376578908217582,0.1921139742646898,0.1921139742646898,Stable
1996-01-01,6.21854648894293,43.0730979982882,15.3,28.4789092185853,35.3425729569459,399.511304742449,13.2982447838973,33.2019994461786,41.5435244139859,1996,3.3376578908217582,5475.0,0.1921139742646898,1,1,2.89766889341698,2.89766889341698,2.89766889341698,3.3376578908217582,3.3376578908217582,0.1921139742646898,0.1921139742646898,Growth
1996-02-01,6.21854648894293,43.0730979982882,15.3,28.4789092185853,35.3425729569459,399.511304742449,13.2982447838973,33.2019994461786,41.5435244139859,1996,3.3376578908217582,5475.0,0.1921139742646898,2,1,6.21854648894293,2.89766889341698,2.89766889341698,3.3376578908217582,3.3376578908217582,0.1921139742646898,0.1921139742646898,Growth
1996-03-01,6.21854648894293,43.0730979982882,15.3,28.4789092185853,35.3425729569459,399.511304742449,13.2982447838973,33.2019994461786,41.5435244139859,1996,3.3376578908217582,5475.0,0.1921139742646898,3,1,6.21854648894293,2.89766889341698,2.89766889341698,3.3376578908217582,3.3376578908217582,0.1921139742646898,0.1921139742646898,Growth
1996-04-01,6.21854648894293,43.0730979982882,15.3,28.4789092185853,35.3425729569459,399.511304742449,13.2982447838973,33.2019994461786,41.5435244139859,1996,3.3376578908217582,5475.0,0.1921139742646898,4,2,6.21854648894293,6.21854648894293,2.89766889341698,3.3376578908217582,3.3376578908217582,0.1921139742646898,0.1921139742646898,Growth
1996-05-01,6.21854648894293,43.0730979982882,15.3,28.4789092185853,35.3425729569459,399.511304742449,13.2982447838973,33.2019994461786,41.5435244139859,1996,3.3376578908217582,5475.0,0.1921139742646898,5,2,6.21854648894293,6.21854648894293,2.89766889341698,3.3376578908217582,3.3376578908217582,0.1921139742646898,0.1921139742646898,Growth
1996-06-01,6.21854648894293,43.0730979982882,15.3,28.4789092185853,35.3425729569459,399.511304742449,13.2982447838973,33.2019994461786,41.5435244139859,1996,3.3376578908217582,5475.0,0.1921139742646898,6,2,6.21854648894293,6.21854648894293,2.89766889341698,3.3376578908217582,3.3376578908217582,0.1921139742646898,0.1921139742646898,Growth
1996-07-01,6.21854648894293,43.0730979982882,15.3,28.4789092185853,35.3425729569459,399.511304742449,13.2982447838973,33.2019994461786,41.5435244139859,1996,3.3376578908217582,5475.0,0.1921139742646898,7,3,6.21854648894293,6.21854648894293,2.89766889341698,3.3376578908217582,3.3376578908217582,0.1921139742646898,0.1921139742646898,Growth
1996-08-01,6.21854648894293,43.0730979982882,15.3,28.4789092185853,35.3425729569459,399.511304742449,13.2982447838973,33.2019994461786,41.5435244139859,1996,3.3376578908217582,5475.0,0.1921139742646898,8,3,6.21854648894293,6.21854648894293,2.89766889341698,3.3376578908217582,3.3376578908217582,0.1921139742646898,0.1921139742646898,Growth
1996-09-01,6.21854648894293,43.0730979982882,15.3,28.4789092185853,35.3425729569459,399.511304742449,13.2982447838973,33.2019994461786,41.5435244139859,1996,3.3376578908217582,5475.0,0.1921139742646898,9,3,6.21854648894293,6.21854648894293,2.89766889341698,3.3376578908217582,3.3376578908217582,0.1921139742646898,0.1921139742646898,Growth
1996-10-01,6.21854648894293,43.0730979982882,15.3,28.4789092185853,35.3425729569459,399.511304742449,13.2982447838973,33.2019994461786,41.5435244139859,1996,3.3376578908217582,5475.0,0.1921139742646898,10,4,6.21854648894293,6.21854648894293,2.89766889341698,3.3376578908217582,3.3376578908217582,0.1921139742646898,0.1921139742646898,Growth
1996-11-01,6.21854648894293,43.0730979982882,15.3,28.4789092185853,35.3425729569459,399.511304742449,13.2982447838973,33.2019994461786,41.5435244139859,1996,3.3376578908217582,5475.0,0.1921139742646898,11,4,6.21854648894293,6.21854648894293,2.89766889341698,3.3376578908217582,3.3376578908217582,0.1921139742646898,0.1921139742646898,Growth
1996-12-01,6.21854648894293,43.0730979982882,15.3,28.4789092185853,35.3425729569459,399.511304742449,13.2982447838973,33.2019994461786,41.5435244139859,1996,3.3376578908217582,5475.0,0.1921139742646898,12,4,6.21854648894293,6.21854648894293,2.89766889341698,3.3376578908217582,3.3376578908217582,0.1921139742646898,0.1921139742646898,Growth
1997-01-01,3.81400749718355,24.4187215689412,13.273,27.371257557966,30.90160506437,465.871942164799,13.9825484776443,32.3806375563294,41.4718491062604,1997,3.3376578908217582,5475.0,0.1921139742646898,1,1,6.21854648894293,6.21854648894293,6.21854648894293,3.3376578908217582,3.3376578908217582,0.1921139742646898,0.1921139742646898,Stable
1997-02-01,3.81400749718355,24.4187215689412,13.273,27.371257557966,30.90160506437,465.871942164799,13.9825484776443,32.3806375563294,41.4718491062604,1997,3.3376578908217582,5475.0,0.1921139742646898,2,1,3.81400749718355,6.21854648894293,6.21854648894293,3.3376578908217582,3.3376578908217582,0.1921139742646898,0.1921139742646898,Stable
1997-03-01,3.81400749718355,24.4187215689412,13.273,27.371257557966,30.90160506437,465.871942164799,13.9825484776443,32.3806375563294,41.4718491062604,1997,3.3376578908217582,5475.0,0.1921139742646898,3,1,3.81400749718355,6.21854648894293,6.21854648894293,3.3376578908217582,3.3376578908217582,0.1921139742646898,0.1921139742646898,Stable
1997-04-01,3.81400749718355,24.4187215689412,13.273,27.371257557966,30.90160506437,465.871942164799,13.9825484776443,32.3806375563294,41.4718491062604,1997,3.3376578908217582,5475.0,0.1921139742646898,4,2,3.81400749718355,3.81400749718355,6.21854648894293,3.3376578908217582,3.3376578908217582,0.1921139742646898,0.1921139742646898,Stable
1997-05-01,3.81400749718355,24.4187215689412,13.273,27.371257557966,30.90160506437,465.871942164799,13.9825484776443,32.3806375563294,41.4718491062604,1997,3.3376578908217582,5475.0,0.1921139742646898,5,2,3.81400749718355,3.81400749718355,6.21854648894293,3.3376578908217582,3.3376578908217582,0.1921139742646898,0.1921139742646898,Stable
1997-06-01,3.81400749718355,24.4187215689412,13.273,27.371257557966,30.90160506437,465.871942164799,13.9825484776443,32.3806375563294,41.4718491062604,1997,3.3376578908217582,5475.0,0.1921139742646898,6,2,3.81400749718355,3.81400749718355,6.21854648894293,3.3376578908217582,3.3376578908217582,0.1921139742646898,0.1921139742646898,Stable
1997-07-01,3.81400749718355,24.4187215689412,13.273,27.371257557966,30.90160506437,465.871942164799,13.9825484776443,32.3806375563294,41.4718491062604,1997,3.3376578908217582,5475.0,0.1921139742646898,7,3,3.81400749718355,3.81400749718355,6.21854648894293,3.3376578908217582,3.3376578908217582,0.1921139742646898,0.1921139742646898,Stable
1997-08-01,3.81400749718355,24.4187215689412,13.273,27.371257557966,30.90160506437,465.871942164799,13.9825484776443,32.3806375563294,41.4718491062604,1997,3.3376578908217582,5475.0,0.1921139742646898,8,3,3.81400749718355,3.81400749718355,6.21854648894293,3.3376578908217582,3.3376578908217582,0.1921139742646898,0.1921139742646898,Stable
1997-09-01,3.81400749718355,24.4187215689412,13.273,27.371257557966,30.90160506437,465.871942164799,13.9825484776443,32.3806375563294,41.4718491062604,1997,3.3376578908217582,5475.0,0.1921139742646898,9,3,3.81400749718355,3.81400749718355,6.21854648894293,3.3376578908217582,3.3376578908217582,0.1921139742646898,0.1921139742646898,Stable
1997-10-01,3.81400749718355,24.4187215689412,13.273,27.371257557966,30.90160506437,465.871942164799,13.9825484776443,32.3806375563294,41.4718491062604,1997,3.3376578908217582,5475.0,0.1921139742646898,10,4,3.81400749718355,3.81400749718355,6.21854648894293,3.3376578908217582,3.3376578908217582,0.1921139742646898,0.1921139742646898,Stable
1997-11-01,3.81400749718355,24.4187215689412,13.273,27.371257557966,30.90160506437,465.871942164799,13.9825484776443,32.3806375563294,41.4718491062604,1997,3.3376578908217582,5475.0,0.1921139742646898,11,4,3.81400749718355,3.81400749718355,6.21854648894293,3.3376578908217582,3.3376578908217582,0.1921139742646898,0.1921139742646898,Stable
1997-12-01,3.81400749718355,24.4187215689412,13.273,27.371257557966,30.90160506437,465.871942164799,13.9825484776443,32.3806375563294,41.4718491062604,1997,3.3376578908217582,5475.0,0.1921139742646898,12,4,3.81400749718355,3.81400749718355,6.21854648894293,3.3376578908217582,3.3376578908217582,0.1921139742646898,0.1921139742646898,Stable
1998-01-01,-0.38574614579035,24.4584563516656,12.0,24.6177635661228,31.6325434538366,373.084763057408,15.86841123023,27.2773913264713,44.8458308951369,1998,3.3376578908217582,5475.0,0.1921139742646898,1,1,3.81400749718355,3.81400749718355,3.81400749718355,3.3376578908217582,3.3376578908217582,0.1921139742646898,0.1921139742646898,Decline
1998-02-01,-0.38574614579035,24.4584563516656,12.0,24.6177635661228,31.6325434538366,373.084763057408,15.86841123023,27.2773913264713,44.8458308951369,1998,3.3376578908217582,5475.0,0.1921139742646898,2,1,-0.38574614579035,3.81400749718355,3.81400749718355,3.3376578908217582,3.3376578908217582,0.1921139742646898,0.1921139742646898,Decline
1998-03-01,-0.38574614579035,24.4584563516656,12.0,24.6177635661228,31.6325434538366,373.084763057408,15.86841123023,27.2773913264713,44.8458308951369,1998,3.3376578908217582,5475.0,0.1921139742646898,3,1,-0.38574614579035,3.81400749718355,3.81400749718355,3.3376578908217582,3.3376578908217582,0.1921139742646898,0.1921139742646898,Decline
1998-04-01,-0.38574614579035,24.4584563516656,12.0,24.6177635661228,31.6325434538366,373.084763057408,15.86841123023,27.2773913264713,44.8458308951369,1998,3.3376578908217582,5475.0,0.1921139742646898,4,2,-0.38574614579035,-0.38574614579035,3.81400749718355,3.3376578908217582,3.3376578908217582,0.1921139742646898,0.1921139742646898,Decline
1998-05-01,-0.38574614579035,24.4584563516656,12.0,24.6177635661228,31.6325434538366,373.084763057408,15.86841123023,27.2773913264713,44.8458308951369,1998,3.3376578908217582,5475.0,0.1921139742646898,5,2,-0.38574614579035,-0.38574614579035,3.81400749718355,3.3376578908217582,3.3376578908217582,0.1921139742646898,0.1921139742646898,Decline
1998-06-01,-0.38574614579035,24.4584563516656,12.0,24.6177635661228,31.6325434538366,373.084763057408,15.86841123023,27.2773913264713,44.8458308951369,1998,3.3376578908217582,5475.0,0.1921139742646898,6,2,-0.38574614579035,-0.38574614579035,3.81400749718355,3.3376578908217582,3.3376578908217582,0.1921139742646898,0.1921139742646898,Decline
1998-07-01,-0.38574614579035,24.4584563516656,12.0,24.6177635661228,31.6325434538366,373.084763057408,15.86841123023,27.2773913264713,44.8458308951369,1998,3.3376578908217582,5475.0,0.1921139742646898,7,3,-0.38574614579035,-0.38574614579035,3.81400749718355,3.3376578908217582,3.3376578908217582,0.1921139742646898,0.1921139742646898,Decline
1998-08-01,-0.38574614579035,24.4584563516656,12.0,24.6177635661228,31.6325434538366,373.084763057408,15.86841123023,27.2773913264713,44.8458308951369,1998,3.3376578908217582,5475.0,0.1921139742646898,8,3,-0.38574614579035,-0.38574614579035,3.81400749718355,3.3376578908217582,3.3376578908217582,0.1921139742646898,0.1921139742646898,Decline
1998-09-01,-0.38574614579035,24.4584563516656,12.0,24.6177635661228,31.6325434538366,373.084763057408,15.86841123023,27.2773913264713,44.8458308951369,1998,3.3376578908217582,5475.0,0.1921139742646898,9,3,-0.38574614579035,-0.38574614579035,3.81400749718355,3.3376578908217582,3.3376578908217582,0.1921139742646898,0.1921139742646898,Decline
1998-10-01,-0.38574614579035,24.4584563516656,12.0,24.6177635661228,31.6325434538366,373.084763057408,15.86841123023,27.2773913264713,44.8458308951369,1998,3.3376578908217582,5475.0,0.1921139742646898,10,4,-0.38574614579035,-0.38574614579035,3.81400749718355,3.3376578908217582,3.3376578908217582,0.1921139742646898,0.1921139742646898,Decline
1998-11-01,-0.38574614579035,24.4584563516656,12.0,24.6177635661228,31.6325434538366,373.084763057408,15.86841123023,27.2773913264713,44.8458308951369,1998,3.3376578908217582,5475.0,0.1921139742646898,11,4,-0.38574614579035,-0.38574614579035,3.81400749718355,3.3376578908217582,3.3376578908217582,0.1921139742646898,0.1921139742646898,Decline
1998-12-01,-0.38574614579035,24.4584563516656,12.0,24.6177635661228,31.6325434538366,373.084763057408,15.86841123023,27.2773913264713,44.8458308951369,1998,3.3376578908217582,5475.0,0.1921139742646898,12,4,-0.38574614579035,-0.38574614579035,3.81400749718355,3.3376578908217582,3.3376578908217582,0.1921139742646898,0.1921139742646898,Decline
1999-01-01,4.6501897463741,26.7876966790029,12.498,25.037219399921,34.7303148029946,349.515723095687,18.1899716550729,22.8198423592505,47.5025146082224,1999,3.3376578908217582,5475.0,0.1921139742646898,1,1,-0.38574614579035,-0.38574614579035,-0.38574614579035,3.3376578908217582,3.3376578908217582,0.1921139742646898,0.1921139742646898,Growth
1999-02-01,4.6501897463741,26.7876966790029,12.498,25.037219399921,34.7303148029946,349.515723095687,18.1899716550729,22.8198423592505,47.5025146082224,1999,3.3376578908217582,5475.0,0.1921139742646898,2,1,4.6501897463741,-0.38574614579035,-0.38574614579035,3.3376578908217582,3.3376578908217582,0.1921139742646898,0.1921139742646898,Growth
1999-03-01,4.6501897463741,26.7876966790029,12.498,25.037219399921,34.7303148029946,349.515723095687,18.1899716550729,22.8198423592505,47.5025146082224,1999,3.3376578908217582,5475.0,0.1921139742646898,3,1,4.6501897463741,-0.38574614579035,-0.38574614579035,3.3376578908217582,3.3376578908217582,0.1921139742646898,0.1921139742646898,Growth
1999-04-01,4.6501897463741,26.7876966790029,12.498,25.037219399921,34.7303148029946,349.515723095687,18.1899716550729,22.8198423592505,47.5025146082224,1999,3.3376578908217582,5475.0,0.1921139742646898,4,2,4.6501897463741,4.6501897463741,-0.38574614579035,3.3376578908217582,3.3376578908217582,0.1921139742646898,0.1921139742646898,Growth
1999-05-01,4.6501897463741,26.7876966790029,12.498,25.037219399921,34.7303148029946,349.515723095687,18.1899716550729,22.8198423592505,47.5025146082224,1999,3.3376578908217582,5475.0,0.1921139742646898,5,2,4.6501897463741,4.6501897463741,-0.38574614579035,3.3376578908217582,3.3376578908217582,0.1921139742646898,0.1921139742646898,Growth
1999-06-01,4.6501897463741,26.7876966790029,12.498,25.037219399921,34.7303148029946,349.515723095687,18.1899716550729,22.8198423592505,47.5025146082224,1999,3.3376578908217582,5475.0,0.1921139742646898,6,2,4.6501897463741,4.6501897463741,-0.38574614579035,3.3376578908217582,3.3376578908217582,0.1921139742646898,0.1921139742646898,Growth
1999-07-01,4.6501897463741,26.7876966790029,12.498,25.037219399921,34.7303148029946,349.515723095687,18.1899716550729,22.8198423592505,47.5025146082224,1999,3.3376578908217582,5475.0,0.1921139742646898,7,3,4.6501897463741,4.6501897463741,-0.38574614579035,3.3376578908217582,3.3376578908217582,0.1921139742646898,0.1921139742646898,Growth
1999-08-01,4.6501897463741,26.7876966790029,12.498,25.037219399921,34.7303148029946,349.515723095687,18.1899716550729,22.8198423592505,47.5025146082224,1999,3.3376578908217582,5475.0,0.1921139742646898,8,3,4.6501897463741,4.6501897463741,-0.38574614579035,3.3376578908217582,3.3376578908217582,0.1921139742646898,0.1921139742646898,Growth
1999-09-01,4.6501897463741,26.7876966790029,12.498,25.037219399921,34.7303148029946,349.515723095687,18.1899716550729,22.8198423592505,47.5025146082224,1999,3.3376578908217582,5475.0,0.1921139742646898,9,3,4.6501897463741,4.6501897463741,-0.38574614579035,3.3376578908217582,3.3376578908217582,0.1921139742646898,0.1921139742646898,Growth
1999-10-01,4.6501897463741,26.7876966790029,12.498,25.037219399921,34.7303148029946,349.515723095687,18.1899716550729,22.8198423592505,47.5025146082224,1999,3.3376578908217582,5475.0,0.1921139742646898,10,4,4.6501897463741,4.6501897463741,-0.38574614579035,3.3376578908217582,3.3376578908217582,0.1921139742646898,0.1921139742646898,Growth
1999-11-01,4.6501897463741,26.7876966790029,12.498,25.037219399921,34.7303148029946,349.515723095687,18.1899716550729,22.8198423592505,47.5025146082224,1999,3.3376578908217582,5475.0,0.1921139742646898,11,4,4.6501897463741,4.6501897463741,-0.38574614579035,3.3376578908217582,3.3376578908217582,0.1921139742646898,0.1921139742646898,Growth
1999-12-01,4.6501897463741,26.7876966790029,12.498,25.037219399921,34.7303148029946,349.515723095687,18.1899716550729,22.8198423592505,47.5025146082224,1999,3.3376578908217582,5475.0,0.1921139742646898,12,4,4.6501897463741,4.6501897463741,-0.38574614579035,3.3376578908217582,3.3376578908217582,0.1921139742646898,0.1921139742646898,Growth
2000-01-01,3.89732294341896,26.0304117888121,12.93,23.9238608307712,36.4636081577253,359.429500988221,16.1497734560385,23.2438941549244,48.9595335232782,2000,3.3376578908217582,5475.0,0.1921139742646898,1,1,4.6501897463741,4.6501897463741,4.6501897463741,3.3376578908217582,3.3376578908217582,0.1921139742646898,0.1921139742646898,Stable
2000-02-01,3.89732294341896,26.0304117888121,12.93,23.9238608307712,36.4636081577253,359.429500988221,16.1497734560385,23.2438941549244,48.9595335232782,2000,3.3376578908217582,5475.0,0.1921139742646898,2,1,3.89732294341896,4.6501897463741,4.6501897463741,3.3376578908217582,3.3376578908217582,0.1921139742646898,0.1921139742646898,Stable
2000-03-01,3.89732294341896,26.0304117888121,12.93,23.9238608307712,36.4636081577253,359.429500988221,16.1497734560385,23.2438941549244,48.9595335232782,2000,3.3376578908217582,5475.0,0.1921139742646898,3,1,3.89732294341896,4.6501897463741,4.6501897463741,3.3376578908217582,3.3376578908217582,0.1921139742646898,0.1921139742646898,Stable
2000-04-01,3.89732294341896,26.0304117888121,12.93,23.9238608307712,36.4636081577253,359.429500988221,16.1497734560385,23.2438941549244,48.9595335232782,2000,3.3376578908217582,5475.0,0.1921139742646898,4,2,3.89732294341896,3.89732294341896,4.6501897463741,3.3376578908217582,3.3376578908217582,0.1921139742646898,0.1921139742646898,Stable
2000-05-01,3.89732294341896,26.0304117888121,12.93,23.9238608307712,36.4636081577253,359.429500988221,16.1497734560385,23.2438941549244,48.9595335232782,2000,3.3376578908217582,5475.0,0.1921139742646898,5,2,3.89732294341896,3.89732294341896,4.6501897463741,3.3376578908217582,3.3376578908217582,0.1921139742646898,0.1921139742646898,Stable
2000-06-01,3.89732294341896,26.0304117888121,12.93,23.9238608307712,36.4636081577253,359.429500988221,16.1497734560385,23.2438941549244,48.9595335232782,2000,3.3376578908217582,5475.0,0.1921139742646898,6,2,3.89732294341896,3.89732294341896,4.6501897463741,3.3376578908217582,3.3376578908217582,0.1921139742646898,0.1921139742646898,Stable
2000-07-01,3.89732294341896,26.0304117888121,12.93,23.9238608307712,36.4636081577253,359.429500988221,16.1497734560385,23.2438941549244,48.9595335232782,2000,3.3376578908217582,5475.0,0.1921139742646898,7,3,3.89732294341896,3.89732294341896,4.6501897463741,3.3376578908217582,3.3376578908217582,0.1921139742646898,0.1921139742646898,Stable
2000-08-01,3.89732294341896,26.0304117888121,12.93,23.9238608307712,36.4636081577253,359.429500988221,16.1497734560385,23.2438941549244,48.9595335232782,2000,3.3376578908217582,5475.0,0.1921139742646898,8,3,3.89732294341896,3.89732294341896,4.6501897463741,3.3376578908217582,3.3376578908217582,0.1921139742646898,0.1921139742646898,Stable
2000-09-01,3.89732294341896,26.0304117888121,12.93,23.9238608307712,36.4636081577253,359.429500988221,16.1497734560385,23.2438941549244,48.9595335232782,2000,3.3376578908217582,5475.0,0.1921139742646898,9,3,3.89732294341896,3.89732294341896,4.6501897463741,3.3376578908217582,3.3376578908217582,0.1921139742646898,0.1921139742646898,Stable
2000-10-01,3.89732294341896,26.0304117888121,12.93,23.9238608307712,36.4636081577253,359.429500988221,16.1497734560385,23.2438941549244,48.9595335232782,2000,3.3376578908217582,5475.0,0.1921139742646898,10,4,3.89732294341896,3.89732294341896,4.6501897463741,3.3376578908217582,3.3376578908217582,0.1921139742646898,0.1921139742646898,Stable
2000-11-01,3.89732294341896,26.0304117888121,12.93,23.9238608307712,36.4636081577253,359.429500988221,16.1497734560385,23.2438941549244,48.9595335232782,2000,3.3376578908217582,5475.0,0.1921139742646898,11,4,3.89732294341896,3.89732294341896,4.6501897463741,3.3376578908217582,3.3376578908217582,0.1921139742646898,0.1921139742646898,Stable
2000-12-01,3.89732294341896,26.0304117888121,12.93,23.9238608307712,36.4636081577253,359.429500988221,16.1497734560385,23.2438941549244,48.9595335232782,2000,3.3376578908217582,5475.0,0.1921139742646898,12,4,3.89732294341896,3.89732294341896,4.6501897463741,3.3376578908217582,3.3376578908217582,0.1921139742646898,0.1921139742646898,Stable
2001-01-01,5.31686827418419,21.3937821792546,13.404,25.109699098695,39.558583610284,396.548952993504,15.5274822358648,23.3606116903584,49.0993517149354,2001,3.3376578908217582,5475.0,0.1921139742646898,1,1,3.89732294341896,3.89732294341896,3.89732294341896,3.3376578908217582,3.3376578908217582,0.1921139742646898,0.1921139742646898,Growth
2001-02-01,5.31686827418419,21.3937821792546,13.404,25.109699098695,39.558583610284,396.548952993504,15.5274822358648,23.3606116903584,49.0993517149354,2001,3.3376578908217582,5475.0,0.1921139742646898,2,1,5.31686827418419,3.89732294341896,3.89732294341896,3.3376578908217582,3.3376578908217582,0.1921139742646898,0.1921139742646898,Growth
2001-03-01,5.31686827418419,21.3937821792546,13.404,25.109699098695,39.558583610284,396.548952993504,15.5274822358648,23.3606116903584,49.0993517149354,2001,3.3376578908217582,5475.0,0.1921139742646898,3,1,5.31686827418419,3.89732294341896,3.89732294341896,3.3376578908217582,3.3376578908217582,0.1921139742646898,0.1921139742646898,Growth
2001-04-01,5.31686827418419,21.3937821792546,13.404,25.109699098695,39.558583610284,396.548952993504,15.5274822358648,23.3606116903584,49.0993517149354,2001,3.3376578908217582,5475.0,0.1921139742646898,4,2,5.31686827418419,5.31686827418419,3.89732294341896,3.3376578908217582,3.3376578908217582,0.1921139742646898,0.1921139742646898,Growth
2001-05-01,5.31686827418419,21.3937821792546,13.404,25.109699098695,39.558583610284,396.548952993504,15.5274822358648,23.3606116903584,49.0993517149354,2001,3.3376578908217582,5475.0,0.1921139742646898,5,2,5.31686827418419,5.31686827418419,3.89732294341896,3.3376578908217582,3.3376578908217582,0.1921139742646898,0.1921139742646898,Growth
2001-06-01,5.31686827418419,21.3937821792546,13.404,25.109699098695,39.558583610284,396.548952993504,15.5274822358648,23.3606116903584,49.0993517149354,2001,3.3376578908217582,5475.0,0.1921139742646898,6,2,5.31686827418419,5.31686827418419,3.89732294341896,3.3376578908217582,3.3376578908217582,0.1921139742646898,0.1921139742646898,Growth
2001-07-01,5.31686827418419,21.3937821792546,13.404,25.109699098695,39.558583610284,396.548952993504,15.5274822358648,23.3606116903584,49.0993517149354,2001,3.3376578908217582,5475.0,0.1921139742646898,7,3,5.31686827418419,5.31686827418419,3.89732294341896,3.3376578908217582,3.3376578908217582,0.1921139742646898,0.1921139742646898,Growth
2001-08-01,5.31686827418419,21.3937821792546,13.404,25.109699098695,39.558583610284,396.548952993504,15.5274822358648,23.3606116903584,49.0993517149354,2001,3.3376578908217582,5475.0,0.1921139742646898,8,3,5.31686827418419,5.31686827418419,3.89732294341896,3.3376578908217582,3.3376578908217582,0.1921139742646898,0.1921139742646898,Growth
2001-09-01,5.31686827418419,21.3937821792546,13.404,25.109699098695,39.558583610284,396.548952993504,15.5274822358648,23.3606116903584,49.0993517149354,2001,3.3376578908217582,5475.0,0.1921139742646898,9,3,5.31686827418419,5.31686827418419,3.89732294341896,3.3376578908217582,3.3376578908217582,0.1921139742646898,0.1921139742646898,Growth
2001-10-01,5.31686827418419,21.3937821792546,13.404,25.109699098695,39.558583610284,396.548952993504,15.5274822358648,23.3606116903584,49.0993517149354,2001,3.3376578908217582,5475.0,0.1921139742646898,10,4,5.31686827418419,5.31686827418419,3.89732294341896,3.3376578908217582,3.3376578908217582,0.1921139742646898,0.1921139742646898,Growth
2001-11-01,5.31686827418419,21.3937821792546,13.404,25.109699098695,39.558583610284,396.548952993504,15.5274822358648,23.3606116903584,49.0993517149354,2001,3.3376578908217582,5475.0,0.1921139742646898,11,4,5.31686827418419,5.31686827418419,3.89732294341896,3.3376578908217582,3.3376578908217582,0.1921139742646898,0.1921139742646898,Growth
2001-12-01,5.31686827418419,21.3937821792546,13.404,25.109699098695,39.558583610284,396.548952993504,15.5274822358648,23.3606116903584,49.0993517149354,2001,3.3376578908217582,5475.0,0.1921139742646898,12,4,5.31686827418419,5.31686827418419,3.89732294341896,3.3376578908217582,3.3376578908217582,0.1921139742646898,0.1921139742646898,Growth
2002-01-01,4.50601428032604,22.2333446430947,14.131,27.1336783308698,37.782818668195,393.864625518616,15.361429938368,23.8755524352252,49.7243429106408,2002,3.3376578908217582,5475.0,0.1921139742646898,1,1,5.31686827418419,5.31686827418419,5.31686827418419,3.3376578908217582,3.3376578908217582,0.1921139742646898,0.1921139742646898,Growth
2002-02-01,4.50601428032604,22.2333446430947,14.131,27.1336783308698,37.782818668195,393.864625518616,15.361429938368,23.8755524352252,49.7243429106408,2002,3.3376578908217582,5475.0,0.1921139742646898,2,1,4.50601428032604,5.31686827418419,5.31686827418419,3.3376578908217582,3.3376578908217582,0.1921139742646898,0.1921139742646898,Growth
2002-03-01,4.50601428032604,22.2333446430947,14.131,27.1336783308698,37.782818668195,393.864625518616,15.361429938368,23.8755524352252,49.7243429106408,2002,3.3376578908217582,5475.0,0.1921139742646898,3,1,4.50601428032604,5.31686827418419,5.31686827418419,3.3376578908217582,3.3376578908217582,0.1921139742646898,0.1921139742646898,Growth
2002-04-01,4.50601428032604,22.2333446430947,14.131,27.1336783308698,37.782818668195,393.864625518616,15.361429938368,23.8755524352252,49.7243429106408,2002,3.3376578908217582,5475.0,0.1921139742646898,4,2,4.50601428032604,4.50601428032604,5.31686827418419,3.3376578908217582,3.3376578908217582,0.1921139742646898,0.1921139742646898,Growth
2002-05-01,4.50601428032604,22.2333446430947,14.131,27.1336783308698,37.782818668195,393.864625518616,15.361429938368,23.8755524352252,49.7243429106408,2002,3.3376578908217582,5475.0,0.1921139742646898,5,2,4.50601428032604,4.50601428032604,5.31686827418419,3.3376578908217582,3.3376578908217582,0.1921139742646898,0.1921139742646898,Growth
2002-06-01,4.50601428032604,22.2333446430947,14.131,27.1336783308698,37.782818668195,393.864625518616,15.361429938368,23.8755524352252,49.7243429106408,2002,3.3376578908217582,5475.0,0.1921139742646898,6,2,4.50601428032604,4.50601428032604,5.31686827418419,3.3376578908217582,3.3376578908217582,0.1921139742646898,0.1921139742646898,Growth
2002-07-01,4.50601428032604,22.2333446430947,14.131,27.1336783308698,37.782818668195,393.864625518616,15.361429938368,23.8755524352252,49.7243429106408,2002,3.3376578908217582,5475.0,0.1921139742646898,7,3,4.50601428032604,4.50601428032604,5.31686827418419,3.3376578908217582,3.3376578908217582,0.1921139742646898,0.1921139742646898,Growth
2002-08-01,4.50601428032604,22.2333446430947,14.131,27.1336783308698,37.782818668195,393.864625518616,15.361429938368,23.8755524352252,49.7243429106408,2002,3.3376578908217582,5475.0,0.1921139742646898,8,3,4.50601428032604,4.50601428032604,5.31686827418419,3.3376578908217582,3.3376578908217582,0.1921139742646898,0.1921139742646898,Growth
2002-09-01,4.50601428032604,22.2333446430947,14.131,27.1336783308698,37.782818668195,393.864625518616,15.361429938368,23.8755524352252,49.7243429106408,2002,3.3376578908217582,5475.0,0.1921139742646898,9,3,4.50601428032604,4.50601428032604,5.31686827418419,3.3376578908217582,3.3376578908217582,0.1921139742646898,0.1921139742646898,Growth
2002-10-01,4.50601428032604,22.2333446430947,14.131,27.1336783308698,37.782818668195,393.864625518616,15.361429938368,23.8755524352252,49.7243429106408,2002,3.3376578908217582,5475.0,0.1921139742646898,10,4,4.50601428032604,4.50601428032604,5.31686827418419,3.3376578908217582,3.3376578908217582,0.1921139742646898,0.1921139742646898,Growth
2002-11-01,4.50601428032604,22.2333446430947,14.131,27.1336783308698,37.782818668195,393.864625518616,15.361429938368,23.8755524352252,49.7243429106408,2002,3.3376578908217582,5475.0,0.1921139742646898,11,4,4.50601428032604,4.50601428032604,5.31686827418419,3.3376578908217582,3.3376578908217582,0.1921139742646898,0.1921139742646898,Growth
2002-12-01,4.50601428032604,22.2333446430947,14.131,27.1336783308698,37.782818668195,393.864625518616,15.361429938368,23.8755524352252,49.7243429106408,2002,3.3376578908217582,5475.0,0.1921139742646898,12,4,4.50601428032604,4.50601428032604,5.31686827418419,3.3376578908217582,3.3376578908217582,0.1921139742646898,0.1921139742646898,Growth
2003-01-01,6.94497398221223,21.4015783901995,14.704,25.6839640308427,36.6288806449202,446.290104839041,15.6170996158156,24.1349730396824,49.7205872731509,2003,3.3376578908217582,5475.0,0.1921139742646898,1,1,4.50601428032604,4.50601428032604,4.50601428032604,3.3376578908217582,3.3376578908217582,0.1921139742646898,0.1921139742646898,Growth
2003-02-01,6.94497398221223,21.4015783901995,14.704,25.6839640308427,36.6288806449202,446.290104839041,15.6170996158156,24.1349730396824,49.7205872731509,2003,3.3376578908217582,5475.0,0.1921139742646898,2,1,6.94497398221223,4.50601428032604,4.50601428032604,3.3376578908217582,3.3376578908217582,0.1921139742646898,0.1921139742646898,Growth
2003-03-01,6.94497398221223,21.4015783901995,14.704,25.6839640308427,36.6288806449202,446.290104839041,15.6170996158156,24.1349730396824,49.7205872731509,2003,3.3376578908217582,5475.0,0.1921139742646898,3,1,6.94497398221223,4.50601428032604,4.50601428032604,3.3376578908217582,3.3376578908217582,0.1921139742646898,0.1921139742646898,Growth
2003-04-01,6.94497398221223,21.4015783901995,14.704,25.6839640308427,36.6288806449202,446.290104839041,15.6170996158156,24.1349730396824,49.7205872731509,2003,3.3376578908217582,5475.0,0.1921139742646898,4,2,6.94497398221223,6.94497398221223,4.50601428032604,3.3376578908217582,3.3376578908217582,0.1921139742646898,0.1921139742646898,Growth
2003-05-01,6.94497398221223,21.4015783901995,14.704,25.6839640308427,36.6288806449202,446.290104839041,15.6170996158156,24.1349730396824,49.7205872731509,2003,3.3376578908217582,5475.0,0.1921139742646898,5,2,6.94497398221223,6.94497398221223,4.50601428032604,3.3376578908217582,3.3376578908217582,0.1921139742646898,0.1921139742646898,Growth
2003-06-01,6.94497398221223,21.4015783901995,14.704,25.6839640308427,36.6288806449202,446.290104839041,15.6170996158156,24.1349730396824,49.7205872731509,2003,3.3376578908217582,5475.0,0.1921139742646898,6,2,6.94497398221223,6.94497398221223,4.50601428032604,3.3376578908217582,3.3376578908217582,0.1921139742646898,0.1921139742646898,Growth
2003-07-01,6.94497398221223,21.4015783901995,14.704,25.6839640308427,36.6288806449202,446.290104839041,15.6170996158156,24.1349730396824,49.7205872731509,2003,3.3376578908217582,5475.0,0.1921139742646898,7,3,6.94497398221223,6.94497398221223,4.50601428032604,3.3376578908217582,3.3376578908217582,0.1921139742646898,0.1921139742646898,Growth
2003-08-01,6.94497398221223,21.4015783901995,14.704,25.6839640308427,36.6288806449202,446.290104839041,15.6170996158156,24.1349730396824,49.7205872731509,2003,3.3376578908217582,5475.0,0.1921139742646898,8,3,6.94497398221223,6.94497398221223,4.50601428032604,3.3376578908217582,3.3376578908217582,0.1921139742646898,0.1921139742646898,Growth
2003-09-01,6.94497398221223,21.4015783901995,14.704,25.6839640308427,36.6288806449202,446.290104839041,15.6170996158156,24.1349730396824,49.7205872731509,2003,3.3376578908217582,5475.0,0.1921139742646898,9,3,6.94497398221223,6.94497398221223,4.50601428032604,3.3376578908217582,3.3376578908217582,0.1921139742646898,0.1921139742646898,Growth
2003-10-01,6.94497398221223,21.4015783901995,14.704,25.6839640308427,36.6288806449202,446.290104839041,15.6170996158156,24.1349730396824,49.7205872731509,2003,3.3376578908217582,5475.0,0.1921139742646898,10,4,6.94497398221223,6.94497398221223,4.50601428032604,3.3376578908217582,3.3376578908217582,0.1921139742646898,0.1921139742646898,Growth
2003-11-01,6.94497398221223,21.4015783901995,14.704,25.6839640308427,36.6288806449202,446.290104839041,15.6170996158156,24.1349730396824,49.7205872731509,2003,3.3376578908217582,5475.0,0.1921139742646898,11,4,6.94497398221223,6.94497398221223,4.50601428032604,3.3376578908217582,3.3376578908217582,0.1921139742646898,0.1921139742646898,Growth
2003-12-01,6.94497398221223,21.4015783901995,14.704,25.6839640308427,36.6288806449202,446.290104839041,15.6170996158156,24.1349730396824,49.7205872731509,2003,3.3376578908217582,5475.0,0.1921139742646898,12,4,6.94497398221223,6.94497398221223,4.50601428032604,3.3376578908217582,3.3376578908217582,0.1921139742646898,0.1921139742646898,Growth
2004-01-01,7.03239511515218,17.9677891087286,15.332,33.5399822510719,37.2730926807002,548.685974566277,15.5809428822284,25.6961251757115,48.8099285446496,2004,3.3376578908217582,5475.0,0.1921139742646898,1,1,6.94497398221223,6.94497398221223,6.94497398221223,3.3376578908217582,3.3376578908217582,0.1921139742646898,0.1921139742646898,Growth
2004-02-01,7.03239511515218,17.9677891087286,15.332,33.5399822510719,37.2730926807002,548.685974566277,15.5809428822284,25.6961251757115,48.8099285446496,2004,3.3376578908217582,5475.0,0.1921139742646898,2,1,7.03239511515218,6.94497398221223,6.94497398221223,3.3376578908217582,3.3376578908217582,0.1921139742646898,0.1921139742646898,Growth
2004-03-01,7.03239511515218,17.9677891087286,15.332,33.5399822510719,37.2730926807002,548.685974566277,15.5809428822284,25.6961251757115,48.8099285446496,2004,3.3376578908217582,5475.0,0.1921139742646898,3,1,7.03239511515218,6.94497398221223,6.94497398221223,3.3376578908217582,3.3376578908217582,0.1921139742646898,0.1921139742646898,Growth
2004-04-01,7.03239511515218,17.9677891087286,15.332,33.5399822510719,37.2730926807002,548.685974566277,15.5809428822284,25.6961251757115,48.8099285446496,2004,3.3376578908217582,5475.0,0.1921139742646898,4,2,7.03239511515218,7.03239511515218,6.94497398221223,3.3376578908217582,3.3376578908217582,0.1921139742646898,0.1921139742646898,Growth
2004-05-01,7.03239511515218,17.9677891087286,15.332,33.5399822510719,37.2730926807002,548.685974566277,15.5809428822284,25.6961251757115,48.8099285446496,2004,3.3376578908217582,5475.0,0.1921139742646898,5,2,7.03239511515218,7.03239511515218,6.94497398221223,3.3376578908217582,3.3376578908217582,0.1921139742646898,0.1921139742646898,Growth
2004-06-01,7.03239511515218,17.9677891087286,15.332,33.5399822510719,37.2730926807002,548.685974566277,15.5809428822284,25.6961251757115,48.8099285446496,2004,3.3376578908217582,5475.0,0.1921139742646898,6,2,7.03239511515218,7.03239511515218,6.94497398221223,3.3376578908217582,3.3376578908217582,0.1921139742646898,0.1921139742646898,Growth
2004-07-01,7.03239511515218,17.9677891087286,15.332,33.5399822510719,37.2730926807002,548.685974566277,15.5809428822284,25.6961251757115,48.8099285446496,2004,3.3376578908217582,5475.0,0.1921139742646898,7,3,7.03239511515218,7.03239511515218,6.94497398221223,3.3376578908217582,3.3376578908217582,0.1921139742646898,0.1921139742646898,Growth
2004-08-01,7.03239511515218,17.9677891087286,15.332,33.5399822510719,37.2730926807002,548.685974566277,15.5809428822284,25.6961251757115,48.8099285446496,2004,3.3376578908217582,5475.0,0.1921139742646898,8,3,7.03239511515218,7.03239511515218,6.94497398221223,3.3376578908217582,3.3376578908217582,0.1921139742646898,0.1921139742646898,Growth
2004-09-01,7.03239511515218,17.9677891087286,15.332,33.5399822510719,37.2730926807002,548.685974566277,15.5809428822284,25.6961251757115,48.8099285446496,2004,3.3376578908217582,5475.0,0.1921139742646898,9,3,7.03239511515218,7.03239511515218,6.94497398221223,3.3376578908217582,3.3376578908217582,0.1921139742646898,0.1921139742646898,Growth
2004-10-01,7.03239511515218,17.9677891087286,15.332,33.5399822510719,37.2730926807002,548.685974566277,15.5809428822284,25.6961251757115,48.8099285446496,2004,3.3376578908217582,5475.0,0.1921139742646898,10,4,7.03239511515218,7.03239511515218,6.94497398221223,3.3376578908217582,3.3376578908217582,0.1921139742646898,0.1921139742646898,Growth
2004-11-01,7.03239511515218,17.9677891087286,15.332,33.5399822510719,37.2730926807002,548.685974566277,15.5809428822284,25.6961251757115,48.8099285446496,2004,3.3376578908217582,5475.0,0.1921139742646898,11,4,7.03239511515218,7.03239511515218,6.94497398221223,3.3376578908217582,3.3376578908217582,0.1921139742646898,0.1921139742646898,Growth
2004-12-01,7.03239511515218,17.9677891087286,15.332,33.5399822510719,37.2730926807002,548.685974566277,15.5809428822284,25.6961251757115,48.8099285446496,2004,3.3376578908217582,5475.0,0.1921139742646898,12,4,7.03239511515218,7.03239511515218,6.94497398221223,3.3376578908217582,3.3376578908217582,0.1921139742646898,0.1921139742646898,Growth
2005-01-01,7.23559900655543,18.324439701174,15.9,30.6107123143813,31.5895698769828,710.982068171696,14.5885513717285,26.8496240283076,48.9576146258726,2005,3.3376578908217582,5475.0,0.1921139742646898,1,1,7.03239511515218,7.03239511515218,7.03239511515218,3.3376578908217582,3.3376578908217582,0.1921139742646898,0.1921139742646898,Growth
2005-02-01,7.23559900655543,18.324439701174,15.9,30.6107123143813,31.5895698769828,710.982068171696,14.5885513717285,26.8496240283076,48.9576146258726,2005,3.3376578908217582,5475.0,0.1921139742646898,2,1,7.23559900655543,7.03239511515218,7.03239511515218,3.3376578908217582,3.3376578908217582,0.1921139742646898,0.1921139742646898,Growth
2005-03-01,7.23559900655543,18.324439701174,15.9,30.6107123143813,31.5895698769828,710.982068171696,14.5885513717285,26.8496240283076,48.9576146258726,2005,3.3376578908217582,5475.0,0.1921139742646898,3,1,7.23559900655543,7.03239511515218,7.03239511515218,3.3376578908217582,3.3376578908217582,0.1921139742646898,0.1921139742646898,Growth
2005-04-01,7.23559900655543,18.324439701174,15.9,30.6107123143813,31.5895698769828,710.982068171696,14.5885513717285,26.8496240283076,48.9576146258726,2005,3.3376578908217582,5475.0,0.1921139742646898,4,2,7.23559900655543,7.23559900655543,7.03239511515218,3.3376578908217582,3.3376578908217582,0.1921139742646898,0.1921139742646898,Growth
2005-05-01,7.23559900655543,18.324439701174,15.9,30.6107123143813,31.5895698769828,710.982068171696,14.5885513717285,26.8496240283076,48.9576146258726,2005,3.3376578908217582,5475.0,0.1921139742646898,5,2,7.23559900655543,7.23559900655543,7.03239511515218,3.3376578908217582,3.3376578908217582,0.1921139742646898,0.1921139742646898,Growth
2005-06-01,7.23559900655543,18.324439701174,15.9,30.6107123143813,31.5895698769828,710.982068171696,14.5885513717285,26.8496240283076,48.9576146258726,2005,3.3376578908217582,5475.0,0.1921139742646898,6,2,7.23559900655543,7.23559900655543,7.03239511515218,3.3376578908217582,3.3376578908217582,0.1921139742646898,0.1921139742646898,Growth
2005-07-01,7.23559900655543,18.324439701174,15.9,30.6107123143813,31.5895698769828,710.982068171696,14.5885513717285,26.8496240283076,48.9576146258726,2005,3.3376578908217582,5475.0,0.1921139742646898,7,3,7.23559900655543,7.23559900655543,7.03239511515218,3.3376578908217582,3.3376578908217582,0.1921139742646898,0.1921139742646898,Growth
2005-08-01,7.23559900655543,18.324439701174,15.9,30.6107123143813,31.5895698769828,710.982068171696,14.5885513717285,26.8496240283076,48.9576146258726,2005,3.3376578908217582,5475.0,0.1921139742646898,8,3,7.23559900655543,7.23559900655543,7.03239511515218,3.3376578908217582,3.3376578908217582,0.1921139742646898,0.1921139742646898,Growth
2005-09-01,7.23559900655543,18.324439701174,15.9,30.6107123143813,31.5895698769828,710.982068171696,14.5885513717285,26.8496240283076,48.9576146258726,2005,3.3376578908217582,5475.0,0.1921139742646898,9,3,7.23559900655543,7.23559900655543,7.03239511515218,3.3376578908217582,3.3376578908217582,0.1921139742646898,0.1921139742646898,Growth
2005-10-01,7.23559900655543,18.324439701174,15.9,30.6107123143813,31.5895698769828,710.982068171696,14.5885513717285,26.8496240283076,48.9576146258726,2005,3.3376578908217582,5475.0,0.1921139742646898,10,4,7.23559900655543,7.23559900655543,7.03239511515218,3.3376578908217582,3.3376578908217582,0.1921139742646898,0.1921139742646898,Growth
2005-11-01,7.23559900655543,18.324439701174,15.9,30.6107123143813,31.5895698769828,710.982068171696,14.5885513717285,26.8496240283076,48.9576146258726,2005,3.3376578908217582,5475.0,0.1921139742646898,11,4,7.23559900655543,7.23559900655543,7.03239511515218,3.3376578908217582,3.3376578908217582,0.1921139742646898,0.1921139742646898,Growth
2005-12-01,7.23559900655543,18.324439701174,15.9,30.6107123143813,31.5895698769828,710.982068171696,14.5885513717285,26.8496240283076,48.9576146258726,2005,3.3376578908217582,5475.0,0.1921139742646898,12,4,7.23559900655543,7.23559900655543,7.03239511515218,3.3376578908217582,3.3376578908217582,0.1921139742646898,0.1921139742646898,Growth
2006-01-01,7.90369444480079,9.01957247226486,13.229,32.5929586871888,25.2638601867139,1051.71714895686,13.2062710587766,30.3961173223662,47.5154757432367,2006,3.3376578908217582,5475.0,0.1921139742646898,1,1,7.23559900655543,7.23559900655543,7.23559900655543,3.3376578908217582,3.3376578908217582,0.1921139742646898,0.1921139742646898,Growth
2006-02-01,7.90369444480079,9.01957247226486,13.229,32.5929586871888,25.2638601867139,1051.71714895686,13.2062710587766,30.3961173223662,47.5154757432367,2006,3.3376578908217582,5475.0,0.1921139742646898,2,1,7.90369444480079,7.23559900655543,7.23559900655543,3.3376578908217582,3.3376578908217582,0.1921139742646898,0.1921139742646898,Growth
2006-03-01,7.90369444480079,9.01957247226486,13.229,32.5929586871888,25.2638601867139,1051.71714895686,13.2062710587766,30.3961173223662,47.5154757432367,2006,3.3376578908217582,5475.0,0.1921139742646898,3,1,7.90369444480079,7.23559900655543,7.23559900655543,3.3376578908217582,3.3376578908217582,0.1921139742646898,0.1921139742646898,Growth
2006-04-01,7.90369444480079,9.01957247226486,13.229,32.5929586871888,25.2638601867139,1051.71714895686,13.2062710587766,30.3961173223662,47.5154757432367,2006,3.3376578908217582,5475.0,0.1921139742646898,4,2,7.90369444480079,7.90369444480079,7.23559900655543,3.3376578908217582,3.3376578908217582,0.1921139742646898,0.1921139742646898,Growth
2006-05-01,7.90369444480079,9.01957247226486,13.229,32.5929586871888,25.2638601867139,1051.71714895686,13.2062710587766,30.3961173223662,47.5154757432367,2006,3.3376578908217582,5475.0,0.1921139742646898,5,2,7.90369444480079,7.90369444480079,7.23559900655543,3.3376578908217582,3.3376578908217582,0.1921139742646898,0.1921139742646898,Growth
2006-06-01,7.90369444480079,9.01957247226486,13.229,32.5929586871888,25.2638601867139,1051.71714895686,13.2062710587766,30.3961173223662,47.5154757432367,2006,3.3376578908217582,5475.0,0.1921139742646898,6,2,7.90369444480079,7.90369444480079,7.23559900655543,3.3376578908217582,3.3376578908217582,0.1921139742646898,0.1921139742646898,Growth
2006-07-01,7.90369444480079,9.01957247226486,13.229,32.5929586871888,25.2638601867139,1051.71714895686,13.2062710587766,30.3961173223662,47.5154757432367,2006,3.3376578908217582,5475.0,0.1921139742646898,7,3,7.90369444480079,7.90369444480079,7.23559900655543,3.3376578908217582,3.3376578908217582,0.1921139742646898,0.1921139742646898,Growth
2006-08-01,7.90369444480079,9.01957247226486,13.229,32.5929586871888,25.2638601867139,1051.71714895686,13.2062710587766,30.3961173223662,47.5154757432367,2006,3.3376578908217582,5475.0,0.1921139742646898,8,3,7.90369444480079,7.90369444480079,7.23559900655543,3.3376578908217582,3.3376578908217582,0.1921139742646898,0.1921139742646898,Growth
2006-09-01,7.90369444480079,9.01957247226486,13.229,32.5929586871888,25.2638601867139,1051.71714895686,13.2062710587766,30.3961173223662,47.5154757432367,2006,3.3376578908217582,5475.0,0.1921139742646898,9,3,7.90369444480079,7.90369444480079,7.23559900655543,3.3376578908217582,3.3376578908217582,0.1921139742646898,0.1921139742646898,Growth
2006-10-01,7.90369444480079,9.01957247226486,13.229,32.5929586871888,25.2638601867139,1051.71714895686,13.2062710587766,30.3961173223662,47.5154757432367,2006,3.3376578908217582,5475.0,0.1921139742646898,10,4,7.90369444480079,7.90369444480079,7.23559900655543,3.3376578908217582,3.3376578908217582,0.1921139742646898,0.1921139742646898,Growth
2006-11-01,7.90369444480079,9.01957247226486,13.229,32.5929586871888,25.2638601867139,1051.71714895686,13.2062710587766,30.3961173223662,47.5154757432367,2006,3.3376578908217582,5475.0,0.1921139742646898,11,4,7.90369444480079,7.90369444480079,7.23559900655543,3.3376578908217582,3.3376578908217582,0.1921139742646898,0.1921139742646898,Growth
2006-12-01,7.90369444480079,9.01957247226486,13.229,32.5929586871888,25.2638601867139,1051.71714895686,13.2062710587766,30.3961173223662,47.5154757432367,2006,3.3376578908217582,5475.0,0.1921139742646898,12,4,7.90369444480079,7.90369444480079,7.23559900655543,3.3376578908217582,3.3376578908217582,0.1921139742646898,0.1921139742646898,Growth
2007-01-01,8.35243624447406,10.6573496000153,10.559,33.5911932050133,32.1802654858934,1118.73162626953,12.1055962375597,31.9096804308122,47.4546801554357,2007,3.3376578908217582,5475.0,0.1921139742646898,1,1,7.90369444480079,7.90369444480079,7.90369444480079,3.3376578908217582,3.3376578908217582,0.1921139742646898,0.1921139742646898,Growth
2007-02-01,8.35243624447406,10.6573496000153,10.559,33.5911932050133,32.1802654858934,1118.73162626953,12.1055962375597,31.9096804308122,47.4546801554357,2007,3.3376578908217582,5475.0,0.1921139742646898,2,1,8.35243624447406,7.90369444480079,7.90369444480079,3.3376578908217582,3.3376578908217582,0.1921139742646898,0.1921139742646898,Growth
2007-03-01,8.35243624447406,10.6573496000153,10.559,33.5911932050133,32.1802654858934,1118.73162626953,12.1055962375597,31.9096804308122,47.4546801554357,2007,3.3376578908217582,5475.0,0.1921139742646898,3,1,8.35243624447406,7.90369444480079,7.90369444480079,3.3376578908217582,3.3376578908217582,0.1921139742646898,0.1921139742646898,Growth
2007-04-01,8.35243624447406,10.6573496000153,10.559,33.5911932050133,32.1802654858934,1118.73162626953,12.1055962375597,31.9096804308122,47.4546801554357,2007,3.3376578908217582,5475.0,0.1921139742646898,4,2,8.35243624447406,8.35243624447406,7.90369444480079,3.3376578908217582,3.3376578908217582,0.1921139742646898,0.1921139742646898,Growth
2007-05-01,8.35243624447406,10.6573496000153,10.559,33.5911932050133,32.1802654858934,1118.73162626953,12.1055962375597,31.9096804308122,47.4546801554357,2007,3.3376578908217582,5475.0,0.1921139742646898,5,2,8.35243624447406,8.35243624447406,7.90369444480079,3.3376578908217582,3.3376578908217582,0.1921139742646898,0.1921139742646898,Growth
2007-06-01,8.35243624447406,10.6573496000153,10.559,33.5911932050133,32.1802654858934,1118.73162626953,12.1055962375597,31.9096804308122,47.4546801554357,2007,3.3376578908217582,5475.0,0.1921139742646898,6,2,8.35243624447406,8.35243624447406,7.90369444480079,3.3376578908217582,3.3376578908217582,0.1921139742646898,0.1921139742646898,Growth
2007-07-01,8.35243624447406,10.6573496000153,10.559,33.5911932050133,32.1802654858934,1118.73162626953,12.1055962375597,31.9096804308122,47.4546801554357,2007,3.3376578908217582,5475.0,0.1921139742646898,7,3,8.35243624447406,8.35243624447406,7.90369444480079,3.3376578908217582,3.3376578908217582,0.1921139742646898,0.1921139742646898,Growth
2007-08-01,8.35243624447406,10.6573496000153,10.559,33.5911932050133,32.1802654858934,1118.73162626953,12.1055962375597,31.9096804308122,47.4546801554357,2007,3.3376578908217582,5475.0,0.1921139742646898,8,3,8.35243624447406,8.35243624447406,7.90369444480079,3.3376578908217582,3.3376578908217582,0.1921139742646898,0.1921139742646898,Growth
2007-09-01,8.35243624447406,10.6573496000153,10.559,33.5911932050133,32.1802654858934,1118.73162626953,12.1055962375597,31.9096804308122,47.4546801554357,2007,3.3376578908217582,5475.0,0.1921139742646898,9,3,8.35243624447406,8.35243624447406,7.90369444480079,3.3376578908217582,3.3376578908217582,0.1921139742646898,0.1921139742646898,Growth
2007-10-01,8.35243624447406,10.6573496000153,10.559,33.5911932050133,32.1802654858934,1118.73162626953,12.1055962375597,31.9096804308122,47.4546801554357,2007,3.3376578908217582,5475.0,0.1921139742646898,10,4,8.35243624447406,8.35243624447406,7.90369444480079,3.3376578908217582,3.3376578908217582,0.1921139742646898,0.1921139742646898,Growth
2007-11-01,8.35243624447406,10.6573496000153,10.559,33.5911932050133,32.1802654858934,1118.73162626953,12.1055962375597,31.9096804308122,47.4546801554357,2007,3.3376578908217582,5475.0,0.1921139742646898,11,4,8.35243624447406,8.35243624447406,7.90369444480079,3.3376578908217582,3.3376578908217582,0.1921139742646898,0.1921139742646898,Growth
2007-12-01,8.35243624447406,10.6573496000153,10.559,33.5911932050133,32.1802654858934,1118.73162626953,12.1055962375597,31.9096804308122,47.4546801554357,2007,3.3376578908217582,5475.0,0.1921139742646898,12,4,8.35243624447406,8.35243624447406,7.90369444480079,3.3376578908217582,3.3376578908217582,0.1921139742646898,0.1921139742646898,Growth
2008-01-01,7.77389581542363,12.4455793463192,7.93,28.9193597052566,30.5355294153308,1375.50211006997,11.4539997547605,30.9906155705809,49.0298347278234,2008,3.3376578908217582,5475.0,0.1921139742646898,1,1,8.35243624447406,8.35243624447406,8.35243624447406,3.3376578908217582,3.3376578908217582,0.1921139742646898,0.1921139742646898,Growth
2008-02-01,7.77389581542363,12.4455793463192,7.93,28.9193597052566,30.5355294153308,1375.50211006997,11.4539997547605,30.9906155705809,49.0298347278234,2008,3.3376578908217582,5475.0,0.1921139742646898,2,1,7.77389581542363,8.35243624447406,8.35243624447406,3.3376578908217582,3.3376578908217582,0.1921139742646898,0.1921139742646898,Growth
2008-03-01,7.77389581542363,12.4455793463192,7.93,28.9193597052566,30.5355294153308,1375.50211006997,11.4539997547605,30.9906155705809,49.0298347278234,2008,3.3376578908217582,5475.0,0.1921139742646898,3,1,7.77389581542363,8.35243624447406,8.35243624447406,3.3376578908217582,3.3376578908217582,0.1921139742646898,0.1921139742646898,Growth
2008-04-01,7.77389581542363,12.4455793463192,7.93,28.9193597052566,30.5355294153308,1375.50211006997,11.4539997547605,30.9906155705809,49.0298347278234,2008,3.3376578908217582,5475.0,0.1921139742646898,4,2,7.77389581542363,7.77389581542363,8.35243624447406,3.3376578908217582,3.3376578908217582,0.1921139742646898,0.1921139742646898,Growth
2008-05-01,7.77389581542363,12.4455793463192,7.93,28.9193597052566,30.5355294153308,1375.50211006997,11.4539997547605,30.9906155705809,49.0298347278234,2008,3.3376578908217582,5475.0,0.1921139742646898,5,2,7.77389581542363,7.77389581542363,8.35243624447406,3.3376578908217582,3.3376578908217582,0.1921139742646898,0.1921139742646898,Growth
2008-06-01,7.77389581542363,12.4455793463192,7.93,28.9193597052566,30.5355294153308,1375.50211006997,11.4539997547605,30.9906155705809,49.0298347278234,2008,3.3376578908217582,5475.0,0.1921139742646898,6,2,7.77389581542363,7.77389581542363,8.35243624447406,3.3376578908217582,3.3376578908217582,0.1921139742646898,0.1921139742646898,Growth
2008-07-01,7.77389581542363,12.4455793463192,7.93,28.9193597052566,30.5355294153308,1375.50211006997,11.4539997547605,30.9906155705809,49.0298347278234,2008,3.3376578908217582,5475.0,0.1921139742646898,7,3,7.77389581542363,7.77389581542363,8.35243624447406,3.3376578908217582,3.3376578908217582,0.1921139742646898,0.1921139742646898,Growth
2008-08-01,7.77389581542363,12.4455793463192,7.93,28.9193597052566,30.5355294153308,1375.50211006997,11.4539997547605,30.9906155705809,49.0298347278234,2008,3.3376578908217582,5475.0,0.1921139742646898,8,3,7.77389581542363,7.77389581542363,8.35243624447406,3.3376578908217582,3.3376578908217582,0.1921139742646898,0.1921139742646898,Growth
2008-09-01,7.77389581542363,12.4455793463192,7.93,28.9193597052566,30.5355294153308,1375.50211006997,11.4539997547605,30.9906155705809,49.0298347278234,2008,3.3376578908217582,5475.0,0.1921139742646898,9,3,7.77389581542363,7.77389581542363,8.35243624447406,3.3376578908217582,3.3376578908217582,0.1921139742646898,0.1921139742646898,Growth
2008-10-01,7.77389581542363,12.4455793463192,7.93,28.9193597052566,30.5355294153308,1375.50211006997,11.4539997547605,30.9906155705809,49.0298347278234,2008,3.3376578908217582,5475.0,0.1921139742646898,10,4,7.77389581542363,7.77389581542363,8.35243624447406,3.3376578908217582,3.3376578908217582,0.1921139742646898,0.1921139742646898,Growth
2008-11-01,7.77389581542363,12.4455793463192,7.93,28.9193597052566,30.5355294153308,1375.50211006997,11.4539997547605,30.9906155705809,49.0298347278234,2008,3.3376578908217582,5475.0,0.1921139742646898,11,4,7.77389581542363,7.77389581542363,8.35243624447406,3.3376578908217582,3.3376578908217582,0.1921139742646898,0.1921139742646898,Growth
2008-12-01,7.77389581542363,12.4455793463192,7.93,28.9193597052566,30.5355294153308,1375.50211006997,11.4539997547605,30.9906155705809,49.0298347278234,2008,3.3376578908217582,5475.0,0.1921139742646898,12,4,7.77389581542363,7.77389581542363,8.35243624447406,3.3376578908217582,3.3376578908217582,0.1921139742646898,0.1921139742646898,Growth
2009-01-01,9.2203484058663,13.3952546325895,10.583,29.2509976693348,26.8703832861816,1136.24168316848,11.5527836333973,30.2244688791227,51.5546034007674,2009,3.3376578908217582,5475.0,0.1921139742646898,1,1,7.77389581542363,7.77389581542363,7.77389581542363,3.3376578908217582,3.3376578908217582,0.1921139742646898,0.1921139742646898,Growth
2009-02-01,9.2203484058663,13.3952546325895,10.583,29.2509976693348,26.8703832861816,1136.24168316848,11.5527836333973,30.2244688791227,51.5546034007674,2009,3.3376578908217582,5475.0,0.1921139742646898,2,1,9.2203484058663,7.77389581542363,7.77389581542363,3.3376578908217582,3.3376578908217582,0.1921139742646898,0.1921139742646898,Growth
2009-03-01,9.2203484058663,13.3952546325895,10.583,29.2509976693348,26.8703832861816,1136.24168316848,11.5527836333973,30.2244688791227,51.5546034007674,2009,3.3376578908217582,5475.0,0.1921139742646898,3,1,9.2203484058663,7.77389581542363,7.77389581542363,3.3376578908217582,3.3376578908217582,0.1921139742646898,0.1921139742646898,Growth
2009-04-01,9.2203484058663,13.3952546325895,10.583,29.2509976693348,26.8703832861816,1136.24168316848,11.5527836333973,30.2244688791227,51.5546034007674,2009,3.3376578908217582,5475.0,0.1921139742646898,4,2,9.2203484058663,9.2203484058663,7.77389581542363,3.3376578908217582,3.3376578908217582,0.1921139742646898,0.1921139742646898,Growth
2009-05-01,9.2203484058663,13.3952546325895,10.583,29.2509976693348,26.8703832861816,1136.24168316848,11.5527836333973,30.2244688791227,51.5546034007674,2009,3.3376578908217582,5475.0,0.1921139742646898,5,2,9.2203484058663,9.2203484058663,7.77389581542363,3.3376578908217582,3.3376578908217582,0.1921139742646898,0.1921139742646898,Growth
2009-06-01,9.2203484058663,13.3952546325895,10.583,29.2509976693348,26.8703832861816,1136.24168316848,11.5527836333973,30.2244688791227,51.5546034007674,2009,3.3376578908217582,5475.0,0.1921139742646898,6,2,9.2203484058663,9.2203484058663,7.77389581542363,3.3376578908217582,3.3376578908217582,0.1921139742646898,0.1921139742646898,Growth
2009-07-01,9.2203484058663,13.3952546325895,10.583,29.2509976693348,26.8703832861816,1136.24168316848,11.5527836333973,30.2244688791227,51.5546034007674,2009,3.3376578908217582,5475.0,0.1921139742646898,7,3,9.2203484058663,9.2203484058663,7.77389581542363,3.3376578908217582,3.3376578908217582,0.1921139742646898,0.1921139742646898,Growth
2009-08-01,9.2203484058663,13.3952546325895,10.583,29.2509976693348,26.8703832861816,1136.24168316848,11.5527836333973,30.2244688791227,51.5546034007674,2009,3.3376578908217582,5475.0,0.1921139742646898,8,3,9.2203484058663,9.2203484058663,7.77389581542363,3.3376578908217582,3.3376578908217582,0.1921139742646898,0.1921139742646898,Growth
2009-09-01,9.2203484058663,13.3952546325895,10.583,29.2509976693348,26.8703832861816,1136.24168316848,11.5527836333973,30.2244688791227,51.5546034007674,2009,3.3376578908217582,5475.0,0.1921139742646898,9,3,9.2203484058663,9.2203484058663,7.77389581542363,3.3376578908217582,3.3376578908217582,0.1921139742646898,0.1921139742646898,Growth
2009-10-01,9.2203484058663,13.3952546325895,10.583,29.2509976693348,26.8703832861816,1136.24168316848,11.5527836333973,30.2244688791227,51.5546034007674,2009,3.3376578908217582,5475.0,0.1921139742646898,10,4,9.2203484058663,9.2203484058663,7.77389581542363,3.3376578908217582,3.3376578908217582,0.1921139742646898,0.1921139742646898,Growth
2009-11-01,9.2203484058663,13.3952546325895,10.583,29.2509976693348,26.8703832861816,1136.24168316848,11.5527836333973,30.2244688791227,51.5546034007674,2009,3.3376578908217582,5475.0,0.1921139742646898,11,4,9.2203484058663,9.2203484058663,7.77389581542363,3.3376578908217582,3.3376578908217582,0.1921139742646898,0.1921139742646898,Growth
2009-12-01,9.2203484058663,13.3952546325895,10.583,29.2509976693348,26.8703832861816,1136.24168316848,11.5527836333973,30.2244688791227,51.5546034007674,2009,3.3376578908217582,5475.0,0.1921139742646898,12,4,9.2203484058663,9.2203484058663,7.77389581542363,3.3376578908217582,3.3376578908217582,0.1921139742646898,0.1921139742646898,Growth
2010-01-01,10.2982233241213,8.50176133365265,13.19,37.0259333072124,27.9887692133998,1451.10616017155,9.42094610981773,32.2389147610701,52.8064557009767,2010,3.3376578908217582,5475.0,0.1921139742646898,1,1,9.2203484058663,9.2203484058663,9.2203484058663,3.3376578908217582,3.3376578908217582,0.1921139742646898,0.1921139742646898,Growth
2010-02-01,10.2982233241213,8.50176133365265,13.19,37.0259333072124,27.9887692133998,1451.10616017155,9.42094610981773,32.2389147610701,52.8064557009767,2010,3.119184230503283,49646.0,0.1921139742646898,2,1,10.2982233241213,9.2203484058663,9.2203484058663,3.264833337382267,3.3194517524618856,0.1921139742646898,0.1921139742646898,Growth
2010-03-01,10.2982233241213,8.50176133365265,13.19,37.0259333072124,27.9887692133998,1451.10616017155,9.42094610981773,32.2389147610701,52.8064557009767,2010,3.3954130359317944,12758.0,0.1921139742646898,3,1,10.2982233241213,9.2203484058663,9.2203484058663,3.284085052418945,3.3242646812210555,0.1921139742646898,0.1921139742646898,Growth
2010-04-01,10.2982233241213,8.50176133365265,13.19,37.0259333072124,27.9887692133998,1451.10616017155,9.42094610981773,32.2389147610701,52.8064557009767,2010,3.5191904590243386,54725.0,0.1921139742646898,4,2,10.2982233241213,10.2982233241213,9.2203484058663,3.344595908486472,3.3393923952379367,0.1921139742646898,0.1921139742646898,Growth
2010-05-01,10.2982233241213,8.50176133365265,13.19,37.0259333072124,27.9887692133998,1451.10616017155,9.42094610981773,32.2389147610701,52.8064557009767,2010,3.105774998664856,11171.0,0.1921139742646898,5,2,10.2982233241213,10.2982233241213,9.2203484058663,3.3401261645403295,3.320068820891528,0.1921139742646898,0.1921139742646898,Growth
2010-06-01,10.2982233241213,8.50176133365265,13.19,37.0259333072124,27.9887692133998,1451.10616017155,9.42094610981773,32.2389147610701,52.8064557009767,2010,2.9370681697672065,37143.0,0.1921139742646898,6,2,10.2982233241213,10.2982233241213,9.2203484058663,3.187344542485467,3.286686344136982,0.1921139742646898,0.1921139742646898,Growth
2010-07-01,10.2982233241213,8.50176133365265,13.19,37.0259333072124,27.9887692133998,1451.10616017155,9.42094610981773,32.2389147610701,52.8064557009767,2010,3.0642619019462947,10496.0,0.1921139742646898,7,3,10.2982233241213,10.2982233241213,9.2203484058663,3.035701690126119,3.2639033450640276,0.1921139742646898,0.1921139742646898,Growth
2010-08-01,10.2982233241213,8.50176133365265,13.19,37.0259333072124,27.9887692133998,1451.10616017155,9.42094610981773,32.2389147610701,52.8064557009767,2010,3.31981821493669,57433.0,0.1921139742646898,8,3,10.2982233241213,10.2982233241213,9.2203484058663,3.1070494288833967,3.262416705406938,0.1921139742646898,0.1921139742646898,Growth
2010-09-01,10.2982233241213,8.50176133365265,13.19,37.0259333072124,27.9887692133998,1451.10616017155,9.42094610981773,32.2389147610701,52.8064557009767,2010,3.5179761932009743,10773.0,0.1921139742646898,9,3,10.2982233241213,10.2982233241213,9.2203484058663,3.300685436694653,3.277443230605206,0.1921139742646898,0.1921139742646898,Growth
2010-10-01,10.2982233241213,8.50176133365265,13.19,37.0259333072124,27.9887692133998,1451.10616017155,9.42094610981773,32.2389147610701,52.8064557009767,2010,3.773119086310977,5384.0,0.1921139742646898,10,4,10.2982233241213,10.2982233241213,9.2203484058663,3.536971164816214,3.3137316635626406,0.1921139742646898,0.1921139742646898,Growth
2010-11-01,10.2982233241213,8.50176133365265,13.19,37.0259333072124,27.9887692133998,1451.10616017155,9.42094610981773,32.2389147610701,52.8064557009767,2010,3.842071442377,50202.0,0.1921139742646898,11,4,10.2982233241213,10.2982233241213,9.2203484058663,3.711055573962984,3.355766126192244,0.1921139742646898,0.1921139742646898,Growth
2010-12-01,10.2982233241213,8.50176133365265,13.19,37.0259333072124,27.9887692133998,1451.10616017155,9.42094610981773,32.2389147610701,52.8064557009767,2010,4.169727292927829,12925.0,0.1921139742646898,12,4,10.2982233241213,10.2982233241213,9.2203484058663,3.9283059405386016,3.4251052430344173,0.1921139742646898,0.1921139742646898,Growth
2011-01-01,5.56925219263019,6.4293968107234,10.548,40.4712226732921,32.3242097651362,1624.86817763443,9.64805782176724,34.4442819243584,50.3856175027169,2011,4.34427502155304,5838.0,0.1921139742646898,1,1,10.2982233241213,10.2982233241213,10.2982233241213,4.118691252285957,3.5089900039286905,0.1921139742646898,0.1921139742646898,Growth
2011-02-01,5.56925219263019,6.4293968107234,10.548,40.4712226732921,32.3242097651362,1624.86817763443,9.64805782176724,34.4442819243584,50.3856175027169,2011,4.491657884497392,88526.0,0.1921139742646898,2,1,5.56925219263019,10.2982233241213,10.2982233241213,4.3352200663260865,3.6233628084281992,0.1921139742646898,0.1921139742646898,Growth
2011-03-01,5.56925219263019,6.4293968107234,10.548,40.4712226732921,32.3242097651362,1624.86817763443,9.64805782176724,34.4442819243584,50.3856175027169,2011,4.319543506788171,15448.0,0.1921139742646898,3,1,5.56925219263019,10.2982233241213,10.2982233241213,4.385158804279534,3.7003736809995638,0.1921139742646898,0.1921139742646898,Growth
2011-04-01,5.56925219263019,6.4293968107234,10.548,40.4712226732921,32.3242097651362,1624.86817763443,9.64805782176724,34.4442819243584,50.3856175027169,2011,4.304374957084656,55582.0,0.1921139742646898,4,2,5.56925219263019,5.56925219263019,10.2982233241213,4.371858782790073,3.7658057225045902,0.1921139742646898,0.1921139742646898,Growth
2011-05-01,5.56925219263019,6.4293968107234,10.548,40.4712226732921,32.3242097651362,1624.86817763443,9.64805782176724,34.4442819243584,50.3856175027169,2011,4.0555714312053865,11095.0,0.1921139742646898,5,2,5.56925219263019,5.56925219263019,10.2982233241213,4.226496631692737,3.8449554252163014,0.1921139742646898,0.1921139742646898,Growth
2011-06-01,5.56925219263019,6.4293968107234,10.548,40.4712226732921,32.3242097651362,1624.86817763443,9.64805782176724,34.4442819243584,50.3856175027169,2011,4.109136321327903,47245.0,0.1921139742646898,6,2,5.56925219263019,5.56925219263019,10.2982233241213,4.156360903205982,3.9426277711796924,0.1921139742646898,0.1921139742646898,Growth
2011-07-01,5.56925219263019,6.4293968107234,10.548,40.4712226732921,32.3242097651362,1624.86817763443,9.64805782176724,34.4442819243584,50.3856175027169,2011,4.401250004768372,11949.0,0.1921139742646898,7,3,5.56925219263019,5.56925219263019,10.2982233241213,4.18865258576722,4.054043446414866,0.1921139742646898,0.1921139742646898,Growth
2011-08-01,5.56925219263019,6.4293968107234,10.548,40.4712226732921,32.3242097651362,1624.86817763443,9.64805782176724,34.4442819243584,50.3856175027169,2011,4.078565193259197,44262.0,0.1921139742646898,8,3,5.56925219263019,5.56925219263019,10.2982233241213,4.196317173118491,4.117272361275075,0.1921139742646898,0.1921139742646898,Growth
2011-09-01,5.56925219263019,6.4293968107234,10.548,40.4712226732921,32.3242097651362,1624.86817763443,9.64805782176724,34.4442819243584,50.3856175027169,2011,3.737761917568388,12103.0,0.1921139742646898,9,3,5.56925219263019,5.56925219263019,10.2982233241213,4.072525705198653,4.1355878383056925,0.1921139742646898,0.1921139742646898,Growth
2011-10-01,5.56925219263019,6.4293968107234,10.548,40.4712226732921,32.3242097651362,1624.86817763443,9.64805782176724,34.4442819243584,50.3856175027169,2011,3.343595243635632,5452.0,0.1921139742646898,10,4,5.56925219263019,5.56925219263019,10.2982233241213,3.719974118154406,4.099794184749414,0.1921139742646898,0.1921139742646898,Growth
2011-11-01,5.56925219263019,6.4293968107234,10.548,40.4712226732921,32.3242097651362,1624.86817763443,9.64805782176724,34.4442819243584,50.3856175027169,2011,3.4421904654729936,69295.0,0.1921139742646898,11,4,5.56925219263019,5.56925219263019,10.2982233241213,3.507849208892338,4.066470770007413,0.1921139742646898,0.1921139742646898,Growth
2011-12-01,5.56925219263019,6.4293968107234,10.548,40.4712226732921,32.3242097651362,1624.86817763443,9.64805782176724,34.4442819243584,50.3856175027169,2011,3.4320714133126398,10281.0,0.1921139742646898,12,4,5.56925219263019,5.56925219263019,10.2982233241213,3.4059523741404214,4.004999446706147,0.1921139742646898,0.1921139742646898,Growth
2012-01-01,7.59738104901994,6.57589970757698,7.85,40.0829109943526,35.2847988615544,1710.05061343728,9.32163953570601,32.0106503918136,53.193632268128,2012,3.668650007247925,4806.0,0.1921139742646898,1,1,5.56925219263019,5.56925219263019,5.56925219263019,3.5143039620111858,3.9486973621807215,0.1921139742646898,0.1921139742646898,Growth
2012-02-01,7.59738104901994,6.57589970757698,7.85,40.0829109943526,35.2847988615544,1710.05061343728,9.32163953570601,32.0106503918136,53.193632268128,2012,3.845824992656708,78925.0,0.1921139742646898,2,1,7.59738104901994,5.56925219263019,5.56925219263019,3.6488488044057577,3.894877954527331,0.1921139742646898,0.1921139742646898,Growth
2012-03-01,7.59738104901994,6.57589970757698,7.85,40.0829109943526,35.2847988615544,1710.05061343728,9.32163953570601,32.0106503918136,53.193632268128,2012,3.83947724645788,14890.0,0.1921139742646898,3,1,7.59738104901994,5.56925219263019,5.56925219263019,3.7846507487875045,3.85487243283314,0.1921139742646898,0.1921139742646898,Growth
2012-04-01,7.59738104901994,6.57589970757698,7.85,40.0829109943526,35.2847988615544,1710.05061343728,9.32163953570601,32.0106503918136,53.193632268128,2012,3.719174981117249,89539.0,0.1921139742646898,4,2,7.59738104901994,7.59738104901994,5.56925219263019,3.8014924067439453,3.806105768169189,0.1921139742646898,0.1921139742646898,Growth
2012-05-01,7.59738104901994,6.57589970757698,7.85,40.0829109943526,35.2847988615544,1710.05061343728,9.32163953570601,32.0106503918136,53.193632268128,2012,3.570340882648121,15130.0,0.1921139742646898,5,2,7.59738104901994,7.59738104901994,5.56925219263019,3.709664370074417,3.765669889122751,0.1921139742646898,0.1921139742646898,Growth
2012-06-01,7.59738104901994,6.57589970757698,7.85,40.0829109943526,35.2847988615544,1710.05061343728,9.32163953570601,32.0106503918136,53.193632268128,2012,3.34759521484375,72843.0,0.1921139742646898,6,2,7.59738104901994,7.59738104901994,5.56925219263019,3.5457036928697065,3.7022081302490712,0.1921139742646898,0.1921139742646898,Growth
2012-07-01,7.59738104901994,6.57589970757698,7.85,40.0829109943526,35.2847988615544,1710.05061343728,9.32163953570601,32.0106503918136,53.193632268128,2012,3.439023801258632,13855.0,0.1921139742646898,7,3,7.59738104901994,7.59738104901994,5.56925219263019,3.4523199662501676,3.6220226132899263,0.1921139742646898,0.1921139742646898,Growth
2012-08-01,7.59738104901994,6.57589970757698,7.85,40.0829109943526,35.2847988615544,1710.05061343728,9.32163953570601,32.0106503918136,53.193632268128,2012,3.4180217307546865,67242.0,0.1921139742646898,8,3,7.59738104901994,7.59738104901994,5.56925219263019,3.4015469156190226,3.5669773247478838,0.1921139742646898,0.1921139742646898,Growth
2012-09-01,7.59738104901994,6.57589970757698,7.85,40.0829109943526,35.2847988615544,1710.05061343728,9.32163953570601,32.0106503918136,53.193632268128,2012,3.7186578825900423,12918.0,0.1921139742646898,9,3,7.59738104901994,7.59738104901994,5.56925219263019,3.5252344715344535,3.5653853218330216,0.1921139742646898,0.1921139742646898,Growth
2012-10-01,7.59738104901994,6.57589970757698,7.85,40.0829109943526,35.2847988615544,1710.05061343728,9.32163953570601,32.0106503918136,53.193632268128,2012,3.6967856997535344,4292.0,0.1921139742646898,10,4,7.59738104901994,7.59738104901994,5.56925219263019,3.611155104366088,3.5948178598428466,0.1921139742646898,0.1921139742646898,Growth
2012-11-01,7.59738104901994,6.57589970757698,7.85,40.0829109943526,35.2847988615544,1710.05061343728,9.32163953570601,32.0106503918136,53.193632268128,2012,3.5035952499934604,70565.0,0.1921139742646898,11,4,7.59738104901994,7.59738104901994,5.56925219263019,3.6396796107790124,3.5999349252195523,0.1921139742646898,0.1921139742646898,Growth
2012-12-01,7.59738104901994,6.57589970757698,7.85,40.0829109943526,35.2847988615544,1710.05061343728,9.32163953570601,32.0106503918136,53.193632268128,2012,3.623625016212464,9780.0,0.1921139742646898,12,4,7.59738104901994,7.59738104901994,5.56925219263019,3.6080019886531534,3.6158977254612044,0.1921139742646898,0.1921139742646898,Growth
2013-01-01,5.05753695047252,6.97767605490307,7.272,40.4827166938697,39.9735243274676,1820.71854827391,8.22652318427817,32.5564491082462,53.1376428491188,2013,3.667380946023124,7930.0,0.1921139742646898,1,1,7.59738104901994,7.59738104901994,7.59738104901994,3.598200404076349,3.6157919703591372,0.1921139742646898,0.1921139742646898,Growth
2013-02-01,5.05753695047252,6.97767605490307,7.272,40.4827166938697,39.9735243274676,1820.71854827391,8.22652318427817,32.5564491082462,53.1376428491188,2013,3.666447350853368,78196.0,0.1898921392858028,2,1,5.05753695047252,7.59738104901994,7.59738104901994,3.652484437696319,3.6008438335421924,0.1913733626050608,0.19192882134978254,Growth
2013-03-01,5.05753695047252,6.97767605490307,7.272,40.4827166938697,39.9735243274676,1820.71854827391,8.22652318427817,32.5564491082462,53.1376428491188,2013,3.466474974155426,11148.0,0.1880928526322046,3,1,5.05753695047252,7.59738104901994,7.59738104901994,3.6001010903439727,3.5697603108503215,0.19003298872756572,0.19159372788040877,Growth
2013-04-01,5.05753695047252,6.97767605490307,7.272,40.4827166938697,39.9735243274676,1820.71854827391,8.22652318427817,32.5564491082462,53.1376428491188,2013,3.277181809598749,79129.0,0.1877840371294455,4,2,5.05753695047252,5.05753695047252,7.59738104901994,3.4700347115358476,3.5329275465571133,0.18858967634915094,0.19123289978580507,Growth
2013-05-01,5.05753695047252,6.97767605490307,7.272,40.4827166938697,39.9735243274676,1820.71854827391,8.22652318427817,32.5564491082462,53.1376428491188,2013,3.2990227287465874,12913.0,0.1892464692177979,5,2,5.05753695047252,5.05753695047252,7.59738104901994,3.3475598375002544,3.5103177003986517,0.18837445299314934,0.1909939410318974,Growth
2013-06-01,5.05753695047252,6.97767605490307,7.272,40.4827166938697,39.9735243274676,1820.71854827391,8.22652318427817,32.5564491082462,53.1376428491188,2013,3.179449999332428,96990.0,0.1865202613174915,6,2,5.05753695047252,5.05753695047252,7.59738104901994,3.251884845892588,3.496305599106042,0.18785025588824497,0.1905277982862976,Growth
2013-07-01,5.05753695047252,6.97767605490307,7.272,40.4827166938697,39.9735243274676,1820.71854827391,8.22652318427817,32.5564491082462,53.1376428491188,2013,3.1422499960119072,11348.0,0.1837145951778992,7,3,5.05753695047252,5.05753695047252,7.59738104901994,3.2069075746969737,3.471574448668815,0.1864937752377295,0.18982785002906502,Growth
2013-08-01,5.05753695047252,6.97767605490307,7.272,40.4827166938697,39.9735243274676,1820.71854827391,8.22652318427817,32.5564491082462,53.1376428491188,2013,3.2818181839856235,66202.0,0.1854726333509792,8,3,5.05753695047252,5.05753695047252,7.59738104901994,3.2011727264433194,3.460224153104726,0.18523582994878995,0.18927440495292247,Growth
2013-09-01,5.05753695047252,6.97767605490307,7.272,40.4827166938697,39.9735243274676,1820.71854827391,8.22652318427817,32.5564491082462,53.1376428491188,2013,3.2732749938964845,10468.0,0.1890073617299398,9,3,5.05753695047252,5.05753695047252,7.59738104901994,3.2324477246313386,3.423108912380263,0.18606486341960604,0.18901552057502666,Growth
2013-10-01,5.05753695047252,6.97767605490307,7.272,40.4827166938697,39.9735243274676,1820.71854827391,8.22652318427817,32.5564491082462,53.1376428491188,2013,3.2823260867077373,6049.0,0.1894863064993511,10,4,5.05753695047252,5.05753695047252,7.59738104901994,3.279139754863282,3.3885706112931135,0.18798876719342336,0.1887965482612484,Growth
2013-11-01,5.05753695047252,6.97767605490307,7.272,40.4827166938697,39.9735243274676,1820.71854827391,8.22652318427817,32.5564491082462,53.1376428491188,2013,3.216350018978119,70554.0,0.1823116271268753,11,4,5.05753695047252,5.05753695047252,7.59738104901994,3.2573170331941133,3.364633508708502,0.1869350984520554,0.18797968599976386,Growth
2013-12-01,5.05753695047252,6.97767605490307,7.272,40.4827166938697,39.9735243274676,1820.71854827391,8.22652318427817,32.5564491082462,53.1376428491188,2013,3.3416905062539235,12734.0,0.1819153536449779,12,4,5.05753695047252,5.05753695047252,7.59738104901994,3.2801222039799267,3.341138966211956,0.1845710957570681,0.18712980094812123,Growth
2014-01-01,4.69328316376705,7.80687553566333,6.576,38.8222899319378,37.3712097956936,1707.48573136694,6.77959785217865,32.9441480248783,53.5124177356887,2014,3.3551428545088995,6211.0,0.1820922675340072,1,1,5.05753695047252,5.05753695047252,5.05753695047252,3.3043944599136474,3.3151191252524375,0.18210641610195347,0.18629465872056436,Growth
2014-02-01,4.69328316376705,7.80687553566333,6.576,38.8222899319378,37.3712097956936,1707.48573136694,6.77959785217865,32.9441480248783,53.5124177356887,2014,3.2854473716334294,49366.0,0.1769758783280849,2,1,4.69328316376705,5.05753695047252,5.05753695047252,3.327426910798751,3.2833691269841094,0.18032783316902334,0.1852183036407545,Growth
2014-03-01,4.69328316376705,7.80687553566333,6.576,38.8222899319378,37.3712097956936,1707.48573136694,6.77959785217865,32.9441480248783,53.5124177356887,2014,3.0723809628259566,10763.0,0.1657663321211224,3,1,4.69328316376705,5.05753695047252,5.05753695047252,3.237657062989429,3.2505279593733207,0.17494482599440483,0.183357760264831,Growth
2014-04-01,4.69328316376705,7.80687553566333,6.576,38.8222899319378,37.3712097956936,1707.48573136694,6.77959785217865,32.9441480248783,53.5124177356887,2014,3.069333326248896,43361.0,0.1624510735273361,4,2,4.69328316376705,4.69328316376705,5.05753695047252,3.142387220236094,3.2332072524274995,0.16839776132551446,0.18124667996465518,Growth
2014-05-01,4.69328316376705,7.80687553566333,6.576,38.8222899319378,37.3712097956936,1707.48573136694,6.77959785217865,32.9441480248783,53.5124177356887,2014,3.132023822693598,9062.0,0.1518869711594148,5,2,4.69328316376705,4.69328316376705,5.05753695047252,3.09124603725615,3.219290676923084,0.1600347922692911,0.17813338845978996,Growth
2014-06-01,4.69328316376705,7.80687553566333,6.576,38.8222899319378,37.3712097956936,1707.48573136694,6.77959785217865,32.9441480248783,53.5124177356887,2014,3.0978571346827914,49810.0,0.1586380884760902,6,2,4.69328316376705,4.69328316376705,5.05753695047252,3.099738094541762,3.2124912715356135,0.15765871105428034,0.17580987405633985,Growth
2014-07-01,4.69328316376705,7.80687553566333,6.576,38.8222899319378,37.3712097956936,1707.48573136694,6.77959785217865,32.9441480248783,53.5124177356887,2014,3.22590912472118,8382.0,0.1633839892304462,7,3,4.69328316376705,4.69328316376705,5.05753695047252,3.151930027365857,3.21946286559472,0.15796968295531708,0.1741156568940521,Growth
2014-08-01,4.69328316376705,7.80687553566333,6.576,38.8222899319378,37.3712097956936,1707.48573136694,6.77959785217865,32.9441480248783,53.5124177356887,2014,3.15764281863258,36634.0,0.1645028115738006,8,3,4.69328316376705,4.69328316376705,5.05753695047252,3.1604696926788507,3.209114918481966,0.16217496309344567,0.17236817174595387,Growth
2014-09-01,4.69328316376705,7.80687553566333,6.576,38.8222899319378,37.3712097956936,1707.48573136694,6.77959785217865,32.9441480248783,53.5124177356887,2014,3.091952392033168,10021.0,0.163570186631246,9,3,4.69328316376705,4.69328316376705,5.05753695047252,3.158501445128976,3.1940047016600235,0.16381899581183093,0.17024840715439607,Growth
2014-10-01,4.69328316376705,7.80687553566333,6.576,38.8222899319378,37.3712097956936,1707.48573136694,6.77959785217865,32.9441480248783,53.5124177356887,2014,3.036152165869008,5508.0,0.1589324176311493,10,4,4.69328316376705,4.69328316376705,5.05753695047252,3.0952491255115855,3.1734902082567955,0.1623351386120653,0.1677022497487126,Growth
2014-11-01,4.69328316376705,7.80687553566333,6.576,38.8222899319378,37.3712097956936,1707.48573136694,6.77959785217865,32.9441480248783,53.5124177356887,2014,3.017605241976286,72189.0,0.1584347158670425,11,4,4.69328316376705,4.69328316376705,5.05753695047252,3.048569933292821,3.156928143506643,0.16031244004314593,0.1657125071437265,Growth
2014-12-01,4.69328316376705,7.80687553566333,6.576,38.8222899319378,37.3712097956936,1707.48573136694,6.77959785217865,32.9441480248783,53.5124177356887,2014,2.898090915246444,7827.0,0.1586725530417069,12,4,4.69328316376705,4.69328316376705,5.05753695047252,2.9839494410305796,3.119961510922687,0.15867989551329956,0.16377560709345393,Growth
2015-01-01,2.92037511217961,10.1105928909618,5.951,37.1385258014734,42.7267429559224,1295.87788680068,4.98083656431146,33.65724911523,56.2204142195756,2015,2.653224992752075,7331.0,0.1553802605379711,1,1,4.69328316376705,4.69328316376705,4.69328316376705,2.8563070499916017,3.0614683557762845,0.15749584314890683,0.16154960651045092,Stable
2015-02-01,2.92037511217961,10.1105928909618,5.951,37.1385258014734,42.7267429559224,1295.87788680068,4.98083656431146,33.65724911523,56.2204142195756,2015,2.623631565194381,59404.0,0.149258891493082,2,1,2.92037511217961,4.69328316376705,4.69328316376705,2.7249824910642997,3.0063170385730302,0.15443723502425333,0.159239857607534,Stable
2015-03-01,2.92037511217961,10.1105928909618,5.951,37.1385258014734,42.7267429559224,1295.87788680068,4.98083656431146,33.65724911523,56.2204142195756,2015,2.707931821996516,12915.0,0.1375306567007845,3,1,2.92037511217961,4.69328316376705,4.69328316376705,2.6615961266476575,2.9759462768372433,0.14738993624394586,0.1568868846558392,Stable
2015-04-01,2.92037511217961,10.1105928909618,5.951,37.1385258014734,42.7267429559224,1295.87788680068,4.98083656431146,33.65724911523,56.2204142195756,2015,2.7527619089399065,40379.0,0.1358296004208651,4,2,2.92037511217961,2.92037511217961,4.69328316376705,2.694775098710268,2.9495653253948277,0.14087304953824387,0.15466842856363325,Stable
2015-05-01,2.92037511217961,10.1105928909618,5.951,37.1385258014734,42.7267429559224,1295.87788680068,4.98083656431146,33.65724911523,56.2204142195756,2015,2.89337500333786,12419.0,0.1383667864969798,5,2,2.92037511217961,2.92037511217961,4.69328316376705,2.7846895780914274,2.9296779237818495,0.13724234787287645,0.15354174650843036,Stable
2015-06-01,2.92037511217961,10.1105928909618,5.951,37.1385258014734,42.7267429559224,1295.87788680068,4.98083656431146,33.65724911523,56.2204142195756,2015,2.675340912558816,42969.0,0.1374014697291634,6,2,2.92037511217961,2.92037511217961,4.69328316376705,2.7738259416121944,2.8944682386048517,0.13719928554900276,0.15177202827951977,Stable
2015-07-01,2.92037511217961,10.1105928909618,5.951,37.1385258014734,42.7267429559224,1295.87788680068,4.98083656431146,33.65724911523,56.2204142195756,2015,2.482204556465149,14929.0,0.1312857561785241,7,3,2.92037511217961,2.92037511217961,4.69328316376705,2.683640157453942,2.832492857916849,0.13568467080155575,0.14909717552519294,Stable
2015-08-01,2.92037511217961,10.1105928909618,5.951,37.1385258014734,42.7267429559224,1295.87788680068,4.98083656431146,33.65724911523,56.2204142195756,2015,2.333214294342768,55373.0,0.125503404154664,8,3,2.92037511217961,2.92037511217961,4.69328316376705,2.496919921122244,2.7637904808926983,0.13139687668745048,0.14584722490693156,Stable
2015-09-01,2.92037511217961,10.1105928909618,5.951,37.1385258014734,42.7267429559224,1295.87788680068,4.98083656431146,33.65724911523,56.2204142195756,2015,2.370571431659517,12924.0,0.0999101322482932,9,3,2.92037511217961,2.92037511217961,4.69328316376705,2.395330094155811,2.703675400861561,0.1188997641938271,0.14054222037501882,Stable
2015-10-01,2.92037511217961,10.1105928909618,5.951,37.1385258014734,42.7267429559224,1295.87788680068,4.98083656431146,33.65724911523,56.2204142195756,2015,2.3678636334159155,6702.0,0.0835626369172876,10,4,2.92037511217961,2.92037511217961,4.69328316376705,2.3572164531394,2.6479846898238026,0.10299205777341493,0.13426140531553035,Stable
2015-11-01,2.92037511217961,10.1105928909618,5.951,37.1385258014734,42.7267429559224,1295.87788680068,4.98083656431146,33.65724911523,56.2204142195756,2015,2.1553750038146973,78234.0,0.0818810807097525,11,4,2.92037511217961,2.92037511217961,4.69328316376705,2.2979366896300433,2.576132169977004,0.08845128329177776,0.1278819357190895,Stable
2015-12-01,2.92037511217961,10.1105928909618,5.951,37.1385258014734,42.7267429559224,1295.87788680068,4.98083656431146,33.65724911523,56.2204142195756,2015,2.082159096544439,12487.0,0.0930091832642969,12,4,2.92037511217961,2.92037511217961,4.69328316376705,2.2017992445916836,2.5081378517518367,0.086150966963779,0.12240998823763867,Stable
2016-01-01,3.75510031678988,17.8697300795268,5.244,35.3246757489657,38.6338855056502,1239.08527877713,6.22847198956029,34.8771666095938,54.1825064091292,2016,2.0094473424710726,8215.0,0.0903350317052432,1,1,2.92037511217961,2.92037511217961,2.92037511217961,2.0823271476100698,2.4544897142284197,0.08840843189309754,0.11698955250157801,Stable
2016-02-01,3.75510031678988,17.8697300795268,5.244,35.3246757489657,38.6338855056502,1239.08527877713,6.22847198956029,34.8771666095938,54.1825064091292,2016,2.0750500202178954,54658.0,0.0886285060218402,2,1,3.75510031678988,2.92037511217961,2.92037511217961,2.055552153077802,2.4087745854803795,0.09065757366379344,0.11193702037897456,Stable
2016-03-01,3.75510031678988,17.8697300795268,5.244,35.3246757489657,38.6338855056502,1239.08527877713,6.22847198956029,34.8771666095938,54.1825064091292,2016,2.231590877879749,11551.0,0.0885119451128918,3,1,3.75510031678988,2.92037511217961,2.92037511217961,2.105362746856239,2.369079506803982,0.08915849427999173,0.10785212774665015,Stable
2016-04-01,3.75510031678988,17.8697300795268,5.244,35.3246757489657,38.6338855056502,1239.08527877713,6.22847198956029,34.8771666095938,54.1825064091292,2016,2.182880980627877,53234.0,0.1027155025374321,4,2,3.75510031678988,3.75510031678988,2.92037511217961,2.163173959575174,2.321589429444646,0.09328531789072136,0.1050926195896974,Stable
2016-05-01,3.75510031678988,17.8697300795268,5.244,35.3246757489657,38.6338855056502,1239.08527877713,6.22847198956029,34.8771666095938,54.1825064091292,2016,2.1114285786946616,12774.0,0.1003909270194443,5,2,3.75510031678988,3.75510031678988,2.92037511217961,2.1753001457340964,2.2564272273910464,0.09720612488992274,0.1019279646332361,Stable
2016-06-01,3.75510031678988,17.8697300795268,5.244,35.3246757489657,38.6338855056502,1239.08527877713,6.22847198956029,34.8771666095938,54.1825064091292,2016,2.097704540599476,51990.0,0.0935665169222788,6,2,3.75510031678988,3.75510031678988,2.92037511217961,2.1306713666406716,2.2082908630611016,0.09889098215971841,0.09827505189932906,Stable
2016-07-01,3.75510031678988,17.8697300795268,5.244,35.3246757489657,38.6338855056502,1239.08527877713,6.22847198956029,34.8771666095938,54.1825064091292,2016,2.207324981689453,12561.0,0.1018489038660412,7,3,3.75510031678988,3.75510031678988,2.92037511217961,2.13881936699453,2.1853842318297936,0.09860211593592143,0.09582198087328882,Stable
2016-08-01,3.75510031678988,17.8697300795268,5.244,35.3246757489657,38.6338855056502,1239.08527877713,6.22847198956029,34.8771666095938,54.1825064091292,2016,2.140956546949304,36717.0,0.0998311739252961,8,3,3.75510031678988,3.75510031678988,2.92037511217961,2.1486620230794116,2.169362752880338,0.09841553157120536,0.09368262835417483,Stable
2016-09-01,3.75510031678988,17.8697300795268,5.244,35.3246757489657,38.6338855056502,1239.08527877713,6.22847198956029,34.8771666095938,54.1825064091292,2016,2.137523810068766,14058.0,0.1008621410212733,9,3,3.75510031678988,3.75510031678988,2.92037511217961,2.161935112902508,2.1499421177477758,0.10084740627087019,0.09376196241858985,Stable
2016-10-01,3.75510031678988,17.8697300795268,5.244,35.3246757489657,38.6338855056502,1239.08527877713,6.22847198956029,34.8771666095938,54.1825064091292,2016,2.137574982643128,6696.0,0.1014065508331571,10,4,3.75510031678988,3.75510031678988,2.92037511217961,2.1386851132203994,2.130751396850043,0.10069995525990884,0.0952489552449123,Stable
2016-11-01,3.75510031678988,17.8697300795268,5.244,35.3246757489657,38.6338855056502,1239.08527877713,6.22847198956029,34.8771666095938,54.1825064091292,2016,2.4643749952316285,102156.0,0.1021889272061261,11,4,3.75510031678988,3.75510031678988,2.92037511217961,2.2464912626478406,2.1565013961347876,0.10148587302018551,0.09694127578627676,Stable
2016-12-01,3.75510031678988,17.8697300795268,5.244,35.3246757489657,38.6338855056502,1239.08527877713,6.22847198956029,34.8771666095938,54.1825064091292,2016,2.566833303088233,12458.0,0.1021103750575672,12,4,3.75510031678988,3.75510031678988,2.92037511217961,2.3895944269876632,2.1968909133467704,0.10190195103228346,0.09769970843571596,Stable
2017-01-01,3.52586277149926,6.57731154205644,4.529,34.9928577635918,36.5928368906648,1483.46577328065,4.0242711937365,37.3040449214626,52.0938849633709,2017,2.618625009059906,9625.0,0.101207865232771,1,1,3.75510031678988,3.75510031678988,3.75510031678988,2.5499444357932557,2.24765571889584,0.10183572249882145,0.09860577789634327,Stable
2017-02-01,3.52586277149926,6.57731154205644,4.529,34.9928577635918,36.5928368906648,1483.46577328065,4.0242711937365,37.3040449214626,52.0938849633709,2017,2.6942631570916427,74239.0,0.1027423694729805,2,1,3.52586277149926,3.75510031678988,3.75510031678988,2.626573823079927,2.299256813635319,0.10202020325443957,0.09978193318393828,Stable
2017-03-01,3.52586277149926,6.57731154205644,4.529,34.9928577635918,36.5928368906648,1483.46577328065,4.0242711937365,37.3040449214626,52.0938849633709,2017,2.641217376874841,13947.0,0.1047292989881142,3,1,3.52586277149926,3.75510031678988,3.75510031678988,2.65136851434213,2.3333923552182427,0.10289317789795523,0.10113337934020683,Stable
2017-04-01,3.52586277149926,6.57731154205644,4.529,34.9928577635918,36.5928368906648,1483.46577328065,4.0242711937365,37.3040449214626,52.0938849633709,2017,2.586263129585668,81019.0,0.1062587488442659,4,2,3.52586277149926,3.52586277149926,3.75510031678988,2.6405812211840503,2.367007534298059,0.10457680576845352,0.10142864986577632,Stable
2017-05-01,3.52586277149926,6.57731154205644,4.529,34.9928577635918,36.5928368906648,1483.46577328065,4.0242711937365,37.3040449214626,52.0938849633709,2017,2.549022739583796,14706.0,0.1085242897919986,5,2,3.52586277149926,3.52586277149926,3.75510031678988,2.592167748681435,2.4034737143721534,0.10650411254145957,0.1021064300968225,Stable
2017-06-01,3.52586277149926,6.57731154205644,4.529,34.9928577635918,36.5928368906648,1483.46577328065,4.0242711937365,37.3040449214626,52.0938849633709,2017,2.6019318212162363,53936.0,0.1087575090879743,6,2,3.52586277149926,3.52586277149926,3.75510031678988,2.5790725634619,2.4454926544235502,0.10784684924141293,0.10337234611063047,Stable
2017-07-01,3.52586277149926,6.57731154205644,4.529,34.9928577635918,36.5928368906648,1483.46577328065,4.0242711937365,37.3040449214626,52.0938849633709,2017,2.7288250088691712,12888.0,0.1125539291650056,7,3,3.52586277149926,3.52586277149926,3.75510031678988,2.6265931898897343,2.4889509900218605,0.1099452426816595,0.10426443155221082,Stable
2017-08-01,3.52586277149926,6.57731154205644,4.529,34.9928577635918,36.5928368906648,1483.46577328065,4.0242711937365,37.3040449214626,52.0938849633709,2017,2.958782621051954,154449.0,0.1116741199208342,8,3,3.52586277149926,3.52586277149926,3.75510031678988,2.763179817045787,2.5571031628637475,0.11099518605793803,0.10525134371850565,Stable
2017-09-01,3.52586277149926,6.57731154205644,4.529,34.9928577635918,36.5928368906648,1483.46577328065,4.0242711937365,37.3040449214626,52.0938849633709,2017,2.9840500235557554,26439.0,0.1070562036974089,9,3,3.52586277149926,3.52586277149926,3.75510031678988,2.8905525511589603,2.6276470139876635,0.1104280842610829,0.10576751560818363,Stable
2017-10-01,3.52586277149926,6.57731154205644,4.529,34.9928577635918,36.5928368906648,1483.46577328065,4.0242711937365,37.3040449214626,52.0938849633709,2017,3.095590916546908,11021.0,0.102948248386383,10,4,3.52586277149926,3.52586277149926,3.75510031678988,3.012807853718206,2.7074816751463118,0.1072261906682087,0.10589599040428578,Stable
2017-11-01,3.52586277149926,6.57731154205644,4.529,34.9928577635918,36.5928368906648,1483.46577328065,4.0242711937365,37.3040449214626,52.0938849633709,2017,3.094166642143613,100589.0,0.1000769989831107,11,4,3.52586277149926,3.52586277149926,3.75510031678988,3.0579358607487586,2.759964312388977,0.10336048368896754,0.10571999638570118,Stable
2017-12-01,3.52586277149926,6.57731154205644,4.529,34.9928577635918,36.5928368906648,1483.46577328065,4.0242711937365,37.3040449214626,52.0938849633709,2017,3.098249995708465,17349.0,0.1003906939710889,12,4,3.52586277149926,3.52586277149926,3.75510031678988,3.096002518132995,2.8042490367739963,0.10113864711352755,0.10557668962849465,Stable
2018-01-01,4.03449389667165,7.4945719272852,5.032,37.9574045480394,36.9309649794271,1463.89997855593,3.34112399209449,34.4853215849232,54.2445428614432,2018,3.194699990749359,10321.0,0.1019744027567946,1,1,3.52586277149926,3.52586277149926,3.52586277149926,3.129038876200479,2.8522552852481176,0.10081403190366474,0.10564056775549663,Growth
2018-02-01,4.03449389667165,7.4945719272852,5.032,37.9574045480394,36.9309649794271,1463.89997855593,3.34112399209449,34.4853215849232,54.2445428614432,2018,3.16744737876089,78844.0,0.1024215593934059,2,1,4.03449389667165,3.52586277149926,3.52586277149926,3.1534657884062383,2.891687303720555,0.1015955520404298,0.10561383358219874,Growth
2018-03-01,4.03449389667165,7.4945719272852,5.032,37.9574045480394,36.9309649794271,1463.89997855593,3.34112399209449,34.4853215849232,54.2445428614432,2018,3.066833348501296,16222.0,0.1043510311706499,3,1,4.03449389667165,3.52586277149926,3.52586277149926,3.1429935726705147,2.9271553013560925,0.10291566444028345,0.1055823112640767,Growth
2018-04-01,4.03449389667165,7.4945719272852,5.032,37.9574045480394,36.9309649794271,1463.89997855593,3.34112399209449,34.4853215849232,54.2445428614432,2018,3.087642862683251,83396.0,0.1055254549497649,4,2,4.03449389667165,4.03449389667165,3.52586277149926,3.1073078633151456,2.968936945780891,0.10409934850460689,0.10552120343953496,Growth
2018-05-01,4.03449389667165,7.4945719272852,5.032,37.9574045480394,36.9309649794271,1463.89997855593,3.34112399209449,34.4853215849232,54.2445428614432,2018,3.064022725278681,17452.0,0.099341444671154,5,2,4.03449389667165,4.03449389667165,3.52586277149926,3.0728329788210758,3.011853611255465,0.1030726435971896,0.10475596634613125,Growth
2018-06-01,4.03449389667165,7.4945719272852,5.032,37.9574045480394,36.9309649794271,1463.89997855593,3.34112399209449,34.4853215849232,54.2445428614432,2018,3.117142847606114,79824.0,0.0996399046409697,6,2,4.03449389667165,4.03449389667165,3.52586277149926,3.089602811856015,3.0547878634546213,0.10150226808729619,0.10399616597554752,Growth
2018-07-01,4.03449389667165,7.4945719272852,5.032,37.9574045480394,36.9309649794271,1463.89997855593,3.34112399209449,34.4853215849232,54.2445428614432,2018,2.7912618886856806,18177.0,0.1013224348425865,7,3,4.03449389667165,4.03449389667165,3.52586277149926,2.990809153856825,3.059990936772664,0.1001012613849034,0.10306020811534594,Growth
2018-08-01,4.03449389667165,7.4945719272852,5.032,37.9574045480394,36.9309649794271,1463.89997855593,3.34112399209449,34.4853215849232,54.2445428614432,2018,2.6938695492951767,83891.0,0.0993925618088763,8,3,4.03449389667165,4.03449389667165,3.52586277149926,2.867424761862324,3.0379148474595996,0.10011830043081082,0.10203674493934944,Growth
2018-09-01,4.03449389667165,7.4945719272852,5.032,37.9574045480394,36.9309649794271,1463.89997855593,3.34112399209449,34.4853215849232,54.2445428614432,2018,2.6923157666858875,17187.0,0.0924691669642925,9,3,4.03449389667165,4.03449389667165,3.52586277149926,2.725815734888915,3.0136036593871105,0.09772805453858512,0.10082115854492307,Growth
2018-10-01,4.03449389667165,7.4945719272852,5.032,37.9574045480394,36.9309649794271,1463.89997855593,3.34112399209449,34.4853215849232,54.2445428614432,2018,2.7593478327212124,11464.0,0.0843113521518914,10,4,4.03449389667165,4.03449389667165,3.52586277149926,2.7151777162340927,2.9855834024016357,0.09205769364168674,0.09926808385871545,Growth
2018-11-01,4.03449389667165,7.4945719272852,5.032,37.9574045480394,36.9309649794271,1463.89997855593,3.34112399209449,34.4853215849232,54.2445428614432,2018,2.7509762105487643,66757.0,0.0846195647662336,11,4,4.03449389667165,4.03449389667165,3.52586277149926,2.734213269985288,2.9569841997687316,0.08713336129413918,0.09797996434064236,Growth
2018-12-01,4.03449389667165,7.4945719272852,5.032,37.9574045480394,36.9309649794271,1463.89997855593,3.34112399209449,34.4853215849232,54.2445428614432,2018,2.721026295109799,15856.0,0.0840100731168474,12,4,4.03449389667165,4.03449389667165,3.52586277149926,2.743783446126592,2.925548891385509,0.0843136633449908,0.09661491260278889,Growth
2019-01-01,1.44130602603785,9.15031644316296,5.538,34.6361926031881,34.1550123329079,1258.98619844462,2.86077493680796,34.9419812171167,54.6037591025552,2019,2.682380960101173,8733.0,0.0839034908491632,1,1,4.03449389667165,4.03449389667165,4.03449389667165,2.718127821919912,2.8828556388314936,0.08417770957741473,0.09510900327715294,Decline
2019-02-01,1.44130602603785,9.15031644316296,5.538,34.6361926031881,34.1550123329079,1258.98619844462,2.86077493680796,34.9419812171167,54.6037591025552,2019,2.855657903771652,78278.0,0.084089982137084,2,1,1.44130602603785,4.03449389667165,4.03449389667165,2.753021719660875,2.8568731825823908,0.08400118203436487,0.09358137183912611,Decline
2019-03-01,1.44130602603785,9.15031644316296,5.538,34.6361926031881,34.1550123329079,1258.98619844462,2.86077493680796,34.9419812171167,54.6037591025552,2019,2.899738130115328,12977.0,0.0832736201229549,3,1,1.44130602603785,4.03449389667165,4.03449389667165,2.8125923313293844,2.8429485810502264,0.08375569770306739,0.09182492091848486,Decline
2019-04-01,1.44130602603785,9.15031644316296,5.538,34.6361926031881,34.1550123329079,1258.98619844462,2.86077493680796,34.9419812171167,54.6037591025552,2019,2.9200714429219565,78113.0,0.0815686363388191,4,2,1.44130602603785,1.44130602603785,4.03449389667165,2.8918224922696454,2.8289842960701184,0.082977412866286,0.0898285193675727,Decline
2019-05-01,1.44130602603785,9.15031644316296,5.538,34.6361926031881,34.1550123329079,1258.98619844462,2.86077493680796,34.9419812171167,54.6037591025552,2019,2.7428181821649726,13522.0,0.0762220638042146,5,2,1.44130602603785,1.44130602603785,4.03449389667165,2.8542092517340856,2.8022172508106435,0.08035477342199619,0.08790190429532775,Decline
2019-06-01,1.44130602603785,9.15031644316296,5.538,34.6361926031881,34.1550123329079,1258.98619844462,2.86077493680796,34.9419812171167,54.6037591025552,2019,2.6784250140190125,70044.0,0.0767097599804401,6,2,1.44130602603785,1.44130602603785,4.03449389667165,2.780438213035314,2.7656574313450513,0.07816682004115794,0.0859910589069503,Decline
2019-07-01,1.44130602603785,9.15031644316296,5.538,34.6361926031881,34.1550123329079,1258.98619844462,2.86077493680796,34.9419812171167,54.6037591025552,2019,2.686568184332414,15548.0,0.0786080039713693,7,3,1.44130602603785,1.44130602603785,4.03449389667165,2.702603793505466,2.756932955982279,0.07717994258534133,0.08409818966768219,Decline
2019-08-01,1.44130602603785,9.15031644316296,5.538,34.6361926031881,34.1550123329079,1258.98619844462,2.86077493680796,34.9419812171167,54.6037591025552,2019,2.572431813586842,84170.0,0.0769072889604351,8,3,1.44130602603785,1.44130602603785,4.03449389667165,2.645808337312756,2.746813144673251,0.07740835097074816,0.0822244169303121,Decline
2019-09-01,1.44130602603785,9.15031644316296,5.538,34.6361926031881,34.1550123329079,1258.98619844462,2.86077493680796,34.9419812171167,54.6037591025552,2019,2.59740002155304,15350.0,0.0761755037875402,9,3,1.44130602603785,1.44130602603785,4.03449389667165,2.6188000064907655,2.7389034992455144,0.07723026557311487,0.08086661166558275,Decline
2019-10-01,1.44130602603785,9.15031644316296,5.538,34.6361926031881,34.1550123329079,1258.98619844462,2.86077493680796,34.9419812171167,54.6037591025552,2019,2.6116521669470747,10037.0,0.0761150478020958,10,4,1.44130602603785,1.44130602603785,4.03449389667165,2.5938280006956522,2.7265955270976687,0.07639928018335702,0.08018358630309978,Decline
2019-11-01,1.44130602603785,9.15031644316296,5.538,34.6361926031881,34.1550123329079,1258.98619844462,2.86077493680796,34.9419812171167,54.6037591025552,2019,2.6546250104904177,89370.0,0.0721037004675183,11,4,1.44130602603785,1.44130602603785,4.03449389667165,2.621225732996844,2.7185662604261402,0.07479808401905143,0.07914059761154017,Decline
2019-12-01,1.44130602603785,9.15031644316296,5.538,34.6361926031881,34.1550123329079,1258.98619844462,2.86077493680796,34.9419812171167,54.6037591025552,2019,2.7702857085636685,15237.0,0.0699852393432097,12,4,1.44130602603785,1.44130602603785,4.03449389667165,2.67885429533372,2.7226712115472957,0.07273466253760792,0.07797186146373702,Decline
2020-01-01,-2.78505506545167,15.7330604721369,6.032,46.7201864691576,32.4866629404379,951.644316655957,2.97263384548847,40.1976896628281,53.6857479089843,2020,2.7496666340600875,8696.0,0.0698274396683858,1,1,1.44130602603785,1.44130602603785,1.44130602603785,2.7248591177047246,2.728278351043872,0.0706387931597046,0.07679885719867224,Decline
2020-02-01,-2.78505506545167,15.7330604721369,6.032,46.7201864691576,32.4866629404379,951.644316655957,2.97263384548847,40.1976896628281,53.6857479089843,2020,2.58381576287119,87881.0,0.0683214120566844,2,1,-2.78505506545167,1.44130602603785,1.44130602603785,2.7012560351649824,2.705624839302167,0.0693780303560933,0.07548480969197228,Decline
2020-03-01,-2.78505506545167,15.7330604721369,6.032,46.7201864691576,32.4866629404379,951.644316655957,2.97263384548847,40.1976896628281,53.6857479089843,2020,2.3671363483775747,14253.0,0.0617439326914873,3,1,-2.78505506545167,1.44130602603785,1.44130602603785,2.566872915102951,2.6612413574906877,0.0666309281388525,0.0736906690726833,Decline
2020-04-01,-2.78505506545167,15.7330604721369,6.032,46.7201864691576,32.4866629404379,951.644316655957,2.97263384548847,40.1976896628281,53.6857479089843,2020,2.3063095183599565,37788.0,0.0539809362116185,4,2,-2.78505506545167,-2.78505506545167,1.44130602603785,2.419087209869574,2.6100945304438543,0.06134876031993008,0.07139169406208325,Decline
2020-05-01,-2.78505506545167,15.7330604721369,6.032,46.7201864691576,32.4866629404379,951.644316655957,2.97263384548847,40.1976896628281,53.6857479089843,2020,2.38714998960495,9366.0,0.0549429740224565,5,2,-2.78505506545167,-2.78505506545167,1.44130602603785,2.35353195211416,2.5804555143971855,0.05688928097518744,0.06961843658027007,Decline
2020-06-01,-2.78505506545167,15.7330604721369,6.032,46.7201864691576,32.4866629404379,951.644316655957,2.97263384548847,40.1976896628281,53.6857479089843,2020,2.5980454574931757,50362.0,0.0553174379535696,6,2,-2.78505506545167,-2.78505506545167,1.44130602603785,2.430501655152694,2.5737572180200328,0.0547471160625482,0.06783574307803088,Decline
2020-07-01,-2.78505506545167,15.7330604721369,6.032,46.7201864691576,32.4866629404379,951.644316655957,2.97263384548847,40.1976896628281,53.6857479089843,2020,2.865999991243536,14558.0,0.0553038138086381,7,3,-2.78505506545167,-2.78505506545167,1.44130602603785,2.6170651461138874,2.5887098685959593,0.05518807526155473,0.06589372723113661,Decline
2020-08-01,-2.78505506545167,15.7330604721369,6.032,46.7201864691576,32.4866629404379,951.644316655957,2.97263384548847,40.1976896628281,53.6857479089843,2020,2.9175237814585366,67783.0,0.0536213990833078,8,3,-2.78505506545167,-2.78505506545167,1.44130602603785,2.7938564100650827,2.6174675325852674,0.0547475502818385,0.06395323640804267,Decline
2020-09-01,-2.78505506545167,15.7330604721369,6.032,46.7201864691576,32.4866629404379,951.644316655957,2.97263384548847,40.1976896628281,53.6857479089843,2020,3.0230238210587275,13064.0,0.050552152943882,9,3,-2.78505506545167,-2.78505506545167,1.44130602603785,2.9355158645869337,2.652936182544075,0.053159121945275965,0.06181795717107114,Decline
2020-10-01,-2.78505506545167,15.7330604721369,6.032,46.7201864691576,32.4866629404379,951.644316655957,2.97263384548847,40.1976896628281,53.6857479089843,2020,3.05695454640822,8811.0,0.0496620915152809,10,4,-2.78505506545167,-2.78505506545167,1.44130602603785,2.9991673829751613,2.6900447141658366,0.05127854784749023,0.059613544147169906,Decline
2020-11-01,-2.78505506545167,15.7330604721369,6.032,46.7201864691576,32.4866629404379,951.644316655957,2.97263384548847,40.1976896628281,53.6857479089843,2020,3.203374981880188,76284.0,0.0481031976995014,11,4,-2.78505506545167,-2.78505506545167,1.44130602603785,3.0944511164490454,2.735773878448317,0.04943914738622143,0.05761350224983517,Decline
2020-12-01,-2.78505506545167,15.7330604721369,6.032,46.7201864691576,32.4866629404379,951.644316655957,2.97263384548847,40.1976896628281,53.6857479089843,2020,3.5347045118158515,17277.0,0.0475040565690268,12,4,-2.78505506545167,-2.78505506545167,1.44130602603785,3.2650113467014203,2.7994754453859994,0.048423115261269696,0.05574007035198659,Decline
2021-01-01,6.23492204726448,22.0207676245777,5.197,52.2160900183192,33.9924211751453,1127.16077872857,3.00091831533747,41.8319384724467,50.9368691958614,2021,3.6231842041015625,13114.0,0.0470579284287634,1,1,-2.78505506545167,-2.78505506545167,-2.78505506545167,3.453754565932534,2.872268576222789,0.0475550608990972,0.053842611082018065,Growth
2021-02-01,6.23492204726448,22.0207676245777,5.197,52.2160900183192,33.9924211751453,1127.16077872857,3.00091831533747,41.8319384724467,50.9368691958614,2021,3.8612631747597135,103789.0,0.0464019460603594,2,1,6.23492204726448,-2.78505506545167,-2.78505506545167,3.6730506302257093,2.9787225272134994,0.0469879770193832,0.05201598891565764,Growth
2021-03-01,6.23492204726448,22.0207676245777,5.197,52.2160900183192,33.9924211751453,1127.16077872857,3.00091831533747,41.8319384724467,50.9368691958614,2021,4.088282574778018,16894.0,0.045587464519169,3,1,6.23492204726448,-2.78505506545167,-2.78505506545167,3.8575766512130976,3.1221513794135363,0.04634911300276393,0.050669616567964454,Growth
2021-04-01,6.23492204726448,22.0207676245777,5.197,52.2160900183192,33.9924211751453,1127.16077872857,3.00091831533747,41.8319384724467,50.9368691958614,2021,4.247833365485782,67171.0,0.0451817475259304,4,2,6.23492204726448,6.23492204726448,-2.78505506545167,4.0657930383411705,3.283945033340688,0.045723719368486265,0.04993635084415712,Growth
2021-05-01,6.23492204726448,22.0207676245777,5.197,52.2160900183192,33.9924211751453,1127.16077872857,3.00091831533747,41.8319384724467,50.9368691958614,2021,4.63534996509552,16428.0,0.0446840975256193,5,2,6.23492204726448,6.23492204726448,-2.78505506545167,4.323821968453106,3.471295031298236,0.04515110319023957,0.04908144446942068,Growth
2021-06-01,6.23492204726448,22.0207676245777,5.197,52.2160900183192,33.9924211751453,1127.16077872857,3.00091831533747,41.8319384724467,50.9368691958614,2021,4.398318182338368,50263.0,0.0443795677274465,6,2,6.23492204726448,6.23492204726448,-2.78505506545167,4.427167170973223,3.6213177583686686,0.04474847092633207,0.04816995528391041,Growth
2021-07-01,6.23492204726448,22.0207676245777,5.197,52.2160900183192,33.9924211751453,1127.16077872857,3.00091831533747,41.8319384724467,50.9368691958614,2021,4.354785714830671,13038.0,0.0458851028233766,7,3,6.23492204726448,6.23492204726448,-2.78505506545167,4.4628179540881865,3.745383235334263,0.044982922692147466,0.04738506270180529,Growth
2021-08-01,6.23492204726448,22.0207676245777,5.197,52.2160900183192,33.9924211751453,1127.16077872857,3.00091831533747,41.8319384724467,50.9368691958614,2021,4.292295455932617,41164.0,0.0550880181518468,8,3,6.23492204726448,6.23492204726448,-2.78505506545167,4.348466451033885,3.859947541540437,0.0484508962342233,0.04750728095751686,Growth
2021-09-01,6.23492204726448,22.0207676245777,5.197,52.2160900183192,33.9924211751453,1127.16077872857,3.00091831533747,41.8319384724467,50.9368691958614,2021,4.265380950201125,15652.0,0.0614004551687023,9,3,6.23492204726448,6.23492204726448,-2.78505506545167,4.304154040321471,3.9634773023023033,0.05412452538130857,0.048411306142918574,Growth
2021-10-01,6.23492204726448,22.0207676245777,5.197,52.2160900183192,33.9924211751453,1127.16077872857,3.00091831533747,41.8319384724467,50.9368691958614,2021,4.451119082314627,11041.0,0.0588974723858492,10,4,6.23492204726448,6.23492204726448,-2.78505506545167,4.336265162816123,4.0796576802945035,0.058461981902132774,0.04918092121546593,Growth
2021-11-01,6.23492204726448,22.0207676245777,5.197,52.2160900183192,33.9924211751453,1127.16077872857,3.00091831533747,41.8319384724467,50.9368691958614,2021,4.365738142104376,65606.0,0.0572182192382487,11,4,6.23492204726448,6.23492204726448,-2.78505506545167,4.3607460582067095,4.1765212769798525,0.0591720489309334,0.04994050634369487,Growth
2021-12-01,6.23492204726448,22.0207676245777,5.197,52.2160900183192,33.9924211751453,1127.16077872857,3.00091831533747,41.8319384724467,50.9368691958614,2021,4.332999988035723,16199.0,0.0597317243075889,12,4,6.23492204726448,6.23492204726448,-2.78505506545167,4.383285737484909,4.243045899998175,0.05861580531056226,0.050959478655241704,Growth
2022-01-01,5.21122360356247,10.9932039209136,5.993,40.1939977114306,29.1033177078897,1447.12310138035,3.09401583407622,35.2838210182449,55.5345677860761,2022,4.431124973297119,18771.0,0.0583731237621534,1,1,6.23492204726448,6.23492204726448,6.23492204726448,4.376621034479073,4.310374297431138,0.058441022435997,0.05190241159969087,Growth
2022-02-01,5.21122360356247,10.9932039209136,5.993,40.1939977114306,29.1033177078897,1447.12310138035,3.09401583407622,35.2838210182449,55.5345677860761,2022,4.502105286246852,75732.0,0.0554182041436433,2,1,5.21122360356247,6.23492204726448,6.23492204726448,4.422076749193232,4.363777806721733,0.05784101740446187,0.052653766439964535,Growth
2022-03-01,5.21122360356247,10.9932039209136,5.993,40.1939977114306,29.1033177078897,1447.12310138035,3.09401583407622,35.2838210182449,55.5345677860761,2022,4.682282613671345,20263.0,0.0559873684592868,3,1,5.21122360356247,6.23492204726448,6.23492204726448,4.538504291071772,4.413277809962843,0.056592898788361164,0.05352042510164101,Growth
2022-04-01,5.21122360356247,10.9932039209136,5.993,40.1939977114306,29.1033177078897,1447.12310138035,3.09401583407622,35.2838210182449,55.5345677860761,2022,4.637624979019165,38981.0,0.0575602930926141,4,2,5.21122360356247,5.21122360356247,6.23492204726448,4.607337626312454,4.44576044442396,0.05632195523184807,0.05455197056553132,Growth
2022-05-01,5.21122360356247,10.9932039209136,5.993,40.1939977114306,29.1033177078897,1447.12310138035,3.09401583407622,35.2838210182449,55.5345677860761,2022,4.24928567523048,17425.0,0.0587797576392238,5,2,5.21122360356247,5.21122360356247,6.23492204726448,4.5230644226403305,4.413588420268539,0.057442473063708234,0.0557266089083317,Growth
2022-06-01,5.21122360356247,10.9932039209136,5.993,40.1939977114306,29.1033177078897,1447.12310138035,3.09401583407622,35.2838210182449,55.5345677860761,2022,4.125404732567923,40767.0,0.0589399376714771,6,2,5.21122360356247,5.21122360356247,6.23492204726448,4.337438462272523,4.390845632787669,0.058426662801105,0.05693997307033425,Growth
2022-07-01,5.21122360356247,10.9932039209136,5.993,40.1939977114306,29.1033177078897,1447.12310138035,3.09401583407622,35.2838210182449,55.5345677860761,2022,3.3961000084877013,12369.0,0.0608950606769039,7,3,5.21122360356247,5.21122360356247,6.23492204726448,3.923596805428702,4.310955157259088,0.05953825199586827,0.05819080289146152,Growth
2022-08-01,5.21122360356247,10.9932039209136,5.993,40.1939977114306,29.1033177078897,1447.12310138035,3.09401583407622,35.2838210182449,55.5345677860761,2022,3.615000009536743,39351.0,0.0622308519871338,8,3,5.21122360356247,5.21122360356247,6.23492204726448,3.7121682501974558,4.254513870059432,0.060688616778504935,0.05878603904440211,Growth
2022-09-01,5.21122360356247,10.9932039209136,5.993,40.1939977114306,29.1033177078897,1447.12310138035,3.09401583407622,35.2838210182449,55.5345677860761,2022,3.48021430060977,13088.0,0.0643985195254737,9,3,5.21122360356247,5.21122360356247,6.23492204726448,3.4971047728780715,4.189083315926818,0.06250814406317047,0.05903587774079972,Growth
2022-10-01,5.21122360356247,10.9932039209136,5.993,40.1939977114306,29.1033177078897,1447.12310138035,3.09401583407622,35.2838210182449,55.5345677860761,2022,3.4738571303231374,8995.0,0.0630482752763089,10,4,5.21122360356247,5.21122360356247,6.23492204726448,3.5230238134898832,4.107644819927528,0.06322588226297214,0.05938177798167136,Growth
2022-11-01,5.21122360356247,10.9932039209136,5.993,40.1939977114306,29.1033177078897,1447.12310138035,3.09401583407622,35.2838210182449,55.5345677860761,2022,3.676833345776513,48806.0,0.0607684920118613,11,4,5.21122360356247,5.21122360356247,6.23492204726448,3.5436349255698065,4.050236086900206,0.0627384289378813,0.05967763404613908,Growth
2022-12-01,5.21122360356247,10.9932039209136,5.993,40.1939977114306,29.1033177078897,1447.12310138035,3.09401583407622,35.2838210182449,55.5345677860761,2022,3.8164523669651578,13818.0,0.0570487974380905,12,4,5.21122360356247,5.21122360356247,6.23492204726448,3.6557142810216026,4.007190451810992,0.06028852157542023,0.05945405680701422,Growth
2023-01-01,5.36794285493059,10.884531691282,5.861,40.8461239686718,37.3957630764767,1330.72780576709,2.23012034259343,35.107778069402,56.8167642432298,2023,4.122324979305267,10875.0,0.054304115474224,1,1,5.21122360356247,5.21122360356247,5.21122360356247,3.871870230682313,3.9814571189783377,0.057373801641391935,0.0591149727830201,Growth
2023-02-01,5.36794285493059,10.884531691282,5.861,40.8461239686718,37.3957630764767,1330.72780576709,2.23012034259343,35.107778069402,56.8167642432298,2023,4.088236833873548,71268.0,0.0518122741952538,2,1,5.36794285493059,5.21122360356247,5.21122360356247,4.009004726714657,3.9469680812805628,0.05438839570252277,0.05881447862065431,Growth
2023-03-01,5.36794285493059,10.884531691282,5.861,40.8461239686718,37.3957630764767,1330.72780576709,2.23012034259343,35.107778069402,56.8167642432298,2023,4.04915215658105,15059.0,0.0488530044322428,3,1,5.36794285493059,5.21122360356247,5.21122360356247,4.086571323253288,3.8942072098563707,0.051656464700573536,0.05821994828506732,Growth
2023-04-01,5.36794285493059,10.884531691282,5.861,40.8461239686718,37.3957630764767,1330.72780576709,2.23012034259343,35.107778069402,56.8167642432298,2023,4.000368406898097,52351.0,0.0537909904494881,4,2,5.36794285493059,5.36794285493059,5.21122360356247,4.045919132450899,3.841102495512949,0.051485423025661566,0.05790583973147348,Growth
2023-05-01,5.36794285493059,10.884531691282,5.861,40.8461239686718,37.3957630764767,1330.72780576709,2.23012034259343,35.107778069402,56.8167642432298,2023,3.741727276281877,13548.0,0.0541885432017886,5,2,5.36794285493059,5.36794285493059,5.21122360356247,3.9304159465870083,3.7988059622672323,0.0522775126945065,0.05752323852835387,Growth
2023-06-01,5.36794285493059,10.884531691282,5.861,40.8461239686718,37.3957630764767,1330.72780576709,2.23012034259343,35.107778069402,56.8167642432298,2023,3.795976196016584,34713.0,0.0536131906238469,6,2,5.36794285493059,5.36794285493059,5.21122360356247,3.8460239597321864,3.7713535842212873,0.053864241425041204,0.05707934294105136,Growth
2023-07-01,5.36794285493059,10.884531691282,5.861,40.8461239686718,37.3957630764767,1330.72780576709,2.23012034259343,35.107778069402,56.8167642432298,2023,3.8357000231742857,14797.0,0.0542759481994878,7,3,5.36794285493059,5.36794285493059,5.21122360356247,3.7911344984909157,3.8079869187785023,0.05402589400837443,0.05652775023460002,Growth
2023-08-01,5.36794285493059,10.884531691282,5.861,40.8461239686718,37.3957630764767,1330.72780576709,2.23012034259343,35.107778069402,56.8167642432298,2023,3.763304316479227,51432.0,0.0517076054668944,8,3,5.36794285493059,5.36794285493059,5.21122360356247,3.798326845223366,3.8203456110237095,0.0531989147634097,0.05565081302458006,Growth
2023-09-01,5.36794285493059,10.884531691282,5.861,40.8461239686718,37.3957630764767,1330.72780576709,2.23012034259343,35.107778069402,56.8167642432298,2023,3.722925019264221,16135.0,0.0484386902479898,9,3,5.36794285493059,5.36794285493059,5.21122360356247,3.7739764529725783,3.8405715042449136,0.05147408130479067,0.054320827251456406,Growth
2023-10-01,5.36794285493059,10.884531691282,5.861,40.8461239686718,37.3957630764767,1330.72780576709,2.23012034259343,35.107778069402,56.8167642432298,2023,3.599636359648271,10625.0,0.0466667339205741,10,4,5.36794285493059,5.36794285493059,5.21122360356247,3.695288565130573,3.8510531066886746,0.04893767654515276,0.052955698805145175,Growth
2023-11-01,5.36794285493059,10.884531691282,5.861,40.8461239686718,37.3957630764767,1330.72780576709,2.23012034259343,35.107778069402,56.8167642432298,2023,3.721113638444381,50776.0,0.0438015499914234,11,4,5.36794285493059,5.36794285493059,5.21122360356247,3.6812250057856244,3.8547431310776634,0.04630232471999576,0.05154178697010869,Growth
2023-12-01,5.36794285493059,10.884531691282,5.861,40.8461239686718,37.3957630764767,1330.72780576709,2.23012034259343,35.107778069402,56.8167642432298,2023,3.8515249848365785,15971.0,0.0405627146718047,12,4,5.36794285493059,5.36794285493059,5.21122360356247,3.7240916609764105,3.8576658492336158,0.04367699952793406,0.050167946739584864,Growth
2024-01-01,3.82004825518591,14.9856262747939,5.898,34.9818727491304,27.5530146573139,1187.10943350064,2.83370764465019,35.2465830565142,57.1882934058153,2024,3.812071425574167,9910.0,0.0381676807351734,1,1,5.36794285493059,5.36794285493059,5.36794285493059,3.7949033496183753,3.831811386422691,0.04084398179946717,0.04882324384466399,Stable
2024-02-01,3.82004825518591,14.9856262747939,5.898,34.9818727491304,27.5530146573139,1187.10943350064,2.83370764465019,35.2465830565142,57.1882934058153,2024,3.796625006198883,39340.0,0.0398026646247931,2,1,3.82004825518591,5.36794285493059,5.36794285493059,3.820073805536543,3.807510400783135,0.0395110200105904,0.047822443047125594,Stable
2024-03-01,3.82004825518591,14.9856262747939,5.898,34.9818727491304,27.5530146573139,1187.10943350064,2.83370764465019,35.2465830565142,57.1882934058153,2024,3.976425015926361,18033.0,0.0403495022938365,3,1,3.82004825518591,5.36794285493059,5.36794285493059,3.8617071492331374,3.8014498057285784,0.03943994921793433,0.047113817868925066,Stable
2024-04-01,3.82004825518591,14.9856262747939,5.898,34.9818727491304,27.5530146573139,1187.10943350064,2.83370764465019,35.2465830565142,57.1882934058153,2024,4.3609090718356045,77579.0,0.0396164576099677,4,2,3.82004825518591,3.82004825518591,5.36794285493059,4.044653031320283,3.8314948611400363,0.03992287484286577,0.04593260679896503,Stable
2024-05-01,3.82004825518591,14.9856262747939,5.898,34.9818727491304,27.5530146573139,1187.10943350064,2.83370764465019,35.2465830565142,57.1882934058153,2024,4.775068218057806,19419.0,0.0378078440933123,5,2,3.82004825518591,3.82004825518591,5.36794285493059,4.370800768606591,3.917606606288031,0.039257934665705506,0.04456754853992534,Stable
2024-06-01,3.82004825518591,14.9856262747939,5.898,34.9818727491304,27.5530146573139,1187.10943350064,2.83370764465019,35.2465830565142,57.1882934058153,2024,4.523131571317974,43154.0,0.038550522364676,6,2,3.82004825518591,3.82004825518591,5.36794285493059,4.553036287070461,3.978202887563146,0.03865827468931867,0.04331232618499443,Stable
2024-07-01,3.82004825518591,14.9856262747939,5.898,34.9818727491304,27.5530146573139,1187.10943350064,2.83370764465019,35.2465830565142,57.1882934058153,2024,4.352477247064764,14837.0,0.0395579456311205,7,3,3.82004825518591,3.82004825518591,5.36794285493059,4.550225678813514,4.021267656220687,0.0386387706963696,0.04208582597096383,Stable
2024-08-01,3.82004825518591,14.9856262747939,5.898,34.9818727491304,27.5530146573139,1187.10943350064,2.83370764465019,35.2465830565142,57.1882934058153,2024,4.095613631335172,38667.0,0.0384928467260165,8,3,3.82004825518591,3.82004825518591,5.36794285493059,4.323740816572637,4.048960099125348,0.038867104907271,0.04098459607589067,Stable
2024-09-01,3.82004825518591,14.9856262747939,5.898,34.9818727491304,27.5530146573139,1187.10943350064,2.83370764465019,35.2465830565142,57.1882934058153,2024,4.232799959182739,13126.0,0.0380121425148986,9,3,3.82004825518591,3.82004825518591,5.36794285493059,4.226963612527558,4.091449677451892,0.0386876449573452,0.04011571709813307,Stable
2024-10-01,3.82004825518591,14.9856262747939,5.898,34.9818727491304,27.5530146573139,1187.10943350064,2.83370764465019,35.2465830565142,57.1882934058153,2024,4.384630452031675,12343.0,0.0378084804700768,10,4,3.82004825518591,3.82004825518591,5.36794285493059,4.237681347516529,4.156865851817176,0.03810448990366397,0.03937752931059162,Stable
2024-11-01,3.82004825518591,14.9856262747939,5.898,34.9818727491304,27.5530146573139,1187.10943350064,2.83370764465019,35.2465830565142,57.1882934058153,2024,4.174549961090088,58494.0,0.0367177653880346,11,4,3.82004825518591,3.82004825518591,5.36794285493059,4.263993457434833,4.194652212037651,0.03751279612433667,0.03878721392697589,Stable
2024-12-01,3.82004825518591,14.9856262747939,5.898,34.9818727491304,27.5530146573139,1187.10943350064,2.83370764465019,35.2465830565142,57.1882934058153,2024,4.108428569067092,20099.0,0.036462707275694,12,4,3.82004825518591,3.82004825518591,5.36794285493059,4.222536327396285,4.2160608440568605,0.03699631771126847,0.03844554664396666,Stable
