"indicator","region","Unit","Date","Value"
"Alcoholic beverages and Tobacco","Zambia","Index","2010M1","105.11"
"Alcoholic beverages and Tobacco","Zambia","Index","2010M2","104.53"
"Alcoholic beverages and Tobacco","Zambia","Index","2010M3","104.87"
"Alcoholic beverages and Tobacco","Zambia","Index","2010M4","105.86"
"Alcoholic beverages and Tobacco","Zambia","Index","2010M5","103.12"
"Alcoholic beverages and Tobacco","Zambia","Index","2010M6","103.04"
"Alcoholic beverages and Tobacco","Zambia","Index","2010M7","103.53"
"Alcoholic beverages and Tobacco","Zambia","Index","2010M8","104.52"
"Alcoholic beverages and Tobacco","Zambia","Index","2010M9","104.11"
"Alcoholic beverages and Tobacco","Zambia","Index","2010M10","104.94"
"Alcoholic beverages and Tobacco","Zambia","Index","2010M11","105.08"
"Alcoholic beverages and Tobacco","Zambia","Index","2010M12","106.98"
"Alcoholic beverages and Tobacco","Zambia","Index","2011M1","106.6"
"Alcoholic beverages and Tobacco","Zambia","Index","2011M2","107.29"
"Alcoholic beverages and Tobacco","Zambia","Index","2011M3","107.05"
"Alcoholic beverages and Tobacco","Zambia","Index","2011M4","108.95"
"Alcoholic beverages and Tobacco","Zambia","Index","2011M5","108.33"
"Alcoholic beverages and Tobacco","Zambia","Index","2011M6","108.49"
"Alcoholic beverages and Tobacco","Zambia","Index","2011M7","108.52"
"Alcoholic beverages and Tobacco","Zambia","Index","2011M8","108.32"
"Alcoholic beverages and Tobacco","Zambia","Index","2011M9","108.09"
"Alcoholic beverages and Tobacco","Zambia","Index","2011M10","109.74"
"Alcoholic beverages and Tobacco","Zambia","Index","2011M11","109.33"
"Alcoholic beverages and Tobacco","Zambia","Index","2011M12","109.15"
"Alcoholic beverages and Tobacco","Zambia","Index","2012M1","109.1115"
"Alcoholic beverages and Tobacco","Zambia","Index","2012M2","110.4071"
"Alcoholic beverages and Tobacco","Zambia","Index","2012M3","110.7691"
"Alcoholic beverages and Tobacco","Zambia","Index","2012M4","111.605"
"Alcoholic beverages and Tobacco","Zambia","Index","2012M5","111.9164"
"Alcoholic beverages and Tobacco","Zambia","Index","2012M6","112.3767"
"Alcoholic beverages and Tobacco","Zambia","Index","2012M7","114.1647"
"Alcoholic beverages and Tobacco","Zambia","Index","2012M8","113.7189"
"Alcoholic beverages and Tobacco","Zambia","Index","2012M9","114.4158"
"Alcoholic beverages and Tobacco","Zambia","Index","2012M10","113.8533"
"Alcoholic beverages and Tobacco","Zambia","Index","2012M11","114.7542"
"Alcoholic beverages and Tobacco","Zambia","Index","2012M12","115.6138"
"Alcoholic beverages and Tobacco","Zambia","Index","2013M1","116.5684"
"Alcoholic beverages and Tobacco","Zambia","Index","2013M2","117.3285"
"Alcoholic beverages and Tobacco","Zambia","Index","2013M3","117.5502"
"Alcoholic beverages and Tobacco","Zambia","Index","2013M4","118.3749"
"Alcoholic beverages and Tobacco","Zambia","Index","2013M5","119.2254"
"Alcoholic beverages and Tobacco","Zambia","Index","2013M6","119.8048"
"Alcoholic beverages and Tobacco","Zambia","Index","2013M7","119.9438"
"Alcoholic beverages and Tobacco","Zambia","Index","2013M8","120.5899"
"Alcoholic beverages and Tobacco","Zambia","Index","2013M9","120.686"
"Alcoholic beverages and Tobacco","Zambia","Index","2013M10","121.2585"
"Alcoholic beverages and Tobacco","Zambia","Index","2013M11","122.3782"
"Alcoholic beverages and Tobacco","Zambia","Index","2013M12","123.5237"
"Alcoholic beverages and Tobacco","Zambia","Index","2014M1","129.3344"
"Alcoholic beverages and Tobacco","Zambia","Index","2014M2","131.6545"
"Alcoholic beverages and Tobacco","Zambia","Index","2014M3","133.8989"
"Alcoholic beverages and Tobacco","Zambia","Index","2014M4","134.8919"
"Alcoholic beverages and Tobacco","Zambia","Index","2014M5","136.1006"
"Alcoholic beverages and Tobacco","Zambia","Index","2014M6","136.2933"
"Alcoholic beverages and Tobacco","Zambia","Index","2014M7","136.8016"
"Alcoholic beverages and Tobacco","Zambia","Index","2014M8","137.5274"
"Alcoholic beverages and Tobacco","Zambia","Index","2014M9","137.6858"
"Alcoholic beverages and Tobacco","Zambia","Index","2014M10","138.2926"
"Alcoholic beverages and Tobacco","Zambia","Index","2014M11","138.5935"
"Alcoholic beverages and Tobacco","Zambia","Index","2014M12","139.3697"
"Alcoholic beverages and Tobacco","Zambia","Index","2015M1","139.982"
"Alcoholic beverages and Tobacco","Zambia","Index","2015M2","139.667"
"Alcoholic beverages and Tobacco","Zambia","Index","2015M3","140.0291"
"Alcoholic beverages and Tobacco","Zambia","Index","2015M4","140.9406"
"Alcoholic beverages and Tobacco","Zambia","Index","2015M5","141.4448"
"Alcoholic beverages and Tobacco","Zambia","Index","2015M6","141.5956"
"Alcoholic beverages and Tobacco","Zambia","Index","2015M7","143.1611"
"Alcoholic beverages and Tobacco","Zambia","Index","2015M8","143.9407"
"Alcoholic beverages and Tobacco","Zambia","Index","2015M9","144.9385"
"Alcoholic beverages and Tobacco","Zambia","Index","2015M10","151.5314"
"Alcoholic beverages and Tobacco","Zambia","Index","2015M11","159.5539"
"Alcoholic beverages and Tobacco","Zambia","Index","2015M12","160.4921"
"Alcoholic beverages and Tobacco","Zambia","Index","2016M1","162.3511"
"Alcoholic beverages and Tobacco","Zambia","Index","2016M2","166.2919"
"Alcoholic beverages and Tobacco","Zambia","Index","2016M3","168.496"
"Alcoholic beverages and Tobacco","Zambia","Index","2016M4","170.5781"
"Alcoholic beverages and Tobacco","Zambia","Index","2016M5","172.3909"
"Alcoholic beverages and Tobacco","Zambia","Index","2016M6","173.1649"
"Alcoholic beverages and Tobacco","Zambia","Index","2016M7","173.8267"
"Alcoholic beverages and Tobacco","Zambia","Index","2016M8","174.5201"
"Alcoholic beverages and Tobacco","Zambia","Index","2016M9","174.4702"
"Alcoholic beverages and Tobacco","Zambia","Index","2016M10","174.3562"
"Alcoholic beverages and Tobacco","Zambia","Index","2016M11","175.2274"
"Alcoholic beverages and Tobacco","Zambia","Index","2016M12","177.7645"
"Alcoholic beverages and Tobacco","Zambia","Index","2017M1","178.3841"
"Alcoholic beverages and Tobacco","Zambia","Index","2017M2","180.4448"
"Alcoholic beverages and Tobacco","Zambia","Index","2017M3","180.2746"
"Alcoholic beverages and Tobacco","Zambia","Index","2017M4","179.0722"
"Alcoholic beverages and Tobacco","Zambia","Index","2017M5","180.1116"
"Alcoholic beverages and Tobacco","Zambia","Index","2017M6","179.3884"
"Alcoholic beverages and Tobacco","Zambia","Index","2017M7","179.6789"
"Alcoholic beverages and Tobacco","Zambia","Index","2017M8","180.9495"
"Alcoholic beverages and Tobacco","Zambia","Index","2017M9","182.4242"
"Alcoholic beverages and Tobacco","Zambia","Index","2017M10","182.5766"
"Alcoholic beverages and Tobacco","Zambia","Index","2017M11","184.4157"
"Alcoholic beverages and Tobacco","Zambia","Index","2017M12","184.4103"
"Alcoholic beverages and Tobacco","Zambia","Index","2018M1","185.35"
"Alcoholic beverages and Tobacco","Zambia","Index","2018M2","185.91"
"Alcoholic beverages and Tobacco","Zambia","Index","2018M3","186.48"
"Alcoholic beverages and Tobacco","Zambia","Index","2018M4","187.4"
"Alcoholic beverages and Tobacco","Zambia","Index","2018M5","188.47"
"Alcoholic beverages and Tobacco","Zambia","Index","2018M6","189.23"
"Alcoholic beverages and Tobacco","Zambia","Index","2018M7","189.13"
"Alcoholic beverages and Tobacco","Zambia","Index","2018M8","190.01"
"Alcoholic beverages and Tobacco","Zambia","Index","2018M9","190.59"
"Alcoholic beverages and Tobacco","Zambia","Index","2018M10","191.6"
"Alcoholic beverages and Tobacco","Zambia","Index","2018M11","193.5"
"Alcoholic beverages and Tobacco","Zambia","Index","2018M12","195.18"
"Alcoholic beverages and Tobacco","Zambia","Index","2019M1","195.98"
"Alcoholic beverages and Tobacco","Zambia","Index","2019M2","196.74"
"Alcoholic beverages and Tobacco","Zambia","Index","2019M3","197.49"
"Alcoholic beverages and Tobacco","Zambia","Index","2019M4","198.28"
"Alcoholic beverages and Tobacco","Zambia","Index","2019M5","199.08"
"Alcoholic beverages and Tobacco","Zambia","Index","2019M6","200.78"
"Alcoholic beverages and Tobacco","Zambia","Index","2019M7","201.88"
"Alcoholic beverages and Tobacco","Zambia","Index","2019M8","202.95"
"Alcoholic beverages and Tobacco","Zambia","Index","2019M9","204.35"
"Alcoholic beverages and Tobacco","Zambia","Index","2019M10","205.27"
"Alcoholic beverages and Tobacco","Zambia","Index","2019M11","207.31"
"Alcoholic beverages and Tobacco","Zambia","Index","2019M12","208.19"
"Alcoholic beverages and Tobacco","Zambia","Index","2020M1","208.6"
"Alcoholic beverages and Tobacco","Zambia","Index","2020M2","209.87"
"Alcoholic beverages and Tobacco","Zambia","Index","2020M3","211.36"
"Alcoholic beverages and Tobacco","Zambia","Index","2020M4","214.62"
"Alcoholic beverages and Tobacco","Zambia","Index","2020M5","220.01"
"Alcoholic beverages and Tobacco","Zambia","Index","2020M6","222.56"
"Alcoholic beverages and Tobacco","Zambia","Index","2020M7","224.99"
"Alcoholic beverages and Tobacco","Zambia","Index","2020M8","225.44"
"Alcoholic beverages and Tobacco","Zambia","Index","2020M9","225.56"
"Alcoholic beverages and Tobacco","Zambia","Index","2020M10","228.93"
"Alcoholic beverages and Tobacco","Zambia","Index","2020M11","231.43"
"Alcoholic beverages and Tobacco","Zambia","Index","2020M12","231.95"
"Alcoholic beverages and Tobacco","Zambia","Index","2021M1","233.52"
"Alcoholic beverages and Tobacco","Zambia","Index","2021M2","236.96"
"Alcoholic beverages and Tobacco","Zambia","Index","2021M3","239.79"
"Alcoholic beverages and Tobacco","Zambia","Index","2021M4","242.98"
"Alcoholic beverages and Tobacco","Zambia","Index","2021M5","245.55"
"Alcoholic beverages and Tobacco","Zambia","Index","2021M6","249.51"
"Alcoholic beverages and Tobacco","Zambia","Index","2021M7","251.17"
"Alcoholic beverages and Tobacco","Zambia","Index","2021M8","255.33"
"Alcoholic beverages and Tobacco","Zambia","Index","2021M9","255.65"
"Alcoholic beverages and Tobacco","Zambia","Index","2021M10","256.43"
"Alcoholic beverages and Tobacco","Zambia","Index","2021M11","258.04"
"Alcoholic beverages and Tobacco","Zambia","Index","2021M12","260.71"
"Alcoholic beverages and Tobacco","Zambia","Index","2022M1","262.23"
"Alcoholic beverages and Tobacco","Zambia","Index","2022M2","263.76"
"Alcoholic beverages and Tobacco","Zambia","Index","2022M3","327.44"
"Alcoholic beverages and Tobacco","Zambia","Index","2022M4","266.93"
"Alcoholic beverages and Tobacco","Zambia","Index","2022M5","268.47"
"Alcoholic beverages and Tobacco","Zambia","Index","2022M6","270.61"
"Alcoholic beverages and Tobacco","Zambia","Index","2022M7","271.46"
"Alcoholic beverages and Tobacco","Zambia","Index","2022M8","273.19"
"Alcoholic beverages and Tobacco","Zambia","Index","2022M9","274.74"
"Alcoholic beverages and Tobacco","Zambia","Index","2022M10","276.13"
"Alcoholic beverages and Tobacco","Zambia","Index","2022M11","277.22"
"Alcoholic beverages and Tobacco","Zambia","Index","2022M12","279.23"
"Alcoholic beverages and Tobacco","Zambia","Index","2023M1","280.64"
"Alcoholic beverages and Tobacco","Zambia","Index","2023M2","282.53"
"Alcoholic beverages and Tobacco","Zambia","Index","2023M3","283.92"
"Alcoholic beverages and Tobacco","Zambia","Index","2023M4","286.01"
"Alcoholic beverages and Tobacco","Zambia","Index","2023M5","287.15"
"Alcoholic beverages and Tobacco","Zambia","Index","2023M6","288.68"
"Alcoholic beverages and Tobacco","Zambia","Index","2023M7","290.76"
"Alcoholic beverages and Tobacco","Zambia","Index","2023M8","292.65"
"Alcoholic beverages and Tobacco","Zambia","Index","2023M9","293.35"
"Alcoholic beverages and Tobacco","Zambia","Index","2023M10","295.21"
"Alcoholic beverages and Tobacco","Zambia","Index","2023M11","296.86"
"Alcoholic beverages and Tobacco","Zambia","Index","2023M12","298.69"
"Alcoholic beverages and Tobacco","Zambia","Index","2024M1","302.73"
"Alcoholic beverages and Tobacco","Zambia","Index","2024M2","306.13"
"Alcoholic beverages and Tobacco","Zambia","Index","2024M3","308.23"
"Alcoholic beverages and Tobacco","Zambia","Index","2024M4","310.67"
"Alcoholic beverages and Tobacco","Zambia","Index","2024M5","314.35"
"Alcoholic beverages and Tobacco","Zambia","Index","2024M6","317.38"
"Alcoholic beverages and Tobacco","Zambia","Index","2024M7","320.7"
"Alcoholic beverages and Tobacco","Zambia","Index","2024M8","323.1"
"Alcoholic beverages and Tobacco","Zambia","Index","2024M9","325.27"
"Alcoholic beverages and Tobacco","Zambia","Index","2024M10","329.65"
"Alcoholic beverages and Tobacco","Zambia","Index","2024M11","331.4"
"Alcoholic beverages and Tobacco","Zambia","Index","2024M12","334.38"
"Alcoholic beverages and Tobacco","Zambia","Index","2025M1","337.79"
"Alcoholic beverages and Tobacco","Zambia","Index","2025M2","341.73"
"Alcoholic beverages and Tobacco","Zambia","Index","2025M3","346.17"
"Alcoholic beverages and Tobacco","Zambia","Index","2025M4","348.68"
"Alcoholic beverages and Tobacco","Zambia","Index","2025M5","350.83"
"Alcoholic beverages and Tobacco","Zambia","Index","2025M6","352.57"
"Alcoholic beverages and Tobacco","Zambia","Index","2025M7","354.62"
"Alcoholic beverages and Tobacco","Zambia","Index","2025M8","356.07"
"Alcoholic beverages and Tobacco","Zambia","Index","2025M9","358.29"
"Alcoholic beverages and Tobacco","Zambia","Index","2025M10","360.82"
"Alcoholic beverages and Tobacco","Zambia","Index","2025M11","364.16"
"Alcoholic beverages and Tobacco","Zambia","Index","2025M12","366.32"
"Clothing and Footwear","Zambia","Index","2010M1","107.13"
"Clothing and Footwear","Zambia","Index","2010M2","107.18"
"Clothing and Footwear","Zambia","Index","2010M3","107.18"
"Clothing and Footwear","Zambia","Index","2010M4","108.08"
"Clothing and Footwear","Zambia","Index","2010M5","108.95"
"Clothing and Footwear","Zambia","Index","2010M6","109.41"
"Clothing and Footwear","Zambia","Index","2010M7","109.74"
"Clothing and Footwear","Zambia","Index","2010M8","110.67"
"Clothing and Footwear","Zambia","Index","2010M9","111.36"
"Clothing and Footwear","Zambia","Index","2010M10","111.65"
"Clothing and Footwear","Zambia","Index","2010M11","111.34"
"Clothing and Footwear","Zambia","Index","2010M12","112.44"
"Clothing and Footwear","Zambia","Index","2011M1","111.87"
"Clothing and Footwear","Zambia","Index","2011M2","113.49"
"Clothing and Footwear","Zambia","Index","2011M3","115.33"
"Clothing and Footwear","Zambia","Index","2011M4","118.31"
"Clothing and Footwear","Zambia","Index","2011M5","119.16"
"Clothing and Footwear","Zambia","Index","2011M6","119.96"
"Clothing and Footwear","Zambia","Index","2011M7","120.7"
"Clothing and Footwear","Zambia","Index","2011M8","122.38"
"Clothing and Footwear","Zambia","Index","2011M9","121.39"
"Clothing and Footwear","Zambia","Index","2011M10","121.18"
"Clothing and Footwear","Zambia","Index","2011M11","121.08"
"Clothing and Footwear","Zambia","Index","2011M12","121.69"
"Clothing and Footwear","Zambia","Index","2012M1","122.2387"
"Clothing and Footwear","Zambia","Index","2012M2","122.7431"
"Clothing and Footwear","Zambia","Index","2012M3","124.4302"
"Clothing and Footwear","Zambia","Index","2012M4","125.913"
"Clothing and Footwear","Zambia","Index","2012M5","126.3223"
"Clothing and Footwear","Zambia","Index","2012M6","126.4823"
"Clothing and Footwear","Zambia","Index","2012M7","127.4349"
"Clothing and Footwear","Zambia","Index","2012M8","128.4862"
"Clothing and Footwear","Zambia","Index","2012M9","128.309"
"Clothing and Footwear","Zambia","Index","2012M10","126.42"
"Clothing and Footwear","Zambia","Index","2012M11","129.2094"
"Clothing and Footwear","Zambia","Index","2012M12","129.6297"
"Clothing and Footwear","Zambia","Index","2013M1","130.387"
"Clothing and Footwear","Zambia","Index","2013M2","133.0949"
"Clothing and Footwear","Zambia","Index","2013M3","134.9719"
"Clothing and Footwear","Zambia","Index","2013M4","135.4825"
"Clothing and Footwear","Zambia","Index","2013M5","136.6359"
"Clothing and Footwear","Zambia","Index","2013M6","136.4923"
"Clothing and Footwear","Zambia","Index","2013M7","137.1256"
"Clothing and Footwear","Zambia","Index","2013M8","137.9572"
"Clothing and Footwear","Zambia","Index","2013M9","138.2833"
"Clothing and Footwear","Zambia","Index","2013M10","138.6217"
"Clothing and Footwear","Zambia","Index","2013M11","138.6597"
"Clothing and Footwear","Zambia","Index","2013M12","139.6452"
"Clothing and Footwear","Zambia","Index","2014M1","140.657"
"Clothing and Footwear","Zambia","Index","2014M2","141.1484"
"Clothing and Footwear","Zambia","Index","2014M3","143.1715"
"Clothing and Footwear","Zambia","Index","2014M4","144.3523"
"Clothing and Footwear","Zambia","Index","2014M5","145.5505"
"Clothing and Footwear","Zambia","Index","2014M6","146.5609"
"Clothing and Footwear","Zambia","Index","2014M7","146.7631"
"Clothing and Footwear","Zambia","Index","2014M8","147.733"
"Clothing and Footwear","Zambia","Index","2014M9","148.2181"
"Clothing and Footwear","Zambia","Index","2014M10","148.294"
"Clothing and Footwear","Zambia","Index","2014M11","148.977"
"Clothing and Footwear","Zambia","Index","2014M12","149.9761"
"Clothing and Footwear","Zambia","Index","2015M1","151.3411"
"Clothing and Footwear","Zambia","Index","2015M2","152.4891"
"Clothing and Footwear","Zambia","Index","2015M3","154.2329"
"Clothing and Footwear","Zambia","Index","2015M4","156.3611"
"Clothing and Footwear","Zambia","Index","2015M5","157.1621"
"Clothing and Footwear","Zambia","Index","2015M6","158.5062"
"Clothing and Footwear","Zambia","Index","2015M7","160.3139"
"Clothing and Footwear","Zambia","Index","2015M8","161.241"
"Clothing and Footwear","Zambia","Index","2015M9","161.7878"
"Clothing and Footwear","Zambia","Index","2015M10","167.2162"
"Clothing and Footwear","Zambia","Index","2015M11","176.9437"
"Clothing and Footwear","Zambia","Index","2015M12","180.3579"
"Clothing and Footwear","Zambia","Index","2016M1","181.5045"
"Clothing and Footwear","Zambia","Index","2016M2","183.6775"
"Clothing and Footwear","Zambia","Index","2016M3","185.5652"
"Clothing and Footwear","Zambia","Index","2016M4","186.7574"
"Clothing and Footwear","Zambia","Index","2016M5","186.3959"
"Clothing and Footwear","Zambia","Index","2016M6","187.9655"
"Clothing and Footwear","Zambia","Index","2016M7","188.8765"
"Clothing and Footwear","Zambia","Index","2016M8","190.6922"
"Clothing and Footwear","Zambia","Index","2016M9","191.8986"
"Clothing and Footwear","Zambia","Index","2016M10","192.4804"
"Clothing and Footwear","Zambia","Index","2016M11","193.5973"
"Clothing and Footwear","Zambia","Index","2016M12","196.4236"
"Clothing and Footwear","Zambia","Index","2017M1","198.3761"
"Clothing and Footwear","Zambia","Index","2017M2","200.1239"
"Clothing and Footwear","Zambia","Index","2017M3","202.1524"
"Clothing and Footwear","Zambia","Index","2017M4","202.4195"
"Clothing and Footwear","Zambia","Index","2017M5","203.172"
"Clothing and Footwear","Zambia","Index","2017M6","203.1578"
"Clothing and Footwear","Zambia","Index","2017M7","204.7887"
"Clothing and Footwear","Zambia","Index","2017M8","205.5481"
"Clothing and Footwear","Zambia","Index","2017M9","206.6819"
"Clothing and Footwear","Zambia","Index","2017M10","206.8389"
"Clothing and Footwear","Zambia","Index","2017M11","209.5298"
"Clothing and Footwear","Zambia","Index","2017M12","210.6321"
"Clothing and Footwear","Zambia","Index","2018M1","212.94"
"Clothing and Footwear","Zambia","Index","2018M2","214.51"
"Clothing and Footwear","Zambia","Index","2018M3","215.72"
"Clothing and Footwear","Zambia","Index","2018M4","216.52"
"Clothing and Footwear","Zambia","Index","2018M5","217.1"
"Clothing and Footwear","Zambia","Index","2018M6","218.4"
"Clothing and Footwear","Zambia","Index","2018M7","219.08"
"Clothing and Footwear","Zambia","Index","2018M8","219.75"
"Clothing and Footwear","Zambia","Index","2018M9","220.29"
"Clothing and Footwear","Zambia","Index","2018M10","221.15"
"Clothing and Footwear","Zambia","Index","2018M11","222.35"
"Clothing and Footwear","Zambia","Index","2018M12","224.24"
"Clothing and Footwear","Zambia","Index","2019M1","226.41"
"Clothing and Footwear","Zambia","Index","2019M2","228.1"
"Clothing and Footwear","Zambia","Index","2019M3","229.01"
"Clothing and Footwear","Zambia","Index","2019M4","229.94"
"Clothing and Footwear","Zambia","Index","2019M5","230.98"
"Clothing and Footwear","Zambia","Index","2019M6","231.42"
"Clothing and Footwear","Zambia","Index","2019M7","233.07"
"Clothing and Footwear","Zambia","Index","2019M8","234"
"Clothing and Footwear","Zambia","Index","2019M9","234.72"
"Clothing and Footwear","Zambia","Index","2019M10","235.81"
"Clothing and Footwear","Zambia","Index","2019M11","237.25"
"Clothing and Footwear","Zambia","Index","2019M12","238.43"
"Clothing and Footwear","Zambia","Index","2020M1","239.26"
"Clothing and Footwear","Zambia","Index","2020M2","242.06"
"Clothing and Footwear","Zambia","Index","2020M3","243.22"
"Clothing and Footwear","Zambia","Index","2020M4","245"
"Clothing and Footwear","Zambia","Index","2020M5","248.04"
"Clothing and Footwear","Zambia","Index","2020M6","250.46"
"Clothing and Footwear","Zambia","Index","2020M7","253.6"
"Clothing and Footwear","Zambia","Index","2020M8","254.49"
"Clothing and Footwear","Zambia","Index","2020M9","255.85"
"Clothing and Footwear","Zambia","Index","2020M10","257.97"
"Clothing and Footwear","Zambia","Index","2020M11","260.6"
"Clothing and Footwear","Zambia","Index","2020M12","262.33"
"Clothing and Footwear","Zambia","Index","2021M1","265.54"
"Clothing and Footwear","Zambia","Index","2021M2","273.39"
"Clothing and Footwear","Zambia","Index","2021M3","275.39"
"Clothing and Footwear","Zambia","Index","2021M4","278.91"
"Clothing and Footwear","Zambia","Index","2021M5","283.64"
"Clothing and Footwear","Zambia","Index","2021M6","286.43"
"Clothing and Footwear","Zambia","Index","2021M7","287.4"
"Clothing and Footwear","Zambia","Index","2021M8","295.51"
"Clothing and Footwear","Zambia","Index","2021M9","295.82"
"Clothing and Footwear","Zambia","Index","2021M10","299.69"
"Clothing and Footwear","Zambia","Index","2021M11","302.1"
"Clothing and Footwear","Zambia","Index","2021M12","304.59"
"Clothing and Footwear","Zambia","Index","2022M1","307.12"
"Clothing and Footwear","Zambia","Index","2022M2","309.64"
"Clothing and Footwear","Zambia","Index","2022M3","312.22"
"Clothing and Footwear","Zambia","Index","2022M4","313.25"
"Clothing and Footwear","Zambia","Index","2022M5","316.37"
"Clothing and Footwear","Zambia","Index","2022M6","318.58"
"Clothing and Footwear","Zambia","Index","2022M7","320.39"
"Clothing and Footwear","Zambia","Index","2022M8","322.28"
"Clothing and Footwear","Zambia","Index","2022M9","322.78"
"Clothing and Footwear","Zambia","Index","2022M10","324.33"
"Clothing and Footwear","Zambia","Index","2022M11","324.53"
"Clothing and Footwear","Zambia","Index","2022M12","326.67"
"Clothing and Footwear","Zambia","Index","2023M1","329.05"
"Clothing and Footwear","Zambia","Index","2023M2","331.95"
"Clothing and Footwear","Zambia","Index","2023M3","334.52"
"Clothing and Footwear","Zambia","Index","2023M4","336.08"
"Clothing and Footwear","Zambia","Index","2023M5","338.24"
"Clothing and Footwear","Zambia","Index","2023M6","340.34"
"Clothing and Footwear","Zambia","Index","2023M7","345.73"
"Clothing and Footwear","Zambia","Index","2023M8","348.63"
"Clothing and Footwear","Zambia","Index","2023M9","349.65"
"Clothing and Footwear","Zambia","Index","2023M10","350.76"
"Clothing and Footwear","Zambia","Index","2023M11","354.03"
"Clothing and Footwear","Zambia","Index","2023M12","357.21"
"Clothing and Footwear","Zambia","Index","2024M1","357.44"
"Clothing and Footwear","Zambia","Index","2024M2","360.29"
"Clothing and Footwear","Zambia","Index","2024M3","363.6"
"Clothing and Footwear","Zambia","Index","2024M4","365.62"
"Clothing and Footwear","Zambia","Index","2024M5","367.16"
"Clothing and Footwear","Zambia","Index","2024M6","370.08"
"Clothing and Footwear","Zambia","Index","2024M7","375"
"Clothing and Footwear","Zambia","Index","2024M8","378.04"
"Clothing and Footwear","Zambia","Index","2024M9","380.51"
"Clothing and Footwear","Zambia","Index","2024M10","384.72"
"Clothing and Footwear","Zambia","Index","2024M11","386.77"
"Clothing and Footwear","Zambia","Index","2024M12","388.29"
"Clothing and Footwear","Zambia","Index","2025M1","390.58"
"Clothing and Footwear","Zambia","Index","2025M2","393.05"
"Clothing and Footwear","Zambia","Index","2025M3","397.07"
"Clothing and Footwear","Zambia","Index","2025M4","400.29"
"Clothing and Footwear","Zambia","Index","2025M5","402.76"
"Clothing and Footwear","Zambia","Index","2025M6","405.46"
"Clothing and Footwear","Zambia","Index","2025M7","408.71"
"Clothing and Footwear","Zambia","Index","2025M8","410.22"
"Clothing and Footwear","Zambia","Index","2025M9","412.48"
"Clothing and Footwear","Zambia","Index","2025M10","415.21"
"Clothing and Footwear","Zambia","Index","2025M11","417.87"
"Clothing and Footwear","Zambia","Index","2025M12","420.92"
"Housing, water,electricity, gas and other fuels","Zambia","Index","2010M1","107.92"
"Housing, water,electricity, gas and other fuels","Zambia","Index","2010M2","108.79"
"Housing, water,electricity, gas and other fuels","Zambia","Index","2010M3","109.85"
"Housing, water,electricity, gas and other fuels","Zambia","Index","2010M4","111.76"
"Housing, water,electricity, gas and other fuels","Zambia","Index","2010M5","110.73"
"Housing, water,electricity, gas and other fuels","Zambia","Index","2010M6","113.53"
"Housing, water,electricity, gas and other fuels","Zambia","Index","2010M7","114.58"
"Housing, water,electricity, gas and other fuels","Zambia","Index","2010M8","125.59"
"Housing, water,electricity, gas and other fuels","Zambia","Index","2010M9","125.99"
"Housing, water,electricity, gas and other fuels","Zambia","Index","2010M10","126.44"
"Housing, water,electricity, gas and other fuels","Zambia","Index","2010M11","125.82"
"Housing, water,electricity, gas and other fuels","Zambia","Index","2010M12","126.87"
"Housing, water,electricity, gas and other fuels","Zambia","Index","2011M1","126.48"
"Housing, water,electricity, gas and other fuels","Zambia","Index","2011M2","128.59"
"Housing, water,electricity, gas and other fuels","Zambia","Index","2011M3","129.95"
"Housing, water,electricity, gas and other fuels","Zambia","Index","2011M4","129.76"
"Housing, water,electricity, gas and other fuels","Zambia","Index","2011M5","130.95"
"Housing, water,electricity, gas and other fuels","Zambia","Index","2011M6","131.68"
"Housing, water,electricity, gas and other fuels","Zambia","Index","2011M7","132.16"
"Housing, water,electricity, gas and other fuels","Zambia","Index","2011M8","134.66"
"Housing, water,electricity, gas and other fuels","Zambia","Index","2011M9","135.65"
"Housing, water,electricity, gas and other fuels","Zambia","Index","2011M10","134.22"
"Housing, water,electricity, gas and other fuels","Zambia","Index","2011M11","133.87"
"Housing, water,electricity, gas and other fuels","Zambia","Index","2011M12","134.61"
"Housing, water,electricity, gas and other fuels","Zambia","Index","2012M1","134.1999"
"Housing, water,electricity, gas and other fuels","Zambia","Index","2012M2","134.7096"
"Housing, water,electricity, gas and other fuels","Zambia","Index","2012M3","136.3198"
"Housing, water,electricity, gas and other fuels","Zambia","Index","2012M4","137.2146"
"Housing, water,electricity, gas and other fuels","Zambia","Index","2012M5","137.9518"
"Housing, water,electricity, gas and other fuels","Zambia","Index","2012M6","138.8067"
"Housing, water,electricity, gas and other fuels","Zambia","Index","2012M7","139.1721"
"Housing, water,electricity, gas and other fuels","Zambia","Index","2012M8","140.6762"
"Housing, water,electricity, gas and other fuels","Zambia","Index","2012M9","140.4162"
"Housing, water,electricity, gas and other fuels","Zambia","Index","2012M10","140.7473"
"Housing, water,electricity, gas and other fuels","Zambia","Index","2012M11","140.4976"
"Housing, water,electricity, gas and other fuels","Zambia","Index","2012M12","143.9931"
"Housing, water,electricity, gas and other fuels","Zambia","Index","2013M1","142.4101"
"Housing, water,electricity, gas and other fuels","Zambia","Index","2013M2","144.7288"
"Housing, water,electricity, gas and other fuels","Zambia","Index","2013M3","147.4761"
"Housing, water,electricity, gas and other fuels","Zambia","Index","2013M4","148.6027"
"Housing, water,electricity, gas and other fuels","Zambia","Index","2013M5","151.2959"
"Housing, water,electricity, gas and other fuels","Zambia","Index","2013M6","151.2673"
"Housing, water,electricity, gas and other fuels","Zambia","Index","2013M7","151.209"
"Housing, water,electricity, gas and other fuels","Zambia","Index","2013M8","151.9259"
"Housing, water,electricity, gas and other fuels","Zambia","Index","2013M9","153.5775"
"Housing, water,electricity, gas and other fuels","Zambia","Index","2013M10","153.7018"
"Housing, water,electricity, gas and other fuels","Zambia","Index","2013M11","154.1165"
"Housing, water,electricity, gas and other fuels","Zambia","Index","2013M12","154.8843"
"Housing, water,electricity, gas and other fuels","Zambia","Index","2014M1","156.1455"
"Housing, water,electricity, gas and other fuels","Zambia","Index","2014M2","156.9286"
"Housing, water,electricity, gas and other fuels","Zambia","Index","2014M3","158.6161"
"Housing, water,electricity, gas and other fuels","Zambia","Index","2014M4","159.5549"
"Housing, water,electricity, gas and other fuels","Zambia","Index","2014M5","160.9521"
"Housing, water,electricity, gas and other fuels","Zambia","Index","2014M6","161.5302"
"Housing, water,electricity, gas and other fuels","Zambia","Index","2014M7","170.0709"
"Housing, water,electricity, gas and other fuels","Zambia","Index","2014M8","170.5578"
"Housing, water,electricity, gas and other fuels","Zambia","Index","2014M9","171.267"
"Housing, water,electricity, gas and other fuels","Zambia","Index","2014M10","171.5586"
"Housing, water,electricity, gas and other fuels","Zambia","Index","2014M11","171.5169"
"Housing, water,electricity, gas and other fuels","Zambia","Index","2014M12","172.1276"
"Housing, water,electricity, gas and other fuels","Zambia","Index","2015M1","172.8753"
"Housing, water,electricity, gas and other fuels","Zambia","Index","2015M2","172.107"
"Housing, water,electricity, gas and other fuels","Zambia","Index","2015M3","173.4398"
"Housing, water,electricity, gas and other fuels","Zambia","Index","2015M4","174.0549"
"Housing, water,electricity, gas and other fuels","Zambia","Index","2015M5","174.6468"
"Housing, water,electricity, gas and other fuels","Zambia","Index","2015M6","177.1469"
"Housing, water,electricity, gas and other fuels","Zambia","Index","2015M7","179.3478"
"Housing, water,electricity, gas and other fuels","Zambia","Index","2015M8","179.7332"
"Housing, water,electricity, gas and other fuels","Zambia","Index","2015M9","180.0627"
"Housing, water,electricity, gas and other fuels","Zambia","Index","2015M10","180.2709"
"Housing, water,electricity, gas and other fuels","Zambia","Index","2015M11","180.3585"
"Housing, water,electricity, gas and other fuels","Zambia","Index","2015M12","186.9556"
"Housing, water,electricity, gas and other fuels","Zambia","Index","2016M1","183.056"
"Housing, water,electricity, gas and other fuels","Zambia","Index","2016M2","186.4196"
"Housing, water,electricity, gas and other fuels","Zambia","Index","2016M3","184.8305"
"Housing, water,electricity, gas and other fuels","Zambia","Index","2016M4","184.4401"
"Housing, water,electricity, gas and other fuels","Zambia","Index","2016M5","186.0659"
"Housing, water,electricity, gas and other fuels","Zambia","Index","2016M6","187.9788"
"Housing, water,electricity, gas and other fuels","Zambia","Index","2016M7","188.2756"
"Housing, water,electricity, gas and other fuels","Zambia","Index","2016M8","187.3843"
"Housing, water,electricity, gas and other fuels","Zambia","Index","2016M9","187.7352"
"Housing, water,electricity, gas and other fuels","Zambia","Index","2016M10","187.5387"
"Housing, water,electricity, gas and other fuels","Zambia","Index","2016M11","191.1889"
"Housing, water,electricity, gas and other fuels","Zambia","Index","2016M12","191.1422"
"Housing, water,electricity, gas and other fuels","Zambia","Index","2017M1","192.5136"
"Housing, water,electricity, gas and other fuels","Zambia","Index","2017M2","194.1574"
"Housing, water,electricity, gas and other fuels","Zambia","Index","2017M3","195.8621"
"Housing, water,electricity, gas and other fuels","Zambia","Index","2017M4","197.7231"
"Housing, water,electricity, gas and other fuels","Zambia","Index","2017M5","198.1725"
"Housing, water,electricity, gas and other fuels","Zambia","Index","2017M6","210.6657"
"Housing, water,electricity, gas and other fuels","Zambia","Index","2017M7","210.8765"
"Housing, water,electricity, gas and other fuels","Zambia","Index","2017M8","211.3836"
"Housing, water,electricity, gas and other fuels","Zambia","Index","2017M9","218.0715"
"Housing, water,electricity, gas and other fuels","Zambia","Index","2017M10","218.0945"
"Housing, water,electricity, gas and other fuels","Zambia","Index","2017M11","222.0921"
"Housing, water,electricity, gas and other fuels","Zambia","Index","2017M12","221.5671"
"Housing, water,electricity, gas and other fuels","Zambia","Index","2018M1","225.43"
"Housing, water,electricity, gas and other fuels","Zambia","Index","2018M2","226.2"
"Housing, water,electricity, gas and other fuels","Zambia","Index","2018M3","228.94"
"Housing, water,electricity, gas and other fuels","Zambia","Index","2018M4","229.01"
"Housing, water,electricity, gas and other fuels","Zambia","Index","2018M5","229.52"
"Housing, water,electricity, gas and other fuels","Zambia","Index","2018M6","230.16"
"Housing, water,electricity, gas and other fuels","Zambia","Index","2018M7","230.82"
"Housing, water,electricity, gas and other fuels","Zambia","Index","2018M8","231.41"
"Housing, water,electricity, gas and other fuels","Zambia","Index","2018M9","232.02"
"Housing, water,electricity, gas and other fuels","Zambia","Index","2018M10","234.52"
"Housing, water,electricity, gas and other fuels","Zambia","Index","2018M11","236.97"
"Housing, water,electricity, gas and other fuels","Zambia","Index","2018M12","237.74"
"Housing, water,electricity, gas and other fuels","Zambia","Index","2019M1","239.06"
"Housing, water,electricity, gas and other fuels","Zambia","Index","2019M2","240.81"
"Housing, water,electricity, gas and other fuels","Zambia","Index","2019M3","241.16"
"Housing, water,electricity, gas and other fuels","Zambia","Index","2019M4","242.3"
"Housing, water,electricity, gas and other fuels","Zambia","Index","2019M5","243.34"
"Housing, water,electricity, gas and other fuels","Zambia","Index","2019M6","243.63"
"Housing, water,electricity, gas and other fuels","Zambia","Index","2019M7","244.55"
"Housing, water,electricity, gas and other fuels","Zambia","Index","2019M8","244.2"
"Housing, water,electricity, gas and other fuels","Zambia","Index","2019M9","244.57"
"Housing, water,electricity, gas and other fuels","Zambia","Index","2019M10","246.99"
"Housing, water,electricity, gas and other fuels","Zambia","Index","2019M11","249.51"
"Housing, water,electricity, gas and other fuels","Zambia","Index","2019M12","250.41"
"Housing, water,electricity, gas and other fuels","Zambia","Index","2020M1","267.8"
"Housing, water,electricity, gas and other fuels","Zambia","Index","2020M2","279.18"
"Housing, water,electricity, gas and other fuels","Zambia","Index","2020M3","283.2"
"Housing, water,electricity, gas and other fuels","Zambia","Index","2020M4","283.68"
"Housing, water,electricity, gas and other fuels","Zambia","Index","2020M5","286.57"
"Housing, water,electricity, gas and other fuels","Zambia","Index","2020M6","287.99"
"Housing, water,electricity, gas and other fuels","Zambia","Index","2020M7","289.52"
"Housing, water,electricity, gas and other fuels","Zambia","Index","2020M8","290"
"Housing, water,electricity, gas and other fuels","Zambia","Index","2020M9","301.98"
"Housing, water,electricity, gas and other fuels","Zambia","Index","2020M10","303.07"
"Housing, water,electricity, gas and other fuels","Zambia","Index","2020M11","304.36"
"Housing, water,electricity, gas and other fuels","Zambia","Index","2020M12","304.73"
"Housing, water,electricity, gas and other fuels","Zambia","Index","2021M1","307"
"Housing, water,electricity, gas and other fuels","Zambia","Index","2021M2","316.16"
"Housing, water,electricity, gas and other fuels","Zambia","Index","2021M3","327.27"
"Housing, water,electricity, gas and other fuels","Zambia","Index","2021M4","340.52"
"Housing, water,electricity, gas and other fuels","Zambia","Index","2021M5","348.23"
"Housing, water,electricity, gas and other fuels","Zambia","Index","2021M6","350.96"
"Housing, water,electricity, gas and other fuels","Zambia","Index","2021M7","352.06"
"Housing, water,electricity, gas and other fuels","Zambia","Index","2021M8","355.78"
"Housing, water,electricity, gas and other fuels","Zambia","Index","2021M9","355.85"
"Housing, water,electricity, gas and other fuels","Zambia","Index","2021M10","355.92"
"Housing, water,electricity, gas and other fuels","Zambia","Index","2021M11","356.87"
"Housing, water,electricity, gas and other fuels","Zambia","Index","2021M12","359.06"
"Housing, water,electricity, gas and other fuels","Zambia","Index","2022M1","360.81"
"Housing, water,electricity, gas and other fuels","Zambia","Index","2022M2","362.94"
"Housing, water,electricity, gas and other fuels","Zambia","Index","2022M3","364.19"
"Housing, water,electricity, gas and other fuels","Zambia","Index","2022M4","366.47"
"Housing, water,electricity, gas and other fuels","Zambia","Index","2022M5","368.08"
"Housing, water,electricity, gas and other fuels","Zambia","Index","2022M6","369.9"
"Housing, water,electricity, gas and other fuels","Zambia","Index","2022M7","374.04"
"Housing, water,electricity, gas and other fuels","Zambia","Index","2022M8","375"
"Housing, water,electricity, gas and other fuels","Zambia","Index","2022M9","376.22"
"Housing, water,electricity, gas and other fuels","Zambia","Index","2022M10","377.97"
"Housing, water,electricity, gas and other fuels","Zambia","Index","2022M11","380.4"
"Housing, water,electricity, gas and other fuels","Zambia","Index","2022M12","381.78"
"Housing, water,electricity, gas and other fuels","Zambia","Index","2023M1","385.99"
"Housing, water,electricity, gas and other fuels","Zambia","Index","2023M2","390.01"
"Housing, water,electricity, gas and other fuels","Zambia","Index","2023M3","392.08"
"Housing, water,electricity, gas and other fuels","Zambia","Index","2023M4","393.58"
"Housing, water,electricity, gas and other fuels","Zambia","Index","2023M5","399.41"
"Housing, water,electricity, gas and other fuels","Zambia","Index","2023M6","400.71"
"Housing, water,electricity, gas and other fuels","Zambia","Index","2023M7","403.34"
"Housing, water,electricity, gas and other fuels","Zambia","Index","2023M8","405.78"
"Housing, water,electricity, gas and other fuels","Zambia","Index","2023M9","407.03"
"Housing, water,electricity, gas and other fuels","Zambia","Index","2023M10","408.69"
"Housing, water,electricity, gas and other fuels","Zambia","Index","2023M11","410.11"
"Housing, water,electricity, gas and other fuels","Zambia","Index","2023M12","413.16"
"Housing, water,electricity, gas and other fuels","Zambia","Index","2024M1","417.09"
"Housing, water,electricity, gas and other fuels","Zambia","Index","2024M2","421.99"
"Housing, water,electricity, gas and other fuels","Zambia","Index","2024M3","423.2"
"Housing, water,electricity, gas and other fuels","Zambia","Index","2024M4","427.45"
"Housing, water,electricity, gas and other fuels","Zambia","Index","2024M5","436.76"
"Housing, water,electricity, gas and other fuels","Zambia","Index","2024M6","446"
"Housing, water,electricity, gas and other fuels","Zambia","Index","2024M7","450.39"
"Housing, water,electricity, gas and other fuels","Zambia","Index","2024M8","452.58"
"Housing, water,electricity, gas and other fuels","Zambia","Index","2024M9","456.94"
"Housing, water,electricity, gas and other fuels","Zambia","Index","2024M10","460.52"
"Housing, water,electricity, gas and other fuels","Zambia","Index","2024M11","496"
"Housing, water,electricity, gas and other fuels","Zambia","Index","2024M12","501.09"
"Housing, water,electricity, gas and other fuels","Zambia","Index","2025M1","503.43"
"Housing, water,electricity, gas and other fuels","Zambia","Index","2025M2","511.19"
"Housing, water,electricity, gas and other fuels","Zambia","Index","2025M3","515.16"
"Housing, water,electricity, gas and other fuels","Zambia","Index","2025M4","519.19"
"Housing, water,electricity, gas and other fuels","Zambia","Index","2025M5","527.8"
"Housing, water,electricity, gas and other fuels","Zambia","Index","2025M6","535.13"
"Housing, water,electricity, gas and other fuels","Zambia","Index","2025M7","532.97"
"Housing, water,electricity, gas and other fuels","Zambia","Index","2025M8","535.01"
"Housing, water,electricity, gas and other fuels","Zambia","Index","2025M9","535.92"
"Housing, water,electricity, gas and other fuels","Zambia","Index","2025M10","539.08"
"Housing, water,electricity, gas and other fuels","Zambia","Index","2025M11","543.41"
"Housing, water,electricity, gas and other fuels","Zambia","Index","2025M12","549.45"
"Furnishings, household equipment and routine maintenance of the house","Zambia","Index","2010M1","103.9"
"Furnishings, household equipment and routine maintenance of the house","Zambia","Index","2010M2","103.66"
"Furnishings, household equipment and routine maintenance of the house","Zambia","Index","2010M3","104.84"
"Furnishings, household equipment and routine maintenance of the house","Zambia","Index","2010M4","105.63"
"Furnishings, household equipment and routine maintenance of the house","Zambia","Index","2010M5","106.69"
"Furnishings, household equipment and routine maintenance of the house","Zambia","Index","2010M6","107.79"
"Furnishings, household equipment and routine maintenance of the house","Zambia","Index","2010M7","108.34"
"Furnishings, household equipment and routine maintenance of the house","Zambia","Index","2010M8","108.56"
"Furnishings, household equipment and routine maintenance of the house","Zambia","Index","2010M9","109.25"
"Furnishings, household equipment and routine maintenance of the house","Zambia","Index","2010M10","109.37"
"Furnishings, household equipment and routine maintenance of the house","Zambia","Index","2010M11","110.24"
"Furnishings, household equipment and routine maintenance of the house","Zambia","Index","2010M12","111.61"
"Furnishings, household equipment and routine maintenance of the house","Zambia","Index","2011M1","111.21"
"Furnishings, household equipment and routine maintenance of the house","Zambia","Index","2011M2","111.4"
"Furnishings, household equipment and routine maintenance of the house","Zambia","Index","2011M3","112.03"
"Furnishings, household equipment and routine maintenance of the house","Zambia","Index","2011M4","111.94"
"Furnishings, household equipment and routine maintenance of the house","Zambia","Index","2011M5","113.37"
"Furnishings, household equipment and routine maintenance of the house","Zambia","Index","2011M6","114.42"
"Furnishings, household equipment and routine maintenance of the house","Zambia","Index","2011M7","116.4"
"Furnishings, household equipment and routine maintenance of the house","Zambia","Index","2011M8","117"
"Furnishings, household equipment and routine maintenance of the house","Zambia","Index","2011M9","119.01"
"Furnishings, household equipment and routine maintenance of the house","Zambia","Index","2011M10","119.98"
"Furnishings, household equipment and routine maintenance of the house","Zambia","Index","2011M11","119.61"
"Furnishings, household equipment and routine maintenance of the house","Zambia","Index","2011M12","118.56"
"Furnishings, household equipment and routine maintenance of the house","Zambia","Index","2012M1","119.0383"
"Furnishings, household equipment and routine maintenance of the house","Zambia","Index","2012M2","119.9598"
"Furnishings, household equipment and routine maintenance of the house","Zambia","Index","2012M3","120.6698"
"Furnishings, household equipment and routine maintenance of the house","Zambia","Index","2012M4","121.8874"
"Furnishings, household equipment and routine maintenance of the house","Zambia","Index","2012M5","123.0615"
"Furnishings, household equipment and routine maintenance of the house","Zambia","Index","2012M6","123.4737"
"Furnishings, household equipment and routine maintenance of the house","Zambia","Index","2012M7","124.3779"
"Furnishings, household equipment and routine maintenance of the house","Zambia","Index","2012M8","125.9827"
"Furnishings, household equipment and routine maintenance of the house","Zambia","Index","2012M9","126.4958"
"Furnishings, household equipment and routine maintenance of the house","Zambia","Index","2012M10","127.2763"
"Furnishings, household equipment and routine maintenance of the house","Zambia","Index","2012M11","127.3538"
"Furnishings, household equipment and routine maintenance of the house","Zambia","Index","2012M12","126.2687"
"Furnishings, household equipment and routine maintenance of the house","Zambia","Index","2013M1","126.0776"
"Furnishings, household equipment and routine maintenance of the house","Zambia","Index","2013M2","127.1993"
"Furnishings, household equipment and routine maintenance of the house","Zambia","Index","2013M3","128.097"
"Furnishings, household equipment and routine maintenance of the house","Zambia","Index","2013M4","128.6489"
"Furnishings, household equipment and routine maintenance of the house","Zambia","Index","2013M5","129.6408"
"Furnishings, household equipment and routine maintenance of the house","Zambia","Index","2013M6","129.8523"
"Furnishings, household equipment and routine maintenance of the house","Zambia","Index","2013M7","130.5737"
"Furnishings, household equipment and routine maintenance of the house","Zambia","Index","2013M8","131.4969"
"Furnishings, household equipment and routine maintenance of the house","Zambia","Index","2013M9","132.1889"
"Furnishings, household equipment and routine maintenance of the house","Zambia","Index","2013M10","132.174"
"Furnishings, household equipment and routine maintenance of the house","Zambia","Index","2013M11","132.9469"
"Furnishings, household equipment and routine maintenance of the house","Zambia","Index","2013M12","134.2212"
"Furnishings, household equipment and routine maintenance of the house","Zambia","Index","2014M1","134.5462"
"Furnishings, household equipment and routine maintenance of the house","Zambia","Index","2014M2","134.649"
"Furnishings, household equipment and routine maintenance of the house","Zambia","Index","2014M3","136.0596"
"Furnishings, household equipment and routine maintenance of the house","Zambia","Index","2014M4","137.5966"
"Furnishings, household equipment and routine maintenance of the house","Zambia","Index","2014M5","138.8389"
"Furnishings, household equipment and routine maintenance of the house","Zambia","Index","2014M6","140.2954"
"Furnishings, household equipment and routine maintenance of the house","Zambia","Index","2014M7","141.0663"
"Furnishings, household equipment and routine maintenance of the house","Zambia","Index","2014M8","141.9684"
"Furnishings, household equipment and routine maintenance of the house","Zambia","Index","2014M9","142.9642"
"Furnishings, household equipment and routine maintenance of the house","Zambia","Index","2014M10","142.983"
"Furnishings, household equipment and routine maintenance of the house","Zambia","Index","2014M11","143.5211"
"Furnishings, household equipment and routine maintenance of the house","Zambia","Index","2014M12","144.0311"
"Furnishings, household equipment and routine maintenance of the house","Zambia","Index","2015M1","145.2412"
"Furnishings, household equipment and routine maintenance of the house","Zambia","Index","2015M2","146.0245"
"Furnishings, household equipment and routine maintenance of the house","Zambia","Index","2015M3","148.2018"
"Furnishings, household equipment and routine maintenance of the house","Zambia","Index","2015M4","149.8721"
"Furnishings, household equipment and routine maintenance of the house","Zambia","Index","2015M5","151.1215"
"Furnishings, household equipment and routine maintenance of the house","Zambia","Index","2015M6","151.9983"
"Furnishings, household equipment and routine maintenance of the house","Zambia","Index","2015M7","153.0054"
"Furnishings, household equipment and routine maintenance of the house","Zambia","Index","2015M8","153.9244"
"Furnishings, household equipment and routine maintenance of the house","Zambia","Index","2015M9","154.8827"
"Furnishings, household equipment and routine maintenance of the house","Zambia","Index","2015M10","171.0165"
"Furnishings, household equipment and routine maintenance of the house","Zambia","Index","2015M11","179.3762"
"Furnishings, household equipment and routine maintenance of the house","Zambia","Index","2015M12","184.22"
"Furnishings, household equipment and routine maintenance of the house","Zambia","Index","2016M1","185.6714"
"Furnishings, household equipment and routine maintenance of the house","Zambia","Index","2016M2","187.0268"
"Furnishings, household equipment and routine maintenance of the house","Zambia","Index","2016M3","188.7542"
"Furnishings, household equipment and routine maintenance of the house","Zambia","Index","2016M4","188.442"
"Furnishings, household equipment and routine maintenance of the house","Zambia","Index","2016M5","189.8838"
"Furnishings, household equipment and routine maintenance of the house","Zambia","Index","2016M6","190.1323"
"Furnishings, household equipment and routine maintenance of the house","Zambia","Index","2016M7","190.0174"
"Furnishings, household equipment and routine maintenance of the house","Zambia","Index","2016M8","190.6282"
"Furnishings, household equipment and routine maintenance of the house","Zambia","Index","2016M9","190.0939"
"Furnishings, household equipment and routine maintenance of the house","Zambia","Index","2016M10","191.6288"
"Furnishings, household equipment and routine maintenance of the house","Zambia","Index","2016M11","194.1114"
"Furnishings, household equipment and routine maintenance of the house","Zambia","Index","2016M12","194.6555"
"Furnishings, household equipment and routine maintenance of the house","Zambia","Index","2017M1","195.1367"
"Furnishings, household equipment and routine maintenance of the house","Zambia","Index","2017M2","195.8531"
"Furnishings, household equipment and routine maintenance of the house","Zambia","Index","2017M3","197.3034"
"Furnishings, household equipment and routine maintenance of the house","Zambia","Index","2017M4","197.3413"
"Furnishings, household equipment and routine maintenance of the house","Zambia","Index","2017M5","197.8199"
"Furnishings, household equipment and routine maintenance of the house","Zambia","Index","2017M6","198.7145"
"Furnishings, household equipment and routine maintenance of the house","Zambia","Index","2017M7","198.9907"
"Furnishings, household equipment and routine maintenance of the house","Zambia","Index","2017M8","199.3917"
"Furnishings, household equipment and routine maintenance of the house","Zambia","Index","2017M9","197.9369"
"Furnishings, household equipment and routine maintenance of the house","Zambia","Index","2017M10","198.9187"
"Furnishings, household equipment and routine maintenance of the house","Zambia","Index","2017M11","202.4793"
"Furnishings, household equipment and routine maintenance of the house","Zambia","Index","2017M12","203.2975"
"Furnishings, household equipment and routine maintenance of the house","Zambia","Index","2018M1","204.73"
"Furnishings, household equipment and routine maintenance of the house","Zambia","Index","2018M2","205.23"
"Furnishings, household equipment and routine maintenance of the house","Zambia","Index","2018M3","206.67"
"Furnishings, household equipment and routine maintenance of the house","Zambia","Index","2018M4","208"
"Furnishings, household equipment and routine maintenance of the house","Zambia","Index","2018M5","208.8"
"Furnishings, household equipment and routine maintenance of the house","Zambia","Index","2018M6","209.25"
"Furnishings, household equipment and routine maintenance of the house","Zambia","Index","2018M7","209.93"
"Furnishings, household equipment and routine maintenance of the house","Zambia","Index","2018M8","210.54"
"Furnishings, household equipment and routine maintenance of the house","Zambia","Index","2018M9","211.37"
"Furnishings, household equipment and routine maintenance of the house","Zambia","Index","2018M10","211.85"
"Furnishings, household equipment and routine maintenance of the house","Zambia","Index","2018M11","213.1"
"Furnishings, household equipment and routine maintenance of the house","Zambia","Index","2018M12","214.65"
"Furnishings, household equipment and routine maintenance of the house","Zambia","Index","2019M1","215.97"
"Furnishings, household equipment and routine maintenance of the house","Zambia","Index","2019M2","217.72"
"Furnishings, household equipment and routine maintenance of the house","Zambia","Index","2019M3","218.2"
"Furnishings, household equipment and routine maintenance of the house","Zambia","Index","2019M4","218.64"
"Furnishings, household equipment and routine maintenance of the house","Zambia","Index","2019M5","219.9"
"Furnishings, household equipment and routine maintenance of the house","Zambia","Index","2019M6","221.68"
"Furnishings, household equipment and routine maintenance of the house","Zambia","Index","2019M7","222.95"
"Furnishings, household equipment and routine maintenance of the house","Zambia","Index","2019M8","223.56"
"Furnishings, household equipment and routine maintenance of the house","Zambia","Index","2019M9","224.69"
"Furnishings, household equipment and routine maintenance of the house","Zambia","Index","2019M10","226.83"
"Furnishings, household equipment and routine maintenance of the house","Zambia","Index","2019M11","228.91"
"Furnishings, household equipment and routine maintenance of the house","Zambia","Index","2019M12","230.33"
"Furnishings, household equipment and routine maintenance of the house","Zambia","Index","2020M1","232.52"
"Furnishings, household equipment and routine maintenance of the house","Zambia","Index","2020M2","233.58"
"Furnishings, household equipment and routine maintenance of the house","Zambia","Index","2020M3","235.38"
"Furnishings, household equipment and routine maintenance of the house","Zambia","Index","2020M4","237.9"
"Furnishings, household equipment and routine maintenance of the house","Zambia","Index","2020M5","246"
"Furnishings, household equipment and routine maintenance of the house","Zambia","Index","2020M6","248.98"
"Furnishings, household equipment and routine maintenance of the house","Zambia","Index","2020M7","250.47"
"Furnishings, household equipment and routine maintenance of the house","Zambia","Index","2020M8","251.17"
"Furnishings, household equipment and routine maintenance of the house","Zambia","Index","2020M9","254.23"
"Furnishings, household equipment and routine maintenance of the house","Zambia","Index","2020M10","257.82"
"Furnishings, household equipment and routine maintenance of the house","Zambia","Index","2020M11","262.6"
"Furnishings, household equipment and routine maintenance of the house","Zambia","Index","2020M12","266.75"
"Furnishings, household equipment and routine maintenance of the house","Zambia","Index","2021M1","269.5"
"Furnishings, household equipment and routine maintenance of the house","Zambia","Index","2021M2","278.91"
"Furnishings, household equipment and routine maintenance of the house","Zambia","Index","2021M3","283.87"
"Furnishings, household equipment and routine maintenance of the house","Zambia","Index","2021M4","290.28"
"Furnishings, household equipment and routine maintenance of the house","Zambia","Index","2021M5","293.73"
"Furnishings, household equipment and routine maintenance of the house","Zambia","Index","2021M6","297.64"
"Furnishings, household equipment and routine maintenance of the house","Zambia","Index","2021M7","299.71"
"Furnishings, household equipment and routine maintenance of the house","Zambia","Index","2021M8","304.33"
"Furnishings, household equipment and routine maintenance of the house","Zambia","Index","2021M9","305.73"
"Furnishings, household equipment and routine maintenance of the house","Zambia","Index","2021M10","305.79"
"Furnishings, household equipment and routine maintenance of the house","Zambia","Index","2021M11","307.57"
"Furnishings, household equipment and routine maintenance of the house","Zambia","Index","2021M12","309.21"
"Furnishings, household equipment and routine maintenance of the house","Zambia","Index","2022M1","309.63"
"Furnishings, household equipment and routine maintenance of the house","Zambia","Index","2022M2","312.35"
"Furnishings, household equipment and routine maintenance of the house","Zambia","Index","2022M3","313.39"
"Furnishings, household equipment and routine maintenance of the house","Zambia","Index","2022M4","314.63"
"Furnishings, household equipment and routine maintenance of the house","Zambia","Index","2022M5","317.52"
"Furnishings, household equipment and routine maintenance of the house","Zambia","Index","2022M6","319.96"
"Furnishings, household equipment and routine maintenance of the house","Zambia","Index","2022M7","321.09"
"Furnishings, household equipment and routine maintenance of the house","Zambia","Index","2022M8","322.45"
"Furnishings, household equipment and routine maintenance of the house","Zambia","Index","2022M9","323.04"
"Furnishings, household equipment and routine maintenance of the house","Zambia","Index","2022M10","321.81"
"Furnishings, household equipment and routine maintenance of the house","Zambia","Index","2022M11","321.97"
"Furnishings, household equipment and routine maintenance of the house","Zambia","Index","2022M12","322.87"
"Furnishings, household equipment and routine maintenance of the house","Zambia","Index","2023M1","324.75"
"Furnishings, household equipment and routine maintenance of the house","Zambia","Index","2023M2","327.02"
"Furnishings, household equipment and routine maintenance of the house","Zambia","Index","2023M3","329.91"
"Furnishings, household equipment and routine maintenance of the house","Zambia","Index","2023M4","332.95"
"Furnishings, household equipment and routine maintenance of the house","Zambia","Index","2023M5","334.73"
"Furnishings, household equipment and routine maintenance of the house","Zambia","Index","2023M6","338.01"
"Furnishings, household equipment and routine maintenance of the house","Zambia","Index","2023M7","340.08"
"Furnishings, household equipment and routine maintenance of the house","Zambia","Index","2023M8","342.27"
"Furnishings, household equipment and routine maintenance of the house","Zambia","Index","2023M9","343.52"
"Furnishings, household equipment and routine maintenance of the house","Zambia","Index","2023M10","346.67"
"Furnishings, household equipment and routine maintenance of the house","Zambia","Index","2023M11","348.71"
"Furnishings, household equipment and routine maintenance of the house","Zambia","Index","2023M12","350.13"
"Furnishings, household equipment and routine maintenance of the house","Zambia","Index","2024M1","356"
"Furnishings, household equipment and routine maintenance of the house","Zambia","Index","2024M2","361.92"
"Furnishings, household equipment and routine maintenance of the house","Zambia","Index","2024M3","365.62"
"Furnishings, household equipment and routine maintenance of the house","Zambia","Index","2024M4","367.77"
"Furnishings, household equipment and routine maintenance of the house","Zambia","Index","2024M5","371.66"
"Furnishings, household equipment and routine maintenance of the house","Zambia","Index","2024M6","374.07"
"Furnishings, household equipment and routine maintenance of the house","Zambia","Index","2024M7","376.92"
"Furnishings, household equipment and routine maintenance of the house","Zambia","Index","2024M8","379.63"
"Furnishings, household equipment and routine maintenance of the house","Zambia","Index","2024M9","382.05"
"Furnishings, household equipment and routine maintenance of the house","Zambia","Index","2024M10","384.93"
"Furnishings, household equipment and routine maintenance of the house","Zambia","Index","2024M11","386.81"
"Furnishings, household equipment and routine maintenance of the house","Zambia","Index","2024M12","389.49"
"Furnishings, household equipment and routine maintenance of the house","Zambia","Index","2025M1","390.46"
"Furnishings, household equipment and routine maintenance of the house","Zambia","Index","2025M2","393.25"
"Furnishings, household equipment and routine maintenance of the house","Zambia","Index","2025M3","398.07"
"Furnishings, household equipment and routine maintenance of the house","Zambia","Index","2025M4","399.56"
"Furnishings, household equipment and routine maintenance of the house","Zambia","Index","2025M5","401.9"
"Furnishings, household equipment and routine maintenance of the house","Zambia","Index","2025M6","403.77"
"Furnishings, household equipment and routine maintenance of the house","Zambia","Index","2025M7","404.1"
"Furnishings, household equipment and routine maintenance of the house","Zambia","Index","2025M8","405.46"
"Furnishings, household equipment and routine maintenance of the house","Zambia","Index","2025M9","408.44"
"Furnishings, household equipment and routine maintenance of the house","Zambia","Index","2025M10","410.16"
"Furnishings, household equipment and routine maintenance of the house","Zambia","Index","2025M11","412.55"
"Furnishings, household equipment and routine maintenance of the house","Zambia","Index","2025M12","414.4"
"Health","Zambia","Index","2010M1","105.9"
"Health","Zambia","Index","2010M2","106.22"
"Health","Zambia","Index","2010M3","107.94"
"Health","Zambia","Index","2010M4","109.63"
"Health","Zambia","Index","2010M5","109.85"
"Health","Zambia","Index","2010M6","110.43"
"Health","Zambia","Index","2010M7","111.43"
"Health","Zambia","Index","2010M8","113.86"
"Health","Zambia","Index","2010M9","113.91"
"Health","Zambia","Index","2010M10","114.65"
"Health","Zambia","Index","2010M11","113.36"
"Health","Zambia","Index","2010M12","113.75"
"Health","Zambia","Index","2011M1","112.63"
"Health","Zambia","Index","2011M2","114.4"
"Health","Zambia","Index","2011M3","114.96"
"Health","Zambia","Index","2011M4","116.98"
"Health","Zambia","Index","2011M5","117.78"
"Health","Zambia","Index","2011M6","118.29"
"Health","Zambia","Index","2011M7","118.4"
"Health","Zambia","Index","2011M8","119.03"
"Health","Zambia","Index","2011M9","119.87"
"Health","Zambia","Index","2011M10","118.32"
"Health","Zambia","Index","2011M11","120.33"
"Health","Zambia","Index","2011M12","120.12"
"Health","Zambia","Index","2012M1","121.7884"
"Health","Zambia","Index","2012M2","122.8377"
"Health","Zambia","Index","2012M3","123.5174"
"Health","Zambia","Index","2012M4","124.2638"
"Health","Zambia","Index","2012M5","124.4244"
"Health","Zambia","Index","2012M6","123.6265"
"Health","Zambia","Index","2012M7","124.8004"
"Health","Zambia","Index","2012M8","126.3767"
"Health","Zambia","Index","2012M9","128.1638"
"Health","Zambia","Index","2012M10","127.1725"
"Health","Zambia","Index","2012M11","126.9751"
"Health","Zambia","Index","2012M12","126.2306"
"Health","Zambia","Index","2013M1","126.8119"
"Health","Zambia","Index","2013M2","126.9158"
"Health","Zambia","Index","2013M3","129.5436"
"Health","Zambia","Index","2013M4","128.8576"
"Health","Zambia","Index","2013M5","130.6114"
"Health","Zambia","Index","2013M6","131.3007"
"Health","Zambia","Index","2013M7","131.7361"
"Health","Zambia","Index","2013M8","132.4922"
"Health","Zambia","Index","2013M9","132.9777"
"Health","Zambia","Index","2013M10","133.3782"
"Health","Zambia","Index","2013M11","133.7661"
"Health","Zambia","Index","2013M12","133.2342"
"Health","Zambia","Index","2014M1","134.9111"
"Health","Zambia","Index","2014M2","135.5084"
"Health","Zambia","Index","2014M3","136.4193"
"Health","Zambia","Index","2014M4","136.7737"
"Health","Zambia","Index","2014M5","138.1914"
"Health","Zambia","Index","2014M6","138.9367"
"Health","Zambia","Index","2014M7","139.5924"
"Health","Zambia","Index","2014M8","139.7209"
"Health","Zambia","Index","2014M9","140.3024"
"Health","Zambia","Index","2014M10","140.9103"
"Health","Zambia","Index","2014M11","141.4128"
"Health","Zambia","Index","2014M12","141.3675"
"Health","Zambia","Index","2015M1","141.7778"
"Health","Zambia","Index","2015M2","143.4942"
"Health","Zambia","Index","2015M3","144.6978"
"Health","Zambia","Index","2015M4","145.4621"
"Health","Zambia","Index","2015M5","147.8522"
"Health","Zambia","Index","2015M6","148.4736"
"Health","Zambia","Index","2015M7","149.4879"
"Health","Zambia","Index","2015M8","150.3622"
"Health","Zambia","Index","2015M9","150.3876"
"Health","Zambia","Index","2015M10","161.7078"
"Health","Zambia","Index","2015M11","167.9728"
"Health","Zambia","Index","2015M12","169.0764"
"Health","Zambia","Index","2016M1","168.8885"
"Health","Zambia","Index","2016M2","170.7699"
"Health","Zambia","Index","2016M3","171.3172"
"Health","Zambia","Index","2016M4","172.7251"
"Health","Zambia","Index","2016M5","171.6831"
"Health","Zambia","Index","2016M6","172.6256"
"Health","Zambia","Index","2016M7","172.8065"
"Health","Zambia","Index","2016M8","174.1356"
"Health","Zambia","Index","2016M9","173.8661"
"Health","Zambia","Index","2016M10","177.1172"
"Health","Zambia","Index","2016M11","177.4518"
"Health","Zambia","Index","2016M12","178.9515"
"Health","Zambia","Index","2017M1","179.3074"
"Health","Zambia","Index","2017M2","180.2148"
"Health","Zambia","Index","2017M3","181.2951"
"Health","Zambia","Index","2017M4","180.9461"
"Health","Zambia","Index","2017M5","180.8629"
"Health","Zambia","Index","2017M6","183.2854"
"Health","Zambia","Index","2017M7","183.5017"
"Health","Zambia","Index","2017M8","184.5257"
"Health","Zambia","Index","2017M9","183.5297"
"Health","Zambia","Index","2017M10","184.8609"
"Health","Zambia","Index","2017M11","185.9765"
"Health","Zambia","Index","2017M12","186.5155"
"Health","Zambia","Index","2018M1","189.23"
"Health","Zambia","Index","2018M2","189.35"
"Health","Zambia","Index","2018M3","188.94"
"Health","Zambia","Index","2018M4","189.87"
"Health","Zambia","Index","2018M5","190.72"
"Health","Zambia","Index","2018M6","191.04"
"Health","Zambia","Index","2018M7","191.5"
"Health","Zambia","Index","2018M8","192.14"
"Health","Zambia","Index","2018M9","192.71"
"Health","Zambia","Index","2018M10","193.7"
"Health","Zambia","Index","2018M11","194.91"
"Health","Zambia","Index","2018M12","196.12"
"Health","Zambia","Index","2019M1","196.58"
"Health","Zambia","Index","2019M2","197.46"
"Health","Zambia","Index","2019M3","200.98"
"Health","Zambia","Index","2019M4","202.51"
"Health","Zambia","Index","2019M5","203.07"
"Health","Zambia","Index","2019M6","204.18"
"Health","Zambia","Index","2019M7","205.09"
"Health","Zambia","Index","2019M8","206.42"
"Health","Zambia","Index","2019M9","207.74"
"Health","Zambia","Index","2019M10","208.69"
"Health","Zambia","Index","2019M11","210.19"
"Health","Zambia","Index","2019M12","211.4"
"Health","Zambia","Index","2020M1","212.42"
"Health","Zambia","Index","2020M2","213.98"
"Health","Zambia","Index","2020M3","216.1"
"Health","Zambia","Index","2020M4","218.06"
"Health","Zambia","Index","2020M5","225.44"
"Health","Zambia","Index","2020M6","228.46"
"Health","Zambia","Index","2020M7","230.44"
"Health","Zambia","Index","2020M8","232.28"
"Health","Zambia","Index","2020M9","234.28"
"Health","Zambia","Index","2020M10","236.57"
"Health","Zambia","Index","2020M11","237.41"
"Health","Zambia","Index","2020M12","238.19"
"Health","Zambia","Index","2021M1","240.29"
"Health","Zambia","Index","2021M2","247.17"
"Health","Zambia","Index","2021M3","249.58"
"Health","Zambia","Index","2021M4","250.83"
"Health","Zambia","Index","2021M5","252.88"
"Health","Zambia","Index","2021M6","256.25"
"Health","Zambia","Index","2021M7","258.71"
"Health","Zambia","Index","2021M8","260.82"
"Health","Zambia","Index","2021M9","260.89"
"Health","Zambia","Index","2021M10","262.53"
"Health","Zambia","Index","2021M11","263.6"
"Health","Zambia","Index","2021M12","264.6"
"Health","Zambia","Index","2022M1","264.96"
"Health","Zambia","Index","2022M2","266.68"
"Health","Zambia","Index","2022M3","266.91"
"Health","Zambia","Index","2022M4","266.9"
"Health","Zambia","Index","2022M5","269.31"
"Health","Zambia","Index","2022M6","271.11"
"Health","Zambia","Index","2022M7","271.8"
"Health","Zambia","Index","2022M8","273.41"
"Health","Zambia","Index","2022M9","275.48"
"Health","Zambia","Index","2022M10","279.7"
"Health","Zambia","Index","2022M11","282.39"
"Health","Zambia","Index","2022M12","284.44"
"Health","Zambia","Index","2023M1","286.22"
"Health","Zambia","Index","2023M2","289.19"
"Health","Zambia","Index","2023M3","290.07"
"Health","Zambia","Index","2023M4","290.03"
"Health","Zambia","Index","2023M5","292.16"
"Health","Zambia","Index","2023M6","293.76"
"Health","Zambia","Index","2023M7","295.68"
"Health","Zambia","Index","2023M8","298.07"
"Health","Zambia","Index","2023M9","300.69"
"Health","Zambia","Index","2023M10","303.01"
"Health","Zambia","Index","2023M11","306.56"
"Health","Zambia","Index","2023M12","309.24"
"Health","Zambia","Index","2024M1","311.05"
"Health","Zambia","Index","2024M2","314.68"
"Health","Zambia","Index","2024M3","318.49"
"Health","Zambia","Index","2024M4","322.85"
"Health","Zambia","Index","2024M5","323.91"
"Health","Zambia","Index","2024M6","326.9"
"Health","Zambia","Index","2024M7","328.25"
"Health","Zambia","Index","2024M8","330.04"
"Health","Zambia","Index","2024M9","333.86"
"Health","Zambia","Index","2024M10","337.54"
"Health","Zambia","Index","2024M11","339.16"
"Health","Zambia","Index","2024M12","341.71"
"Health","Zambia","Index","2025M1","344.04"
"Health","Zambia","Index","2025M2","346.14"
"Health","Zambia","Index","2025M3","350.91"
"Health","Zambia","Index","2025M4","353.84"
"Health","Zambia","Index","2025M5","354.99"
"Health","Zambia","Index","2025M6","358.66"
"Health","Zambia","Index","2025M7","361.78"
"Health","Zambia","Index","2025M8","363.57"
"Health","Zambia","Index","2025M9","365.57"
"Health","Zambia","Index","2025M10","367.31"
"Health","Zambia","Index","2025M11","369.38"
"Health","Zambia","Index","2025M12","371.6"
"Food and non-alcoholic beverages","Zambia","Index","2010M1","104.43"
"Food and non-alcoholic beverages","Zambia","Index","2010M2","104.87"
"Food and non-alcoholic beverages","Zambia","Index","2010M3","106.13"
"Food and non-alcoholic beverages","Zambia","Index","2010M4","107.11"
"Food and non-alcoholic beverages","Zambia","Index","2010M5","107.23"
"Food and non-alcoholic beverages","Zambia","Index","2010M6","106.26"
"Food and non-alcoholic beverages","Zambia","Index","2010M7","106.57"
"Food and non-alcoholic beverages","Zambia","Index","2010M8","105.97"
"Food and non-alcoholic beverages","Zambia","Index","2010M9","106.05"
"Food and non-alcoholic beverages","Zambia","Index","2010M10","105.6"
"Food and non-alcoholic beverages","Zambia","Index","2010M11","106.36"
"Food and non-alcoholic beverages","Zambia","Index","2010M12","107.65"
"Food and non-alcoholic beverages","Zambia","Index","2011M1","108.85"
"Food and non-alcoholic beverages","Zambia","Index","2011M2","109.37"
"Food and non-alcoholic beverages","Zambia","Index","2011M3","110.5"
"Food and non-alcoholic beverages","Zambia","Index","2011M4","111.11"
"Food and non-alcoholic beverages","Zambia","Index","2011M5","110.97"
"Food and non-alcoholic beverages","Zambia","Index","2011M6","110.31"
"Food and non-alcoholic beverages","Zambia","Index","2011M7","111.93"
"Food and non-alcoholic beverages","Zambia","Index","2011M8","112.09"
"Food and non-alcoholic beverages","Zambia","Index","2011M9","112.48"
"Food and non-alcoholic beverages","Zambia","Index","2011M10","112.21"
"Food and non-alcoholic beverages","Zambia","Index","2011M11","112.71"
"Food and non-alcoholic beverages","Zambia","Index","2011M12","113.39"
"Food and non-alcoholic beverages","Zambia","Index","2012M1","115.4812"
"Food and non-alcoholic beverages","Zambia","Index","2012M2","115.4147"
"Food and non-alcoholic beverages","Zambia","Index","2012M3","117.5936"
"Food and non-alcoholic beverages","Zambia","Index","2012M4","118.2243"
"Food and non-alcoholic beverages","Zambia","Index","2012M5","118.5551"
"Food and non-alcoholic beverages","Zambia","Index","2012M6","118.1082"
"Food and non-alcoholic beverages","Zambia","Index","2012M7","118.9955"
"Food and non-alcoholic beverages","Zambia","Index","2012M8","120.299"
"Food and non-alcoholic beverages","Zambia","Index","2012M9","120.9504"
"Food and non-alcoholic beverages","Zambia","Index","2012M10","121.4023"
"Food and non-alcoholic beverages","Zambia","Index","2012M11","121.6966"
"Food and non-alcoholic beverages","Zambia","Index","2012M12","122.9581"
"Food and non-alcoholic beverages","Zambia","Index","2013M1","124.272"
"Food and non-alcoholic beverages","Zambia","Index","2013M2","123.1323"
"Food and non-alcoholic beverages","Zambia","Index","2013M3","124.6561"
"Food and non-alcoholic beverages","Zambia","Index","2013M4","125.4837"
"Food and non-alcoholic beverages","Zambia","Index","2013M5","125.9912"
"Food and non-alcoholic beverages","Zambia","Index","2013M6","126.4539"
"Food and non-alcoholic beverages","Zambia","Index","2013M7","127.4819"
"Food and non-alcoholic beverages","Zambia","Index","2013M8","128.5055"
"Food and non-alcoholic beverages","Zambia","Index","2013M9","128.8661"
"Food and non-alcoholic beverages","Zambia","Index","2013M10","128.5396"
"Food and non-alcoholic beverages","Zambia","Index","2013M11","128.9857"
"Food and non-alcoholic beverages","Zambia","Index","2013M12","130.5691"
"Food and non-alcoholic beverages","Zambia","Index","2014M1","131.6046"
"Food and non-alcoholic beverages","Zambia","Index","2014M2","132.3628"
"Food and non-alcoholic beverages","Zambia","Index","2014M3","134.0853"
"Food and non-alcoholic beverages","Zambia","Index","2014M4","134.9943"
"Food and non-alcoholic beverages","Zambia","Index","2014M5","136.0192"
"Food and non-alcoholic beverages","Zambia","Index","2014M6","136.3187"
"Food and non-alcoholic beverages","Zambia","Index","2014M7","136.2442"
"Food and non-alcoholic beverages","Zambia","Index","2014M8","137.5036"
"Food and non-alcoholic beverages","Zambia","Index","2014M9","137.747"
"Food and non-alcoholic beverages","Zambia","Index","2014M10","137.7144"
"Food and non-alcoholic beverages","Zambia","Index","2014M11","138.4465"
"Food and non-alcoholic beverages","Zambia","Index","2014M12","140.2974"
"Food and non-alcoholic beverages","Zambia","Index","2015M1","141.2791"
"Food and non-alcoholic beverages","Zambia","Index","2015M2","142.388"
"Food and non-alcoholic beverages","Zambia","Index","2015M3","143.785"
"Food and non-alcoholic beverages","Zambia","Index","2015M4","144.6134"
"Food and non-alcoholic beverages","Zambia","Index","2015M5","145.8144"
"Food and non-alcoholic beverages","Zambia","Index","2015M6","146.0445"
"Food and non-alcoholic beverages","Zambia","Index","2015M7","146.9137"
"Food and non-alcoholic beverages","Zambia","Index","2015M8","148.1607"
"Food and non-alcoholic beverages","Zambia","Index","2015M9","148.9542"
"Food and non-alcoholic beverages","Zambia","Index","2015M10","160.0255"
"Food and non-alcoholic beverages","Zambia","Index","2015M11","170.8514"
"Food and non-alcoholic beverages","Zambia","Index","2015M12","175.0892"
"Food and non-alcoholic beverages","Zambia","Index","2016M1","177.8756"
"Food and non-alcoholic beverages","Zambia","Index","2016M2","179.941"
"Food and non-alcoholic beverages","Zambia","Index","2016M3","181.5177"
"Food and non-alcoholic beverages","Zambia","Index","2016M4","183.0075"
"Food and non-alcoholic beverages","Zambia","Index","2016M5","183.3915"
"Food and non-alcoholic beverages","Zambia","Index","2016M6","183.0283"
"Food and non-alcoholic beverages","Zambia","Index","2016M7","183.3551"
"Food and non-alcoholic beverages","Zambia","Index","2016M8","183.8686"
"Food and non-alcoholic beverages","Zambia","Index","2016M9","183.8483"
"Food and non-alcoholic beverages","Zambia","Index","2016M10","185.0107"
"Food and non-alcoholic beverages","Zambia","Index","2016M11","186.5811"
"Food and non-alcoholic beverages","Zambia","Index","2016M12","188.681"
"Food and non-alcoholic beverages","Zambia","Index","2017M1","190.9587"
"Food and non-alcoholic beverages","Zambia","Index","2017M2","193.2769"
"Food and non-alcoholic beverages","Zambia","Index","2017M3","193.7425"
"Food and non-alcoholic beverages","Zambia","Index","2017M4","194.0915"
"Food and non-alcoholic beverages","Zambia","Index","2017M5","194.2155"
"Food and non-alcoholic beverages","Zambia","Index","2017M6","193.6081"
"Food and non-alcoholic beverages","Zambia","Index","2017M7","193.1345"
"Food and non-alcoholic beverages","Zambia","Index","2017M8","193.3225"
"Food and non-alcoholic beverages","Zambia","Index","2017M9","193.0569"
"Food and non-alcoholic beverages","Zambia","Index","2017M10","194.0698"
"Food and non-alcoholic beverages","Zambia","Index","2017M11","195.6221"
"Food and non-alcoholic beverages","Zambia","Index","2017M12","197.7668"
"Food and non-alcoholic beverages","Zambia","Index","2018M1","199.69"
"Food and non-alcoholic beverages","Zambia","Index","2018M2","202.14"
"Food and non-alcoholic beverages","Zambia","Index","2018M3","204.9"
"Food and non-alcoholic beverages","Zambia","Index","2018M4","206.8"
"Food and non-alcoholic beverages","Zambia","Index","2018M5","207.61"
"Food and non-alcoholic beverages","Zambia","Index","2018M6","208.21"
"Food and non-alcoholic beverages","Zambia","Index","2018M7","208.76"
"Food and non-alcoholic beverages","Zambia","Index","2018M8","209.39"
"Food and non-alcoholic beverages","Zambia","Index","2018M9","209.57"
"Food and non-alcoholic beverages","Zambia","Index","2018M10","210.1"
"Food and non-alcoholic beverages","Zambia","Index","2018M11","212.13"
"Food and non-alcoholic beverages","Zambia","Index","2018M12","213.76"
"Food and non-alcoholic beverages","Zambia","Index","2019M1","216.03"
"Food and non-alcoholic beverages","Zambia","Index","2019M2","217.7"
"Food and non-alcoholic beverages","Zambia","Index","2019M3","221.74"
"Food and non-alcoholic beverages","Zambia","Index","2019M4","224.03"
"Food and non-alcoholic beverages","Zambia","Index","2019M5","226.47"
"Food and non-alcoholic beverages","Zambia","Index","2019M6","227.37"
"Food and non-alcoholic beverages","Zambia","Index","2019M7","228.26"
"Food and non-alcoholic beverages","Zambia","Index","2019M8","230.95"
"Food and non-alcoholic beverages","Zambia","Index","2019M9","235.59"
"Food and non-alcoholic beverages","Zambia","Index","2019M10","238.09"
"Food and non-alcoholic beverages","Zambia","Index","2019M11","240.77"
"Food and non-alcoholic beverages","Zambia","Index","2019M12","246.35"
"Food and non-alcoholic beverages","Zambia","Index","2020M1","249.2"
"Food and non-alcoholic beverages","Zambia","Index","2020M2","252.41"
"Food and non-alcoholic beverages","Zambia","Index","2020M3","255.51"
"Food and non-alcoholic beverages","Zambia","Index","2020M4","262.2"
"Food and non-alcoholic beverages","Zambia","Index","2020M5","266.01"
"Food and non-alcoholic beverages","Zambia","Index","2020M6","264.47"
"Food and non-alcoholic beverages","Zambia","Index","2020M7","265.11"
"Food and non-alcoholic beverages","Zambia","Index","2020M8","266.84"
"Food and non-alcoholic beverages","Zambia","Index","2020M9","268.57"
"Food and non-alcoholic beverages","Zambia","Index","2020M10","272.84"
"Food and non-alcoholic beverages","Zambia","Index","2020M11","281.13"
"Food and non-alcoholic beverages","Zambia","Index","2020M12","296.1"
"Food and non-alcoholic beverages","Zambia","Index","2021M1","312.96"
"Food and non-alcoholic beverages","Zambia","Index","2021M2","321.37"
"Food and non-alcoholic beverages","Zambia","Index","2021M3","326.51"
"Food and non-alcoholic beverages","Zambia","Index","2021M4","333.58"
"Food and non-alcoholic beverages","Zambia","Index","2021M5","341.86"
"Food and non-alcoholic beverages","Zambia","Index","2021M6","347.01"
"Food and non-alcoholic beverages","Zambia","Index","2021M7","347.78"
"Food and non-alcoholic beverages","Zambia","Index","2021M8","351.08"
"Food and non-alcoholic beverages","Zambia","Index","2021M9","348.15"
"Food and non-alcoholic beverages","Zambia","Index","2021M10","349.42"
"Food and non-alcoholic beverages","Zambia","Index","2021M11","352.51"
"Food and non-alcoholic beverages","Zambia","Index","2021M12","355.02"
"Food and non-alcoholic beverages","Zambia","Index","2022M1","366"
"Food and non-alcoholic beverages","Zambia","Index","2022M2","372.91"
"Food and non-alcoholic beverages","Zambia","Index","2022M3","376.38"
"Food and non-alcoholic beverages","Zambia","Index","2022M4","380.51"
"Food and non-alcoholic beverages","Zambia","Index","2022M5","383.95"
"Food and non-alcoholic beverages","Zambia","Index","2022M6","388.44"
"Food and non-alcoholic beverages","Zambia","Index","2022M7","389.46"
"Food and non-alcoholic beverages","Zambia","Index","2022M8","390.93"
"Food and non-alcoholic beverages","Zambia","Index","2022M9","390.22"
"Food and non-alcoholic beverages","Zambia","Index","2022M10","391.96"
"Food and non-alcoholic beverages","Zambia","Index","2022M11","395.31"
"Food and non-alcoholic beverages","Zambia","Index","2022M12","397.37"
"Food and non-alcoholic beverages","Zambia","Index","2023M1","408.33"
"Food and non-alcoholic beverages","Zambia","Index","2023M2","416.33"
"Food and non-alcoholic beverages","Zambia","Index","2023M3","420.96"
"Food and non-alcoholic beverages","Zambia","Index","2023M4","424.62"
"Food and non-alcoholic beverages","Zambia","Index","2023M5","428.34"
"Food and non-alcoholic beverages","Zambia","Index","2023M6","432.13"
"Food and non-alcoholic beverages","Zambia","Index","2023M7","436.57"
"Food and non-alcoholic beverages","Zambia","Index","2023M8","440.19"
"Food and non-alcoholic beverages","Zambia","Index","2023M9","442.33"
"Food and non-alcoholic beverages","Zambia","Index","2023M10","445.22"
"Food and non-alcoholic beverages","Zambia","Index","2023M11","449.29"
"Food and non-alcoholic beverages","Zambia","Index","2023M12","453.93"
"Food and non-alcoholic beverages","Zambia","Index","2024M1","464.47"
"Food and non-alcoholic beverages","Zambia","Index","2024M2","475.04"
"Food and non-alcoholic beverages","Zambia","Index","2024M3","486.52"
"Food and non-alcoholic beverages","Zambia","Index","2024M4","491.38"
"Food and non-alcoholic beverages","Zambia","Index","2024M5","497.59"
"Food and non-alcoholic beverages","Zambia","Index","2024M6","504.83"
"Food and non-alcoholic beverages","Zambia","Index","2024M7","512.49"
"Food and non-alcoholic beverages","Zambia","Index","2024M8","517.49"
"Food and non-alcoholic beverages","Zambia","Index","2024M9","521.56"
"Food and non-alcoholic beverages","Zambia","Index","2024M10","526.12"
"Food and non-alcoholic beverages","Zambia","Index","2024M11","530.87"
"Food and non-alcoholic beverages","Zambia","Index","2024M12","538.44"
"Food and non-alcoholic beverages","Zambia","Index","2025M1","553.62"
"Food and non-alcoholic beverages","Zambia","Index","2025M2","572.68"
"Food and non-alcoholic beverages","Zambia","Index","2025M3","578.47"
"Food and non-alcoholic beverages","Zambia","Index","2025M4","583.16"
"Food and non-alcoholic beverages","Zambia","Index","2025M5","586.54"
"Food and non-alcoholic beverages","Zambia","Index","2025M6","588.99"
"Food and non-alcoholic beverages","Zambia","Index","2025M7","591.04"
"Food and non-alcoholic beverages","Zambia","Index","2025M8","594.63"
"Food and non-alcoholic beverages","Zambia","Index","2025M9","597.56"
"Food and non-alcoholic beverages","Zambia","Index","2025M10","600.12"
"Food and non-alcoholic beverages","Zambia","Index","2025M11","604.64"
"Food and non-alcoholic beverages","Zambia","Index","2025M12","608.1"
"Transport","Zambia","Index","2010M1","103.5"
"Transport","Zambia","Index","2010M2","106.65"
"Transport","Zambia","Index","2010M3","108.48"
"Transport","Zambia","Index","2010M4","107.96"
"Transport","Zambia","Index","2010M5","110.83"
"Transport","Zambia","Index","2010M6","113.77"
"Transport","Zambia","Index","2010M7","115.46"
"Transport","Zambia","Index","2010M8","113.38"
"Transport","Zambia","Index","2010M9","114.32"
"Transport","Zambia","Index","2010M10","111.78"
"Transport","Zambia","Index","2010M11","111.63"
"Transport","Zambia","Index","2010M12","110.64"
"Transport","Zambia","Index","2011M1","111.78"
"Transport","Zambia","Index","2011M2","112.43"
"Transport","Zambia","Index","2011M3","114.86"
"Transport","Zambia","Index","2011M4","116.07"
"Transport","Zambia","Index","2011M5","117.03"
"Transport","Zambia","Index","2011M6","117.06"
"Transport","Zambia","Index","2011M7","119.38"
"Transport","Zambia","Index","2011M8","121.49"
"Transport","Zambia","Index","2011M9","121.66"
"Transport","Zambia","Index","2011M10","121.19"
"Transport","Zambia","Index","2011M11","119.16"
"Transport","Zambia","Index","2011M12","120.78"
"Transport","Zambia","Index","2012M1","121.266"
"Transport","Zambia","Index","2012M2","122.4571"
"Transport","Zambia","Index","2012M3","123.8257"
"Transport","Zambia","Index","2012M4","124.4736"
"Transport","Zambia","Index","2012M5","124.7407"
"Transport","Zambia","Index","2012M6","125.6408"
"Transport","Zambia","Index","2012M7","126.4727"
"Transport","Zambia","Index","2012M8","125.6273"
"Transport","Zambia","Index","2012M9","129.0159"
"Transport","Zambia","Index","2012M10","127.093"
"Transport","Zambia","Index","2012M11","124.6072"
"Transport","Zambia","Index","2012M12","124.7524"
"Transport","Zambia","Index","2013M1","125.6123"
"Transport","Zambia","Index","2013M2","127.2074"
"Transport","Zambia","Index","2013M3","127.6589"
"Transport","Zambia","Index","2013M4","128.8702"
"Transport","Zambia","Index","2013M5","133.1181"
"Transport","Zambia","Index","2013M6","136.1194"
"Transport","Zambia","Index","2013M7","138.8219"
"Transport","Zambia","Index","2013M8","139.224"
"Transport","Zambia","Index","2013M9","139.9014"
"Transport","Zambia","Index","2013M10","141.4153"
"Transport","Zambia","Index","2013M11","140.9058"
"Transport","Zambia","Index","2013M12","141.8007"
"Transport","Zambia","Index","2014M1","142.3651"
"Transport","Zambia","Index","2014M2","142.3856"
"Transport","Zambia","Index","2014M3","145.3205"
"Transport","Zambia","Index","2014M4","145.9961"
"Transport","Zambia","Index","2014M5","149.666"
"Transport","Zambia","Index","2014M6","151.724"
"Transport","Zambia","Index","2014M7","152.0253"
"Transport","Zambia","Index","2014M8","151.8923"
"Transport","Zambia","Index","2014M9","151.5092"
"Transport","Zambia","Index","2014M10","152.9848"
"Transport","Zambia","Index","2014M11","154.1827"
"Transport","Zambia","Index","2014M12","152.3883"
"Transport","Zambia","Index","2015M1","152.723"
"Transport","Zambia","Index","2015M2","146.1849"
"Transport","Zambia","Index","2015M3","149.0487"
"Transport","Zambia","Index","2015M4","151.5538"
"Transport","Zambia","Index","2015M5","150.6485"
"Transport","Zambia","Index","2015M6","153.5642"
"Transport","Zambia","Index","2015M7","155.6654"
"Transport","Zambia","Index","2015M8","162.1093"
"Transport","Zambia","Index","2015M9","169.1572"
"Transport","Zambia","Index","2015M10","189.3769"
"Transport","Zambia","Index","2015M11","191.8197"
"Transport","Zambia","Index","2015M12","185.6767"
"Transport","Zambia","Index","2016M1","190.0946"
"Transport","Zambia","Index","2016M2","190.4957"
"Transport","Zambia","Index","2016M3","187.2271"
"Transport","Zambia","Index","2016M4","182.2036"
"Transport","Zambia","Index","2016M5","180.2185"
"Transport","Zambia","Index","2016M6","187.3255"
"Transport","Zambia","Index","2016M7","184.7227"
"Transport","Zambia","Index","2016M8","187.6681"
"Transport","Zambia","Index","2016M9","188.3198"
"Transport","Zambia","Index","2016M10","189.4087"
"Transport","Zambia","Index","2016M11","209.5893"
"Transport","Zambia","Index","2016M12","210.5136"
"Transport","Zambia","Index","2017M1","207.3503"
"Transport","Zambia","Index","2017M2","207.0507"
"Transport","Zambia","Index","2017M3","204.2003"
"Transport","Zambia","Index","2017M4","208.5447"
"Transport","Zambia","Index","2017M5","205.9469"
"Transport","Zambia","Index","2017M6","206.9478"
"Transport","Zambia","Index","2017M7","205.0454"
"Transport","Zambia","Index","2017M8","202.4596"
"Transport","Zambia","Index","2017M9","201.8281"
"Transport","Zambia","Index","2017M10","202.5317"
"Transport","Zambia","Index","2017M11","213.175"
"Transport","Zambia","Index","2017M12","212.6618"
"Transport","Zambia","Index","2018M1","211.09"
"Transport","Zambia","Index","2018M2","210.37"
"Transport","Zambia","Index","2018M3","222.32"
"Transport","Zambia","Index","2018M4","222.84"
"Transport","Zambia","Index","2018M5","226.78"
"Transport","Zambia","Index","2018M6","226.33"
"Transport","Zambia","Index","2018M7","227.08"
"Transport","Zambia","Index","2018M8","227.39"
"Transport","Zambia","Index","2018M9","229.06"
"Transport","Zambia","Index","2018M10","241.75"
"Transport","Zambia","Index","2018M11","244.89"
"Transport","Zambia","Index","2018M12","247.74"
"Transport","Zambia","Index","2019M1","251.3"
"Transport","Zambia","Index","2019M2","254.02"
"Transport","Zambia","Index","2019M3","253.65"
"Transport","Zambia","Index","2019M4","255.16"
"Transport","Zambia","Index","2019M5","259.73"
"Transport","Zambia","Index","2019M6","274.82"
"Transport","Zambia","Index","2019M7","275.91"
"Transport","Zambia","Index","2019M8","276.77"
"Transport","Zambia","Index","2019M9","277.6"
"Transport","Zambia","Index","2019M10","281.74"
"Transport","Zambia","Index","2019M11","285.07"
"Transport","Zambia","Index","2019M12","291.29"
"Transport","Zambia","Index","2020M1","298.08"
"Transport","Zambia","Index","2020M2","322.53"
"Transport","Zambia","Index","2020M3","332.2"
"Transport","Zambia","Index","2020M4","357.6"
"Transport","Zambia","Index","2020M5","361.98"
"Transport","Zambia","Index","2020M6","371.95"
"Transport","Zambia","Index","2020M7","369.88"
"Transport","Zambia","Index","2020M8","370.64"
"Transport","Zambia","Index","2020M9","388.84"
"Transport","Zambia","Index","2020M10","393.26"
"Transport","Zambia","Index","2020M11","403.51"
"Transport","Zambia","Index","2020M12","404.3"
"Transport","Zambia","Index","2021M1","413.27"
"Transport","Zambia","Index","2021M2","417.18"
"Transport","Zambia","Index","2021M3","423.05"
"Transport","Zambia","Index","2021M4","429.23"
"Transport","Zambia","Index","2021M5","431.91"
"Transport","Zambia","Index","2021M6","438.8"
"Transport","Zambia","Index","2021M7","439.57"
"Transport","Zambia","Index","2021M8","397.55"
"Transport","Zambia","Index","2021M9","391.49"
"Transport","Zambia","Index","2021M10","395.42"
"Transport","Zambia","Index","2021M11","392.5"
"Transport","Zambia","Index","2021M12","392.04"
"Transport","Zambia","Index","2022M1","425.85"
"Transport","Zambia","Index","2022M2","451.36"
"Transport","Zambia","Index","2022M3","457.16"
"Transport","Zambia","Index","2022M4","450.18"
"Transport","Zambia","Index","2022M5","451.99"
"Transport","Zambia","Index","2022M6","455.19"
"Transport","Zambia","Index","2022M7","458.52"
"Transport","Zambia","Index","2022M8","451.65"
"Transport","Zambia","Index","2022M9","429.62"
"Transport","Zambia","Index","2022M10","418.97"
"Transport","Zambia","Index","2022M11","424.41"
"Transport","Zambia","Index","2022M12","446.61"
"Transport","Zambia","Index","2023M1","455.53"
"Transport","Zambia","Index","2023M2","486.26"
"Transport","Zambia","Index","2023M3","496.63"
"Transport","Zambia","Index","2023M4","513.42"
"Transport","Zambia","Index","2023M5","499.68"
"Transport","Zambia","Index","2023M6","505.48"
"Transport","Zambia","Index","2023M7","507.09"
"Transport","Zambia","Index","2023M8","511.52"
"Transport","Zambia","Index","2023M9","528.07"
"Transport","Zambia","Index","2023M10","543.45"
"Transport","Zambia","Index","2023M11","556.72"
"Transport","Zambia","Index","2023M12","566.41"
"Transport","Zambia","Index","2024M1","594.2"
"Transport","Zambia","Index","2024M2","634.5"
"Transport","Zambia","Index","2024M3","604.36"
"Transport","Zambia","Index","2024M4","616.62"
"Transport","Zambia","Index","2024M5","635.79"
"Transport","Zambia","Index","2024M6","637.4"
"Transport","Zambia","Index","2024M7","620.37"
"Transport","Zambia","Index","2024M8","626.98"
"Transport","Zambia","Index","2024M9","633.16"
"Transport","Zambia","Index","2024M10","638.53"
"Transport","Zambia","Index","2024M11","647.69"
"Transport","Zambia","Index","2024M12","660"
"Transport","Zambia","Index","2025M1","674.31"
"Transport","Zambia","Index","2025M2","674.57"
"Transport","Zambia","Index","2025M3","680.8"
"Transport","Zambia","Index","2025M4","702.98"
"Transport","Zambia","Index","2025M5","673.3"
"Transport","Zambia","Index","2025M6","643.44"
"Transport","Zambia","Index","2025M7","627.75"
"Transport","Zambia","Index","2025M8","629.53"
"Transport","Zambia","Index","2025M9","634.95"
"Transport","Zambia","Index","2025M10","635.01"
"Transport","Zambia","Index","2025M11","637.26"
"Transport","Zambia","Index","2025M12","721.35"
"Communications","Zambia","Index","2010M1","102.78"
"Communications","Zambia","Index","2010M2","102.1"
"Communications","Zambia","Index","2010M3","102.64"
"Communications","Zambia","Index","2010M4","102.43"
"Communications","Zambia","Index","2010M5","102.43"
"Communications","Zambia","Index","2010M6","102.43"
"Communications","Zambia","Index","2010M7","102.44"
"Communications","Zambia","Index","2010M8","102.64"
"Communications","Zambia","Index","2010M9","102.62"
"Communications","Zambia","Index","2010M10","102.25"
"Communications","Zambia","Index","2010M11","102.22"
"Communications","Zambia","Index","2010M12","102.15"
"Communications","Zambia","Index","2011M1","102.64"
"Communications","Zambia","Index","2011M2","102.66"
"Communications","Zambia","Index","2011M3","102.8"
"Communications","Zambia","Index","2011M4","102.89"
"Communications","Zambia","Index","2011M5","102.87"
"Communications","Zambia","Index","2011M6","102.91"
"Communications","Zambia","Index","2011M7","102.89"
"Communications","Zambia","Index","2011M8","102.9"
"Communications","Zambia","Index","2011M9","102.64"
"Communications","Zambia","Index","2011M10","102.65"
"Communications","Zambia","Index","2011M11","102.79"
"Communications","Zambia","Index","2011M12","102.71"
"Communications","Zambia","Index","2012M1","103.7643"
"Communications","Zambia","Index","2012M2","104.0457"
"Communications","Zambia","Index","2012M3","104.0457"
"Communications","Zambia","Index","2012M4","104.1192"
"Communications","Zambia","Index","2012M5","104.0231"
"Communications","Zambia","Index","2012M6","103.9153"
"Communications","Zambia","Index","2012M7","104.6079"
"Communications","Zambia","Index","2012M8","104.6251"
"Communications","Zambia","Index","2012M9","104.8567"
"Communications","Zambia","Index","2012M10","104.9878"
"Communications","Zambia","Index","2012M11","104.5015"
"Communications","Zambia","Index","2012M12","104.1199"
"Communications","Zambia","Index","2013M1","105.1059"
"Communications","Zambia","Index","2013M2","106.183"
"Communications","Zambia","Index","2013M3","106.7052"
"Communications","Zambia","Index","2013M4","106.7097"
"Communications","Zambia","Index","2013M5","106.8253"
"Communications","Zambia","Index","2013M6","106.8266"
"Communications","Zambia","Index","2013M7","107.1023"
"Communications","Zambia","Index","2013M8","107.1022"
"Communications","Zambia","Index","2013M9","108.0544"
"Communications","Zambia","Index","2013M10","108.052"
"Communications","Zambia","Index","2013M11","108.0572"
"Communications","Zambia","Index","2013M12","108.3317"
"Communications","Zambia","Index","2014M1","109.425"
"Communications","Zambia","Index","2014M2","109.3977"
"Communications","Zambia","Index","2014M3","109.6438"
"Communications","Zambia","Index","2014M4","109.7138"
"Communications","Zambia","Index","2014M5","110.6077"
"Communications","Zambia","Index","2014M6","111.0645"
"Communications","Zambia","Index","2014M7","111.0983"
"Communications","Zambia","Index","2014M8","111.0778"
"Communications","Zambia","Index","2014M9","111.8291"
"Communications","Zambia","Index","2014M10","111.832"
"Communications","Zambia","Index","2014M11","111.8164"
"Communications","Zambia","Index","2014M12","111.832"
"Communications","Zambia","Index","2015M1","111.8534"
"Communications","Zambia","Index","2015M2","111.8821"
"Communications","Zambia","Index","2015M3","111.8481"
"Communications","Zambia","Index","2015M4","112.4418"
"Communications","Zambia","Index","2015M5","112.4717"
"Communications","Zambia","Index","2015M6","112.605"
"Communications","Zambia","Index","2015M7","113.1282"
"Communications","Zambia","Index","2015M8","113.1282"
"Communications","Zambia","Index","2015M9","113.1282"
"Communications","Zambia","Index","2015M10","113.144"
"Communications","Zambia","Index","2015M11","117.1017"
"Communications","Zambia","Index","2015M12","118.3995"
"Communications","Zambia","Index","2016M1","117.9884"
"Communications","Zambia","Index","2016M2","118.4947"
"Communications","Zambia","Index","2016M3","118.6423"
"Communications","Zambia","Index","2016M4","124.3682"
"Communications","Zambia","Index","2016M5","124.6458"
"Communications","Zambia","Index","2016M6","124.6458"
"Communications","Zambia","Index","2016M7","124.9774"
"Communications","Zambia","Index","2016M8","125.1933"
"Communications","Zambia","Index","2016M9","125.2275"
"Communications","Zambia","Index","2016M10","125.6759"
"Communications","Zambia","Index","2016M11","125.8586"
"Communications","Zambia","Index","2016M12","125.8987"
"Communications","Zambia","Index","2017M1","127.3362"
"Communications","Zambia","Index","2017M2","127.513"
"Communications","Zambia","Index","2017M3","127.5575"
"Communications","Zambia","Index","2017M4","127.5582"
"Communications","Zambia","Index","2017M5","127.5759"
"Communications","Zambia","Index","2017M6","127.0273"
"Communications","Zambia","Index","2017M7","127.0273"
"Communications","Zambia","Index","2017M8","127.0732"
"Communications","Zambia","Index","2017M9","127.0732"
"Communications","Zambia","Index","2017M10","127.1011"
"Communications","Zambia","Index","2017M11","128.1073"
"Communications","Zambia","Index","2017M12","128.121"
"Communications","Zambia","Index","2018M1","128.35"
"Communications","Zambia","Index","2018M2","128.42"
"Communications","Zambia","Index","2018M3","128.42"
"Communications","Zambia","Index","2018M4","128.42"
"Communications","Zambia","Index","2018M5","129.57"
"Communications","Zambia","Index","2018M6","129.57"
"Communications","Zambia","Index","2018M7","130.37"
"Communications","Zambia","Index","2018M8","130.45"
"Communications","Zambia","Index","2018M9","130.47"
"Communications","Zambia","Index","2018M10","130.56"
"Communications","Zambia","Index","2018M11","130.63"
"Communications","Zambia","Index","2018M12","130.65"
"Communications","Zambia","Index","2019M1","130.65"
"Communications","Zambia","Index","2019M2","130.65"
"Communications","Zambia","Index","2019M3","130.66"
"Communications","Zambia","Index","2019M4","130.66"
"Communications","Zambia","Index","2019M5","130.66"
"Communications","Zambia","Index","2019M6","130.68"
"Communications","Zambia","Index","2019M7","131.49"
"Communications","Zambia","Index","2019M8","132.24"
"Communications","Zambia","Index","2019M9","132.36"
"Communications","Zambia","Index","2019M10","132.37"
"Communications","Zambia","Index","2019M11","132.76"
"Communications","Zambia","Index","2019M12","132.76"
"Communications","Zambia","Index","2020M1","132.76"
"Communications","Zambia","Index","2020M2","132.76"
"Communications","Zambia","Index","2020M3","132.76"
"Communications","Zambia","Index","2020M4","132.78"
"Communications","Zambia","Index","2020M5","133.63"
"Communications","Zambia","Index","2020M6","133.63"
"Communications","Zambia","Index","2020M7","133.63"
"Communications","Zambia","Index","2020M8","133.63"
"Communications","Zambia","Index","2020M9","133.95"
"Communications","Zambia","Index","2020M10","134.5"
"Communications","Zambia","Index","2020M11","135.88"
"Communications","Zambia","Index","2020M12","136.26"
"Communications","Zambia","Index","2021M1","136.46"
"Communications","Zambia","Index","2021M2","137.27"
"Communications","Zambia","Index","2021M3","137.87"
"Communications","Zambia","Index","2021M4","138.07"
"Communications","Zambia","Index","2021M5","138.73"
"Communications","Zambia","Index","2021M6","138.73"
"Communications","Zambia","Index","2021M7","138.98"
"Communications","Zambia","Index","2021M8","138.76"
"Communications","Zambia","Index","2021M9","139.27"
"Communications","Zambia","Index","2021M10","139.62"
"Communications","Zambia","Index","2021M11","139.62"
"Communications","Zambia","Index","2021M12","139.63"
"Communications","Zambia","Index","2022M1","140.95"
"Communications","Zambia","Index","2022M2","140.95"
"Communications","Zambia","Index","2022M3","140.96"
"Communications","Zambia","Index","2022M4","141.67"
"Communications","Zambia","Index","2022M5","141.67"
"Communications","Zambia","Index","2022M6","141.67"
"Communications","Zambia","Index","2022M7","141.67"
"Communications","Zambia","Index","2022M8","141.67"
"Communications","Zambia","Index","2022M9","142.27"
"Communications","Zambia","Index","2022M10","142.27"
"Communications","Zambia","Index","2022M11","140.96"
"Communications","Zambia","Index","2022M12","140.96"
"Communications","Zambia","Index","2023M1","140.98"
"Communications","Zambia","Index","2023M2","141.5"
"Communications","Zambia","Index","2023M3","142.61"
"Communications","Zambia","Index","2023M4","142.61"
"Communications","Zambia","Index","2023M5","142.93"
"Communications","Zambia","Index","2023M6","142.96"
"Communications","Zambia","Index","2023M7","143"
"Communications","Zambia","Index","2023M8","143"
"Communications","Zambia","Index","2023M9","143"
"Communications","Zambia","Index","2023M10","143.1"
"Communications","Zambia","Index","2023M11","143.38"
"Communications","Zambia","Index","2023M12","143.38"
"Communications","Zambia","Index","2024M1","143.66"
"Communications","Zambia","Index","2024M2","143.66"
"Communications","Zambia","Index","2024M3","143.66"
"Communications","Zambia","Index","2024M4","144.36"
"Communications","Zambia","Index","2024M5","144.14"
"Communications","Zambia","Index","2024M6","144.83"
"Communications","Zambia","Index","2024M7","145.95"
"Communications","Zambia","Index","2024M8","146.19"
"Communications","Zambia","Index","2024M9","146.32"
"Communications","Zambia","Index","2024M10","146.32"
"Communications","Zambia","Index","2024M11","146.33"
"Communications","Zambia","Index","2024M12","147.49"
"Communications","Zambia","Index","2025M1","149.18"
"Communications","Zambia","Index","2025M2","149.19"
"Communications","Zambia","Index","2025M3","149.35"
"Communications","Zambia","Index","2025M4","149.39"
"Communications","Zambia","Index","2025M5","150.18"
"Communications","Zambia","Index","2025M6","151.43"
"Communications","Zambia","Index","2025M7","151.59"
"Communications","Zambia","Index","2025M8","151.93"
"Communications","Zambia","Index","2025M9","151.93"
"Communications","Zambia","Index","2025M10","153.57"
"Communications","Zambia","Index","2025M11","153.88"
"Communications","Zambia","Index","2025M12","155.3"
"Recreation and Culture","Zambia","Index","2010M1","105.49"
"Recreation and Culture","Zambia","Index","2010M2","105.19"
"Recreation and Culture","Zambia","Index","2010M3","106.89"
"Recreation and Culture","Zambia","Index","2010M4","107.2"
"Recreation and Culture","Zambia","Index","2010M5","107.49"
"Recreation and Culture","Zambia","Index","2010M6","107.89"
"Recreation and Culture","Zambia","Index","2010M7","106.86"
"Recreation and Culture","Zambia","Index","2010M8","107.74"
"Recreation and Culture","Zambia","Index","2010M9","107.84"
"Recreation and Culture","Zambia","Index","2010M10","107.85"
"Recreation and Culture","Zambia","Index","2010M11","108.98"
"Recreation and Culture","Zambia","Index","2010M12","108.47"
"Recreation and Culture","Zambia","Index","2011M1","109.21"
"Recreation and Culture","Zambia","Index","2011M2","109.58"
"Recreation and Culture","Zambia","Index","2011M3","109.85"
"Recreation and Culture","Zambia","Index","2011M4","110.46"
"Recreation and Culture","Zambia","Index","2011M5","113.12"
"Recreation and Culture","Zambia","Index","2011M6","112.67"
"Recreation and Culture","Zambia","Index","2011M7","114.12"
"Recreation and Culture","Zambia","Index","2011M8","115.67"
"Recreation and Culture","Zambia","Index","2011M9","115.44"
"Recreation and Culture","Zambia","Index","2011M10","116.27"
"Recreation and Culture","Zambia","Index","2011M11","117.52"
"Recreation and Culture","Zambia","Index","2011M12","116.84"
"Recreation and Culture","Zambia","Index","2012M1","117.9256"
"Recreation and Culture","Zambia","Index","2012M2","118.0298"
"Recreation and Culture","Zambia","Index","2012M3","118.6968"
"Recreation and Culture","Zambia","Index","2012M4","119.312"
"Recreation and Culture","Zambia","Index","2012M5","121.1524"
"Recreation and Culture","Zambia","Index","2012M6","121.7742"
"Recreation and Culture","Zambia","Index","2012M7","122.3324"
"Recreation and Culture","Zambia","Index","2012M8","121.7071"
"Recreation and Culture","Zambia","Index","2012M9","122.0215"
"Recreation and Culture","Zambia","Index","2012M10","121.0088"
"Recreation and Culture","Zambia","Index","2012M11","120.0415"
"Recreation and Culture","Zambia","Index","2012M12","121.7512"
"Recreation and Culture","Zambia","Index","2013M1","122.7086"
"Recreation and Culture","Zambia","Index","2013M2","122.5143"
"Recreation and Culture","Zambia","Index","2013M3","123.5909"
"Recreation and Culture","Zambia","Index","2013M4","123.8625"
"Recreation and Culture","Zambia","Index","2013M5","125.6104"
"Recreation and Culture","Zambia","Index","2013M6","125.921"
"Recreation and Culture","Zambia","Index","2013M7","125.8669"
"Recreation and Culture","Zambia","Index","2013M8","126.4522"
"Recreation and Culture","Zambia","Index","2013M9","126.7617"
"Recreation and Culture","Zambia","Index","2013M10","127.2556"
"Recreation and Culture","Zambia","Index","2013M11","128.2717"
"Recreation and Culture","Zambia","Index","2013M12","128.8854"
"Recreation and Culture","Zambia","Index","2014M1","129.1235"
"Recreation and Culture","Zambia","Index","2014M2","129.2794"
"Recreation and Culture","Zambia","Index","2014M3","131.5538"
"Recreation and Culture","Zambia","Index","2014M4","133.3571"
"Recreation and Culture","Zambia","Index","2014M5","135.0804"
"Recreation and Culture","Zambia","Index","2014M6","135.7073"
"Recreation and Culture","Zambia","Index","2014M7","136.2807"
"Recreation and Culture","Zambia","Index","2014M8","137.4473"
"Recreation and Culture","Zambia","Index","2014M9","136.7437"
"Recreation and Culture","Zambia","Index","2014M10","135.9607"
"Recreation and Culture","Zambia","Index","2014M11","138.4585"
"Recreation and Culture","Zambia","Index","2014M12","139.1928"
"Recreation and Culture","Zambia","Index","2015M1","138.7029"
"Recreation and Culture","Zambia","Index","2015M2","139.5173"
"Recreation and Culture","Zambia","Index","2015M3","141.5418"
"Recreation and Culture","Zambia","Index","2015M4","142.6131"
"Recreation and Culture","Zambia","Index","2015M5","143.5074"
"Recreation and Culture","Zambia","Index","2015M6","144.3195"
"Recreation and Culture","Zambia","Index","2015M7","144.7575"
"Recreation and Culture","Zambia","Index","2015M8","145.6854"
"Recreation and Culture","Zambia","Index","2015M9","145.8526"
"Recreation and Culture","Zambia","Index","2015M10","162.8841"
"Recreation and Culture","Zambia","Index","2015M11","173.7761"
"Recreation and Culture","Zambia","Index","2015M12","175.725"
"Recreation and Culture","Zambia","Index","2016M1","173.8325"
"Recreation and Culture","Zambia","Index","2016M2","176.2262"
"Recreation and Culture","Zambia","Index","2016M3","176.1869"
"Recreation and Culture","Zambia","Index","2016M4","176.9866"
"Recreation and Culture","Zambia","Index","2016M5","174.2708"
"Recreation and Culture","Zambia","Index","2016M6","173.643"
"Recreation and Culture","Zambia","Index","2016M7","174.7275"
"Recreation and Culture","Zambia","Index","2016M8","175.987"
"Recreation and Culture","Zambia","Index","2016M9","175.8792"
"Recreation and Culture","Zambia","Index","2016M10","179.7586"
"Recreation and Culture","Zambia","Index","2016M11","182.0975"
"Recreation and Culture","Zambia","Index","2016M12","182.1504"
"Recreation and Culture","Zambia","Index","2017M1","183.0622"
"Recreation and Culture","Zambia","Index","2017M2","184.2748"
"Recreation and Culture","Zambia","Index","2017M3","185.23"
"Recreation and Culture","Zambia","Index","2017M4","184.9242"
"Recreation and Culture","Zambia","Index","2017M5","185.4135"
"Recreation and Culture","Zambia","Index","2017M6","182.8598"
"Recreation and Culture","Zambia","Index","2017M7","182.2617"
"Recreation and Culture","Zambia","Index","2017M8","182.3372"
"Recreation and Culture","Zambia","Index","2017M9","180.205"
"Recreation and Culture","Zambia","Index","2017M10","183.0379"
"Recreation and Culture","Zambia","Index","2017M11","194.9703"
"Recreation and Culture","Zambia","Index","2017M12","192.3985"
"Recreation and Culture","Zambia","Index","2018M1","194.98"
"Recreation and Culture","Zambia","Index","2018M2","197"
"Recreation and Culture","Zambia","Index","2018M3","194.25"
"Recreation and Culture","Zambia","Index","2018M4","196.2"
"Recreation and Culture","Zambia","Index","2018M5","195.42"
"Recreation and Culture","Zambia","Index","2018M6","193.17"
"Recreation and Culture","Zambia","Index","2018M7","193.55"
"Recreation and Culture","Zambia","Index","2018M8","195.07"
"Recreation and Culture","Zambia","Index","2018M9","195.13"
"Recreation and Culture","Zambia","Index","2018M10","196.42"
"Recreation and Culture","Zambia","Index","2018M11","197.06"
"Recreation and Culture","Zambia","Index","2018M12","200.12"
"Recreation and Culture","Zambia","Index","2019M1","202"
"Recreation and Culture","Zambia","Index","2019M2","202.62"
"Recreation and Culture","Zambia","Index","2019M3","202.79"
"Recreation and Culture","Zambia","Index","2019M4","203.41"
"Recreation and Culture","Zambia","Index","2019M5","204.32"
"Recreation and Culture","Zambia","Index","2019M6","205.67"
"Recreation and Culture","Zambia","Index","2019M7","208.18"
"Recreation and Culture","Zambia","Index","2019M8","208.81"
"Recreation and Culture","Zambia","Index","2019M9","210.25"
"Recreation and Culture","Zambia","Index","2019M10","210.79"
"Recreation and Culture","Zambia","Index","2019M11","212.03"
"Recreation and Culture","Zambia","Index","2019M12","213.07"
"Recreation and Culture","Zambia","Index","2020M1","214.61"
"Recreation and Culture","Zambia","Index","2020M2","213.19"
"Recreation and Culture","Zambia","Index","2020M3","216.13"
"Recreation and Culture","Zambia","Index","2020M4","217.26"
"Recreation and Culture","Zambia","Index","2020M5","220.74"
"Recreation and Culture","Zambia","Index","2020M6","223.67"
"Recreation and Culture","Zambia","Index","2020M7","224.83"
"Recreation and Culture","Zambia","Index","2020M8","225.46"
"Recreation and Culture","Zambia","Index","2020M9","224.73"
"Recreation and Culture","Zambia","Index","2020M10","227.48"
"Recreation and Culture","Zambia","Index","2020M11","231.93"
"Recreation and Culture","Zambia","Index","2020M12","237.96"
"Recreation and Culture","Zambia","Index","2021M1","239.94"
"Recreation and Culture","Zambia","Index","2021M2","241.46"
"Recreation and Culture","Zambia","Index","2021M3","245.62"
"Recreation and Culture","Zambia","Index","2021M4","248.77"
"Recreation and Culture","Zambia","Index","2021M5","250.89"
"Recreation and Culture","Zambia","Index","2021M6","254.25"
"Recreation and Culture","Zambia","Index","2021M7","255.37"
"Recreation and Culture","Zambia","Index","2021M8","261.24"
"Recreation and Culture","Zambia","Index","2021M9","265.84"
"Recreation and Culture","Zambia","Index","2021M10","268.6"
"Recreation and Culture","Zambia","Index","2021M11","270.53"
"Recreation and Culture","Zambia","Index","2021M12","272.49"
"Recreation and Culture","Zambia","Index","2022M1","279.59"
"Recreation and Culture","Zambia","Index","2022M2","281.98"
"Recreation and Culture","Zambia","Index","2022M3","281.59"
"Recreation and Culture","Zambia","Index","2022M4","284.53"
"Recreation and Culture","Zambia","Index","2022M5","285.4"
"Recreation and Culture","Zambia","Index","2022M6","288.16"
"Recreation and Culture","Zambia","Index","2022M7","290.24"
"Recreation and Culture","Zambia","Index","2022M8","293.35"
"Recreation and Culture","Zambia","Index","2022M9","293.09"
"Recreation and Culture","Zambia","Index","2022M10","299.43"
"Recreation and Culture","Zambia","Index","2022M11","301.03"
"Recreation and Culture","Zambia","Index","2022M12","292.19"
"Recreation and Culture","Zambia","Index","2023M1","293.37"
"Recreation and Culture","Zambia","Index","2023M2","299.87"
"Recreation and Culture","Zambia","Index","2023M3","306.21"
"Recreation and Culture","Zambia","Index","2023M4","309.86"
"Recreation and Culture","Zambia","Index","2023M5","310.63"
"Recreation and Culture","Zambia","Index","2023M6","317.58"
"Recreation and Culture","Zambia","Index","2023M7","319.63"
"Recreation and Culture","Zambia","Index","2023M8","324.61"
"Recreation and Culture","Zambia","Index","2023M9","326.96"
"Recreation and Culture","Zambia","Index","2023M10","329.59"
"Recreation and Culture","Zambia","Index","2023M11","331.64"
"Recreation and Culture","Zambia","Index","2023M12","334.91"
"Recreation and Culture","Zambia","Index","2024M1","339.97"
"Recreation and Culture","Zambia","Index","2024M2","342.42"
"Recreation and Culture","Zambia","Index","2024M3","348.12"
"Recreation and Culture","Zambia","Index","2024M4","350.37"
"Recreation and Culture","Zambia","Index","2024M5","351.4"
"Recreation and Culture","Zambia","Index","2024M6","355.97"
"Recreation and Culture","Zambia","Index","2024M7","364.84"
"Recreation and Culture","Zambia","Index","2024M8","366.45"
"Recreation and Culture","Zambia","Index","2024M9","369.14"
"Recreation and Culture","Zambia","Index","2024M10","370.21"
"Recreation and Culture","Zambia","Index","2024M11","372.12"
"Recreation and Culture","Zambia","Index","2024M12","373.26"
"Recreation and Culture","Zambia","Index","2025M1","376.1"
"Recreation and Culture","Zambia","Index","2025M2","380.68"
"Recreation and Culture","Zambia","Index","2025M3","384.58"
"Recreation and Culture","Zambia","Index","2025M4","385.99"
"Recreation and Culture","Zambia","Index","2025M5","383.85"
"Recreation and Culture","Zambia","Index","2025M6","385.04"
"Recreation and Culture","Zambia","Index","2025M7","387.51"
"Recreation and Culture","Zambia","Index","2025M8","389.98"
"Recreation and Culture","Zambia","Index","2025M9","394.14"
"Recreation and Culture","Zambia","Index","2025M10","396.03"
"Recreation and Culture","Zambia","Index","2025M11","397.78"
"Recreation and Culture","Zambia","Index","2025M12","400.19"
"Education","Zambia","Index","2010M1","105.25"
"Education","Zambia","Index","2010M2","104.4"
"Education","Zambia","Index","2010M3","104.46"
"Education","Zambia","Index","2010M4","105.55"
"Education","Zambia","Index","2010M5","105.47"
"Education","Zambia","Index","2010M6","105.31"
"Education","Zambia","Index","2010M7","107.46"
"Education","Zambia","Index","2010M8","108"
"Education","Zambia","Index","2010M9","108"
"Education","Zambia","Index","2010M10","108"
"Education","Zambia","Index","2010M11","108.02"
"Education","Zambia","Index","2010M12","108.55"
"Education","Zambia","Index","2011M1","111.6"
"Education","Zambia","Index","2011M2","112.12"
"Education","Zambia","Index","2011M3","114.2"
"Education","Zambia","Index","2011M4","114.15"
"Education","Zambia","Index","2011M5","113.23"
"Education","Zambia","Index","2011M6","115.03"
"Education","Zambia","Index","2011M7","116.22"
"Education","Zambia","Index","2011M8","115.81"
"Education","Zambia","Index","2011M9","116.87"
"Education","Zambia","Index","2011M10","117.1"
"Education","Zambia","Index","2011M11","118.15"
"Education","Zambia","Index","2011M12","118.36"
"Education","Zambia","Index","2012M1","121.1794"
"Education","Zambia","Index","2012M2","122.8746"
"Education","Zambia","Index","2012M3","123.2742"
"Education","Zambia","Index","2012M4","123.5626"
"Education","Zambia","Index","2012M5","123.7863"
"Education","Zambia","Index","2012M6","124.7486"
"Education","Zambia","Index","2012M7","127.3671"
"Education","Zambia","Index","2012M8","127.1366"
"Education","Zambia","Index","2012M9","127.9185"
"Education","Zambia","Index","2012M10","127.9279"
"Education","Zambia","Index","2012M11","128.8298"
"Education","Zambia","Index","2012M12","128.8117"
"Education","Zambia","Index","2013M1","138.0241"
"Education","Zambia","Index","2013M2","140.3471"
"Education","Zambia","Index","2013M3","140.369"
"Education","Zambia","Index","2013M4","140.3673"
"Education","Zambia","Index","2013M5","140.9846"
"Education","Zambia","Index","2013M6","141.2815"
"Education","Zambia","Index","2013M7","141.5773"
"Education","Zambia","Index","2013M8","141.6271"
"Education","Zambia","Index","2013M9","141.6599"
"Education","Zambia","Index","2013M10","141.6583"
"Education","Zambia","Index","2013M11","143.1346"
"Education","Zambia","Index","2013M12","144.9557"
"Education","Zambia","Index","2014M1","154.3178"
"Education","Zambia","Index","2014M2","155.5851"
"Education","Zambia","Index","2014M3","155.5589"
"Education","Zambia","Index","2014M4","155.5408"
"Education","Zambia","Index","2014M5","155.5457"
"Education","Zambia","Index","2014M6","155.6388"
"Education","Zambia","Index","2014M7","155.9788"
"Education","Zambia","Index","2014M8","155.986"
"Education","Zambia","Index","2014M9","155.986"
"Education","Zambia","Index","2014M10","156.0508"
"Education","Zambia","Index","2014M11","156.4789"
"Education","Zambia","Index","2014M12","156.4789"
"Education","Zambia","Index","2015M1","161.5176"
"Education","Zambia","Index","2015M2","162.0294"
"Education","Zambia","Index","2015M3","162.0871"
"Education","Zambia","Index","2015M4","162.0913"
"Education","Zambia","Index","2015M5","164.2632"
"Education","Zambia","Index","2015M6","164.3697"
"Education","Zambia","Index","2015M7","164.5014"
"Education","Zambia","Index","2015M8","164.5356"
"Education","Zambia","Index","2015M9","164.5593"
"Education","Zambia","Index","2015M10","164.9439"
"Education","Zambia","Index","2015M11","165.6152"
"Education","Zambia","Index","2015M12","165.6736"
"Education","Zambia","Index","2016M1","188.3021"
"Education","Zambia","Index","2016M2","189.9396"
"Education","Zambia","Index","2016M3","190.5916"
"Education","Zambia","Index","2016M4","190.668"
"Education","Zambia","Index","2016M5","191.2362"
"Education","Zambia","Index","2016M6","191.7435"
"Education","Zambia","Index","2016M7","191.7435"
"Education","Zambia","Index","2016M8","191.798"
"Education","Zambia","Index","2016M9","191.798"
"Education","Zambia","Index","2016M10","192.061"
"Education","Zambia","Index","2016M11","192.061"
"Education","Zambia","Index","2016M12","195.1569"
"Education","Zambia","Index","2017M1","202.1546"
"Education","Zambia","Index","2017M2","205.1597"
"Education","Zambia","Index","2017M3","205.7499"
"Education","Zambia","Index","2017M4","205.7499"
"Education","Zambia","Index","2017M5","205.7499"
"Education","Zambia","Index","2017M6","205.9342"
"Education","Zambia","Index","2017M7","205.6998"
"Education","Zambia","Index","2017M8","205.6998"
"Education","Zambia","Index","2017M9","205.5919"
"Education","Zambia","Index","2017M10","205.5919"
"Education","Zambia","Index","2017M11","205.5919"
"Education","Zambia","Index","2017M12","205.7476"
"Education","Zambia","Index","2018M1","209.84"
"Education","Zambia","Index","2018M2","213.06"
"Education","Zambia","Index","2018M3","212.75"
"Education","Zambia","Index","2018M4","212.81"
"Education","Zambia","Index","2018M5","212.92"
"Education","Zambia","Index","2018M6","212.92"
"Education","Zambia","Index","2018M7","212.92"
"Education","Zambia","Index","2018M8","212.91"
"Education","Zambia","Index","2018M9","212.98"
"Education","Zambia","Index","2018M10","213.02"
"Education","Zambia","Index","2018M11","213.02"
"Education","Zambia","Index","2018M12","214.94"
"Education","Zambia","Index","2019M1","225.69"
"Education","Zambia","Index","2019M2","225.7"
"Education","Zambia","Index","2019M3","225.87"
"Education","Zambia","Index","2019M4","225.87"
"Education","Zambia","Index","2019M5","224.5"
"Education","Zambia","Index","2019M6","224.65"
"Education","Zambia","Index","2019M7","224.67"
"Education","Zambia","Index","2019M8","225.79"
"Education","Zambia","Index","2019M9","225.79"
"Education","Zambia","Index","2019M10","225.79"
"Education","Zambia","Index","2019M11","225.79"
"Education","Zambia","Index","2019M12","225.79"
"Education","Zambia","Index","2020M1","228.44"
"Education","Zambia","Index","2020M2","228.4"
"Education","Zambia","Index","2020M3","228.4"
"Education","Zambia","Index","2020M4","228.41"
"Education","Zambia","Index","2020M5","228.41"
"Education","Zambia","Index","2020M6","228.53"
"Education","Zambia","Index","2020M7","228.53"
"Education","Zambia","Index","2020M8","228.53"
"Education","Zambia","Index","2020M9","228.53"
"Education","Zambia","Index","2020M10","228.91"
"Education","Zambia","Index","2020M11","228.92"
"Education","Zambia","Index","2020M12","229.26"
"Education","Zambia","Index","2021M1","237.81"
"Education","Zambia","Index","2021M2","240.54"
"Education","Zambia","Index","2021M3","240.88"
"Education","Zambia","Index","2021M4","240.91"
"Education","Zambia","Index","2021M5","241.3"
"Education","Zambia","Index","2021M6","241.3"
"Education","Zambia","Index","2021M7","241.36"
"Education","Zambia","Index","2021M8","241.36"
"Education","Zambia","Index","2021M9","241.36"
"Education","Zambia","Index","2021M10","241.36"
"Education","Zambia","Index","2021M11","241"
"Education","Zambia","Index","2021M12","241.73"
"Education","Zambia","Index","2022M1","246.57"
"Education","Zambia","Index","2022M2","246.57"
"Education","Zambia","Index","2022M3","246.57"
"Education","Zambia","Index","2022M4","246.57"
"Education","Zambia","Index","2022M5","246.57"
"Education","Zambia","Index","2022M6","246.74"
"Education","Zambia","Index","2022M7","246.83"
"Education","Zambia","Index","2022M8","246.95"
"Education","Zambia","Index","2022M9","246.95"
"Education","Zambia","Index","2022M10","245.36"
"Education","Zambia","Index","2022M11","245.36"
"Education","Zambia","Index","2022M12","245.36"
"Education","Zambia","Index","2023M1","255.22"
"Education","Zambia","Index","2023M2","260.81"
"Education","Zambia","Index","2023M3","261.06"
"Education","Zambia","Index","2023M4","261.28"
"Education","Zambia","Index","2023M5","261.59"
"Education","Zambia","Index","2023M6","261.74"
"Education","Zambia","Index","2023M7","261.74"
"Education","Zambia","Index","2023M8","261.79"
"Education","Zambia","Index","2023M9","261.29"
"Education","Zambia","Index","2023M10","261.29"
"Education","Zambia","Index","2023M11","261.99"
"Education","Zambia","Index","2023M12","261.99"
"Education","Zambia","Index","2024M1","275.6"
"Education","Zambia","Index","2024M2","275.6"
"Education","Zambia","Index","2024M3","276.48"
"Education","Zambia","Index","2024M4","276.48"
"Education","Zambia","Index","2024M5","275.27"
"Education","Zambia","Index","2024M6","276.6"
"Education","Zambia","Index","2024M7","277.24"
"Education","Zambia","Index","2024M8","277.36"
"Education","Zambia","Index","2024M9","277.36"
"Education","Zambia","Index","2024M10","279.72"
"Education","Zambia","Index","2024M11","279.72"
"Education","Zambia","Index","2024M12","279.72"
"Education","Zambia","Index","2025M1","295.09"
"Education","Zambia","Index","2025M2","296.53"
"Education","Zambia","Index","2025M3","296.61"
"Education","Zambia","Index","2025M4","296.62"
"Education","Zambia","Index","2025M5","301.09"
"Education","Zambia","Index","2025M6","301.09"
"Education","Zambia","Index","2025M7","301.09"
"Education","Zambia","Index","2025M8","301.09"
"Education","Zambia","Index","2025M9","301.11"
"Education","Zambia","Index","2025M10","301.59"
"Education","Zambia","Index","2025M11","301.72"
"Education","Zambia","Index","2025M12","301.72"
"Restaurants and hotels","Zambia","Index","2010M1","103.62"
"Restaurants and hotels","Zambia","Index","2010M2","103.58"
"Restaurants and hotels","Zambia","Index","2010M3","105.33"
"Restaurants and hotels","Zambia","Index","2010M4","106.73"
"Restaurants and hotels","Zambia","Index","2010M5","108.4"
"Restaurants and hotels","Zambia","Index","2010M6","109.19"
"Restaurants and hotels","Zambia","Index","2010M7","109.49"
"Restaurants and hotels","Zambia","Index","2010M8","108.22"
"Restaurants and hotels","Zambia","Index","2010M9","109.74"
"Restaurants and hotels","Zambia","Index","2010M10","110.51"
"Restaurants and hotels","Zambia","Index","2010M11","111.47"
"Restaurants and hotels","Zambia","Index","2010M12","112.58"
"Restaurants and hotels","Zambia","Index","2011M1","112.1"
"Restaurants and hotels","Zambia","Index","2011M2","112.15"
"Restaurants and hotels","Zambia","Index","2011M3","115.35"
"Restaurants and hotels","Zambia","Index","2011M4","115.79"
"Restaurants and hotels","Zambia","Index","2011M5","116.37"
"Restaurants and hotels","Zambia","Index","2011M6","118.32"
"Restaurants and hotels","Zambia","Index","2011M7","115.46"
"Restaurants and hotels","Zambia","Index","2011M8","117.33"
"Restaurants and hotels","Zambia","Index","2011M9","116.62"
"Restaurants and hotels","Zambia","Index","2011M10","116.59"
"Restaurants and hotels","Zambia","Index","2011M11","118.61"
"Restaurants and hotels","Zambia","Index","2011M12","116.97"
"Restaurants and hotels","Zambia","Index","2012M1","117.9574"
"Restaurants and hotels","Zambia","Index","2012M2","117.951"
"Restaurants and hotels","Zambia","Index","2012M3","118.8571"
"Restaurants and hotels","Zambia","Index","2012M4","119.5651"
"Restaurants and hotels","Zambia","Index","2012M5","120.133"
"Restaurants and hotels","Zambia","Index","2012M6","120.7716"
"Restaurants and hotels","Zambia","Index","2012M7","120.7669"
"Restaurants and hotels","Zambia","Index","2012M8","120.4363"
"Restaurants and hotels","Zambia","Index","2012M9","121.5509"
"Restaurants and hotels","Zambia","Index","2012M10","121.9512"
"Restaurants and hotels","Zambia","Index","2012M11","122.7981"
"Restaurants and hotels","Zambia","Index","2012M12","122.783"
"Restaurants and hotels","Zambia","Index","2013M1","124.8301"
"Restaurants and hotels","Zambia","Index","2013M2","125.5516"
"Restaurants and hotels","Zambia","Index","2013M3","126.3366"
"Restaurants and hotels","Zambia","Index","2013M4","127.5935"
"Restaurants and hotels","Zambia","Index","2013M5","128.1097"
"Restaurants and hotels","Zambia","Index","2013M6","128.5072"
"Restaurants and hotels","Zambia","Index","2013M7","129.0859"
"Restaurants and hotels","Zambia","Index","2013M8","130.1671"
"Restaurants and hotels","Zambia","Index","2013M9","130.8533"
"Restaurants and hotels","Zambia","Index","2013M10","131.0621"
"Restaurants and hotels","Zambia","Index","2013M11","131.9711"
"Restaurants and hotels","Zambia","Index","2013M12","132.4247"
"Restaurants and hotels","Zambia","Index","2014M1","133.5179"
"Restaurants and hotels","Zambia","Index","2014M2","133.6898"
"Restaurants and hotels","Zambia","Index","2014M3","136.8412"
"Restaurants and hotels","Zambia","Index","2014M4","137.3285"
"Restaurants and hotels","Zambia","Index","2014M5","138.5854"
"Restaurants and hotels","Zambia","Index","2014M6","139.0523"
"Restaurants and hotels","Zambia","Index","2014M7","140.02"
"Restaurants and hotels","Zambia","Index","2014M8","140.7467"
"Restaurants and hotels","Zambia","Index","2014M9","141.2729"
"Restaurants and hotels","Zambia","Index","2014M10","141.0692"
"Restaurants and hotels","Zambia","Index","2014M11","141.2965"
"Restaurants and hotels","Zambia","Index","2014M12","141.9488"
"Restaurants and hotels","Zambia","Index","2015M1","143.1787"
"Restaurants and hotels","Zambia","Index","2015M2","143.431"
"Restaurants and hotels","Zambia","Index","2015M3","145.0146"
"Restaurants and hotels","Zambia","Index","2015M4","145.7497"
"Restaurants and hotels","Zambia","Index","2015M5","146.6463"
"Restaurants and hotels","Zambia","Index","2015M6","147.0108"
"Restaurants and hotels","Zambia","Index","2015M7","147.6359"
"Restaurants and hotels","Zambia","Index","2015M8","148.0805"
"Restaurants and hotels","Zambia","Index","2015M9","149.2747"
"Restaurants and hotels","Zambia","Index","2015M10","154.4081"
"Restaurants and hotels","Zambia","Index","2015M11","158.0409"
"Restaurants and hotels","Zambia","Index","2015M12","159.8384"
"Restaurants and hotels","Zambia","Index","2016M1","163.0883"
"Restaurants and hotels","Zambia","Index","2016M2","166.3736"
"Restaurants and hotels","Zambia","Index","2016M3","165.2049"
"Restaurants and hotels","Zambia","Index","2016M4","166.1716"
"Restaurants and hotels","Zambia","Index","2016M5","163.4327"
"Restaurants and hotels","Zambia","Index","2016M6","163.7927"
"Restaurants and hotels","Zambia","Index","2016M7","164.4826"
"Restaurants and hotels","Zambia","Index","2016M8","165.4195"
"Restaurants and hotels","Zambia","Index","2016M9","165.5649"
"Restaurants and hotels","Zambia","Index","2016M10","166.1515"
"Restaurants and hotels","Zambia","Index","2016M11","167.3056"
"Restaurants and hotels","Zambia","Index","2016M12","167.6239"
"Restaurants and hotels","Zambia","Index","2017M1","168.8148"
"Restaurants and hotels","Zambia","Index","2017M2","170.2592"
"Restaurants and hotels","Zambia","Index","2017M3","170.9214"
"Restaurants and hotels","Zambia","Index","2017M4","170.0667"
"Restaurants and hotels","Zambia","Index","2017M5","171.0841"
"Restaurants and hotels","Zambia","Index","2017M6","171.5549"
"Restaurants and hotels","Zambia","Index","2017M7","171.9864"
"Restaurants and hotels","Zambia","Index","2017M8","172.2789"
"Restaurants and hotels","Zambia","Index","2017M9","170.562"
"Restaurants and hotels","Zambia","Index","2017M10","170.9934"
"Restaurants and hotels","Zambia","Index","2017M11","172.4879"
"Restaurants and hotels","Zambia","Index","2017M12","173.1371"
"Restaurants and hotels","Zambia","Index","2018M1","174.96"
"Restaurants and hotels","Zambia","Index","2018M2","175.37"
"Restaurants and hotels","Zambia","Index","2018M3","174.73"
"Restaurants and hotels","Zambia","Index","2018M4","175.53"
"Restaurants and hotels","Zambia","Index","2018M5","176.16"
"Restaurants and hotels","Zambia","Index","2018M6","176.76"
"Restaurants and hotels","Zambia","Index","2018M7","177.13"
"Restaurants and hotels","Zambia","Index","2018M8","177.82"
"Restaurants and hotels","Zambia","Index","2018M9","178.11"
"Restaurants and hotels","Zambia","Index","2018M10","179.44"
"Restaurants and hotels","Zambia","Index","2018M11","180.15"
"Restaurants and hotels","Zambia","Index","2018M12","182.31"
"Restaurants and hotels","Zambia","Index","2019M1","183.11"
"Restaurants and hotels","Zambia","Index","2019M2","183.61"
"Restaurants and hotels","Zambia","Index","2019M3","184.68"
"Restaurants and hotels","Zambia","Index","2019M4","187.03"
"Restaurants and hotels","Zambia","Index","2019M5","187.72"
"Restaurants and hotels","Zambia","Index","2019M6","188.26"
"Restaurants and hotels","Zambia","Index","2019M7","190.56"
"Restaurants and hotels","Zambia","Index","2019M8","191.22"
"Restaurants and hotels","Zambia","Index","2019M9","192.39"
"Restaurants and hotels","Zambia","Index","2019M10","193.95"
"Restaurants and hotels","Zambia","Index","2019M11","194.46"
"Restaurants and hotels","Zambia","Index","2019M12","195.37"
"Restaurants and hotels","Zambia","Index","2020M1","195.74"
"Restaurants and hotels","Zambia","Index","2020M2","196.52"
"Restaurants and hotels","Zambia","Index","2020M3","198.8"
"Restaurants and hotels","Zambia","Index","2020M4","201.03"
"Restaurants and hotels","Zambia","Index","2020M5","202.95"
"Restaurants and hotels","Zambia","Index","2020M6","205.06"
"Restaurants and hotels","Zambia","Index","2020M7","207.46"
"Restaurants and hotels","Zambia","Index","2020M8","209.67"
"Restaurants and hotels","Zambia","Index","2020M9","208.54"
"Restaurants and hotels","Zambia","Index","2020M10","212.28"
"Restaurants and hotels","Zambia","Index","2020M11","215.69"
"Restaurants and hotels","Zambia","Index","2020M12","216.43"
"Restaurants and hotels","Zambia","Index","2021M1","217.03"
"Restaurants and hotels","Zambia","Index","2021M2","219.96"
"Restaurants and hotels","Zambia","Index","2021M3","222.05"
"Restaurants and hotels","Zambia","Index","2021M4","226.18"
"Restaurants and hotels","Zambia","Index","2021M5","228.82"
"Restaurants and hotels","Zambia","Index","2021M6","232.8"
"Restaurants and hotels","Zambia","Index","2021M7","234.89"
"Restaurants and hotels","Zambia","Index","2021M8","239.31"
"Restaurants and hotels","Zambia","Index","2021M9","240.82"
"Restaurants and hotels","Zambia","Index","2021M10","240.84"
"Restaurants and hotels","Zambia","Index","2021M11","241.68"
"Restaurants and hotels","Zambia","Index","2021M12","243.53"
"Restaurants and hotels","Zambia","Index","2022M1","244.59"
"Restaurants and hotels","Zambia","Index","2022M2","246.22"
"Restaurants and hotels","Zambia","Index","2022M3","245.88"
"Restaurants and hotels","Zambia","Index","2022M4","247.6"
"Restaurants and hotels","Zambia","Index","2022M5","250.61"
"Restaurants and hotels","Zambia","Index","2022M6","252.49"
"Restaurants and hotels","Zambia","Index","2022M7","253.6"
"Restaurants and hotels","Zambia","Index","2022M8","255.64"
"Restaurants and hotels","Zambia","Index","2022M9","257.81"
"Restaurants and hotels","Zambia","Index","2022M10","260.7"
"Restaurants and hotels","Zambia","Index","2022M11","256.66"
"Restaurants and hotels","Zambia","Index","2022M12","260.92"
"Restaurants and hotels","Zambia","Index","2023M1","262.39"
"Restaurants and hotels","Zambia","Index","2023M2","265.43"
"Restaurants and hotels","Zambia","Index","2023M3","266.84"
"Restaurants and hotels","Zambia","Index","2023M4","271.03"
"Restaurants and hotels","Zambia","Index","2023M5","273.45"
"Restaurants and hotels","Zambia","Index","2023M6","278.43"
"Restaurants and hotels","Zambia","Index","2023M7","280.56"
"Restaurants and hotels","Zambia","Index","2023M8","284.03"
"Restaurants and hotels","Zambia","Index","2023M9","286.63"
"Restaurants and hotels","Zambia","Index","2023M10","287.65"
"Restaurants and hotels","Zambia","Index","2023M11","290.17"
"Restaurants and hotels","Zambia","Index","2023M12","291.21"
"Restaurants and hotels","Zambia","Index","2024M1","295.68"
"Restaurants and hotels","Zambia","Index","2024M2","301.09"
"Restaurants and hotels","Zambia","Index","2024M3","304.83"
"Restaurants and hotels","Zambia","Index","2024M4","306.98"
"Restaurants and hotels","Zambia","Index","2024M5","310.27"
"Restaurants and hotels","Zambia","Index","2024M6","312.64"
"Restaurants and hotels","Zambia","Index","2024M7","312.19"
"Restaurants and hotels","Zambia","Index","2024M8","314.37"
"Restaurants and hotels","Zambia","Index","2024M9","317.62"
"Restaurants and hotels","Zambia","Index","2024M10","321.54"
"Restaurants and hotels","Zambia","Index","2024M11","324.19"
"Restaurants and hotels","Zambia","Index","2024M12","329.29"
"Restaurants and hotels","Zambia","Index","2025M1","330.65"
"Restaurants and hotels","Zambia","Index","2025M2","333.86"
"Restaurants and hotels","Zambia","Index","2025M3","337.37"
"Restaurants and hotels","Zambia","Index","2025M4","339.38"
"Restaurants and hotels","Zambia","Index","2025M5","343.2"
"Restaurants and hotels","Zambia","Index","2025M6","347.06"
"Restaurants and hotels","Zambia","Index","2025M7","348.31"
"Restaurants and hotels","Zambia","Index","2025M8","350.07"
"Restaurants and hotels","Zambia","Index","2025M9","353.58"
"Restaurants and hotels","Zambia","Index","2025M10","356.09"
"Restaurants and hotels","Zambia","Index","2025M11","357.36"
"Restaurants and hotels","Zambia","Index","2025M12","360.53"
"Miscellaneous goods and services","Zambia","Index","2010M1","104.93"
"Miscellaneous goods and services","Zambia","Index","2010M2","104.88"
"Miscellaneous goods and services","Zambia","Index","2010M3","105.39"
"Miscellaneous goods and services","Zambia","Index","2010M4","105.78"
"Miscellaneous goods and services","Zambia","Index","2010M5","106.3"
"Miscellaneous goods and services","Zambia","Index","2010M6","107.92"
"Miscellaneous goods and services","Zambia","Index","2010M7","108.09"
"Miscellaneous goods and services","Zambia","Index","2010M8","108.57"
"Miscellaneous goods and services","Zambia","Index","2010M9","108.8"
"Miscellaneous goods and services","Zambia","Index","2010M10","109.1"
"Miscellaneous goods and services","Zambia","Index","2010M11","111.06"
"Miscellaneous goods and services","Zambia","Index","2010M12","110.01"
"Miscellaneous goods and services","Zambia","Index","2011M1","111.53"
"Miscellaneous goods and services","Zambia","Index","2011M2","111.62"
"Miscellaneous goods and services","Zambia","Index","2011M3","112.21"
"Miscellaneous goods and services","Zambia","Index","2011M4","112.4"
"Miscellaneous goods and services","Zambia","Index","2011M5","112.46"
"Miscellaneous goods and services","Zambia","Index","2011M6","113.09"
"Miscellaneous goods and services","Zambia","Index","2011M7","114.02"
"Miscellaneous goods and services","Zambia","Index","2011M8","114.13"
"Miscellaneous goods and services","Zambia","Index","2011M9","113.67"
"Miscellaneous goods and services","Zambia","Index","2011M10","114.31"
"Miscellaneous goods and services","Zambia","Index","2011M11","114.36"
"Miscellaneous goods and services","Zambia","Index","2011M12","115.29"
"Miscellaneous goods and services","Zambia","Index","2012M1","115.0086"
"Miscellaneous goods and services","Zambia","Index","2012M2","115.8609"
"Miscellaneous goods and services","Zambia","Index","2012M3","117.5342"
"Miscellaneous goods and services","Zambia","Index","2012M4","118.6666"
"Miscellaneous goods and services","Zambia","Index","2012M5","119.503"
"Miscellaneous goods and services","Zambia","Index","2012M6","120.5846"
"Miscellaneous goods and services","Zambia","Index","2012M7","121.7919"
"Miscellaneous goods and services","Zambia","Index","2012M8","122.3686"
"Miscellaneous goods and services","Zambia","Index","2012M9","122.4106"
"Miscellaneous goods and services","Zambia","Index","2012M10","122.9708"
"Miscellaneous goods and services","Zambia","Index","2012M11","123.101"
"Miscellaneous goods and services","Zambia","Index","2012M12","122.8437"
"Miscellaneous goods and services","Zambia","Index","2013M1","124.5737"
"Miscellaneous goods and services","Zambia","Index","2013M2","126.4588"
"Miscellaneous goods and services","Zambia","Index","2013M3","127.6865"
"Miscellaneous goods and services","Zambia","Index","2013M4","127.9267"
"Miscellaneous goods and services","Zambia","Index","2013M5","128.6381"
"Miscellaneous goods and services","Zambia","Index","2013M6","128.7955"
"Miscellaneous goods and services","Zambia","Index","2013M7","129.3955"
"Miscellaneous goods and services","Zambia","Index","2013M8","130.4089"
"Miscellaneous goods and services","Zambia","Index","2013M9","130.7254"
"Miscellaneous goods and services","Zambia","Index","2013M10","130.9769"
"Miscellaneous goods and services","Zambia","Index","2013M11","131.4817"
"Miscellaneous goods and services","Zambia","Index","2013M12","131.7979"
"Miscellaneous goods and services","Zambia","Index","2014M1","132.2688"
"Miscellaneous goods and services","Zambia","Index","2014M2","132.6592"
"Miscellaneous goods and services","Zambia","Index","2014M3","133.9485"
"Miscellaneous goods and services","Zambia","Index","2014M4","134.7369"
"Miscellaneous goods and services","Zambia","Index","2014M5","135.7631"
"Miscellaneous goods and services","Zambia","Index","2014M6","136.8495"
"Miscellaneous goods and services","Zambia","Index","2014M7","137.3362"
"Miscellaneous goods and services","Zambia","Index","2014M8","138.2834"
"Miscellaneous goods and services","Zambia","Index","2014M9","138.8284"
"Miscellaneous goods and services","Zambia","Index","2014M10","139.0985"
"Miscellaneous goods and services","Zambia","Index","2014M11","139.4935"
"Miscellaneous goods and services","Zambia","Index","2014M12","139.6535"
"Miscellaneous goods and services","Zambia","Index","2015M1","140.461"
"Miscellaneous goods and services","Zambia","Index","2015M2","141.5101"
"Miscellaneous goods and services","Zambia","Index","2015M3","142.8021"
"Miscellaneous goods and services","Zambia","Index","2015M4","143.1489"
"Miscellaneous goods and services","Zambia","Index","2015M5","143.8524"
"Miscellaneous goods and services","Zambia","Index","2015M6","144.9113"
"Miscellaneous goods and services","Zambia","Index","2015M7","145.9034"
"Miscellaneous goods and services","Zambia","Index","2015M8","146.7402"
"Miscellaneous goods and services","Zambia","Index","2015M9","147.6452"
"Miscellaneous goods and services","Zambia","Index","2015M10","153.9291"
"Miscellaneous goods and services","Zambia","Index","2015M11","161.785"
"Miscellaneous goods and services","Zambia","Index","2015M12","165.3838"
"Miscellaneous goods and services","Zambia","Index","2016M1","167.8625"
"Miscellaneous goods and services","Zambia","Index","2016M2","170.6052"
"Miscellaneous goods and services","Zambia","Index","2016M3","171.6012"
"Miscellaneous goods and services","Zambia","Index","2016M4","169.5942"
"Miscellaneous goods and services","Zambia","Index","2016M5","171.1764"
"Miscellaneous goods and services","Zambia","Index","2016M6","171.6199"
"Miscellaneous goods and services","Zambia","Index","2016M7","170.9791"
"Miscellaneous goods and services","Zambia","Index","2016M8","172.0891"
"Miscellaneous goods and services","Zambia","Index","2016M9","172.6195"
"Miscellaneous goods and services","Zambia","Index","2016M10","172.9458"
"Miscellaneous goods and services","Zambia","Index","2016M11","174.2572"
"Miscellaneous goods and services","Zambia","Index","2016M12","175.4726"
"Miscellaneous goods and services","Zambia","Index","2017M1","175.6523"
"Miscellaneous goods and services","Zambia","Index","2017M2","177.5259"
"Miscellaneous goods and services","Zambia","Index","2017M3","178.7447"
"Miscellaneous goods and services","Zambia","Index","2017M4","179.7973"
"Miscellaneous goods and services","Zambia","Index","2017M5","180.7638"
"Miscellaneous goods and services","Zambia","Index","2017M6","180.7124"
"Miscellaneous goods and services","Zambia","Index","2017M7","180.0204"
"Miscellaneous goods and services","Zambia","Index","2017M8","180.3399"
"Miscellaneous goods and services","Zambia","Index","2017M9","181.4545"
"Miscellaneous goods and services","Zambia","Index","2017M10","182.1832"
"Miscellaneous goods and services","Zambia","Index","2017M11","184.2654"
"Miscellaneous goods and services","Zambia","Index","2017M12","187.32"
"Miscellaneous goods and services","Zambia","Index","2018M1","189.19"
"Miscellaneous goods and services","Zambia","Index","2018M2","191.41"
"Miscellaneous goods and services","Zambia","Index","2018M3","192.57"
"Miscellaneous goods and services","Zambia","Index","2018M4","193.16"
"Miscellaneous goods and services","Zambia","Index","2018M5","193.84"
"Miscellaneous goods and services","Zambia","Index","2018M6","194.35"
"Miscellaneous goods and services","Zambia","Index","2018M7","194.97"
"Miscellaneous goods and services","Zambia","Index","2018M8","195.45"
"Miscellaneous goods and services","Zambia","Index","2018M9","195.76"
"Miscellaneous goods and services","Zambia","Index","2018M10","196.42"
"Miscellaneous goods and services","Zambia","Index","2018M11","199.32"
"Miscellaneous goods and services","Zambia","Index","2018M12","200.95"
"Miscellaneous goods and services","Zambia","Index","2019M1","202.82"
"Miscellaneous goods and services","Zambia","Index","2019M2","203.72"
"Miscellaneous goods and services","Zambia","Index","2019M3","205.09"
"Miscellaneous goods and services","Zambia","Index","2019M4","205.87"
"Miscellaneous goods and services","Zambia","Index","2019M5","206.75"
"Miscellaneous goods and services","Zambia","Index","2019M6","208.11"
"Miscellaneous goods and services","Zambia","Index","2019M7","209.6"
"Miscellaneous goods and services","Zambia","Index","2019M8","210.58"
"Miscellaneous goods and services","Zambia","Index","2019M9","211.25"
"Miscellaneous goods and services","Zambia","Index","2019M10","212.2"
"Miscellaneous goods and services","Zambia","Index","2019M11","214.1"
"Miscellaneous goods and services","Zambia","Index","2019M12","215.69"
"Miscellaneous goods and services","Zambia","Index","2020M1","216.45"
"Miscellaneous goods and services","Zambia","Index","2020M2","217.02"
"Miscellaneous goods and services","Zambia","Index","2020M3","219.06"
"Miscellaneous goods and services","Zambia","Index","2020M4","220.63"
"Miscellaneous goods and services","Zambia","Index","2020M5","228.43"
"Miscellaneous goods and services","Zambia","Index","2020M6","230.11"
"Miscellaneous goods and services","Zambia","Index","2020M7","231.08"
"Miscellaneous goods and services","Zambia","Index","2020M8","231.91"
"Miscellaneous goods and services","Zambia","Index","2020M9","232.41"
"Miscellaneous goods and services","Zambia","Index","2020M10","234.75"
"Miscellaneous goods and services","Zambia","Index","2020M11","236.55"
"Miscellaneous goods and services","Zambia","Index","2020M12","239.39"
"Miscellaneous goods and services","Zambia","Index","2021M1","241.59"
"Miscellaneous goods and services","Zambia","Index","2021M2","245.3"
"Miscellaneous goods and services","Zambia","Index","2021M3","251.18"
"Miscellaneous goods and services","Zambia","Index","2021M4","254.12"
"Miscellaneous goods and services","Zambia","Index","2021M5","257.52"
"Miscellaneous goods and services","Zambia","Index","2021M6","260.6"
"Miscellaneous goods and services","Zambia","Index","2021M7","262.85"
"Miscellaneous goods and services","Zambia","Index","2021M8","267.62"
"Miscellaneous goods and services","Zambia","Index","2021M9","269.06"
"Miscellaneous goods and services","Zambia","Index","2021M10","270.61"
"Miscellaneous goods and services","Zambia","Index","2021M11","272.64"
"Miscellaneous goods and services","Zambia","Index","2021M12","274.82"
"Miscellaneous goods and services","Zambia","Index","2022M1","275.74"
"Miscellaneous goods and services","Zambia","Index","2022M2","277.2"
"Miscellaneous goods and services","Zambia","Index","2022M3","278.6"
"Miscellaneous goods and services","Zambia","Index","2022M4","280"
"Miscellaneous goods and services","Zambia","Index","2022M5","286.87"
"Miscellaneous goods and services","Zambia","Index","2022M6","286.99"
"Miscellaneous goods and services","Zambia","Index","2022M7","288.82"
"Miscellaneous goods and services","Zambia","Index","2022M8","291.04"
"Miscellaneous goods and services","Zambia","Index","2022M9","292.76"
"Miscellaneous goods and services","Zambia","Index","2022M10","293.42"
"Miscellaneous goods and services","Zambia","Index","2022M11","295.21"
"Miscellaneous goods and services","Zambia","Index","2022M12","296.68"
"Miscellaneous goods and services","Zambia","Index","2023M1","299.15"
"Miscellaneous goods and services","Zambia","Index","2023M2","301.01"
"Miscellaneous goods and services","Zambia","Index","2023M3","303.14"
"Miscellaneous goods and services","Zambia","Index","2023M4","303.83"
"Miscellaneous goods and services","Zambia","Index","2023M5","305.25"
"Miscellaneous goods and services","Zambia","Index","2023M6","306.51"
"Miscellaneous goods and services","Zambia","Index","2023M7","308.3"
"Miscellaneous goods and services","Zambia","Index","2023M8","312.05"
"Miscellaneous goods and services","Zambia","Index","2023M9","315.52"
"Miscellaneous goods and services","Zambia","Index","2023M10","316.11"
"Miscellaneous goods and services","Zambia","Index","2023M11","318.6"
"Miscellaneous goods and services","Zambia","Index","2023M12","322.02"
"Miscellaneous goods and services","Zambia","Index","2024M1","325.47"
"Miscellaneous goods and services","Zambia","Index","2024M2","328.64"
"Miscellaneous goods and services","Zambia","Index","2024M3","333.38"
"Miscellaneous goods and services","Zambia","Index","2024M4","335.66"
"Miscellaneous goods and services","Zambia","Index","2024M5","338.75"
"Miscellaneous goods and services","Zambia","Index","2024M6","341.79"
"Miscellaneous goods and services","Zambia","Index","2024M7","344.59"
"Miscellaneous goods and services","Zambia","Index","2024M8","348.02"
"Miscellaneous goods and services","Zambia","Index","2024M9","350"
"Miscellaneous goods and services","Zambia","Index","2024M10","350.61"
"Miscellaneous goods and services","Zambia","Index","2024M11","352.12"
"Miscellaneous goods and services","Zambia","Index","2024M12","354.16"
"Miscellaneous goods and services","Zambia","Index","2025M1","356.33"
"Miscellaneous goods and services","Zambia","Index","2025M2","357.93"
"Miscellaneous goods and services","Zambia","Index","2025M3","365.05"
"Miscellaneous goods and services","Zambia","Index","2025M4","369.33"
"Miscellaneous goods and services","Zambia","Index","2025M5","371.82"
"Miscellaneous goods and services","Zambia","Index","2025M6","374"
"Miscellaneous goods and services","Zambia","Index","2025M7","377.17"
"Miscellaneous goods and services","Zambia","Index","2025M8","378.89"
"Miscellaneous goods and services","Zambia","Index","2025M9","380.4"
"Miscellaneous goods and services","Zambia","Index","2025M10","383.11"
"Miscellaneous goods and services","Zambia","Index","2025M11","385.57"
"Miscellaneous goods and services","Zambia","Index","2025M12","388.55"
"Annual Food Inflation","Zambia","Percent","2011M1","4.2"
"Annual Food Inflation","Zambia","Percent","2011M2","4.3"
"Annual Food Inflation","Zambia","Percent","2011M3","4.1"
"Annual Food Inflation","Zambia","Percent","2011M4","3.7"
"Annual Food Inflation","Zambia","Percent","2011M5","3.5"
"Annual Food Inflation","Zambia","Percent","2011M6","3.8"
"Annual Food Inflation","Zambia","Percent","2011M7","5"
"Annual Food Inflation","Zambia","Percent","2011M8","5.8"
"Annual Food Inflation","Zambia","Percent","2011M9","6.1"
"Annual Food Inflation","Zambia","Percent","2011M10","6.3"
"Annual Food Inflation","Zambia","Percent","2011M11","6"
"Annual Food Inflation","Zambia","Percent","2011M12","5.3"
"Annual Food Inflation","Zambia","Percent","2012M1","6.1"
"Annual Food Inflation","Zambia","Percent","2012M2","5.5"
"Annual Food Inflation","Zambia","Percent","2012M3","6.4"
"Annual Food Inflation","Zambia","Percent","2012M4","6.4"
"Annual Food Inflation","Zambia","Percent","2012M5","6.8"
"Annual Food Inflation","Zambia","Percent","2012M6","7.1"
"Annual Food Inflation","Zambia","Percent","2012M7","6.3"
"Annual Food Inflation","Zambia","Percent","2012M8","7.3"
"Annual Food Inflation","Zambia","Percent","2012M9","7.5"
"Annual Food Inflation","Zambia","Percent","2012M10","8.2"
"Annual Food Inflation","Zambia","Percent","2012M11","8"
"Annual Food Inflation","Zambia","Percent","2012M12","8.4"
"Annual Food Inflation","Zambia","Percent","2013M1","7.6"
"Annual Food Inflation","Zambia","Percent","2013M2","6.7"
"Annual Food Inflation","Zambia","Percent","2013M3","6"
"Annual Food Inflation","Zambia","Percent","2013M4","6.1"
"Annual Food Inflation","Zambia","Percent","2013M5","6.3"
"Annual Food Inflation","Zambia","Percent","2013M6","7.1"
"Annual Food Inflation","Zambia","Percent","2013M7","7.1"
"Annual Food Inflation","Zambia","Percent","2013M8","6.8"
"Annual Food Inflation","Zambia","Percent","2013M9","6.5"
"Annual Food Inflation","Zambia","Percent","2013M10","5.9"
"Annual Food Inflation","Zambia","Percent","2013M11","6"
"Annual Food Inflation","Zambia","Percent","2013M12","6.2"
"Annual Food Inflation","Zambia","Percent","2014M1","5.9"
"Annual Food Inflation","Zambia","Percent","2014M2","7.5"
"Annual Food Inflation","Zambia","Percent","2014M3","7.6"
"Annual Food Inflation","Zambia","Percent","2014M4","7.6"
"Annual Food Inflation","Zambia","Percent","2014M5","8"
"Annual Food Inflation","Zambia","Percent","2014M6","7.8"
"Annual Food Inflation","Zambia","Percent","2014M7","6.9"
"Annual Food Inflation","Zambia","Percent","2014M8","7"
"Annual Food Inflation","Zambia","Percent","2014M9","6.9"
"Annual Food Inflation","Zambia","Percent","2014M10","7.1"
"Annual Food Inflation","Zambia","Percent","2014M11","7.3"
"Annual Food Inflation","Zambia","Percent","2014M12","7.5"
"Annual Food Inflation","Zambia","Percent","2015M1","7.4"
"Annual Food Inflation","Zambia","Percent","2015M2","7.6"
"Annual Food Inflation","Zambia","Percent","2015M3","7.2"
"Annual Food Inflation","Zambia","Percent","2015M4","7.1"
"Annual Food Inflation","Zambia","Percent","2015M5","7.2"
"Annual Food Inflation","Zambia","Percent","2015M6","7.1"
"Annual Food Inflation","Zambia","Percent","2015M7","7.8"
"Annual Food Inflation","Zambia","Percent","2015M8","7.8"
"Annual Food Inflation","Zambia","Percent","2015M9","8.1"
"Annual Food Inflation","Zambia","Percent","2015M10","16.2"
"Annual Food Inflation","Zambia","Percent","2015M11","23.4"
"Annual Food Inflation","Zambia","Percent","2015M12","24.8"
"Annual Food Inflation","Zambia","Percent","2016M1","25.9"
"Annual Food Inflation","Zambia","Percent","2016M2","26.4"
"Annual Food Inflation","Zambia","Percent","2016M3","26.2"
"Annual Food Inflation","Zambia","Percent","2016M4","26.5"
"Annual Food Inflation","Zambia","Percent","2016M5","25.8"
"Annual Food Inflation","Zambia","Percent","2016M6","25.3"
"Annual Food Inflation","Zambia","Percent","2016M7","24.8"
"Annual Food Inflation","Zambia","Percent","2016M8","24.1"
"Annual Food Inflation","Zambia","Percent","2016M9","23.4"
"Annual Food Inflation","Zambia","Percent","2016M10","15.6"
"Annual Food Inflation","Zambia","Percent","2016M11","9.2"
"Annual Food Inflation","Zambia","Percent","2016M12","7.8"
"Annual Food Inflation","Zambia","Percent","2017M1","7.3552"
"Annual Food Inflation","Zambia","Percent","2017M2","7.4113"
"Annual Food Inflation","Zambia","Percent","2017M3","6.7348"
"Annual Food Inflation","Zambia","Percent","2017M4","6.0566"
"Annual Food Inflation","Zambia","Percent","2017M5","5.9021"
"Annual Food Inflation","Zambia","Percent","2017M6","5.7804"
"Annual Food Inflation","Zambia","Percent","2017M7","5.3336"
"Annual Food Inflation","Zambia","Percent","2017M8","5.1417"
"Annual Food Inflation","Zambia","Percent","2017M9","5.0088"
"Annual Food Inflation","Zambia","Percent","2017M10","4.8965"
"Annual Food Inflation","Zambia","Percent","2017M11","4.8456"
"Annual Food Inflation","Zambia","Percent","2017M12","4.8154"
"Annual Food Inflation","Zambia","Percent","2018M1","4.5718"
"Annual Food Inflation","Zambia","Percent","2018M2","4.5834"
"Annual Food Inflation","Zambia","Percent","2018M3","5.7607"
"Annual Food Inflation","Zambia","Percent","2018M4","6.5458"
"Annual Food Inflation","Zambia","Percent","2018M5","6.8964"
"Annual Food Inflation","Zambia","Percent","2018M6","7.54"
"Annual Food Inflation","Zambia","Percent","2018M7","8.09"
"Annual Food Inflation","Zambia","Percent","2018M8","8.31"
"Annual Food Inflation","Zambia","Percent","2018M9","8.56"
"Annual Food Inflation","Zambia","Percent","2018M10","8.26"
"Annual Food Inflation","Zambia","Percent","2018M11","8.44"
"Annual Food Inflation","Zambia","Percent","2018M12","8.09"
"Annual Food Inflation","Zambia","Percent","2019M1","8.18"
"Annual Food Inflation","Zambia","Percent","2019M2","7.7"
"Annual Food Inflation","Zambia","Percent","2019M3","8.22"
"Annual Food Inflation","Zambia","Percent","2019M4","8.33"
"Annual Food Inflation","Zambia","Percent","2019M5","9.09"
"Annual Food Inflation","Zambia","Percent","2019M6","9.2"
"Annual Food Inflation","Zambia","Percent","2019M7","9.34"
"Annual Food Inflation","Zambia","Percent","2019M8","10.3"
"Annual Food Inflation","Zambia","Percent","2019M9","12.41"
"Annual Food Inflation","Zambia","Percent","2019M10","13.32"
"Annual Food Inflation","Zambia","Percent","2019M11","13.5"
"Annual Food Inflation","Zambia","Percent","2019M12","15.25"
"Annual Food Inflation","Zambia","Percent","2020M1","15.35"
"Annual Food Inflation","Zambia","Percent","2020M2","15.94"
"Annual Food Inflation","Zambia","Percent","2020M3","15.23"
"Annual Food Inflation","Zambia","Percent","2020M4","17.04"
"Annual Food Inflation","Zambia","Percent","2020M5","17.46"
"Annual Food Inflation","Zambia","Percent","2020M6","16.32"
"Annual Food Inflation","Zambia","Percent","2020M7","16.14"
"Annual Food Inflation","Zambia","Percent","2020M8","15.54"
"Annual Food Inflation","Zambia","Percent","2020M9","14"
"Annual Food Inflation","Zambia","Percent","2020M10","14.59"
"Annual Food Inflation","Zambia","Percent","2020M11","16.77"
"Annual Food Inflation","Zambia","Percent","2020M12","20.2"
"Annual Food Inflation","Zambia","Percent","2021M1","25.59"
"Annual Food Inflation","Zambia","Percent","2021M2","27.32"
"Annual Food Inflation","Zambia","Percent","2021M3","27.79"
"Annual Food Inflation","Zambia","Percent","2021M4","27.22"
"Annual Food Inflation","Zambia","Percent","2021M5","28.51"
"Annual Food Inflation","Zambia","Percent","2021M6","31.21"
"Annual Food Inflation","Zambia","Percent","2021M7","31.19"
"Annual Food Inflation","Zambia","Percent","2021M8","31.57"
"Annual Food Inflation","Zambia","Percent","2021M9","29.63"
"Annual Food Inflation","Zambia","Percent","2021M10","28.07"
"Annual Food Inflation","Zambia","Percent","2021M11","25.39"
"Annual Food Inflation","Zambia","Percent","2021M12","19.9"
"Annual Food Inflation","Zambia","Percent","2022M1","16.95"
"Annual Food Inflation","Zambia","Percent","2022M2","16.04"
"Annual Food Inflation","Zambia","Percent","2022M3","15.27"
"Annual Food Inflation","Zambia","Percent","2022M4","14.07"
"Annual Food Inflation","Zambia","Percent","2022M5","12.31"
"Annual Food Inflation","Zambia","Percent","2022M6","11.94"
"Annual Food Inflation","Zambia","Percent","2022M7","11.99"
"Annual Food Inflation","Zambia","Percent","2022M8","11.35"
"Annual Food Inflation","Zambia","Percent","2022M9","12.09"
"Annual Food Inflation","Zambia","Percent","2022M10","12.17"
"Annual Food Inflation","Zambia","Percent","2022M11","12.14"
"Annual Food Inflation","Zambia","Percent","2022M12","11.93"
"Annual Food Inflation","Zambia","Percent","2023M1","11.57"
"Annual Food Inflation","Zambia","Percent","2023M2","11.64"
"Annual Food Inflation","Zambia","Percent","2023M3","11.85"
"Annual Food Inflation","Zambia","Percent","2023M4","11.59"
"Annual Food Inflation","Zambia","Percent","2023M5","11.56"
"Annual Food Inflation","Zambia","Percent","2023M6","11.25"
"Annual Food Inflation","Zambia","Percent","2023M7","12.09"
"Annual Food Inflation","Zambia","Percent","2023M8","12.6"
"Annual Food Inflation","Zambia","Percent","2023M9","13.35"
"Annual Food Inflation","Zambia","Percent","2023M10","13.59"
"Annual Food Inflation","Zambia","Percent","2023M11","13.65"
"Annual Food Inflation","Zambia","Percent","2023M12","14.23"
"Annual Food Inflation","Zambia","Percent","2024M1","13.75"
"Annual Food Inflation","Zambia","Percent","2024M2","14.1"
"Annual Food Inflation","Zambia","Percent","2024M3","15.57"
"Annual Food Inflation","Zambia","Percent","2024M4","15.72"
"Annual Food Inflation","Zambia","Percent","2024M5","16.17"
"Annual Food Inflation","Zambia","Percent","2024M6","16.82"
"Annual Food Inflation","Zambia","Percent","2024M7","17.39"
"Annual Food Inflation","Zambia","Percent","2024M8","17.56"
"Annual Food Inflation","Zambia","Percent","2024M9","17.91"
"Annual Food Inflation","Zambia","Percent","2024M10","18.2"
"Annual Food Inflation","Zambia","Percent","2024M11","18.2"
"Annual Food Inflation","Zambia","Percent","2024M12","18.6"
"Annual Food Inflation","Zambia","Percent","2025M1","19.2"
"Annual Food Inflation","Zambia","Percent","2025M2","20.6"
"Annual Food Inflation","Zambia","Percent","2025M3","18.9"
"Annual Food Inflation","Zambia","Percent","2025M4","18.7"
"Annual Food Inflation","Zambia","Percent","2025M5","17.9"
"Annual Food Inflation","Zambia","Percent","2025M6","16.7"
"Annual Food Inflation","Zambia","Percent","2025M7","15.3"
"Annual Food Inflation","Zambia","Percent","2025M8","14.9"
"Annual Food Inflation","Zambia","Percent","2025M9","14.6"
"Annual Food Inflation","Zambia","Percent","2025M10","14.1"
"Annual Food Inflation","Zambia","Percent","2025M11","13.9"
"Annual Food Inflation","Zambia","Percent","2025M12","12.9"
"Annual Non-food Inflation","Zambia","Percent","2011M1","8.6"
"Annual Non-food Inflation","Zambia","Percent","2011M2","9.1"
"Annual Non-food Inflation","Zambia","Percent","2011M3","9.4"
"Annual Non-food Inflation","Zambia","Percent","2011M4","9.2"
"Annual Non-food Inflation","Zambia","Percent","2011M5","9.5"
"Annual Non-food Inflation","Zambia","Percent","2011M6","8.7"
"Annual Non-food Inflation","Zambia","Percent","2011M7","8.9"
"Annual Non-food Inflation","Zambia","Percent","2011M8","7.3"
"Annual Non-food Inflation","Zambia","Percent","2011M9","7.3"
"Annual Non-food Inflation","Zambia","Percent","2011M10","7.2"
"Annual Non-food Inflation","Zambia","Percent","2011M11","6.8"
"Annual Non-food Inflation","Zambia","Percent","2011M12","6.6"
"Annual Non-food Inflation","Zambia","Percent","2012M1","6.8"
"Annual Non-food Inflation","Zambia","Percent","2012M2","6.5"
"Annual Non-food Inflation","Zambia","Percent","2012M3","6.4"
"Annual Non-food Inflation","Zambia","Percent","2012M4","6.5"
"Annual Non-food Inflation","Zambia","Percent","2012M5","6.3"
"Annual Non-food Inflation","Zambia","Percent","2012M6","6.2"
"Annual Non-food Inflation","Zambia","Percent","2012M7","6"
"Annual Non-food Inflation","Zambia","Percent","2012M8","5.5"
"Annual Non-food Inflation","Zambia","Percent","2012M9","5.6"
"Annual Non-food Inflation","Zambia","Percent","2012M10","5.4"
"Annual Non-food Inflation","Zambia","Percent","2012M11","5.8"
"Annual Non-food Inflation","Zambia","Percent","2012M12","6.1"
"Annual Non-food Inflation","Zambia","Percent","2013M1","6.3"
"Annual Non-food Inflation","Zambia","Percent","2013M2","7.1"
"Annual Non-food Inflation","Zambia","Percent","2013M3","7.2"
"Annual Non-food Inflation","Zambia","Percent","2013M4","6.9"
"Annual Non-food Inflation","Zambia","Percent","2013M5","7.8"
"Annual Non-food Inflation","Zambia","Percent","2013M6","7.6"
"Annual Non-food Inflation","Zambia","Percent","2013M7","7.4"
"Annual Non-food Inflation","Zambia","Percent","2013M8","7.3"
"Annual Non-food Inflation","Zambia","Percent","2013M9","7.4"
"Annual Non-food Inflation","Zambia","Percent","2013M10","8"
"Annual Non-food Inflation","Zambia","Percent","2013M11","8.1"
"Annual Non-food Inflation","Zambia","Percent","2013M12","8.2"
"Annual Non-food Inflation","Zambia","Percent","2014M1","8.8"
"Annual Non-food Inflation","Zambia","Percent","2014M2","7.7"
"Annual Non-food Inflation","Zambia","Percent","2014M3","7.8"
"Annual Non-food Inflation","Zambia","Percent","2014M4","7.9"
"Annual Non-food Inflation","Zambia","Percent","2014M5","7.6"
"Annual Non-food Inflation","Zambia","Percent","2014M6","8"
"Annual Non-food Inflation","Zambia","Percent","2014M7","9.2"
"Annual Non-food Inflation","Zambia","Percent","2014M8","9.1"
"Annual Non-food Inflation","Zambia","Percent","2014M9","8.8"
"Annual Non-food Inflation","Zambia","Percent","2014M10","8.8"
"Annual Non-food Inflation","Zambia","Percent","2014M11","8.9"
"Annual Non-food Inflation","Zambia","Percent","2014M12","8.4"
"Annual Non-food Inflation","Zambia","Percent","2015M1","8"
"Annual Non-food Inflation","Zambia","Percent","2015M2","7.3"
"Annual Non-food Inflation","Zambia","Percent","2015M3","7.1"
"Annual Non-food Inflation","Zambia","Percent","2015M4","7.3"
"Annual Non-food Inflation","Zambia","Percent","2015M5","6.7"
"Annual Non-food Inflation","Zambia","Percent","2015M6","7"
"Annual Non-food Inflation","Zambia","Percent","2015M7","6.2"
"Annual Non-food Inflation","Zambia","Percent","2015M8","6.7"
"Annual Non-food Inflation","Zambia","Percent","2015M9","7.3"
"Annual Non-food Inflation","Zambia","Percent","2015M10","12.4"
"Annual Non-food Inflation","Zambia","Percent","2015M11","15.5"
"Annual Non-food Inflation","Zambia","Percent","2015M12","17.1"
"Annual Non-food Inflation","Zambia","Percent","2016M1","17.4"
"Annual Non-food Inflation","Zambia","Percent","2016M2","19.1"
"Annual Non-food Inflation","Zambia","Percent","2016M3","17.9"
"Annual Non-food Inflation","Zambia","Percent","2016M4","16.7"
"Annual Non-food Inflation","Zambia","Percent","2016M5","16.5"
"Annual Non-food Inflation","Zambia","Percent","2016M6","16.5"
"Annual Non-food Inflation","Zambia","Percent","2016M7","15.3"
"Annual Non-food Inflation","Zambia","Percent","2016M8","14.8"
"Annual Non-food Inflation","Zambia","Percent","2016M9","14"
"Annual Non-food Inflation","Zambia","Percent","2016M10","9"
"Annual Non-food Inflation","Zambia","Percent","2016M11","8.3"
"Annual Non-food Inflation","Zambia","Percent","2016M12","7.1"
"Annual Non-food Inflation","Zambia","Percent","2017M1","6.6732"
"Annual Non-food Inflation","Zambia","Percent","2017M2","6.1283"
"Annual Non-food Inflation","Zambia","Percent","2017M3","6.5815"
"Annual Non-food Inflation","Zambia","Percent","2017M4","7.4831"
"Annual Non-food Inflation","Zambia","Percent","2017M5","7.2794"
"Annual Non-food Inflation","Zambia","Percent","2017M6","8.0293"
"Annual Non-food Inflation","Zambia","Percent","2017M7","8.1263"
"Annual Non-food Inflation","Zambia","Percent","2017M8","7.7188"
"Annual Non-food Inflation","Zambia","Percent","2017M9","8.3752"
"Annual Non-food Inflation","Zambia","Percent","2017M10","8.2321"
"Annual Non-food Inflation","Zambia","Percent","2017M11","7.9381"
"Annual Non-food Inflation","Zambia","Percent","2017M12","7.527"
"Annual Non-food Inflation","Zambia","Percent","2018M1","8.0805"
"Annual Non-food Inflation","Zambia","Percent","2018M2","7.8511"
"Annual Non-food Inflation","Zambia","Percent","2018M3","8.7318"
"Annual Non-food Inflation","Zambia","Percent","2018M4","8.4415"
"Annual Non-food Inflation","Zambia","Percent","2018M5","8.8658"
"Annual Non-food Inflation","Zambia","Percent","2018M6","7.28"
"Annual Non-food Inflation","Zambia","Percent","2018M7","7.55"
"Annual Non-food Inflation","Zambia","Percent","2018M8","7.77"
"Annual Non-food Inflation","Zambia","Percent","2018M9","7.26"
"Annual Non-food Inflation","Zambia","Percent","2018M10","8.3"
"Annual Non-food Inflation","Zambia","Percent","2018M11","7.03"
"Annual Non-food Inflation","Zambia","Percent","2018M12","7.6"
"Annual Non-food Inflation","Zambia","Percent","2019M1","7.66"
"Annual Non-food Inflation","Zambia","Percent","2019M2","7.9"
"Annual Non-food Inflation","Zambia","Percent","2019M3","6.79"
"Annual Non-food Inflation","Zambia","Percent","2019M4","6.88"
"Annual Non-food Inflation","Zambia","Percent","2019M5","7"
"Annual Non-food Inflation","Zambia","Percent","2019M6","8.01"
"Annual Non-food Inflation","Zambia","Percent","2019M7","8.27"
"Annual Non-food Inflation","Zambia","Percent","2019M8","8.26"
"Annual Non-food Inflation","Zambia","Percent","2019M9","8.25"
"Annual Non-food Inflation","Zambia","Percent","2019M10","7.81"
"Annual Non-food Inflation","Zambia","Percent","2019M11","7.81"
"Annual Non-food Inflation","Zambia","Percent","2019M12","7.8"
"Annual Non-food Inflation","Zambia","Percent","2020M1","9.37"
"Annual Non-food Inflation","Zambia","Percent","2020M2","11.56"
"Annual Non-food Inflation","Zambia","Percent","2020M3","12.68"
"Annual Non-food Inflation","Zambia","Percent","2020M4","14.19"
"Annual Non-food Inflation","Zambia","Percent","2020M5","15.51"
"Annual Non-food Inflation","Zambia","Percent","2020M6","15.49"
"Annual Non-food Inflation","Zambia","Percent","2020M7","15.4"
"Annual Non-food Inflation","Zambia","Percent","2020M8","15.41"
"Annual Non-food Inflation","Zambia","Percent","2020M9","17.66"
"Annual Non-food Inflation","Zambia","Percent","2020M10","17.74"
"Annual Non-food Inflation","Zambia","Percent","2020M11","18.18"
"Annual Non-food Inflation","Zambia","Percent","2020M12","18.07"
"Annual Non-food Inflation","Zambia","Percent","2021M1","16.67"
"Annual Non-food Inflation","Zambia","Percent","2021M2","16.24"
"Annual Non-food Inflation","Zambia","Percent","2021M3","17.03"
"Annual Non-food Inflation","Zambia","Percent","2021M4","17.48"
"Annual Non-food Inflation","Zambia","Percent","2021M5","17.1"
"Annual Non-food Inflation","Zambia","Percent","2021M6","17.05"
"Annual Non-food Inflation","Zambia","Percent","2021M7","17.01"
"Annual Non-food Inflation","Zambia","Percent","2021M8","16.27"
"Annual Non-food Inflation","Zambia","Percent","2021M9","13.65"
"Annual Non-food Inflation","Zambia","Percent","2021M10","13.22"
"Annual Non-food Inflation","Zambia","Percent","2021M11","12.18"
"Annual Non-food Inflation","Zambia","Percent","2021M12","12.06"
"Annual Non-food Inflation","Zambia","Percent","2022M1","12.7"
"Annual Non-food Inflation","Zambia","Percent","2022M2","11.83"
"Annual Non-food Inflation","Zambia","Percent","2022M3","10.33"
"Annual Non-food Inflation","Zambia","Percent","2022M4","8.16"
"Annual Non-food Inflation","Zambia","Percent","2022M5","7.49"
"Annual Non-food Inflation","Zambia","Percent","2022M6","6.93"
"Annual Non-food Inflation","Zambia","Percent","2022M7","7.21"
"Annual Non-food Inflation","Zambia","Percent","2022M8","7.76"
"Annual Non-food Inflation","Zambia","Percent","2022M9","7.16"
"Annual Non-food Inflation","Zambia","Percent","2022M10","6.47"
"Annual Non-food Inflation","Zambia","Percent","2022M11","6.66"
"Annual Non-food Inflation","Zambia","Percent","2022M12","7.27"
"Annual Non-food Inflation","Zambia","Percent","2023M1","6.51"
"Annual Non-food Inflation","Zambia","Percent","2023M2","6.92"
"Annual Non-food Inflation","Zambia","Percent","2023M3","7.32"
"Annual Non-food Inflation","Zambia","Percent","2023M4","8.27"
"Annual Non-food Inflation","Zambia","Percent","2023M5","7.65"
"Annual Non-food Inflation","Zambia","Percent","2023M6","7.78"
"Annual Non-food Inflation","Zambia","Percent","2023M7","7.8"
"Annual Non-food Inflation","Zambia","Percent","2023M8","8.49"
"Annual Non-food Inflation","Zambia","Percent","2023M9","10.12"
"Annual Non-food Inflation","Zambia","Percent","2023M10","11.3"
"Annual Non-food Inflation","Zambia","Percent","2023M11","11.8"
"Annual Non-food Inflation","Zambia","Percent","2023M12","11.57"
"Annual Non-food Inflation","Zambia","Percent","2024M1","12.37"
"Annual Non-food Inflation","Zambia","Percent","2024M2","12.66"
"Annual Non-food Inflation","Zambia","Percent","2024M3","11.22"
"Annual Non-food Inflation","Zambia","Percent","2024M4","11.17"
"Annual Non-food Inflation","Zambia","Percent","2024M5","12.66"
"Annual Non-food Inflation","Zambia","Percent","2024M6","13.04"
"Annual Non-food Inflation","Zambia","Percent","2024M7","12.55"
"Annual Non-food Inflation","Zambia","Percent","2024M8","12.51"
"Annual Non-food Inflation","Zambia","Percent","2024M9","12.37"
"Annual Non-food Inflation","Zambia","Percent","2024M10","12.2"
"Annual Non-food Inflation","Zambia","Percent","2024M11","14.1"
"Annual Non-food Inflation","Zambia","Percent","2024M12","14.2"
"Annual Non-food Inflation","Zambia","Percent","2025M1","13.2"
"Annual Non-food Inflation","Zambia","Percent","2025M2","11.7"
"Annual Non-food Inflation","Zambia","Percent","2025M3","13.2"
"Annual Non-food Inflation","Zambia","Percent","2025M4","13.4"
"Annual Non-food Inflation","Zambia","Percent","2025M5","11.6"
"Annual Non-food Inflation","Zambia","Percent","2025M6","10.3"
"Annual Non-food Inflation","Zambia","Percent","2025M7","9.7"
"Annual Non-food Inflation","Zambia","Percent","2025M8","9.3"
"Annual Non-food Inflation","Zambia","Percent","2025M9","9"
"Annual Non-food Inflation","Zambia","Percent","2025M10","8.7"
"Annual Non-food Inflation","Zambia","Percent","2025M11","6.6"
"Annual Non-food Inflation","Zambia","Percent","2025M12","8.7"
"Monthly Food Inflation","Zambia","Percent","2010M1","4.4"
"Monthly Food Inflation","Zambia","Percent","2010M2","0.4"
"Monthly Food Inflation","Zambia","Percent","2010M3","1.2"
"Monthly Food Inflation","Zambia","Percent","2010M4","0.9"
"Monthly Food Inflation","Zambia","Percent","2010M5","0.1"
"Monthly Food Inflation","Zambia","Percent","2010M6","-0.9"
"Monthly Food Inflation","Zambia","Percent","2010M7","0.3"
"Monthly Food Inflation","Zambia","Percent","2010M8","-0.6"
"Monthly Food Inflation","Zambia","Percent","2010M9","0.1"
"Monthly Food Inflation","Zambia","Percent","2010M10","-0.4"
"Monthly Food Inflation","Zambia","Percent","2010M11","0.7"
"Monthly Food Inflation","Zambia","Percent","2010M12","1.2"
"Monthly Food Inflation","Zambia","Percent","2011M1","1.1"
"Monthly Food Inflation","Zambia","Percent","2011M2","0.5"
"Monthly Food Inflation","Zambia","Percent","2011M3","1"
"Monthly Food Inflation","Zambia","Percent","2011M4","0.6"
"Monthly Food Inflation","Zambia","Percent","2011M5","-0.1"
"Monthly Food Inflation","Zambia","Percent","2011M6","-0.6"
"Monthly Food Inflation","Zambia","Percent","2011M7","1.5"
"Monthly Food Inflation","Zambia","Percent","2011M8","0.1"
"Monthly Food Inflation","Zambia","Percent","2011M9","0.3"
"Monthly Food Inflation","Zambia","Percent","2011M10","-0.2"
"Monthly Food Inflation","Zambia","Percent","2011M11","0.4"
"Monthly Food Inflation","Zambia","Percent","2011M12","0.6"
"Monthly Food Inflation","Zambia","Percent","2012M1","1.8"
"Monthly Food Inflation","Zambia","Percent","2012M2","-0.1"
"Monthly Food Inflation","Zambia","Percent","2012M3","1.9"
"Monthly Food Inflation","Zambia","Percent","2012M4","0.5"
"Monthly Food Inflation","Zambia","Percent","2012M5","0.3"
"Monthly Food Inflation","Zambia","Percent","2012M6","-0.4"
"Monthly Food Inflation","Zambia","Percent","2012M7","0.8"
"Monthly Food Inflation","Zambia","Percent","2012M8","1.1"
"Monthly Food Inflation","Zambia","Percent","2012M9","0.5"
"Monthly Food Inflation","Zambia","Percent","2012M10","0.4"
"Monthly Food Inflation","Zambia","Percent","2012M11","0.2"
"Monthly Food Inflation","Zambia","Percent","2012M12","1"
"Monthly Food Inflation","Zambia","Percent","2013M1","1.1"
"Monthly Food Inflation","Zambia","Percent","2013M2","-0.9"
"Monthly Food Inflation","Zambia","Percent","2013M3","1.2"
"Monthly Food Inflation","Zambia","Percent","2013M4","0.7"
"Monthly Food Inflation","Zambia","Percent","2013M5","0.4"
"Monthly Food Inflation","Zambia","Percent","2013M6","0.4"
"Monthly Food Inflation","Zambia","Percent","2013M7","0.8"
"Monthly Food Inflation","Zambia","Percent","2013M8","0.8"
"Monthly Food Inflation","Zambia","Percent","2013M9","0.3"
"Monthly Food Inflation","Zambia","Percent","2013M10","-0.3"
"Monthly Food Inflation","Zambia","Percent","2013M11","0.3"
"Monthly Food Inflation","Zambia","Percent","2013M12","1.2"
"Monthly Food Inflation","Zambia","Percent","2014M1","0.8"
"Monthly Food Inflation","Zambia","Percent","2014M2","0.6"
"Monthly Food Inflation","Zambia","Percent","2014M3","1.3"
"Monthly Food Inflation","Zambia","Percent","2014M4","0.7"
"Monthly Food Inflation","Zambia","Percent","2014M5","0.8"
"Monthly Food Inflation","Zambia","Percent","2014M6","0.2"
"Monthly Food Inflation","Zambia","Percent","2014M7","-0.1"
"Monthly Food Inflation","Zambia","Percent","2014M8","0.9"
"Monthly Food Inflation","Zambia","Percent","2014M9","0.2"
"Monthly Food Inflation","Zambia","Percent","2014M10","0"
"Monthly Food Inflation","Zambia","Percent","2014M11","0.5"
"Monthly Food Inflation","Zambia","Percent","2014M12","1.3"
"Monthly Food Inflation","Zambia","Percent","2015M1","0.7"
"Monthly Food Inflation","Zambia","Percent","2015M2","0.8"
"Monthly Food Inflation","Zambia","Percent","2015M3","1"
"Monthly Food Inflation","Zambia","Percent","2015M4","0.6"
"Monthly Food Inflation","Zambia","Percent","2015M5","0.8"
"Monthly Food Inflation","Zambia","Percent","2015M6","0.2"
"Monthly Food Inflation","Zambia","Percent","2015M7","0.6"
"Monthly Food Inflation","Zambia","Percent","2015M8","0.8"
"Monthly Food Inflation","Zambia","Percent","2015M9","0.5"
"Monthly Food Inflation","Zambia","Percent","2015M10","7.4"
"Monthly Food Inflation","Zambia","Percent","2015M11","6.8"
"Monthly Food Inflation","Zambia","Percent","2015M12","2.5"
"Monthly Food Inflation","Zambia","Percent","2016M1","1.6"
"Monthly Food Inflation","Zambia","Percent","2016M2","1.2"
"Monthly Food Inflation","Zambia","Percent","2016M3","0.9"
"Monthly Food Inflation","Zambia","Percent","2016M4","0.8"
"Monthly Food Inflation","Zambia","Percent","2016M5","0.2"
"Monthly Food Inflation","Zambia","Percent","2016M6","-0.2"
"Monthly Food Inflation","Zambia","Percent","2016M7","0.2"
"Monthly Food Inflation","Zambia","Percent","2016M8","0.3"
"Monthly Food Inflation","Zambia","Percent","2016M9","0"
"Monthly Food Inflation","Zambia","Percent","2016M10","0.6"
"Monthly Food Inflation","Zambia","Percent","2016M11","0.8"
"Monthly Food Inflation","Zambia","Percent","2016M12","1.1"
"Monthly Food Inflation","Zambia","Percent","2017M1","1.2072"
"Monthly Food Inflation","Zambia","Percent","2017M2","1.214"
"Monthly Food Inflation","Zambia","Percent","2017M3","0.2409"
"Monthly Food Inflation","Zambia","Percent","2017M4","0.1801"
"Monthly Food Inflation","Zambia","Percent","2017M5","0.0639"
"Monthly Food Inflation","Zambia","Percent","2017M6","-0.3127"
"Monthly Food Inflation","Zambia","Percent","2017M7","-0.2446"
"Monthly Food Inflation","Zambia","Percent","2017M8","0.0973"
"Monthly Food Inflation","Zambia","Percent","2017M9","-0.1374"
"Monthly Food Inflation","Zambia","Percent","2017M10","0.5247"
"Monthly Food Inflation","Zambia","Percent","2017M11","0.7999"
"Monthly Food Inflation","Zambia","Percent","2017M12","1.0963"
"Monthly Food Inflation","Zambia","Percent","2018M1","0.9719"
"Monthly Food Inflation","Zambia","Percent","2018M2","1.2252"
"Monthly Food Inflation","Zambia","Percent","2018M3","1.3693"
"Monthly Food Inflation","Zambia","Percent","2018M4","0.9238"
"Monthly Food Inflation","Zambia","Percent","2018M5","0.3931"
"Monthly Food Inflation","Zambia","Percent","2018M6","0.29"
"Monthly Food Inflation","Zambia","Percent","2018M7","0.26"
"Monthly Food Inflation","Zambia","Percent","2018M8","0.3"
"Monthly Food Inflation","Zambia","Percent","2018M9","0.09"
"Monthly Food Inflation","Zambia","Percent","2018M10","0.25"
"Monthly Food Inflation","Zambia","Percent","2018M11","0.97"
"Monthly Food Inflation","Zambia","Percent","2018M12","0.77"
"Monthly Food Inflation","Zambia","Percent","2019M1","1.06"
"Monthly Food Inflation","Zambia","Percent","2019M2","0.78"
"Monthly Food Inflation","Zambia","Percent","2019M3","1.86"
"Monthly Food Inflation","Zambia","Percent","2019M4","1.03"
"Monthly Food Inflation","Zambia","Percent","2019M5","1.09"
"Monthly Food Inflation","Zambia","Percent","2019M6","0.4"
"Monthly Food Inflation","Zambia","Percent","2019M7","0.39"
"Monthly Food Inflation","Zambia","Percent","2019M8","1.18"
"Monthly Food Inflation","Zambia","Percent","2019M9","2.01"
"Monthly Food Inflation","Zambia","Percent","2019M10","1.06"
"Monthly Food Inflation","Zambia","Percent","2019M11","1.12"
"Monthly Food Inflation","Zambia","Percent","2019M12","2.32"
"Monthly Food Inflation","Zambia","Percent","2020M1","1.16"
"Monthly Food Inflation","Zambia","Percent","2020M2","1.29"
"Monthly Food Inflation","Zambia","Percent","2020M3","1.23"
"Monthly Food Inflation","Zambia","Percent","2020M4","2.62"
"Monthly Food Inflation","Zambia","Percent","2020M5","1.45"
"Monthly Food Inflation","Zambia","Percent","2020M6","-0.58"
"Monthly Food Inflation","Zambia","Percent","2020M7","0.24"
"Monthly Food Inflation","Zambia","Percent","2020M8","0.65"
"Monthly Food Inflation","Zambia","Percent","2020M9","0.65"
"Monthly Food Inflation","Zambia","Percent","2020M10","1.59"
"Monthly Food Inflation","Zambia","Percent","2020M11","3.04"
"Monthly Food Inflation","Zambia","Percent","2020M12","5.32"
"Monthly Food Inflation","Zambia","Percent","2021M1","5.69"
"Monthly Food Inflation","Zambia","Percent","2021M2","2.69"
"Monthly Food Inflation","Zambia","Percent","2021M3","1.6"
"Monthly Food Inflation","Zambia","Percent","2021M4","2.16"
"Monthly Food Inflation","Zambia","Percent","2021M5","2.48"
"Monthly Food Inflation","Zambia","Percent","2021M6","1.51"
"Monthly Food Inflation","Zambia","Percent","2021M7","0.22"
"Monthly Food Inflation","Zambia","Percent","2021M8","0.95"
"Monthly Food Inflation","Zambia","Percent","2021M9","-0.84"
"Monthly Food Inflation","Zambia","Percent","2021M10","0.37"
"Monthly Food Inflation","Zambia","Percent","2021M11","0.88"
"Monthly Food Inflation","Zambia","Percent","2021M12","0.71"
"Monthly Food Inflation","Zambia","Percent","2022M1","3.09"
"Monthly Food Inflation","Zambia","Percent","2022M2","1.89"
"Monthly Food Inflation","Zambia","Percent","2022M3","0.93"
"Monthly Food Inflation","Zambia","Percent","2022M4","1.1"
"Monthly Food Inflation","Zambia","Percent","2022M5","0.9"
"Monthly Food Inflation","Zambia","Percent","2022M6","1.17"
"Monthly Food Inflation","Zambia","Percent","2022M7","0.26"
"Monthly Food Inflation","Zambia","Percent","2022M8","0.38"
"Monthly Food Inflation","Zambia","Percent","2022M9","-0.18"
"Monthly Food Inflation","Zambia","Percent","2022M10","0.44"
"Monthly Food Inflation","Zambia","Percent","2022M11","0.85"
"Monthly Food Inflation","Zambia","Percent","2022M12","0.52"
"Monthly Food Inflation","Zambia","Percent","2023M1","2.76"
"Monthly Food Inflation","Zambia","Percent","2023M2","1.96"
"Monthly Food Inflation","Zambia","Percent","2023M3","1.11"
"Monthly Food Inflation","Zambia","Percent","2023M4","0.87"
"Monthly Food Inflation","Zambia","Percent","2023M5","0.88"
"Monthly Food Inflation","Zambia","Percent","2023M6","0.89"
"Monthly Food Inflation","Zambia","Percent","2023M7","1.03"
"Monthly Food Inflation","Zambia","Percent","2023M8","0.83"
"Monthly Food Inflation","Zambia","Percent","2023M9","0.49"
"Monthly Food Inflation","Zambia","Percent","2023M10","0.66"
"Monthly Food Inflation","Zambia","Percent","2023M11","0.91"
"Monthly Food Inflation","Zambia","Percent","2023M12","1.03"
"Monthly Food Inflation","Zambia","Percent","2024M1","2.32"
"Monthly Food Inflation","Zambia","Percent","2024M2","2.28"
"Monthly Food Inflation","Zambia","Percent","2024M3","2.39"
"Monthly Food Inflation","Zambia","Percent","2024M4","1"
"Monthly Food Inflation","Zambia","Percent","2024M5","1.26"
"Monthly Food Inflation","Zambia","Percent","2024M6","1.46"
"Monthly Food Inflation","Zambia","Percent","2024M7","1.52"
"Monthly Food Inflation","Zambia","Percent","2024M8","0.97"
"Monthly Food Inflation","Zambia","Percent","2024M9","0.79"
"Monthly Food Inflation","Zambia","Percent","2024M10","0.9"
"Monthly Food Inflation","Zambia","Percent","2024M11","0.9"
"Monthly Food Inflation","Zambia","Percent","2024M12","1.4"
"Monthly Food Inflation","Zambia","Percent","2025M1","2.8"
"Monthly Food Inflation","Zambia","Percent","2025M2","3.4"
"Monthly Food Inflation","Zambia","Percent","2025M3","1"
"Monthly Food Inflation","Zambia","Percent","2025M4","0.8"
"Monthly Food Inflation","Zambia","Percent","2025M5","0.6"
"Monthly Food Inflation","Zambia","Percent","2025M6","0.4"
"Monthly Food Inflation","Zambia","Percent","2025M7","0.3"
"Monthly Food Inflation","Zambia","Percent","2025M8","0.6"
"Monthly Food Inflation","Zambia","Percent","2025M9","0.5"
"Monthly Food Inflation","Zambia","Percent","2025M10","0.4"
"Monthly Food Inflation","Zambia","Percent","2025M11","0.8"
"Monthly Food Inflation","Zambia","Percent","2025M12","0.6"
"Monthly Non-Food Inflation","Zambia","Percent","2010M1","5.7"
"Monthly Non-Food Inflation","Zambia","Percent","2010M2","0.5"
"Monthly Non-Food Inflation","Zambia","Percent","2010M3","0.8"
"Monthly Non-Food Inflation","Zambia","Percent","2010M4","0.8"
"Monthly Non-Food Inflation","Zambia","Percent","2010M5","0.4"
"Monthly Non-Food Inflation","Zambia","Percent","2010M6","1.4"
"Monthly Non-Food Inflation","Zambia","Percent","2010M7","0.7"
"Monthly Non-Food Inflation","Zambia","Percent","2010M8","2.5"
"Monthly Non-Food Inflation","Zambia","Percent","2010M9","0.4"
"Monthly Non-Food Inflation","Zambia","Percent","2010M10","-0.1"
"Monthly Non-Food Inflation","Zambia","Percent","2010M11","0.1"
"Monthly Non-Food Inflation","Zambia","Percent","2010M12","0.5"
"Monthly Non-Food Inflation","Zambia","Percent","2011M1","0.2"
"Monthly Non-Food Inflation","Zambia","Percent","2011M2","0.9"
"Monthly Non-Food Inflation","Zambia","Percent","2011M3","1.1"
"Monthly Non-Food Inflation","Zambia","Percent","2011M4","0.6"
"Monthly Non-Food Inflation","Zambia","Percent","2011M5","0.7"
"Monthly Non-Food Inflation","Zambia","Percent","2011M6","0.6"
"Monthly Non-Food Inflation","Zambia","Percent","2011M7","0.9"
"Monthly Non-Food Inflation","Zambia","Percent","2011M8","1.1"
"Monthly Non-Food Inflation","Zambia","Percent","2011M9","0.4"
"Monthly Non-Food Inflation","Zambia","Percent","2011M10","-0.1"
"Monthly Non-Food Inflation","Zambia","Percent","2011M11","-0.2"
"Monthly Non-Food Inflation","Zambia","Percent","2011M12","0.3"
"Monthly Non-Food Inflation","Zambia","Percent","2012M1","0.3"
"Monthly Non-Food Inflation","Zambia","Percent","2012M2","0.6"
"Monthly Non-Food Inflation","Zambia","Percent","2012M3","1"
"Monthly Non-Food Inflation","Zambia","Percent","2012M4","0.8"
"Monthly Non-Food Inflation","Zambia","Percent","2012M5","0.5"
"Monthly Non-Food Inflation","Zambia","Percent","2012M6","0.5"
"Monthly Non-Food Inflation","Zambia","Percent","2012M7","0.7"
"Monthly Non-Food Inflation","Zambia","Percent","2012M8","0.6"
"Monthly Non-Food Inflation","Zambia","Percent","2012M9","0.4"
"Monthly Non-Food Inflation","Zambia","Percent","2012M10","-0.3"
"Monthly Non-Food Inflation","Zambia","Percent","2012M11","0.1"
"Monthly Non-Food Inflation","Zambia","Percent","2012M12","0.6"
"Monthly Non-Food Inflation","Zambia","Percent","2013M1","0.5"
"Monthly Non-Food Inflation","Zambia","Percent","2013M2","1.4"
"Monthly Non-Food Inflation","Zambia","Percent","2013M3","1.1"
"Monthly Non-Food Inflation","Zambia","Percent","2013M4","0.5"
"Monthly Non-Food Inflation","Zambia","Percent","2013M5","1.3"
"Monthly Non-Food Inflation","Zambia","Percent","2013M6","0.3"
"Monthly Non-Food Inflation","Zambia","Percent","2013M7","0.5"
"Monthly Non-Food Inflation","Zambia","Percent","2013M8","0.5"
"Monthly Non-Food Inflation","Zambia","Percent","2013M9","0.5"
"Monthly Non-Food Inflation","Zambia","Percent","2013M10","0.2"
"Monthly Non-Food Inflation","Zambia","Percent","2013M11","0.3"
"Monthly Non-Food Inflation","Zambia","Percent","2013M12","0.6"
"Monthly Non-Food Inflation","Zambia","Percent","2014M1","1"
"Monthly Non-Food Inflation","Zambia","Percent","2014M2","0.4"
"Monthly Non-Food Inflation","Zambia","Percent","2014M3","1.2"
"Monthly Non-Food Inflation","Zambia","Percent","2014M4","0.7"
"Monthly Non-Food Inflation","Zambia","Percent","2014M5","1"
"Monthly Non-Food Inflation","Zambia","Percent","2014M6","0.7"
"Monthly Non-Food Inflation","Zambia","Percent","2014M7","1.6"
"Monthly Non-Food Inflation","Zambia","Percent","2014M8","0.4"
"Monthly Non-Food Inflation","Zambia","Percent","2014M9","0.3"
"Monthly Non-Food Inflation","Zambia","Percent","2014M10","0.2"
"Monthly Non-Food Inflation","Zambia","Percent","2014M11","0.3"
"Monthly Non-Food Inflation","Zambia","Percent","2014M12","0.2"
"Monthly Non-Food Inflation","Zambia","Percent","2015M1","0.7"
"Monthly Non-Food Inflation","Zambia","Percent","2015M2","-0.3"
"Monthly Non-Food Inflation","Zambia","Percent","2015M3","1.1"
"Monthly Non-Food Inflation","Zambia","Percent","2015M4","0.8"
"Monthly Non-Food Inflation","Zambia","Percent","2015M5","0.4"
"Monthly Non-Food Inflation","Zambia","Percent","2015M6","1"
"Monthly Non-Food Inflation","Zambia","Percent","2015M7","1"
"Monthly Non-Food Inflation","Zambia","Percent","2015M8","0.9"
"Monthly Non-Food Inflation","Zambia","Percent","2015M9","0.9"
"Monthly Non-Food Inflation","Zambia","Percent","2015M10","5"
"Monthly Non-Food Inflation","Zambia","Percent","2015M11","3.1"
"Monthly Non-Food Inflation","Zambia","Percent","2015M12","1.6"
"Monthly Non-Food Inflation","Zambia","Percent","2016M1","0.9"
"Monthly Non-Food Inflation","Zambia","Percent","2016M2","1.2"
"Monthly Non-Food Inflation","Zambia","Percent","2016M3","0"
"Monthly Non-Food Inflation","Zambia","Percent","2016M4","-0.3"
"Monthly Non-Food Inflation","Zambia","Percent","2016M5","0.3"
"Monthly Non-Food Inflation","Zambia","Percent","2016M6","1"
"Monthly Non-Food Inflation","Zambia","Percent","2016M7","-0.1"
"Monthly Non-Food Inflation","Zambia","Percent","2016M8","0.4"
"Monthly Non-Food Inflation","Zambia","Percent","2016M9","0.2"
"Monthly Non-Food Inflation","Zambia","Percent","2016M10","0.4"
"Monthly Non-Food Inflation","Zambia","Percent","2016M11","2.3"
"Monthly Non-Food Inflation","Zambia","Percent","2016M12","0.6"
"Monthly Non-Food Inflation","Zambia","Percent","2017M1","0.4653"
"Monthly Non-Food Inflation","Zambia","Percent","2017M2","0.68"
"Monthly Non-Food Inflation","Zambia","Percent","2017M3","0.4578"
"Monthly Non-Food Inflation","Zambia","Percent","2017M4","0.5695"
"Monthly Non-Food Inflation","Zambia","Percent","2017M5","0.0818"
"Monthly Non-Food Inflation","Zambia","Percent","2017M6","1.6822"
"Monthly Non-Food Inflation","Zambia","Percent","2017M7","0.029"
"Monthly Non-Food Inflation","Zambia","Percent","2017M8","0.0522"
"Monthly Non-Food Inflation","Zambia","Percent","2017M9","0.7903"
"Monthly Non-Food Inflation","Zambia","Percent","2017M10","0.2443"
"Monthly Non-Food Inflation","Zambia","Percent","2017M11","2.0456"
"Monthly Non-Food Inflation","Zambia","Percent","2017M12","0.2035"
"Monthly Non-Food Inflation","Zambia","Percent","2018M1","0.9825"
"Monthly Non-Food Inflation","Zambia","Percent","2018M2","0.4662"
"Monthly Non-Food Inflation","Zambia","Percent","2018M3","1.278"
"Monthly Non-Food Inflation","Zambia","Percent","2018M4","0.301"
"Monthly Non-Food Inflation","Zambia","Percent","2018M5","0.4735"
"Monthly Non-Food Inflation","Zambia","Percent","2018M6","0.2"
"Monthly Non-Food Inflation","Zambia","Percent","2018M7","0.28"
"Monthly Non-Food Inflation","Zambia","Percent","2018M8","0.26"
"Monthly Non-Food Inflation","Zambia","Percent","2018M9","0.31"
"Monthly Non-Food Inflation","Zambia","Percent","2018M10","1.21"
"Monthly Non-Food Inflation","Zambia","Percent","2018M11","0.85"
"Monthly Non-Food Inflation","Zambia","Percent","2018M12","0.74"
"Monthly Non-Food Inflation","Zambia","Percent","2019M1","1.04"
"Monthly Non-Food Inflation","Zambia","Percent","2019M2","0.69"
"Monthly Non-Food Inflation","Zambia","Percent","2019M3","0.24"
"Monthly Non-Food Inflation","Zambia","Percent","2019M4","0.39"
"Monthly Non-Food Inflation","Zambia","Percent","2019M5","0.58"
"Monthly Non-Food Inflation","Zambia","Percent","2019M6","1.15"
"Monthly Non-Food Inflation","Zambia","Percent","2019M7","0.52"
"Monthly Non-Food Inflation","Zambia","Percent","2019M8","0.24"
"Monthly Non-Food Inflation","Zambia","Percent","2019M9","0.31"
"Monthly Non-Food Inflation","Zambia","Percent","2019M10","0.8"
"Monthly Non-Food Inflation","Zambia","Percent","2019M11","0.85"
"Monthly Non-Food Inflation","Zambia","Percent","2019M12","0.72"
"Monthly Non-Food Inflation","Zambia","Percent","2020M1","2.5"
"Monthly Non-Food Inflation","Zambia","Percent","2020M2","2.71"
"Monthly Non-Food Inflation","Zambia","Percent","2020M3","1.25"
"Monthly Non-Food Inflation","Zambia","Percent","2020M4","1.74"
"Monthly Non-Food Inflation","Zambia","Percent","2020M5","1.74"
"Monthly Non-Food Inflation","Zambia","Percent","2020M6","1.13"
"Monthly Non-Food Inflation","Zambia","Percent","2020M7","0.45"
"Monthly Non-Food Inflation","Zambia","Percent","2020M8","0.25"
"Monthly Non-Food Inflation","Zambia","Percent","2020M9","2.27"
"Monthly Non-Food Inflation","Zambia","Percent","2020M10","0.87"
"Monthly Non-Food Inflation","Zambia","Percent","2020M11","1.23"
"Monthly Non-Food Inflation","Zambia","Percent","2020M12","0.64"
"Monthly Non-Food Inflation","Zambia","Percent","2021M1","1.28"
"Monthly Non-Food Inflation","Zambia","Percent","2021M2","2.33"
"Monthly Non-Food Inflation","Zambia","Percent","2021M3","1.93"
"Monthly Non-Food Inflation","Zambia","Percent","2021M4","2.14"
"Monthly Non-Food Inflation","Zambia","Percent","2021M5","1.41"
"Monthly Non-Food Inflation","Zambia","Percent","2021M6","1.09"
"Monthly Non-Food Inflation","Zambia","Percent","2021M7","0.42"
"Monthly Non-Food Inflation","Zambia","Percent","2021M8","-0.39"
"Monthly Non-Food Inflation","Zambia","Percent","2021M9","-0.04"
"Monthly Non-Food Inflation","Zambia","Percent","2021M10","0.48"
"Monthly Non-Food Inflation","Zambia","Percent","2021M11","0.3"
"Monthly Non-Food Inflation","Zambia","Percent","2021M12","0.53"
"Monthly Non-Food Inflation","Zambia","Percent","2022M1","1.86"
"Monthly Non-Food Inflation","Zambia","Percent","2022M2","1.54"
"Monthly Non-Food Inflation","Zambia","Percent","2022M3","0.57"
"Monthly Non-Food Inflation","Zambia","Percent","2022M4","0.12"
"Monthly Non-Food Inflation","Zambia","Percent","2022M5","0.78"
"Monthly Non-Food Inflation","Zambia","Percent","2022M6","0.57"
"Monthly Non-Food Inflation","Zambia","Percent","2022M7","0.68"
"Monthly Non-Food Inflation","Zambia","Percent","2022M8","0.11"
"Monthly Non-Food Inflation","Zambia","Percent","2022M9","-0.59"
"Monthly Non-Food Inflation","Zambia","Percent","2022M10","-0.16"
"Monthly Non-Food Inflation","Zambia","Percent","2022M11","0.48"
"Monthly Non-Food Inflation","Zambia","Percent","2022M12","1.1"
"Monthly Non-Food Inflation","Zambia","Percent","2023M1","1.14"
"Monthly Non-Food Inflation","Zambia","Percent","2023M2","1.93"
"Monthly Non-Food Inflation","Zambia","Percent","2023M3","0.95"
"Monthly Non-Food Inflation","Zambia","Percent","2023M4","1.02"
"Monthly Non-Food Inflation","Zambia","Percent","2023M5","0.2"
"Monthly Non-Food Inflation","Zambia","Percent","2023M6","0.69"
"Monthly Non-Food Inflation","Zambia","Percent","2023M7","0.7"
"Monthly Non-Food Inflation","Zambia","Percent","2023M8","0.76"
"Monthly Non-Food Inflation","Zambia","Percent","2023M9","0.9"
"Monthly Non-Food Inflation","Zambia","Percent","2023M10","0.91"
"Monthly Non-Food Inflation","Zambia","Percent","2023M11","0.93"
"Monthly Non-Food Inflation","Zambia","Percent","2023M12","0.89"
"Monthly Non-Food Inflation","Zambia","Percent","2024M1","1.86"
"Monthly Non-Food Inflation","Zambia","Percent","2024M2","2.19"
"Monthly Non-Food Inflation","Zambia","Percent","2024M3","-0.34"
"Monthly Non-Food Inflation","Zambia","Percent","2024M4","0.97"
"Monthly Non-Food Inflation","Zambia","Percent","2024M5","1.54"
"Monthly Non-Food Inflation","Zambia","Percent","2024M6","1.03"
"Monthly Non-Food Inflation","Zambia","Percent","2024M7","0.26"
"Monthly Non-Food Inflation","Zambia","Percent","2024M8","0.72"
"Monthly Non-Food Inflation","Zambia","Percent","2024M9","0.77"
"Monthly Non-Food Inflation","Zambia","Percent","2024M10","0.8"
"Monthly Non-Food Inflation","Zambia","Percent","2024M11","2.6"
"Monthly Non-Food Inflation","Zambia","Percent","2024M12","0.9"
"Monthly Non-Food Inflation","Zambia","Percent","2025M1","1"
"Monthly Non-Food Inflation","Zambia","Percent","2025M2","0.8"
"Monthly Non-Food Inflation","Zambia","Percent","2025M3","1"
"Monthly Non-Food Inflation","Zambia","Percent","2025M4","1.2"
"Monthly Non-Food Inflation","Zambia","Percent","2025M5","0"
"Monthly Non-Food Inflation","Zambia","Percent","2025M6","-0.2"
"Monthly Non-Food Inflation","Zambia","Percent","2025M7","-0.3"
"Monthly Non-Food Inflation","Zambia","Percent","2025M8","0.4"
"Monthly Non-Food Inflation","Zambia","Percent","2025M9","0.5"
"Monthly Non-Food Inflation","Zambia","Percent","2025M10","0.5"
"Monthly Non-Food Inflation","Zambia","Percent","2025M11","0.6"
"Monthly Non-Food Inflation","Zambia","Percent","2025M12","3"
"Breakfast Mealie Meal","Zambia","ZMW","2010M1","61.48009"
"Breakfast Mealie Meal","Zambia","ZMW","2010M2","62.20681"
"Breakfast Mealie Meal","Zambia","ZMW","2010M3","62.78103"
"Breakfast Mealie Meal","Zambia","ZMW","2010M4","62.64052"
"Breakfast Mealie Meal","Zambia","ZMW","2010M5","61.40317"
"Breakfast Mealie Meal","Zambia","ZMW","2010M6","59.38202"
"Breakfast Mealie Meal","Zambia","ZMW","2010M7","58.36904"
"Breakfast Mealie Meal","Zambia","ZMW","2010M8","56.83568"
"Breakfast Mealie Meal","Zambia","ZMW","2010M9","55.55023"
"Breakfast Mealie Meal","Zambia","ZMW","2010M10","54.19264"
"Breakfast Mealie Meal","Zambia","ZMW","2010M11","51.9725"
"Breakfast Mealie Meal","Zambia","ZMW","2010M12","51.74282"
"Breakfast Mealie Meal","Zambia","ZMW","2011M1","51.07784"
"Breakfast Mealie Meal","Zambia","ZMW","2011M2","51.07364"
"Breakfast Mealie Meal","Zambia","ZMW","2011M3","49.67394"
"Breakfast Mealie Meal","Zambia","ZMW","2011M4","48.99578"
"Breakfast Mealie Meal","Zambia","ZMW","2011M5","46.68704"
"Breakfast Mealie Meal","Zambia","ZMW","2011M6","44.49698"
"Breakfast Mealie Meal","Zambia","ZMW","2011M7","45.52833"
"Breakfast Mealie Meal","Zambia","ZMW","2011M8","45.3138"
"Breakfast Mealie Meal","Zambia","ZMW","2011M9","43.85695"
"Breakfast Mealie Meal","Zambia","ZMW","2011M10","45.08691"
"Breakfast Mealie Meal","Zambia","ZMW","2011M11","45.35492"
"Breakfast Mealie Meal","Zambia","ZMW","2011M12","45.67596"
"Breakfast Mealie Meal","Zambia","ZMW","2012M1","43.74739"
"Breakfast Mealie Meal","Zambia","ZMW","2012M2","42.8279"
"Breakfast Mealie Meal","Zambia","ZMW","2012M3","44.388"
"Breakfast Mealie Meal","Zambia","ZMW","2012M4","42.41345"
"Breakfast Mealie Meal","Zambia","ZMW","2012M5","42.10285"
"Breakfast Mealie Meal","Zambia","ZMW","2012M6","42.05402"
"Breakfast Mealie Meal","Zambia","ZMW","2012M7","42.07354"
"Breakfast Mealie Meal","Zambia","ZMW","2012M8","43.11868"
"Breakfast Mealie Meal","Zambia","ZMW","2012M9","48.52847"
"Breakfast Mealie Meal","Zambia","ZMW","2012M10","48.60604"
"Breakfast Mealie Meal","Zambia","ZMW","2012M11","49.37535"
"Breakfast Mealie Meal","Zambia","ZMW","2012M12","56.67497"
"Breakfast Mealie Meal","Zambia","ZMW","2013M1","57.55751"
"Breakfast Mealie Meal","Zambia","ZMW","2013M2","54.40884"
"Breakfast Mealie Meal","Zambia","ZMW","2013M3","55.76659"
"Breakfast Mealie Meal","Zambia","ZMW","2013M4","58.15714"
"Breakfast Mealie Meal","Zambia","ZMW","2013M5","58.1709"
"Breakfast Mealie Meal","Zambia","ZMW","2013M6","59.41"
"Breakfast Mealie Meal","Zambia","ZMW","2013M7","60.31"
"Breakfast Mealie Meal","Zambia","ZMW","2013M8","63.95"
"Breakfast Mealie Meal","Zambia","ZMW","2013M9","64.22"
"Breakfast Mealie Meal","Zambia","ZMW","2013M10","64.9"
"Breakfast Mealie Meal","Zambia","ZMW","2013M11","64.36"
"Breakfast Mealie Meal","Zambia","ZMW","2013M12","68.06"
"Breakfast Mealie Meal","Zambia","ZMW","2014M1","71.92"
"Breakfast Mealie Meal","Zambia","ZMW","2014M2","72.31"
"Breakfast Mealie Meal","Zambia","ZMW","2014M3","72.55"
"Breakfast Mealie Meal","Zambia","ZMW","2014M4","73.37"
"Breakfast Mealie Meal","Zambia","ZMW","2014M5","74.77"
"Breakfast Mealie Meal","Zambia","ZMW","2014M6","73.72"
"Breakfast Mealie Meal","Zambia","ZMW","2014M7","73.2"
"Breakfast Mealie Meal","Zambia","ZMW","2014M8","72.33"
"Breakfast Mealie Meal","Zambia","ZMW","2014M9","70.37"
"Breakfast Mealie Meal","Zambia","ZMW","2014M10","70.93"
"Breakfast Mealie Meal","Zambia","ZMW","2014M11","70.13"
"Breakfast Mealie Meal","Zambia","ZMW","2014M12","70.37"
"Breakfast Mealie Meal","Zambia","ZMW","2015M1","70.69"
"Breakfast Mealie Meal","Zambia","ZMW","2015M2","71"
"Breakfast Mealie Meal","Zambia","ZMW","2015M3","70.61"
"Breakfast Mealie Meal","Zambia","ZMW","2015M4","69.74"
"Breakfast Mealie Meal","Zambia","ZMW","2015M5","69.35"
"Breakfast Mealie Meal","Zambia","ZMW","2015M6","69.18"
"Breakfast Mealie Meal","Zambia","ZMW","2015M7","69.02"
"Breakfast Mealie Meal","Zambia","ZMW","2015M8","68.9"
"Breakfast Mealie Meal","Zambia","ZMW","2015M9","69.16"
"Breakfast Mealie Meal","Zambia","ZMW","2015M10","71.92"
"Breakfast Mealie Meal","Zambia","ZMW","2015M11","79.63"
"Breakfast Mealie Meal","Zambia","ZMW","2015M12","82.22"
"Breakfast Mealie Meal","Zambia","ZMW","2016M1","82.48"
"Breakfast Mealie Meal","Zambia","ZMW","2016M2","83.49"
"Breakfast Mealie Meal","Zambia","ZMW","2016M3","85.25"
"Breakfast Mealie Meal","Zambia","ZMW","2016M4","87.04"
"Breakfast Mealie Meal","Zambia","ZMW","2016M5","83.12"
"Breakfast Mealie Meal","Zambia","ZMW","2016M6","82.15"
"Breakfast Mealie Meal","Zambia","ZMW","2016M7","83.25"
"Breakfast Mealie Meal","Zambia","ZMW","2016M8","84.99"
"Breakfast Mealie Meal","Zambia","ZMW","2016M9","85.24"
"Breakfast Mealie Meal","Zambia","ZMW","2016M10","89.18"
"Breakfast Mealie Meal","Zambia","ZMW","2016M11","92.95"
"Breakfast Mealie Meal","Zambia","ZMW","2016M12","98.24"
"Breakfast Mealie Meal","Zambia","ZMW","2017M1","101.1"
"Breakfast Mealie Meal","Zambia","ZMW","2017M2","102.73"
"Breakfast Mealie Meal","Zambia","ZMW","2017M3","103.46"
"Breakfast Mealie Meal","Zambia","ZMW","2017M4","100.73"
"Breakfast Mealie Meal","Zambia","ZMW","2017M5","98.76"
"Breakfast Mealie Meal","Zambia","ZMW","2017M6","96.37"
"Breakfast Mealie Meal","Zambia","ZMW","2017M7","88.58"
"Breakfast Mealie Meal","Zambia","ZMW","2017M8","77.27"
"Breakfast Mealie Meal","Zambia","ZMW","2017M9","72"
"Breakfast Mealie Meal","Zambia","ZMW","2017M10","69.36"
"Breakfast Mealie Meal","Zambia","ZMW","2017M11","67.39"
"Breakfast Mealie Meal","Zambia","ZMW","2017M12","66.23"
"Breakfast Mealie Meal","Zambia","ZMW","2018M1","67.17"
"Breakfast Mealie Meal","Zambia","ZMW","2018M2","69.72"
"Breakfast Mealie Meal","Zambia","ZMW","2018M3","73.46"
"Breakfast Mealie Meal","Zambia","ZMW","2018M4","77.34"
"Breakfast Mealie Meal","Zambia","ZMW","2018M5","79.56"
"Breakfast Mealie Meal","Zambia","ZMW","2018M6","79.22"
"Breakfast Mealie Meal","Zambia","ZMW","2018M7","78.42"
"Breakfast Mealie Meal","Zambia","ZMW","2018M8","79.39"
"Breakfast Mealie Meal","Zambia","ZMW","2018M9","80.45"
"Breakfast Mealie Meal","Zambia","ZMW","2018M10","82.59"
"Breakfast Mealie Meal","Zambia","ZMW","2018M11","85.8"
"Breakfast Mealie Meal","Zambia","ZMW","2018M12","88.69"
"Breakfast Mealie Meal","Zambia","ZMW","2019M1","91.25"
"Breakfast Mealie Meal","Zambia","ZMW","2019M2","93.36"
"Breakfast Mealie Meal","Zambia","ZMW","2019M3","96.09"
"Breakfast Mealie Meal","Zambia","ZMW","2019M4","104.74"
"Breakfast Mealie Meal","Zambia","ZMW","2019M5","106.55"
"Breakfast Mealie Meal","Zambia","ZMW","2019M6","107.96"
"Breakfast Mealie Meal","Zambia","ZMW","2019M7","110.83"
"Breakfast Mealie Meal","Zambia","ZMW","2019M8","120.69"
"Breakfast Mealie Meal","Zambia","ZMW","2019M9","133.32"
"Breakfast Mealie Meal","Zambia","ZMW","2019M10","140.29"
"Breakfast Mealie Meal","Zambia","ZMW","2019M11","150.49"
"Breakfast Mealie Meal","Zambia","ZMW","2019M12","163.3"
"Breakfast Mealie Meal","Zambia","ZMW","2020M1","162.52"
"Breakfast Mealie Meal","Zambia","ZMW","2020M2","162.3"
"Breakfast Mealie Meal","Zambia","ZMW","2020M3","168.15"
"Breakfast Mealie Meal","Zambia","ZMW","2020M4","165.92"
"Breakfast Mealie Meal","Zambia","ZMW","2020M5","155.91"
"Breakfast Mealie Meal","Zambia","ZMW","2020M6","142.39"
"Breakfast Mealie Meal","Zambia","ZMW","2020M7","130.79"
"Breakfast Mealie Meal","Zambia","ZMW","2020M8","127.81"
"Breakfast Mealie Meal","Zambia","ZMW","2020M9","127.54"
"Breakfast Mealie Meal","Zambia","ZMW","2020M10","124.57"
"Breakfast Mealie Meal","Zambia","ZMW","2020M11","130.36"
"Breakfast Mealie Meal","Zambia","ZMW","2020M12","136.78"
"Breakfast Mealie Meal","Zambia","ZMW","2021M1","140.69"
"Breakfast Mealie Meal","Zambia","ZMW","2021M2","144.84"
"Breakfast Mealie Meal","Zambia","ZMW","2021M3","143.36"
"Breakfast Mealie Meal","Zambia","ZMW","2021M4","143.76"
"Breakfast Mealie Meal","Zambia","ZMW","2021M5","142.32"
"Breakfast Mealie Meal","Zambia","ZMW","2021M6","140.83"
"Breakfast Mealie Meal","Zambia","ZMW","2021M7","141.77"
"Breakfast Mealie Meal","Zambia","ZMW","2021M8","141.47"
"Breakfast Mealie Meal","Zambia","ZMW","2021M9","139.4"
"Breakfast Mealie Meal","Zambia","ZMW","2021M10","135.11"
"Breakfast Mealie Meal","Zambia","ZMW","2021M11","132.88"
"Breakfast Mealie Meal","Zambia","ZMW","2021M12","133.51"
"Breakfast Mealie Meal","Zambia","ZMW","2022M1","148.01"
"Breakfast Mealie Meal","Zambia","ZMW","2022M2","156.57"
"Breakfast Mealie Meal","Zambia","ZMW","2022M3","159.91"
"Breakfast Mealie Meal","Zambia","ZMW","2022M4","161.93"
"Breakfast Mealie Meal","Zambia","ZMW","2022M5","162.78"
"Breakfast Mealie Meal","Zambia","ZMW","2022M6","162.51"
"Breakfast Mealie Meal","Zambia","ZMW","2022M7","161.98"
"Breakfast Mealie Meal","Zambia","ZMW","2022M8","162.12"
"Breakfast Mealie Meal","Zambia","ZMW","2022M9","161.16"
"Breakfast Mealie Meal","Zambia","ZMW","2022M10","161.57"
"Breakfast Mealie Meal","Zambia","ZMW","2022M11","163.82"
"Breakfast Mealie Meal","Zambia","ZMW","2022M12","171.72"
"Breakfast Mealie Meal","Zambia","ZMW","2023M1","181.46"
"Breakfast Mealie Meal","Zambia","ZMW","2023M2","196.84"
"Breakfast Mealie Meal","Zambia","ZMW","2023M3","193"
"Breakfast Mealie Meal","Zambia","ZMW","2023M4","202.87"
"Breakfast Mealie Meal","Zambia","ZMW","2023M5","201.72"
"Breakfast Mealie Meal","Zambia","ZMW","2023M6","204.06"
"Breakfast Mealie Meal","Zambia","ZMW","2023M7","226.37"
"Breakfast Mealie Meal","Zambia","ZMW","2023M8","246.55"
"Breakfast Mealie Meal","Zambia","ZMW","2023M9","269.73"
"Breakfast Mealie Meal","Zambia","ZMW","2023M10","288.46"
"Breakfast Mealie Meal","Zambia","ZMW","2023M11","288.94"
"Breakfast Mealie Meal","Zambia","ZMW","2023M12","286.31"
"Breakfast Mealie Meal","Zambia","ZMW","2024M1","292.09"
"Breakfast Mealie Meal","Zambia","ZMW","2024M2","310.97"
"Breakfast Mealie Meal","Zambia","ZMW","2024M3","322.37"
"Breakfast Mealie Meal","Zambia","ZMW","2024M4","325.56"
"Breakfast Mealie Meal","Zambia","ZMW","2024M5","328.84"
"Breakfast Mealie Meal","Zambia","ZMW","2024M6","331.23"
"Breakfast Mealie Meal","Zambia","ZMW","2024M7","334.48"
"Breakfast Mealie Meal","Zambia","ZMW","2024M8","333.28"
"Breakfast Mealie Meal","Zambia","ZMW","2024M9","334.11"
"Breakfast Mealie Meal","Zambia","ZMW","2024M10","341.11"
"Breakfast Mealie Meal","Zambia","ZMW","2024M11","338.7"
"Breakfast Mealie Meal","Zambia","ZMW","2024M12","342.16"
"Breakfast Mealie Meal","Zambia","ZMW","2025M1","356.52"
"Breakfast Mealie Meal","Zambia","ZMW","2025M2","360.45"
"Breakfast Mealie Meal","Zambia","ZMW","2025M3","364.37"
"Breakfast Mealie Meal","Zambia","ZMW","2025M4","358.86"
"Breakfast Mealie Meal","Zambia","ZMW","2025M5","344.41"
"Breakfast Mealie Meal","Zambia","ZMW","2025M6","307.78"
"Breakfast Mealie Meal","Zambia","ZMW","2025M7","275.39"
"Breakfast Mealie Meal","Zambia","ZMW","2025M8","260.59"
"Breakfast Mealie Meal","Zambia","ZMW","2025M9","260.34"
"Breakfast Mealie Meal","Zambia","ZMW","2025M10","262.56"
"Breakfast Mealie Meal","Zambia","ZMW","2025M11","273.26"
"Breakfast Mealie Meal","Zambia","ZMW","2025M12","286.7"
"Roller Mealie Meal","Zambia","ZMW","2010M1","49.29009"
"Roller Mealie Meal","Zambia","ZMW","2010M2","49.35006"
"Roller Mealie Meal","Zambia","ZMW","2010M3","49.54608"
"Roller Mealie Meal","Zambia","ZMW","2010M4","48.84647"
"Roller Mealie Meal","Zambia","ZMW","2010M5","45.34485"
"Roller Mealie Meal","Zambia","ZMW","2010M6","38.28904"
"Roller Mealie Meal","Zambia","ZMW","2010M7","36.40785"
"Roller Mealie Meal","Zambia","ZMW","2010M8","34.32131"
"Roller Mealie Meal","Zambia","ZMW","2010M9","34.1041"
"Roller Mealie Meal","Zambia","ZMW","2010M10","36.0462"
"Roller Mealie Meal","Zambia","ZMW","2010M11","36.55213"
"Roller Mealie Meal","Zambia","ZMW","2010M12","36.51519"
"Roller Mealie Meal","Zambia","ZMW","2011M1","36.5925"
"Roller Mealie Meal","Zambia","ZMW","2011M2","36.81039"
"Roller Mealie Meal","Zambia","ZMW","2011M3","36.9845"
"Roller Mealie Meal","Zambia","ZMW","2011M4","35.29859"
"Roller Mealie Meal","Zambia","ZMW","2011M5","34.02524"
"Roller Mealie Meal","Zambia","ZMW","2011M6","32.06093"
"Roller Mealie Meal","Zambia","ZMW","2011M7","32.36814"
"Roller Mealie Meal","Zambia","ZMW","2011M8","31.8915"
"Roller Mealie Meal","Zambia","ZMW","2011M9","33.17046"
"Roller Mealie Meal","Zambia","ZMW","2011M10","33.82628"
"Roller Mealie Meal","Zambia","ZMW","2011M11","34.85876"
"Roller Mealie Meal","Zambia","ZMW","2011M12","34.49032"
"Roller Mealie Meal","Zambia","ZMW","2012M1","33.58656"
"Roller Mealie Meal","Zambia","ZMW","2012M2","33.36059"
"Roller Mealie Meal","Zambia","ZMW","2012M3","32.85752"
"Roller Mealie Meal","Zambia","ZMW","2012M4","32.7328"
"Roller Mealie Meal","Zambia","ZMW","2012M5","31.61883"
"Roller Mealie Meal","Zambia","ZMW","2012M6","31.55261"
"Roller Mealie Meal","Zambia","ZMW","2012M7","31.46371"
"Roller Mealie Meal","Zambia","ZMW","2012M8","32.12077"
"Roller Mealie Meal","Zambia","ZMW","2012M9","34.17744"
"Roller Mealie Meal","Zambia","ZMW","2012M10","35.03754"
"Roller Mealie Meal","Zambia","ZMW","2012M11","36.1281"
"Roller Mealie Meal","Zambia","ZMW","2012M12","42.96167"
"Roller Mealie Meal","Zambia","ZMW","2013M1","45.09391"
"Roller Mealie Meal","Zambia","ZMW","2013M2","43.19843"
"Roller Mealie Meal","Zambia","ZMW","2013M3","42.52956"
"Roller Mealie Meal","Zambia","ZMW","2013M4","44.28672"
"Roller Mealie Meal","Zambia","ZMW","2013M5","44.88763"
"Roller Mealie Meal","Zambia","ZMW","2013M6","44.97"
"Roller Mealie Meal","Zambia","ZMW","2013M7","45.86"
"Roller Mealie Meal","Zambia","ZMW","2013M8","46.55"
"Roller Mealie Meal","Zambia","ZMW","2013M9","47.4"
"Roller Mealie Meal","Zambia","ZMW","2013M10","47.81"
"Roller Mealie Meal","Zambia","ZMW","2013M11","48.74"
"Roller Mealie Meal","Zambia","ZMW","2013M12","52.11"
"Roller Mealie Meal","Zambia","ZMW","2014M1","55.8"
"Roller Mealie Meal","Zambia","ZMW","2014M2","56.82"
"Roller Mealie Meal","Zambia","ZMW","2014M3","57.54"
"Roller Mealie Meal","Zambia","ZMW","2014M4","58.48"
"Roller Mealie Meal","Zambia","ZMW","2014M5","57.74"
"Roller Mealie Meal","Zambia","ZMW","2014M6","57.47"
"Roller Mealie Meal","Zambia","ZMW","2014M7","55.77"
"Roller Mealie Meal","Zambia","ZMW","2014M8","51.79"
"Roller Mealie Meal","Zambia","ZMW","2014M9","50.05"
"Roller Mealie Meal","Zambia","ZMW","2014M10","50.01"
"Roller Mealie Meal","Zambia","ZMW","2014M11","49.41"
"Roller Mealie Meal","Zambia","ZMW","2014M12","51.38"
"Roller Mealie Meal","Zambia","ZMW","2015M1","52.91"
"Roller Mealie Meal","Zambia","ZMW","2015M2","54.62"
"Roller Mealie Meal","Zambia","ZMW","2015M3","53.93"
"Roller Mealie Meal","Zambia","ZMW","2015M4","52.89"
"Roller Mealie Meal","Zambia","ZMW","2015M5","51.96"
"Roller Mealie Meal","Zambia","ZMW","2015M6","51.78"
"Roller Mealie Meal","Zambia","ZMW","2015M7","52.3"
"Roller Mealie Meal","Zambia","ZMW","2015M8","52.91"
"Roller Mealie Meal","Zambia","ZMW","2015M9","53.47"
"Roller Mealie Meal","Zambia","ZMW","2015M10","56.47"
"Roller Mealie Meal","Zambia","ZMW","2015M11","63.06"
"Roller Mealie Meal","Zambia","ZMW","2015M12","65.1"
"Roller Mealie Meal","Zambia","ZMW","2016M1","66.22"
"Roller Mealie Meal","Zambia","ZMW","2016M2","66.31"
"Roller Mealie Meal","Zambia","ZMW","2016M3","67.75"
"Roller Mealie Meal","Zambia","ZMW","2016M4","69.01"
"Roller Mealie Meal","Zambia","ZMW","2016M5","66.86"
"Roller Mealie Meal","Zambia","ZMW","2016M6","65.2"
"Roller Mealie Meal","Zambia","ZMW","2016M7","64.03"
"Roller Mealie Meal","Zambia","ZMW","2016M8","66.81"
"Roller Mealie Meal","Zambia","ZMW","2016M9","66.21"
"Roller Mealie Meal","Zambia","ZMW","2016M10","71.27"
"Roller Mealie Meal","Zambia","ZMW","2016M11","75.38"
"Roller Mealie Meal","Zambia","ZMW","2016M12","80.64"
"Roller Mealie Meal","Zambia","ZMW","2017M1","83.66"
"Roller Mealie Meal","Zambia","ZMW","2017M2","85.11"
"Roller Mealie Meal","Zambia","ZMW","2017M3","85.67"
"Roller Mealie Meal","Zambia","ZMW","2017M4","83.32"
"Roller Mealie Meal","Zambia","ZMW","2017M5","80.56"
"Roller Mealie Meal","Zambia","ZMW","2017M6","74.73"
"Roller Mealie Meal","Zambia","ZMW","2017M7","65.84"
"Roller Mealie Meal","Zambia","ZMW","2017M8","57.73"
"Roller Mealie Meal","Zambia","ZMW","2017M9","54.21"
"Roller Mealie Meal","Zambia","ZMW","2017M10","52.57"
"Roller Mealie Meal","Zambia","ZMW","2017M11","51.24"
"Roller Mealie Meal","Zambia","ZMW","2017M12","49.76"
"Roller Mealie Meal","Zambia","ZMW","2018M1","50.95"
"Roller Mealie Meal","Zambia","ZMW","2018M2","51.67"
"Roller Mealie Meal","Zambia","ZMW","2018M3","53.8"
"Roller Mealie Meal","Zambia","ZMW","2018M4","54"
"Roller Mealie Meal","Zambia","ZMW","2018M5","57.23"
"Roller Mealie Meal","Zambia","ZMW","2018M6","57.85"
"Roller Mealie Meal","Zambia","ZMW","2018M7","56.44"
"Roller Mealie Meal","Zambia","ZMW","2018M8","56.98"
"Roller Mealie Meal","Zambia","ZMW","2018M9","58.53"
"Roller Mealie Meal","Zambia","ZMW","2018M10","61.34"
"Roller Mealie Meal","Zambia","ZMW","2018M11","66.77"
"Roller Mealie Meal","Zambia","ZMW","2018M12","71.23"
"Roller Mealie Meal","Zambia","ZMW","2019M1","73.43"
"Roller Mealie Meal","Zambia","ZMW","2019M2","74.15"
"Roller Mealie Meal","Zambia","ZMW","2019M3","75.65"
"Roller Mealie Meal","Zambia","ZMW","2019M4","84.32"
"Roller Mealie Meal","Zambia","ZMW","2019M5","87.4"
"Roller Mealie Meal","Zambia","ZMW","2019M6","88.2"
"Roller Mealie Meal","Zambia","ZMW","2019M7","89.3"
"Roller Mealie Meal","Zambia","ZMW","2019M8","101.27"
"Roller Mealie Meal","Zambia","ZMW","2019M9","114.81"
"Roller Mealie Meal","Zambia","ZMW","2019M10","119.55"
"Roller Mealie Meal","Zambia","ZMW","2019M11","128.82"
"Roller Mealie Meal","Zambia","ZMW","2019M12","142.69"
"Roller Mealie Meal","Zambia","ZMW","2020M1","145.13"
"Roller Mealie Meal","Zambia","ZMW","2020M2","141.97"
"Roller Mealie Meal","Zambia","ZMW","2020M3","145.4"
"Roller Mealie Meal","Zambia","ZMW","2020M4","146.57"
"Roller Mealie Meal","Zambia","ZMW","2020M5","133.28"
"Roller Mealie Meal","Zambia","ZMW","2020M6","114.39"
"Roller Mealie Meal","Zambia","ZMW","2020M7","99.14"
"Roller Mealie Meal","Zambia","ZMW","2020M8","98.74"
"Roller Mealie Meal","Zambia","ZMW","2020M9","97.86"
"Roller Mealie Meal","Zambia","ZMW","2020M10","97.6"
"Roller Mealie Meal","Zambia","ZMW","2020M11","103.2"
"Roller Mealie Meal","Zambia","ZMW","2020M12","110.29"
"Roller Mealie Meal","Zambia","ZMW","2021M1","115.56"
"Roller Mealie Meal","Zambia","ZMW","2021M2","119.8"
"Roller Mealie Meal","Zambia","ZMW","2021M3","116.8"
"Roller Mealie Meal","Zambia","ZMW","2021M4","115.1"
"Roller Mealie Meal","Zambia","ZMW","2021M5","113.76"
"Roller Mealie Meal","Zambia","ZMW","2021M6","112.35"
"Roller Mealie Meal","Zambia","ZMW","2021M7","110.9"
"Roller Mealie Meal","Zambia","ZMW","2021M8","111.45"
"Roller Mealie Meal","Zambia","ZMW","2021M9","107.14"
"Roller Mealie Meal","Zambia","ZMW","2021M10","106.02"
"Roller Mealie Meal","Zambia","ZMW","2021M11","103.68"
"Roller Mealie Meal","Zambia","ZMW","2021M12","103.94"
"Roller Mealie Meal","Zambia","ZMW","2022M1","118.71"
"Roller Mealie Meal","Zambia","ZMW","2022M2","126.57"
"Roller Mealie Meal","Zambia","ZMW","2022M3","130.47"
"Roller Mealie Meal","Zambia","ZMW","2022M4","133.89"
"Roller Mealie Meal","Zambia","ZMW","2022M5","134.3"
"Roller Mealie Meal","Zambia","ZMW","2022M6","135.42"
"Roller Mealie Meal","Zambia","ZMW","2022M7","134.47"
"Roller Mealie Meal","Zambia","ZMW","2022M8","135.09"
"Roller Mealie Meal","Zambia","ZMW","2022M9","134.21"
"Roller Mealie Meal","Zambia","ZMW","2022M10","134.75"
"Roller Mealie Meal","Zambia","ZMW","2022M11","137.06"
"Roller Mealie Meal","Zambia","ZMW","2022M12","138.85"
"Roller Mealie Meal","Zambia","ZMW","2023M1","148.19"
"Roller Mealie Meal","Zambia","ZMW","2023M2","162.78"
"Roller Mealie Meal","Zambia","ZMW","2023M3","160.21"
"Roller Mealie Meal","Zambia","ZMW","2023M4","166.82"
"Roller Mealie Meal","Zambia","ZMW","2023M5","163.66"
"Roller Mealie Meal","Zambia","ZMW","2023M6","165.59"
"Roller Mealie Meal","Zambia","ZMW","2023M7","184.8"
"Roller Mealie Meal","Zambia","ZMW","2023M8","204.35"
"Roller Mealie Meal","Zambia","ZMW","2023M9","224.84"
"Roller Mealie Meal","Zambia","ZMW","2023M10","238.29"
"Roller Mealie Meal","Zambia","ZMW","2023M11","240.14"
"Roller Mealie Meal","Zambia","ZMW","2023M12","239.53"
"Roller Mealie Meal","Zambia","ZMW","2024M1","244.44"
"Roller Mealie Meal","Zambia","ZMW","2024M2","263.44"
"Roller Mealie Meal","Zambia","ZMW","2024M3","273.91"
"Roller Mealie Meal","Zambia","ZMW","2024M4","278.97"
"Roller Mealie Meal","Zambia","ZMW","2024M5","281.47"
"Roller Mealie Meal","Zambia","ZMW","2024M6","284.35"
"Roller Mealie Meal","Zambia","ZMW","2024M7","289.82"
"Roller Mealie Meal","Zambia","ZMW","2024M8","290.98"
"Roller Mealie Meal","Zambia","ZMW","2024M9","291.49"
"Roller Mealie Meal","Zambia","ZMW","2024M10","293.22"
"Roller Mealie Meal","Zambia","ZMW","2024M11","291.84"
"Roller Mealie Meal","Zambia","ZMW","2024M12","293.47"
"Roller Mealie Meal","Zambia","ZMW","2025M1","306.52"
"Roller Mealie Meal","Zambia","ZMW","2025M2","307.06"
"Roller Mealie Meal","Zambia","ZMW","2025M3","306.36"
"Roller Mealie Meal","Zambia","ZMW","2025M4","294.19"
"Roller Mealie Meal","Zambia","ZMW","2025M5","285.24"
"Roller Mealie Meal","Zambia","ZMW","2025M6","259.04"
"Roller Mealie Meal","Zambia","ZMW","2025M7","222.02"
"Roller Mealie Meal","Zambia","ZMW","2025M8","202.74"
"Roller Mealie Meal","Zambia","ZMW","2025M9","203.52"
"Roller Mealie Meal","Zambia","ZMW","2025M10","206.36"
"Roller Mealie Meal","Zambia","ZMW","2025M11","216.08"
"Roller Mealie Meal","Zambia","ZMW","2025M12","225.97"
"Maize Grain","Zambia","ZMW","2010M1","24.44832"
"Maize Grain","Zambia","ZMW","2010M2","25.30452"
"Maize Grain","Zambia","ZMW","2010M3","25.92205"
"Maize Grain","Zambia","ZMW","2010M4","22.00993"
"Maize Grain","Zambia","ZMW","2010M5","18.79577"
"Maize Grain","Zambia","ZMW","2010M6","18.22153"
"Maize Grain","Zambia","ZMW","2010M7","16.94709"
"Maize Grain","Zambia","ZMW","2010M8","17.03128"
"Maize Grain","Zambia","ZMW","2010M9","17.31039"
"Maize Grain","Zambia","ZMW","2010M10","16.93847"
"Maize Grain","Zambia","ZMW","2010M11","18.73651"
"Maize Grain","Zambia","ZMW","2010M12","20.07024"
"Maize Grain","Zambia","ZMW","2011M1","20.46589"
"Maize Grain","Zambia","ZMW","2011M2","20.20031"
"Maize Grain","Zambia","ZMW","2011M3","20.27055"
"Maize Grain","Zambia","ZMW","2011M4","19.81814"
"Maize Grain","Zambia","ZMW","2011M5","18.12415"
"Maize Grain","Zambia","ZMW","2011M6","15.97585"
"Maize Grain","Zambia","ZMW","2011M7","16.15158"
"Maize Grain","Zambia","ZMW","2011M8","16.57663"
"Maize Grain","Zambia","ZMW","2011M9","16.52564"
"Maize Grain","Zambia","ZMW","2011M10","18.2442"
"Maize Grain","Zambia","ZMW","2011M11","19.21879"
"Maize Grain","Zambia","ZMW","2011M12","18.75799"
"Maize Grain","Zambia","ZMW","2012M1","19.42838"
"Maize Grain","Zambia","ZMW","2012M2","19.30842"
"Maize Grain","Zambia","ZMW","2012M3","19.48675"
"Maize Grain","Zambia","ZMW","2012M4","18.61839"
"Maize Grain","Zambia","ZMW","2012M5","17.88811"
"Maize Grain","Zambia","ZMW","2012M6","17.32601"
"Maize Grain","Zambia","ZMW","2012M7","17.90582"
"Maize Grain","Zambia","ZMW","2012M8","17.87787"
"Maize Grain","Zambia","ZMW","2012M9","18.11517"
"Maize Grain","Zambia","ZMW","2012M10","19.1823"
"Maize Grain","Zambia","ZMW","2012M11","20.46573"
"Maize Grain","Zambia","ZMW","2012M12","22.38271"
"Maize Grain","Zambia","ZMW","2013M1","24.39051"
"Maize Grain","Zambia","ZMW","2013M2","25.81344"
"Maize Grain","Zambia","ZMW","2013M3","27.09918"
"Maize Grain","Zambia","ZMW","2013M4","27.02387"
"Maize Grain","Zambia","ZMW","2013M5","25.14966"
"Maize Grain","Zambia","ZMW","2013M6","22.64"
"Maize Grain","Zambia","ZMW","2013M7","23.8"
"Maize Grain","Zambia","ZMW","2013M8","25.57"
"Maize Grain","Zambia","ZMW","2013M9","25.42"
"Maize Grain","Zambia","ZMW","2013M10","26.81"
"Maize Grain","Zambia","ZMW","2013M11","28.13"
"Maize Grain","Zambia","ZMW","2013M12","30.21"
"Maize Grain","Zambia","ZMW","2014M1","31.31"
"Maize Grain","Zambia","ZMW","2014M2","32.93"
"Maize Grain","Zambia","ZMW","2014M3","34.72"
"Maize Grain","Zambia","ZMW","2014M4","36.03"
"Maize Grain","Zambia","ZMW","2014M5","30.36"
"Maize Grain","Zambia","ZMW","2014M6","25.99"
"Maize Grain","Zambia","ZMW","2014M7","24.22"
"Maize Grain","Zambia","ZMW","2014M8","25.21"
"Maize Grain","Zambia","ZMW","2014M9","26.8"
"Maize Grain","Zambia","ZMW","2014M10","25.88"
"Maize Grain","Zambia","ZMW","2014M11","26.38"
"Maize Grain","Zambia","ZMW","2014M12","29.24"
"Maize Grain","Zambia","ZMW","2015M1","30.28"
"Maize Grain","Zambia","ZMW","2015M2","31.19"
"Maize Grain","Zambia","ZMW","2015M3","33.08"
"Maize Grain","Zambia","ZMW","2015M4","33.5"
"Maize Grain","Zambia","ZMW","2015M5","29.85"
"Maize Grain","Zambia","ZMW","2015M6","28.27"
"Maize Grain","Zambia","ZMW","2015M7","26.99"
"Maize Grain","Zambia","ZMW","2015M8","26.98"
"Maize Grain","Zambia","ZMW","2015M9","27.18"
"Maize Grain","Zambia","ZMW","2015M10","30.79"
"Maize Grain","Zambia","ZMW","2015M11","34.84"
"Maize Grain","Zambia","ZMW","2015M12","39.34"
"Maize Grain","Zambia","ZMW","2016M1","41.19"
"Maize Grain","Zambia","ZMW","2016M2","42.87"
"Maize Grain","Zambia","ZMW","2016M3","46.55"
"Maize Grain","Zambia","ZMW","2016M4","45.35"
"Maize Grain","Zambia","ZMW","2016M5","35.84"
"Maize Grain","Zambia","ZMW","2016M6","32.75"
"Maize Grain","Zambia","ZMW","2016M7","34.4"
"Maize Grain","Zambia","ZMW","2016M8","34.99"
"Maize Grain","Zambia","ZMW","2016M9","37.91"
"Maize Grain","Zambia","ZMW","2016M10","39.93"
"Maize Grain","Zambia","ZMW","2016M11","41.88"
"Maize Grain","Zambia","ZMW","2016M12","46.03"
"Maize Grain","Zambia","ZMW","2017M1","46.46"
"Maize Grain","Zambia","ZMW","2017M2","49.76"
"Maize Grain","Zambia","ZMW","2017M3","53.03"
"Maize Grain","Zambia","ZMW","2017M4","51.12"
"Maize Grain","Zambia","ZMW","2017M5","42.82"
"Maize Grain","Zambia","ZMW","2017M6","36.41"
"Maize Grain","Zambia","ZMW","2017M7","33.97"
"Maize Grain","Zambia","ZMW","2017M8","31.07"
"Maize Grain","Zambia","ZMW","2017M9","29.1"
"Maize Grain","Zambia","ZMW","2017M10","28.31"
"Maize Grain","Zambia","ZMW","2017M11","29"
"Maize Grain","Zambia","ZMW","2017M12","28.18"
"Maize Grain","Zambia","ZMW","2018M1","29.31"
"Maize Grain","Zambia","ZMW","2018M2","28.26"
"Maize Grain","Zambia","ZMW","2018M3","29.25"
"Maize Grain","Zambia","ZMW","2018M4","29.02"
"Maize Grain","Zambia","ZMW","2018M5","30.74"
"Maize Grain","Zambia","ZMW","2018M6","30.37"
"Maize Grain","Zambia","ZMW","2018M7","29.82"
"Maize Grain","Zambia","ZMW","2018M8","30.54"
"Maize Grain","Zambia","ZMW","2018M9","31.93"
"Maize Grain","Zambia","ZMW","2018M10","34.17"
"Maize Grain","Zambia","ZMW","2018M11","36.86"
"Maize Grain","Zambia","ZMW","2018M12","38.51"
"Maize Grain","Zambia","ZMW","2019M1","41.87"
"Maize Grain","Zambia","ZMW","2019M2","42.99"
"Maize Grain","Zambia","ZMW","2019M3","46.5"
"Maize Grain","Zambia","ZMW","2019M4","51.32"
"Maize Grain","Zambia","ZMW","2019M5","48.09"
"Maize Grain","Zambia","ZMW","2019M6","44.87"
"Maize Grain","Zambia","ZMW","2019M7","45.88"
"Maize Grain","Zambia","ZMW","2019M8","50.96"
"Maize Grain","Zambia","ZMW","2019M9","57.55"
"Maize Grain","Zambia","ZMW","2019M10","60.56"
"Maize Grain","Zambia","ZMW","2019M11","69.9"
"Maize Grain","Zambia","ZMW","2019M12","79.02"
"Maize Grain","Zambia","ZMW","2020M1","82.65"
"Maize Grain","Zambia","ZMW","2020M2","86.98"
"Maize Grain","Zambia","ZMW","2020M3","89.21"
"Maize Grain","Zambia","ZMW","2020M4","82.27"
"Maize Grain","Zambia","ZMW","2020M5","58.22"
"Maize Grain","Zambia","ZMW","2020M6","53.49"
"Maize Grain","Zambia","ZMW","2020M7","50.88"
"Maize Grain","Zambia","ZMW","2020M8","51.95"
"Maize Grain","Zambia","ZMW","2020M9","52.34"
"Maize Grain","Zambia","ZMW","2020M10","56.74"
"Maize Grain","Zambia","ZMW","2020M11","59.94"
"Maize Grain","Zambia","ZMW","2020M12","64.28"
"Maize Grain","Zambia","ZMW","2021M1","67.66"
"Maize Grain","Zambia","ZMW","2021M2","69.23"
"Maize Grain","Zambia","ZMW","2021M3","66.76"
"Maize Grain","Zambia","ZMW","2021M4","65.9"
"Maize Grain","Zambia","ZMW","2021M5","62.16"
"Maize Grain","Zambia","ZMW","2021M6","58.56"
"Maize Grain","Zambia","ZMW","2021M7","58.38"
"Maize Grain","Zambia","ZMW","2021M8","59.81"
"Maize Grain","Zambia","ZMW","2021M9","60.92"
"Maize Grain","Zambia","ZMW","2021M10","57.6"
"Maize Grain","Zambia","ZMW","2021M11","58.5"
"Maize Grain","Zambia","ZMW","2021M12","59.21"
"Maize Grain","Zambia","ZMW","2022M1","67.44"
"Maize Grain","Zambia","ZMW","2022M2","73.55"
"Maize Grain","Zambia","ZMW","2022M3","76.86"
"Maize Grain","Zambia","ZMW","2022M4","80.41"
"Maize Grain","Zambia","ZMW","2022M5","79.84"
"Maize Grain","Zambia","ZMW","2022M6","71.3"
"Maize Grain","Zambia","ZMW","2022M7","68.97"
"Maize Grain","Zambia","ZMW","2022M8","72.84"
"Maize Grain","Zambia","ZMW","2022M9","71.98"
"Maize Grain","Zambia","ZMW","2022M10","75.24"
"Maize Grain","Zambia","ZMW","2022M11","79.81"
"Maize Grain","Zambia","ZMW","2022M12","87.75"
"Maize Grain","Zambia","ZMW","2023M1","93.44"
"Maize Grain","Zambia","ZMW","2023M2","97.78"
"Maize Grain","Zambia","ZMW","2023M3","108.6"
"Maize Grain","Zambia","ZMW","2023M4","109.84"
"Maize Grain","Zambia","ZMW","2023M5","101.16"
"Maize Grain","Zambia","ZMW","2023M6","99.1"
"Maize Grain","Zambia","ZMW","2023M7","105.15"
"Maize Grain","Zambia","ZMW","2023M8","108.66"
"Maize Grain","Zambia","ZMW","2023M9","120.28"
"Maize Grain","Zambia","ZMW","2023M10","134.83"
"Maize Grain","Zambia","ZMW","2023M11","138.13"
"Maize Grain","Zambia","ZMW","2023M12","145.99"
"Maize Grain","Zambia","ZMW","2024M1","159.84"
"Maize Grain","Zambia","ZMW","2024M2","172.82"
"Maize Grain","Zambia","ZMW","2024M3","186.15"
"Maize Grain","Zambia","ZMW","2024M4","180.98"
"Maize Grain","Zambia","ZMW","2024M5","179.16"
"Maize Grain","Zambia","ZMW","2024M6","171.56"
"Maize Grain","Zambia","ZMW","2024M7","176.2"
"Maize Grain","Zambia","ZMW","2024M8","168.86"
"Maize Grain","Zambia","ZMW","2024M9","168.31"
"Maize Grain","Zambia","ZMW","2024M10","170.94"
"Maize Grain","Zambia","ZMW","2024M11","174.33"
"Maize Grain","Zambia","ZMW","2024M12","185.45"
"Maize Grain","Zambia","ZMW","2025M1","191.91"
"Maize Grain","Zambia","ZMW","2025M2","228.76"
"Maize Grain","Zambia","ZMW","2025M3","211.29"
"Maize Grain","Zambia","ZMW","2025M4","182.93"
"Maize Grain","Zambia","ZMW","2025M5","142.1"
"Maize Grain","Zambia","ZMW","2025M6","119.25"
"Maize Grain","Zambia","ZMW","2025M7","113.86"
"Maize Grain","Zambia","ZMW","2025M8","111.59"
"Maize Grain","Zambia","ZMW","2025M9","119.66"
"Maize Grain","Zambia","ZMW","2025M10","121.38"
"Maize Grain","Zambia","ZMW","2025M11","129.66"
"Maize Grain","Zambia","ZMW","2025M12","138.85"
"Tomatoes","Zambia","ZMW","2010M1","3.43506"
"Tomatoes","Zambia","ZMW","2010M2","4.22373"
"Tomatoes","Zambia","ZMW","2010M3","4.62681"
"Tomatoes","Zambia","ZMW","2010M4","4.07438"
"Tomatoes","Zambia","ZMW","2010M5","3.55619"
"Tomatoes","Zambia","ZMW","2010M6","3.55548"
"Tomatoes","Zambia","ZMW","2010M7","3.54591"
"Tomatoes","Zambia","ZMW","2010M8","3.20575"
"Tomatoes","Zambia","ZMW","2010M9","3.2476"
"Tomatoes","Zambia","ZMW","2010M10","3.08141"
"Tomatoes","Zambia","ZMW","2010M11","3.47086"
"Tomatoes","Zambia","ZMW","2010M12","3.64156"
"Tomatoes","Zambia","ZMW","2011M1","3.94476"
"Tomatoes","Zambia","ZMW","2011M2","3.9643"
"Tomatoes","Zambia","ZMW","2011M3","3.1742"
"Tomatoes","Zambia","ZMW","2011M4","2.95788"
"Tomatoes","Zambia","ZMW","2011M5","3.22245"
"Tomatoes","Zambia","ZMW","2011M6","4.28606"
"Tomatoes","Zambia","ZMW","2011M7","4.48764"
"Tomatoes","Zambia","ZMW","2011M8","4.41019"
"Tomatoes","Zambia","ZMW","2011M9","4.4615"
"Tomatoes","Zambia","ZMW","2011M10","4.37147"
"Tomatoes","Zambia","ZMW","2011M11","4.26536"
"Tomatoes","Zambia","ZMW","2011M12","3.96453"
"Tomatoes","Zambia","ZMW","2012M1","4.41654"
"Tomatoes","Zambia","ZMW","2012M2","4.58623"
"Tomatoes","Zambia","ZMW","2012M3","5.15289"
"Tomatoes","Zambia","ZMW","2012M4","5.3627"
"Tomatoes","Zambia","ZMW","2012M5","4.93294"
"Tomatoes","Zambia","ZMW","2012M6","4.33532"
"Tomatoes","Zambia","ZMW","2012M7","3.68268"
"Tomatoes","Zambia","ZMW","2012M8","3.88487"
"Tomatoes","Zambia","ZMW","2012M9","3.42613"
"Tomatoes","Zambia","ZMW","2012M10","3.54948"
"Tomatoes","Zambia","ZMW","2012M11","4.07999"
"Tomatoes","Zambia","ZMW","2012M12","5.02309"
"Tomatoes","Zambia","ZMW","2013M1","5.50499"
"Tomatoes","Zambia","ZMW","2013M2","4.89003"
"Tomatoes","Zambia","ZMW","2013M3","4.49805"
"Tomatoes","Zambia","ZMW","2013M4","3.54277"
"Tomatoes","Zambia","ZMW","2013M5","4.11311"
"Tomatoes","Zambia","ZMW","2013M6","5.14"
"Tomatoes","Zambia","ZMW","2013M7","5.02"
"Tomatoes","Zambia","ZMW","2013M8","4.86"
"Tomatoes","Zambia","ZMW","2013M9","4.22"
"Tomatoes","Zambia","ZMW","2013M10","4.08"
"Tomatoes","Zambia","ZMW","2013M11","3.92"
"Tomatoes","Zambia","ZMW","2013M12","4.65"
"Tomatoes","Zambia","ZMW","2014M1","4.9"
"Tomatoes","Zambia","ZMW","2014M2","5.39"
"Tomatoes","Zambia","ZMW","2014M3","6.57"
"Tomatoes","Zambia","ZMW","2014M4","5.73"
"Tomatoes","Zambia","ZMW","2014M5","5.24"
"Tomatoes","Zambia","ZMW","2014M6","5.11"
"Tomatoes","Zambia","ZMW","2014M7","5.15"
"Tomatoes","Zambia","ZMW","2014M8","4.71"
"Tomatoes","Zambia","ZMW","2014M9","4.61"
"Tomatoes","Zambia","ZMW","2014M10","4.69"
"Tomatoes","Zambia","ZMW","2014M11","4.97"
"Tomatoes","Zambia","ZMW","2014M12","5.64"
"Tomatoes","Zambia","ZMW","2015M1","6.34"
"Tomatoes","Zambia","ZMW","2015M2","6.32"
"Tomatoes","Zambia","ZMW","2015M3","5.63"
"Tomatoes","Zambia","ZMW","2015M4","4.86"
"Tomatoes","Zambia","ZMW","2015M5","5.72"
"Tomatoes","Zambia","ZMW","2015M6","5.82"
"Tomatoes","Zambia","ZMW","2015M7","5.79"
"Tomatoes","Zambia","ZMW","2015M8","5.33"
"Tomatoes","Zambia","ZMW","2015M9","5.11"
"Tomatoes","Zambia","ZMW","2015M10","5.06"
"Tomatoes","Zambia","ZMW","2015M11","5.73"
"Tomatoes","Zambia","ZMW","2015M12","6.14"
"Tomatoes","Zambia","ZMW","2016M1","6.45"
"Tomatoes","Zambia","ZMW","2016M2","8.56"
"Tomatoes","Zambia","ZMW","2016M3","9.93"
"Tomatoes","Zambia","ZMW","2016M4","10.42"
"Tomatoes","Zambia","ZMW","2016M5","9.64"
"Tomatoes","Zambia","ZMW","2016M6","9.69"
"Tomatoes","Zambia","ZMW","2016M7","8.11"
"Tomatoes","Zambia","ZMW","2016M8","6.63"
"Tomatoes","Zambia","ZMW","2016M9","6.66"
"Tomatoes","Zambia","ZMW","2016M10","8.05"
"Tomatoes","Zambia","ZMW","2016M11","8.57"
"Tomatoes","Zambia","ZMW","2016M12","9.1"
"Tomatoes","Zambia","ZMW","2017M1","9.32"
"Tomatoes","Zambia","ZMW","2017M2","8.25"
"Tomatoes","Zambia","ZMW","2017M3","7.36"
"Tomatoes","Zambia","ZMW","2017M4","6.17"
"Tomatoes","Zambia","ZMW","2017M5","6.4"
"Tomatoes","Zambia","ZMW","2017M6","6.78"
"Tomatoes","Zambia","ZMW","2017M7","7.27"
"Tomatoes","Zambia","ZMW","2017M8","7.02"
"Tomatoes","Zambia","ZMW","2017M9","7.03"
"Tomatoes","Zambia","ZMW","2017M10","6.94"
"Tomatoes","Zambia","ZMW","2017M11","6.93"
"Tomatoes","Zambia","ZMW","2017M12","6.53"
"Tomatoes","Zambia","ZMW","2018M1","6.54"
"Tomatoes","Zambia","ZMW","2018M2","6.84"
"Tomatoes","Zambia","ZMW","2018M3","10.5"
"Tomatoes","Zambia","ZMW","2018M4","11.76"
"Tomatoes","Zambia","ZMW","2018M5","12.68"
"Tomatoes","Zambia","ZMW","2018M6","9.07"
"Tomatoes","Zambia","ZMW","2018M7","6.33"
"Tomatoes","Zambia","ZMW","2018M8","5.69"
"Tomatoes","Zambia","ZMW","2018M9","4.88"
"Tomatoes","Zambia","ZMW","2018M10","5.86"
"Tomatoes","Zambia","ZMW","2018M11","7.12"
"Tomatoes","Zambia","ZMW","2018M12","7.52"
"Tomatoes","Zambia","ZMW","2019M1","7.68"
"Tomatoes","Zambia","ZMW","2019M2","7.33"
"Tomatoes","Zambia","ZMW","2019M3","6.76"
"Tomatoes","Zambia","ZMW","2019M4","6.92"
"Tomatoes","Zambia","ZMW","2019M5","9.09"
"Tomatoes","Zambia","ZMW","2019M6","9.33"
"Tomatoes","Zambia","ZMW","2019M7","9.94"
"Tomatoes","Zambia","ZMW","2019M8","8.56"
"Tomatoes","Zambia","ZMW","2019M9","7.55"
"Tomatoes","Zambia","ZMW","2019M10","7.32"
"Tomatoes","Zambia","ZMW","2019M11","6.21"
"Tomatoes","Zambia","ZMW","2019M12","7.14"
"Tomatoes","Zambia","ZMW","2020M1","8.46"
"Tomatoes","Zambia","ZMW","2020M2","8.79"
"Tomatoes","Zambia","ZMW","2020M3","8.68"
"Tomatoes","Zambia","ZMW","2020M4","8.46"
"Tomatoes","Zambia","ZMW","2020M5","8.9"
"Tomatoes","Zambia","ZMW","2020M6","8.83"
"Tomatoes","Zambia","ZMW","2020M7","8.23"
"Tomatoes","Zambia","ZMW","2020M8","7.96"
"Tomatoes","Zambia","ZMW","2020M9","8.32"
"Tomatoes","Zambia","ZMW","2020M10","8.31"
"Tomatoes","Zambia","ZMW","2020M11","8.82"
"Tomatoes","Zambia","ZMW","2020M12","8.68"
"Tomatoes","Zambia","ZMW","2021M1","10.25"
"Tomatoes","Zambia","ZMW","2021M2","11.44"
"Tomatoes","Zambia","ZMW","2021M3","11.76"
"Tomatoes","Zambia","ZMW","2021M4","11.23"
"Tomatoes","Zambia","ZMW","2021M5","11.21"
"Tomatoes","Zambia","ZMW","2021M6","12.86"
"Tomatoes","Zambia","ZMW","2021M7","10.57"
"Tomatoes","Zambia","ZMW","2021M8","9.99"
"Tomatoes","Zambia","ZMW","2021M9","10.12"
"Tomatoes","Zambia","ZMW","2021M10","10.08"
"Tomatoes","Zambia","ZMW","2021M11","9.8"
"Tomatoes","Zambia","ZMW","2021M12","9.81"
"Tomatoes","Zambia","ZMW","2022M1","9.61"
"Tomatoes","Zambia","ZMW","2022M2","10.74"
"Tomatoes","Zambia","ZMW","2022M3","10.52"
"Tomatoes","Zambia","ZMW","2022M4","10.6"
"Tomatoes","Zambia","ZMW","2022M5","10.29"
"Tomatoes","Zambia","ZMW","2022M6","10.26"
"Tomatoes","Zambia","ZMW","2022M7","9.58"
"Tomatoes","Zambia","ZMW","2022M8","8.98"
"Tomatoes","Zambia","ZMW","2022M9","8.7"
"Tomatoes","Zambia","ZMW","2022M10","8.88"
"Tomatoes","Zambia","ZMW","2022M11","8.86"
"Tomatoes","Zambia","ZMW","2022M12","9.48"
"Tomatoes","Zambia","ZMW","2023M1","9.95"
"Tomatoes","Zambia","ZMW","2023M2","10.97"
"Tomatoes","Zambia","ZMW","2023M3","10.89"
"Tomatoes","Zambia","ZMW","2023M4","11.86"
"Tomatoes","Zambia","ZMW","2023M5","14.12"
"Tomatoes","Zambia","ZMW","2023M6","13.07"
"Tomatoes","Zambia","ZMW","2023M7","12.36"
"Tomatoes","Zambia","ZMW","2023M8","11.06"
"Tomatoes","Zambia","ZMW","2023M9","10.43"
"Tomatoes","Zambia","ZMW","2023M10","9.82"
"Tomatoes","Zambia","ZMW","2023M11","10.11"
"Tomatoes","Zambia","ZMW","2023M12","10.06"
"Tomatoes","Zambia","ZMW","2024M1","10.21"
"Tomatoes","Zambia","ZMW","2024M2","11.84"
"Tomatoes","Zambia","ZMW","2024M3","11.91"
"Tomatoes","Zambia","ZMW","2024M4","13.37"
"Tomatoes","Zambia","ZMW","2024M5","15.97"
"Tomatoes","Zambia","ZMW","2024M6","15.42"
"Tomatoes","Zambia","ZMW","2024M7","15.24"
"Tomatoes","Zambia","ZMW","2024M8","13.55"
"Tomatoes","Zambia","ZMW","2024M9","13.02"
"Tomatoes","Zambia","ZMW","2024M10","12.06"
"Tomatoes","Zambia","ZMW","2024M11","13.32"
"Tomatoes","Zambia","ZMW","2024M12","13"
"Tomatoes","Zambia","ZMW","2025M1","13.28"
"Tomatoes","Zambia","ZMW","2025M2","14.8"
"Tomatoes","Zambia","ZMW","2025M3","16.41"
"Tomatoes","Zambia","ZMW","2025M4","14.89"
"Tomatoes","Zambia","ZMW","2025M5","15.26"
"Tomatoes","Zambia","ZMW","2025M6","17.58"
"Tomatoes","Zambia","ZMW","2025M7","19.34"
"Tomatoes","Zambia","ZMW","2025M8","19.1"
"Tomatoes","Zambia","ZMW","2025M9","18.22"
"Tomatoes","Zambia","ZMW","2025M10","17.29"
"Tomatoes","Zambia","ZMW","2025M11","15.97"
"Tomatoes","Zambia","ZMW","2025M12","17.89"
"Rape Vegetable","Zambia","ZMW","2010M1","2.56142"
"Rape Vegetable","Zambia","ZMW","2010M2","2.59438"
"Rape Vegetable","Zambia","ZMW","2010M3","2.7749"
"Rape Vegetable","Zambia","ZMW","2010M4","2.66986"
"Rape Vegetable","Zambia","ZMW","2010M5","2.73121"
"Rape Vegetable","Zambia","ZMW","2010M6","2.76073"
"Rape Vegetable","Zambia","ZMW","2010M7","2.59397"
"Rape Vegetable","Zambia","ZMW","2010M8","2.2944"
"Rape Vegetable","Zambia","ZMW","2010M9","2.18388"
"Rape Vegetable","Zambia","ZMW","2010M10","2.35299"
"Rape Vegetable","Zambia","ZMW","2010M11","2.45276"
"Rape Vegetable","Zambia","ZMW","2010M12","2.74694"
"Rape Vegetable","Zambia","ZMW","2011M1","2.96784"
"Rape Vegetable","Zambia","ZMW","2011M2","2.94315"
"Rape Vegetable","Zambia","ZMW","2011M3","2.76801"
"Rape Vegetable","Zambia","ZMW","2011M4","2.86896"
"Rape Vegetable","Zambia","ZMW","2011M5","2.73241"
"Rape Vegetable","Zambia","ZMW","2011M6","2.61812"
"Rape Vegetable","Zambia","ZMW","2011M7","2.76094"
"Rape Vegetable","Zambia","ZMW","2011M8","2.67926"
"Rape Vegetable","Zambia","ZMW","2011M9","2.68417"
"Rape Vegetable","Zambia","ZMW","2011M10","2.69544"
"Rape Vegetable","Zambia","ZMW","2011M11","2.78011"
"Rape Vegetable","Zambia","ZMW","2011M12","2.9323"
"Rape Vegetable","Zambia","ZMW","2012M1","3.50277"
"Rape Vegetable","Zambia","ZMW","2012M2","3.34961"
"Rape Vegetable","Zambia","ZMW","2012M3","3.40355"
"Rape Vegetable","Zambia","ZMW","2012M4","3.26099"
"Rape Vegetable","Zambia","ZMW","2012M5","3.226"
"Rape Vegetable","Zambia","ZMW","2012M6","2.99629"
"Rape Vegetable","Zambia","ZMW","2012M7","2.76768"
"Rape Vegetable","Zambia","ZMW","2012M8","2.84743"
"Rape Vegetable","Zambia","ZMW","2012M9","2.39921"
"Rape Vegetable","Zambia","ZMW","2012M10","2.65765"
"Rape Vegetable","Zambia","ZMW","2012M11","2.70932"
"Rape Vegetable","Zambia","ZMW","2012M12","3.49897"
"Rape Vegetable","Zambia","ZMW","2013M1","3.36051"
"Rape Vegetable","Zambia","ZMW","2013M2","3.56274"
"Rape Vegetable","Zambia","ZMW","2013M3","3.2752"
"Rape Vegetable","Zambia","ZMW","2013M4","3.68688"
"Rape Vegetable","Zambia","ZMW","2013M5","3.70614"
"Rape Vegetable","Zambia","ZMW","2013M6","3.34"
"Rape Vegetable","Zambia","ZMW","2013M7","3.19"
"Rape Vegetable","Zambia","ZMW","2013M8","2.94"
"Rape Vegetable","Zambia","ZMW","2013M9","2.96"
"Rape Vegetable","Zambia","ZMW","2013M10","2.99"
"Rape Vegetable","Zambia","ZMW","2013M11","3.18"
"Rape Vegetable","Zambia","ZMW","2013M12","3.63"
"Rape Vegetable","Zambia","ZMW","2014M1","3.9"
"Rape Vegetable","Zambia","ZMW","2014M2","3.52"
"Rape Vegetable","Zambia","ZMW","2014M3","3.47"
"Rape Vegetable","Zambia","ZMW","2014M4","3.87"
"Rape Vegetable","Zambia","ZMW","2014M5","3.64"
"Rape Vegetable","Zambia","ZMW","2014M6","3.55"
"Rape Vegetable","Zambia","ZMW","2014M7","3.61"
"Rape Vegetable","Zambia","ZMW","2014M8","3.58"
"Rape Vegetable","Zambia","ZMW","2014M9","3.3"
"Rape Vegetable","Zambia","ZMW","2014M10","3.37"
"Rape Vegetable","Zambia","ZMW","2014M11","3.68"
"Rape Vegetable","Zambia","ZMW","2014M12","4.1"
"Rape Vegetable","Zambia","ZMW","2015M1","4.58"
"Rape Vegetable","Zambia","ZMW","2015M2","4.44"
"Rape Vegetable","Zambia","ZMW","2015M3","4.23"
"Rape Vegetable","Zambia","ZMW","2015M4","4.59"
"Rape Vegetable","Zambia","ZMW","2015M5","4.57"
"Rape Vegetable","Zambia","ZMW","2015M6","3.98"
"Rape Vegetable","Zambia","ZMW","2015M7","4.06"
"Rape Vegetable","Zambia","ZMW","2015M8","3.95"
"Rape Vegetable","Zambia","ZMW","2015M9","3.68"
"Rape Vegetable","Zambia","ZMW","2015M10","3.94"
"Rape Vegetable","Zambia","ZMW","2015M11","4.59"
"Rape Vegetable","Zambia","ZMW","2015M12","5.18"
"Rape Vegetable","Zambia","ZMW","2016M1","5.53"
"Rape Vegetable","Zambia","ZMW","2016M2","5.68"
"Rape Vegetable","Zambia","ZMW","2016M3","6.14"
"Rape Vegetable","Zambia","ZMW","2016M4","6.37"
"Rape Vegetable","Zambia","ZMW","2016M5","5.91"
"Rape Vegetable","Zambia","ZMW","2016M6","5.31"
"Rape Vegetable","Zambia","ZMW","2016M7","4.91"
"Rape Vegetable","Zambia","ZMW","2016M8","4.18"
"Rape Vegetable","Zambia","ZMW","2016M9","4.09"
"Rape Vegetable","Zambia","ZMW","2016M10","4.77"
"Rape Vegetable","Zambia","ZMW","2016M11","4.85"
"Rape Vegetable","Zambia","ZMW","2016M12","5.26"
"Rape Vegetable","Zambia","ZMW","2017M1","5.3"
"Rape Vegetable","Zambia","ZMW","2017M2","5.41"
"Rape Vegetable","Zambia","ZMW","2017M3","5.32"
"Rape Vegetable","Zambia","ZMW","2017M4","5.24"
"Rape Vegetable","Zambia","ZMW","2017M5","4.99"
"Rape Vegetable","Zambia","ZMW","2017M6","4.57"
"Rape Vegetable","Zambia","ZMW","2017M7","4.45"
"Rape Vegetable","Zambia","ZMW","2017M8","4.52"
"Rape Vegetable","Zambia","ZMW","2017M9","4.37"
"Rape Vegetable","Zambia","ZMW","2017M10","4.42"
"Rape Vegetable","Zambia","ZMW","2017M11","4.62"
"Rape Vegetable","Zambia","ZMW","2017M12","5.02"
"Rape Vegetable","Zambia","ZMW","2018M1","5.31"
"Rape Vegetable","Zambia","ZMW","2018M2","5.58"
"Rape Vegetable","Zambia","ZMW","2018M3","5.77"
"Rape Vegetable","Zambia","ZMW","2018M4","6.03"
"Rape Vegetable","Zambia","ZMW","2018M5","5.62"
"Rape Vegetable","Zambia","ZMW","2018M6","5.09"
"Rape Vegetable","Zambia","ZMW","2018M7","4.52"
"Rape Vegetable","Zambia","ZMW","2018M8","4.55"
"Rape Vegetable","Zambia","ZMW","2018M9","4.01"
"Rape Vegetable","Zambia","ZMW","2018M10","4.39"
"Rape Vegetable","Zambia","ZMW","2018M11","4.95"
"Rape Vegetable","Zambia","ZMW","2018M12","5.39"
"Rape Vegetable","Zambia","ZMW","2019M1","5.05"
"Rape Vegetable","Zambia","ZMW","2019M2","5.19"
"Rape Vegetable","Zambia","ZMW","2019M3","5.76"
"Rape Vegetable","Zambia","ZMW","2019M4","5.94"
"Rape Vegetable","Zambia","ZMW","2019M5","6.13"
"Rape Vegetable","Zambia","ZMW","2019M6","5.28"
"Rape Vegetable","Zambia","ZMW","2019M7","4.8"
"Rape Vegetable","Zambia","ZMW","2019M8","4.51"
"Rape Vegetable","Zambia","ZMW","2019M9","4.25"
"Rape Vegetable","Zambia","ZMW","2019M10","4.69"
"Rape Vegetable","Zambia","ZMW","2019M11","4.96"
"Rape Vegetable","Zambia","ZMW","2019M12","5.61"
"Rape Vegetable","Zambia","ZMW","2020M1","6"
"Rape Vegetable","Zambia","ZMW","2020M2","5.77"
"Rape Vegetable","Zambia","ZMW","2020M3","5.99"
"Rape Vegetable","Zambia","ZMW","2020M4","6.37"
"Rape Vegetable","Zambia","ZMW","2020M5","6.22"
"Rape Vegetable","Zambia","ZMW","2020M6","5.68"
"Rape Vegetable","Zambia","ZMW","2020M7","5.43"
"Rape Vegetable","Zambia","ZMW","2020M8","5.33"
"Rape Vegetable","Zambia","ZMW","2020M9","5.12"
"Rape Vegetable","Zambia","ZMW","2020M10","5.22"
"Rape Vegetable","Zambia","ZMW","2020M11","6.08"
"Rape Vegetable","Zambia","ZMW","2020M12","6.17"
"Rape Vegetable","Zambia","ZMW","2021M1","7.29"
"Rape Vegetable","Zambia","ZMW","2021M2","6.87"
"Rape Vegetable","Zambia","ZMW","2021M3","7.28"
"Rape Vegetable","Zambia","ZMW","2021M4","6.75"
"Rape Vegetable","Zambia","ZMW","2021M5","7.19"
"Rape Vegetable","Zambia","ZMW","2021M6","7.54"
"Rape Vegetable","Zambia","ZMW","2021M7","6.36"
"Rape Vegetable","Zambia","ZMW","2021M8","6.59"
"Rape Vegetable","Zambia","ZMW","2021M9","6.53"
"Rape Vegetable","Zambia","ZMW","2021M10","6.33"
"Rape Vegetable","Zambia","ZMW","2021M11","6.63"
"Rape Vegetable","Zambia","ZMW","2021M12","7.38"
"Rape Vegetable","Zambia","ZMW","2022M1","7.7"
"Rape Vegetable","Zambia","ZMW","2022M2","7.66"
"Rape Vegetable","Zambia","ZMW","2022M3","7.61"
"Rape Vegetable","Zambia","ZMW","2022M4","7.57"
"Rape Vegetable","Zambia","ZMW","2022M5","7.42"
"Rape Vegetable","Zambia","ZMW","2022M6","7.4"
"Rape Vegetable","Zambia","ZMW","2022M7","7.28"
"Rape Vegetable","Zambia","ZMW","2022M8","6.62"
"Rape Vegetable","Zambia","ZMW","2022M9","6.56"
"Rape Vegetable","Zambia","ZMW","2022M10","7.09"
"Rape Vegetable","Zambia","ZMW","2022M11","7.36"
"Rape Vegetable","Zambia","ZMW","2022M12","7.27"
"Rape Vegetable","Zambia","ZMW","2023M1","7.42"
"Rape Vegetable","Zambia","ZMW","2023M2","7.99"
"Rape Vegetable","Zambia","ZMW","2023M3","7.79"
"Rape Vegetable","Zambia","ZMW","2023M4","7.97"
"Rape Vegetable","Zambia","ZMW","2023M5","8.88"
"Rape Vegetable","Zambia","ZMW","2023M6","7.62"
"Rape Vegetable","Zambia","ZMW","2023M7","7.88"
"Rape Vegetable","Zambia","ZMW","2023M8","7.54"
"Rape Vegetable","Zambia","ZMW","2023M9","7.17"
"Rape Vegetable","Zambia","ZMW","2023M10","6.77"
"Rape Vegetable","Zambia","ZMW","2023M11","7.34"
"Rape Vegetable","Zambia","ZMW","2023M12","7.99"
"Rape Vegetable","Zambia","ZMW","2024M1","8.18"
"Rape Vegetable","Zambia","ZMW","2024M2","9.28"
"Rape Vegetable","Zambia","ZMW","2024M3","9.87"
"Rape Vegetable","Zambia","ZMW","2024M4","9.82"
"Rape Vegetable","Zambia","ZMW","2024M5","10.7"
"Rape Vegetable","Zambia","ZMW","2024M6","10.96"
"Rape Vegetable","Zambia","ZMW","2024M7","10.69"
"Rape Vegetable","Zambia","ZMW","2024M8","10.34"
"Rape Vegetable","Zambia","ZMW","2024M9","9.59"
"Rape Vegetable","Zambia","ZMW","2024M10","9.56"
"Rape Vegetable","Zambia","ZMW","2024M11","9.22"
"Rape Vegetable","Zambia","ZMW","2024M12","10.18"
"Rape Vegetable","Zambia","ZMW","2025M1","11.17"
"Rape Vegetable","Zambia","ZMW","2025M2","12.33"
"Rape Vegetable","Zambia","ZMW","2025M3","13.25"
"Rape Vegetable","Zambia","ZMW","2025M4","13.66"
"Rape Vegetable","Zambia","ZMW","2025M5","13.9"
"Rape Vegetable","Zambia","ZMW","2025M6","14.25"
"Rape Vegetable","Zambia","ZMW","2025M7","11.44"
"Rape Vegetable","Zambia","ZMW","2025M8","10.67"
"Rape Vegetable","Zambia","ZMW","2025M9","11.01"
"Rape Vegetable","Zambia","ZMW","2025M10","11.07"
"Rape Vegetable","Zambia","ZMW","2025M11","11.64"
"Rape Vegetable","Zambia","ZMW","2025M12","12.56"
"Dried Kapenta Mpulungu","Zambia","ZMW","2010M1","55.94082"
"Dried Kapenta Mpulungu","Zambia","ZMW","2010M2","58.23816"
"Dried Kapenta Mpulungu","Zambia","ZMW","2010M3","56.64146"
"Dried Kapenta Mpulungu","Zambia","ZMW","2010M4","59.11765"
"Dried Kapenta Mpulungu","Zambia","ZMW","2010M5","56.17016"
"Dried Kapenta Mpulungu","Zambia","ZMW","2010M6","53.25888"
"Dried Kapenta Mpulungu","Zambia","ZMW","2010M7","53.21686"
"Dried Kapenta Mpulungu","Zambia","ZMW","2010M8","55.38821"
"Dried Kapenta Mpulungu","Zambia","ZMW","2010M9","51.26724"
"Dried Kapenta Mpulungu","Zambia","ZMW","2010M10","52.71695"
"Dried Kapenta Mpulungu","Zambia","ZMW","2010M11","54.01477"
"Dried Kapenta Mpulungu","Zambia","ZMW","2010M12","55.37797"
"Dried Kapenta Mpulungu","Zambia","ZMW","2011M1","53.09231"
"Dried Kapenta Mpulungu","Zambia","ZMW","2011M2","57.90573"
"Dried Kapenta Mpulungu","Zambia","ZMW","2011M3","53.37279"
"Dried Kapenta Mpulungu","Zambia","ZMW","2011M4","52.85768"
"Dried Kapenta Mpulungu","Zambia","ZMW","2011M5","56.77123"
"Dried Kapenta Mpulungu","Zambia","ZMW","2011M6","56.85368"
"Dried Kapenta Mpulungu","Zambia","ZMW","2011M7","55.50686"
"Dried Kapenta Mpulungu","Zambia","ZMW","2011M8","58.40916"
"Dried Kapenta Mpulungu","Zambia","ZMW","2011M9","60.37666"
"Dried Kapenta Mpulungu","Zambia","ZMW","2011M10","71.55409"
"Dried Kapenta Mpulungu","Zambia","ZMW","2011M11","67.80471"
"Dried Kapenta Mpulungu","Zambia","ZMW","2011M12","61.71099"
"Dried Kapenta Mpulungu","Zambia","ZMW","2012M1","62.81433"
"Dried Kapenta Mpulungu","Zambia","ZMW","2012M2","65.32893"
"Dried Kapenta Mpulungu","Zambia","ZMW","2012M3","63.33339"
"Dried Kapenta Mpulungu","Zambia","ZMW","2012M4","71.53406"
"Dried Kapenta Mpulungu","Zambia","ZMW","2012M5","75.98709"
"Dried Kapenta Mpulungu","Zambia","ZMW","2012M6","79.47492"
"Dried Kapenta Mpulungu","Zambia","ZMW","2012M7","72.34644"
"Dried Kapenta Mpulungu","Zambia","ZMW","2012M8","78.28829"
"Dried Kapenta Mpulungu","Zambia","ZMW","2012M9","72.27264"
"Dried Kapenta Mpulungu","Zambia","ZMW","2012M10","71.03636"
"Dried Kapenta Mpulungu","Zambia","ZMW","2012M11","70.25442"
"Dried Kapenta Mpulungu","Zambia","ZMW","2012M12","72.83623"
"Dried Kapenta Mpulungu","Zambia","ZMW","2013M1","73.57157"
"Dried Kapenta Mpulungu","Zambia","ZMW","2013M2","76.91622"
"Dried Kapenta Mpulungu","Zambia","ZMW","2013M3","84.09474"
"Dried Kapenta Mpulungu","Zambia","ZMW","2013M4","76.8225"
"Dried Kapenta Mpulungu","Zambia","ZMW","2013M5","79.36106"
"Dried Kapenta Mpulungu","Zambia","ZMW","2013M6","80.87"
"Dried Kapenta Mpulungu","Zambia","ZMW","2013M7","88.39"
"Dried Kapenta Mpulungu","Zambia","ZMW","2013M8","85.14"
"Dried Kapenta Mpulungu","Zambia","ZMW","2013M9","75.11"
"Dried Kapenta Mpulungu","Zambia","ZMW","2013M10","67.59"
"Dried Kapenta Mpulungu","Zambia","ZMW","2013M11","76.88"
"Dried Kapenta Mpulungu","Zambia","ZMW","2013M12","78.93"
"Dried Kapenta Mpulungu","Zambia","ZMW","2014M1","85.31"
"Dried Kapenta Mpulungu","Zambia","ZMW","2014M2","87.89"
"Dried Kapenta Mpulungu","Zambia","ZMW","2014M3","87.02"
"Dried Kapenta Mpulungu","Zambia","ZMW","2014M4","86.65"
"Dried Kapenta Mpulungu","Zambia","ZMW","2014M5","93.55"
"Dried Kapenta Mpulungu","Zambia","ZMW","2014M6","94.35"
"Dried Kapenta Mpulungu","Zambia","ZMW","2014M7","95.83"
"Dried Kapenta Mpulungu","Zambia","ZMW","2014M8","82.26"
"Dried Kapenta Mpulungu","Zambia","ZMW","2014M9","86.23"
"Dried Kapenta Mpulungu","Zambia","ZMW","2014M10","85.87"
"Dried Kapenta Mpulungu","Zambia","ZMW","2014M11","90.58"
"Dried Kapenta Mpulungu","Zambia","ZMW","2014M12","95.5"
"Dried Kapenta Mpulungu","Zambia","ZMW","2015M1","98.19"
"Dried Kapenta Mpulungu","Zambia","ZMW","2015M2","90.26"
"Dried Kapenta Mpulungu","Zambia","ZMW","2015M3","100.54"
"Dried Kapenta Mpulungu","Zambia","ZMW","2015M4","105.39"
"Dried Kapenta Mpulungu","Zambia","ZMW","2015M5","101.6"
"Dried Kapenta Mpulungu","Zambia","ZMW","2015M6","100.04"
"Dried Kapenta Mpulungu","Zambia","ZMW","2015M7","104.17"
"Dried Kapenta Mpulungu","Zambia","ZMW","2015M8","98.38"
"Dried Kapenta Mpulungu","Zambia","ZMW","2015M9","87.5"
"Dried Kapenta Mpulungu","Zambia","ZMW","2015M10","102.87"
"Dried Kapenta Mpulungu","Zambia","ZMW","2015M11","106.12"
"Dried Kapenta Mpulungu","Zambia","ZMW","2015M12","114.62"
"Dried Kapenta Mpulungu","Zambia","ZMW","2016M1","131.28"
"Dried Kapenta Mpulungu","Zambia","ZMW","2016M2","128.96"
"Dried Kapenta Mpulungu","Zambia","ZMW","2016M3","127.36"
"Dried Kapenta Mpulungu","Zambia","ZMW","2016M4","143.47"
"Dried Kapenta Mpulungu","Zambia","ZMW","2016M5","111.85"
"Dried Kapenta Mpulungu","Zambia","ZMW","2016M6","124.91"
"Dried Kapenta Mpulungu","Zambia","ZMW","2016M7","117"
"Dried Kapenta Mpulungu","Zambia","ZMW","2016M8","109.89"
"Dried Kapenta Mpulungu","Zambia","ZMW","2016M9","100.37"
"Dried Kapenta Mpulungu","Zambia","ZMW","2016M10","102.72"
"Dried Kapenta Mpulungu","Zambia","ZMW","2016M11","107.06"
"Dried Kapenta Mpulungu","Zambia","ZMW","2016M12","109.12"
"Dried Kapenta Mpulungu","Zambia","ZMW","2017M1","114.25"
"Dried Kapenta Mpulungu","Zambia","ZMW","2017M2","114.32"
"Dried Kapenta Mpulungu","Zambia","ZMW","2017M3","119.4"
"Dried Kapenta Mpulungu","Zambia","ZMW","2017M4","123.82"
"Dried Kapenta Mpulungu","Zambia","ZMW","2017M5","113.35"
"Dried Kapenta Mpulungu","Zambia","ZMW","2017M6","114.98"
"Dried Kapenta Mpulungu","Zambia","ZMW","2017M7","108.52"
"Dried Kapenta Mpulungu","Zambia","ZMW","2017M8","109.99"
"Dried Kapenta Mpulungu","Zambia","ZMW","2017M9","112.45"
"Dried Kapenta Mpulungu","Zambia","ZMW","2017M10","111.39"
"Dried Kapenta Mpulungu","Zambia","ZMW","2017M11","119.67"
"Dried Kapenta Mpulungu","Zambia","ZMW","2017M12","109.19"
"Dried Kapenta Mpulungu","Zambia","ZMW","2018M1","118.48"
"Dried Kapenta Mpulungu","Zambia","ZMW","2018M2","125.7"
"Dried Kapenta Mpulungu","Zambia","ZMW","2018M3","121.11"
"Dried Kapenta Mpulungu","Zambia","ZMW","2018M4","123.8"
"Dried Kapenta Mpulungu","Zambia","ZMW","2018M5","121.49"
"Dried Kapenta Mpulungu","Zambia","ZMW","2018M6","123.73"
"Dried Kapenta Mpulungu","Zambia","ZMW","2018M7","118.03"
"Dried Kapenta Mpulungu","Zambia","ZMW","2018M8","113.67"
"Dried Kapenta Mpulungu","Zambia","ZMW","2018M9","102.62"
"Dried Kapenta Mpulungu","Zambia","ZMW","2018M10","111.36"
"Dried Kapenta Mpulungu","Zambia","ZMW","2018M11","116.74"
"Dried Kapenta Mpulungu","Zambia","ZMW","2018M12","124.34"
"Dried Kapenta Mpulungu","Zambia","ZMW","2019M1","118.91"
"Dried Kapenta Mpulungu","Zambia","ZMW","2019M2","120.24"
"Dried Kapenta Mpulungu","Zambia","ZMW","2019M3","129.51"
"Dried Kapenta Mpulungu","Zambia","ZMW","2019M4","135.15"
"Dried Kapenta Mpulungu","Zambia","ZMW","2019M5","131.42"
"Dried Kapenta Mpulungu","Zambia","ZMW","2019M6","130.11"
"Dried Kapenta Mpulungu","Zambia","ZMW","2019M7","127.75"
"Dried Kapenta Mpulungu","Zambia","ZMW","2019M8","111.93"
"Dried Kapenta Mpulungu","Zambia","ZMW","2019M9","130.88"
"Dried Kapenta Mpulungu","Zambia","ZMW","2019M10","135.79"
"Dried Kapenta Mpulungu","Zambia","ZMW","2019M11","138.53"
"Dried Kapenta Mpulungu","Zambia","ZMW","2019M12","133.32"
"Dried Kapenta Mpulungu","Zambia","ZMW","2020M1","144.28"
"Dried Kapenta Mpulungu","Zambia","ZMW","2020M2","143.72"
"Dried Kapenta Mpulungu","Zambia","ZMW","2020M3","134.07"
"Dried Kapenta Mpulungu","Zambia","ZMW","2020M4","141.53"
"Dried Kapenta Mpulungu","Zambia","ZMW","2020M5","149.27"
"Dried Kapenta Mpulungu","Zambia","ZMW","2020M6","148.15"
"Dried Kapenta Mpulungu","Zambia","ZMW","2020M7","156.96"
"Dried Kapenta Mpulungu","Zambia","ZMW","2020M8","143.92"
"Dried Kapenta Mpulungu","Zambia","ZMW","2020M9","145.77"
"Dried Kapenta Mpulungu","Zambia","ZMW","2020M10","139.98"
"Dried Kapenta Mpulungu","Zambia","ZMW","2020M11","139.33"
"Dried Kapenta Mpulungu","Zambia","ZMW","2020M12","162.84"
"Dried Kapenta Mpulungu","Zambia","ZMW","2021M1","170.12"
"Dried Kapenta Mpulungu","Zambia","ZMW","2021M2","181.12"
"Dried Kapenta Mpulungu","Zambia","ZMW","2021M3","175.01"
"Dried Kapenta Mpulungu","Zambia","ZMW","2021M4","173.84"
"Dried Kapenta Mpulungu","Zambia","ZMW","2021M5","176.25"
"Dried Kapenta Mpulungu","Zambia","ZMW","2021M6","179.74"
"Dried Kapenta Mpulungu","Zambia","ZMW","2021M7","155.68"
"Dried Kapenta Mpulungu","Zambia","ZMW","2021M8","152.07"
"Dried Kapenta Mpulungu","Zambia","ZMW","2021M9","178.1"
"Dried Kapenta Mpulungu","Zambia","ZMW","2021M10","175"
"Dried Kapenta Mpulungu","Zambia","ZMW","2021M11","168.43"
"Dried Kapenta Mpulungu","Zambia","ZMW","2021M12","131.63"
"Dried Kapenta Mpulungu","Zambia","ZMW","2022M1","161"
"Dried Kapenta Mpulungu","Zambia","ZMW","2022M2","169.76"
"Dried Kapenta Mpulungu","Zambia","ZMW","2022M3","187.95"
"Dried Kapenta Mpulungu","Zambia","ZMW","2022M4","187.45"
"Dried Kapenta Mpulungu","Zambia","ZMW","2022M5","191.27"
"Dried Kapenta Mpulungu","Zambia","ZMW","2022M6","195.86"
"Dried Kapenta Mpulungu","Zambia","ZMW","2022M7","183.89"
"Dried Kapenta Mpulungu","Zambia","ZMW","2022M8","170.84"
"Dried Kapenta Mpulungu","Zambia","ZMW","2022M9","184.01"
"Dried Kapenta Mpulungu","Zambia","ZMW","2022M10","178.09"
"Dried Kapenta Mpulungu","Zambia","ZMW","2022M11","189.95"
"Dried Kapenta Mpulungu","Zambia","ZMW","2022M12","195.04"
"Dried Kapenta Mpulungu","Zambia","ZMW","2023M1","193.53"
"Dried Kapenta Mpulungu","Zambia","ZMW","2023M2","187.6"
"Dried Kapenta Mpulungu","Zambia","ZMW","2023M3","180.76"
"Dried Kapenta Mpulungu","Zambia","ZMW","2023M4","193.09"
"Dried Kapenta Mpulungu","Zambia","ZMW","2023M5","197.98"
"Dried Kapenta Mpulungu","Zambia","ZMW","2023M6","183.56"
"Dried Kapenta Mpulungu","Zambia","ZMW","2023M7","199.51"
"Dried Kapenta Mpulungu","Zambia","ZMW","2023M8","197.22"
"Dried Kapenta Mpulungu","Zambia","ZMW","2023M9","194.96"
"Dried Kapenta Mpulungu","Zambia","ZMW","2023M10","191.92"
"Dried Kapenta Mpulungu","Zambia","ZMW","2023M11","199.44"
"Dried Kapenta Mpulungu","Zambia","ZMW","2023M12","175.18"
"Dried Kapenta Mpulungu","Zambia","ZMW","2024M1","198.76"
"Dried Kapenta Mpulungu","Zambia","ZMW","2024M2","222.91"
"Dried Kapenta Mpulungu","Zambia","ZMW","2024M3","211.1"
"Dried Kapenta Mpulungu","Zambia","ZMW","2024M4","197.92"
"Dried Kapenta Mpulungu","Zambia","ZMW","2024M5","206.82"
"Dried Kapenta Mpulungu","Zambia","ZMW","2024M6","198.43"
"Dried Kapenta Mpulungu","Zambia","ZMW","2024M7","230.09"
"Dried Kapenta Mpulungu","Zambia","ZMW","2024M8","263.77"
"Dried Kapenta Mpulungu","Zambia","ZMW","2024M9","318.62"
"Dried Kapenta Mpulungu","Zambia","ZMW","2024M10","287.19"
"Dried Kapenta Mpulungu","Zambia","ZMW","2024M11","321.23"
"Dried Kapenta Mpulungu","Zambia","ZMW","2024M12","317.21"
"Dried Kapenta Mpulungu","Zambia","ZMW","2025M1","315.05"
"Dried Kapenta Mpulungu","Zambia","ZMW","2025M2","319.29"
"Dried Kapenta Mpulungu","Zambia","ZMW","2025M3","288.91"
"Dried Kapenta Mpulungu","Zambia","ZMW","2025M4","343.91"
"Dried Kapenta Mpulungu","Zambia","ZMW","2025M5","360.66"
"Dried Kapenta Mpulungu","Zambia","ZMW","2025M6","363.58"
"Dried Kapenta Mpulungu","Zambia","ZMW","2025M7","378.53"
"Dried Kapenta Mpulungu","Zambia","ZMW","2025M8","361.39"
"Dried Kapenta Mpulungu","Zambia","ZMW","2025M9","361.27"
"Dried Kapenta Mpulungu","Zambia","ZMW","2025M10","361.97"
"Dried Kapenta Mpulungu","Zambia","ZMW","2025M11","346.26"
"Dried Kapenta Mpulungu","Zambia","ZMW","2025M12","334.9"
"Dried Kapenta Siavonga","Zambia","ZMW","2010M1","48.55957"
"Dried Kapenta Siavonga","Zambia","ZMW","2010M2","49.55602"
"Dried Kapenta Siavonga","Zambia","ZMW","2010M3","52.0586"
"Dried Kapenta Siavonga","Zambia","ZMW","2010M4","50.43102"
"Dried Kapenta Siavonga","Zambia","ZMW","2010M5","50.85441"
"Dried Kapenta Siavonga","Zambia","ZMW","2010M6","47.13738"
"Dried Kapenta Siavonga","Zambia","ZMW","2010M7","48.58529"
"Dried Kapenta Siavonga","Zambia","ZMW","2010M8","46.97686"
"Dried Kapenta Siavonga","Zambia","ZMW","2010M9","50.27848"
"Dried Kapenta Siavonga","Zambia","ZMW","2010M10","50.81188"
"Dried Kapenta Siavonga","Zambia","ZMW","2010M11","49.82875"
"Dried Kapenta Siavonga","Zambia","ZMW","2010M12","56.36391"
"Dried Kapenta Siavonga","Zambia","ZMW","2011M1","51.72381"
"Dried Kapenta Siavonga","Zambia","ZMW","2011M2","58.50694"
"Dried Kapenta Siavonga","Zambia","ZMW","2011M3","54.0982"
"Dried Kapenta Siavonga","Zambia","ZMW","2011M4","56.1713"
"Dried Kapenta Siavonga","Zambia","ZMW","2011M5","54.6248"
"Dried Kapenta Siavonga","Zambia","ZMW","2011M6","56.64703"
"Dried Kapenta Siavonga","Zambia","ZMW","2011M7","52.9414"
"Dried Kapenta Siavonga","Zambia","ZMW","2011M8","51.72697"
"Dried Kapenta Siavonga","Zambia","ZMW","2011M9","54.71952"
"Dried Kapenta Siavonga","Zambia","ZMW","2011M10","53.48366"
"Dried Kapenta Siavonga","Zambia","ZMW","2011M11","60.10725"
"Dried Kapenta Siavonga","Zambia","ZMW","2011M12","64.06605"
"Dried Kapenta Siavonga","Zambia","ZMW","2012M1","64.79453"
"Dried Kapenta Siavonga","Zambia","ZMW","2012M2","66.35188"
"Dried Kapenta Siavonga","Zambia","ZMW","2012M3","72.50008"
"Dried Kapenta Siavonga","Zambia","ZMW","2012M4","68.97144"
"Dried Kapenta Siavonga","Zambia","ZMW","2012M5","72.56497"
"Dried Kapenta Siavonga","Zambia","ZMW","2012M6","66.35448"
"Dried Kapenta Siavonga","Zambia","ZMW","2012M7","71.53498"
"Dried Kapenta Siavonga","Zambia","ZMW","2012M8","76.77524"
"Dried Kapenta Siavonga","Zambia","ZMW","2012M9","80.53981"
"Dried Kapenta Siavonga","Zambia","ZMW","2012M10","80.10109"
"Dried Kapenta Siavonga","Zambia","ZMW","2012M11","73.76315"
"Dried Kapenta Siavonga","Zambia","ZMW","2012M12","74.62041"
"Dried Kapenta Siavonga","Zambia","ZMW","2013M1","76.66105"
"Dried Kapenta Siavonga","Zambia","ZMW","2013M2","85.69427"
"Dried Kapenta Siavonga","Zambia","ZMW","2013M3","85.00162"
"Dried Kapenta Siavonga","Zambia","ZMW","2013M4","81.23808"
"Dried Kapenta Siavonga","Zambia","ZMW","2013M5","78.95881"
"Dried Kapenta Siavonga","Zambia","ZMW","2013M6","82.82"
"Dried Kapenta Siavonga","Zambia","ZMW","2013M7","86.26"
"Dried Kapenta Siavonga","Zambia","ZMW","2013M8","83.41"
"Dried Kapenta Siavonga","Zambia","ZMW","2013M9","85.35"
"Dried Kapenta Siavonga","Zambia","ZMW","2013M10","84.69"
"Dried Kapenta Siavonga","Zambia","ZMW","2013M11","81.26"
"Dried Kapenta Siavonga","Zambia","ZMW","2013M12","90.65"
"Dried Kapenta Siavonga","Zambia","ZMW","2014M1","95.99"
"Dried Kapenta Siavonga","Zambia","ZMW","2014M2","96.77"
"Dried Kapenta Siavonga","Zambia","ZMW","2014M3","94.27"
"Dried Kapenta Siavonga","Zambia","ZMW","2014M4","99.01"
"Dried Kapenta Siavonga","Zambia","ZMW","2014M5","95.1"
"Dried Kapenta Siavonga","Zambia","ZMW","2014M6","89.89"
"Dried Kapenta Siavonga","Zambia","ZMW","2014M7","94.91"
"Dried Kapenta Siavonga","Zambia","ZMW","2014M8","92.68"
"Dried Kapenta Siavonga","Zambia","ZMW","2014M9","89.24"
"Dried Kapenta Siavonga","Zambia","ZMW","2014M10","91.1"
"Dried Kapenta Siavonga","Zambia","ZMW","2014M11","95.32"
"Dried Kapenta Siavonga","Zambia","ZMW","2014M12","103.54"
"Dried Kapenta Siavonga","Zambia","ZMW","2015M1","111.08"
"Dried Kapenta Siavonga","Zambia","ZMW","2015M2","108.39"
"Dried Kapenta Siavonga","Zambia","ZMW","2015M3","109.42"
"Dried Kapenta Siavonga","Zambia","ZMW","2015M4","110.19"
"Dried Kapenta Siavonga","Zambia","ZMW","2015M5","105.36"
"Dried Kapenta Siavonga","Zambia","ZMW","2015M6","108.88"
"Dried Kapenta Siavonga","Zambia","ZMW","2015M7","106.23"
"Dried Kapenta Siavonga","Zambia","ZMW","2015M8","106.78"
"Dried Kapenta Siavonga","Zambia","ZMW","2015M9","104.02"
"Dried Kapenta Siavonga","Zambia","ZMW","2015M10","115.97"
"Dried Kapenta Siavonga","Zambia","ZMW","2015M11","119.33"
"Dried Kapenta Siavonga","Zambia","ZMW","2015M12","122.55"
"Dried Kapenta Siavonga","Zambia","ZMW","2016M1","133.51"
"Dried Kapenta Siavonga","Zambia","ZMW","2016M2","131.58"
"Dried Kapenta Siavonga","Zambia","ZMW","2016M3","131.12"
"Dried Kapenta Siavonga","Zambia","ZMW","2016M4","139.25"
"Dried Kapenta Siavonga","Zambia","ZMW","2016M5","133.01"
"Dried Kapenta Siavonga","Zambia","ZMW","2016M6","132.9"
"Dried Kapenta Siavonga","Zambia","ZMW","2016M7","126.98"
"Dried Kapenta Siavonga","Zambia","ZMW","2016M8","124.56"
"Dried Kapenta Siavonga","Zambia","ZMW","2016M9","119.77"
"Dried Kapenta Siavonga","Zambia","ZMW","2016M10","120.21"
"Dried Kapenta Siavonga","Zambia","ZMW","2016M11","127.77"
"Dried Kapenta Siavonga","Zambia","ZMW","2016M12","128.36"
"Dried Kapenta Siavonga","Zambia","ZMW","2017M1","137.81"
"Dried Kapenta Siavonga","Zambia","ZMW","2017M2","136.34"
"Dried Kapenta Siavonga","Zambia","ZMW","2017M3","138.18"
"Dried Kapenta Siavonga","Zambia","ZMW","2017M4","137.54"
"Dried Kapenta Siavonga","Zambia","ZMW","2017M5","131.3"
"Dried Kapenta Siavonga","Zambia","ZMW","2017M6","128.38"
"Dried Kapenta Siavonga","Zambia","ZMW","2017M7","126.78"
"Dried Kapenta Siavonga","Zambia","ZMW","2017M8","124.33"
"Dried Kapenta Siavonga","Zambia","ZMW","2017M9","128.02"
"Dried Kapenta Siavonga","Zambia","ZMW","2017M10","131.76"
"Dried Kapenta Siavonga","Zambia","ZMW","2017M11","135.77"
"Dried Kapenta Siavonga","Zambia","ZMW","2017M12","128.74"
"Dried Kapenta Siavonga","Zambia","ZMW","2018M1","136.67"
"Dried Kapenta Siavonga","Zambia","ZMW","2018M2","142.69"
"Dried Kapenta Siavonga","Zambia","ZMW","2018M3","141.42"
"Dried Kapenta Siavonga","Zambia","ZMW","2018M4","151.68"
"Dried Kapenta Siavonga","Zambia","ZMW","2018M5","138.42"
"Dried Kapenta Siavonga","Zambia","ZMW","2018M6","134.04"
"Dried Kapenta Siavonga","Zambia","ZMW","2018M7","123.87"
"Dried Kapenta Siavonga","Zambia","ZMW","2018M8","128.52"
"Dried Kapenta Siavonga","Zambia","ZMW","2018M9","122.35"
"Dried Kapenta Siavonga","Zambia","ZMW","2018M10","124.18"
"Dried Kapenta Siavonga","Zambia","ZMW","2018M11","124.64"
"Dried Kapenta Siavonga","Zambia","ZMW","2018M12","143.68"
"Dried Kapenta Siavonga","Zambia","ZMW","2019M1","142.36"
"Dried Kapenta Siavonga","Zambia","ZMW","2019M2","139.93"
"Dried Kapenta Siavonga","Zambia","ZMW","2019M3","143.59"
"Dried Kapenta Siavonga","Zambia","ZMW","2019M4","143.28"
"Dried Kapenta Siavonga","Zambia","ZMW","2019M5","147.37"
"Dried Kapenta Siavonga","Zambia","ZMW","2019M6","142.81"
"Dried Kapenta Siavonga","Zambia","ZMW","2019M7","144.27"
"Dried Kapenta Siavonga","Zambia","ZMW","2019M8","143.74"
"Dried Kapenta Siavonga","Zambia","ZMW","2019M9","142.84"
"Dried Kapenta Siavonga","Zambia","ZMW","2019M10","141.87"
"Dried Kapenta Siavonga","Zambia","ZMW","2019M11","146.58"
"Dried Kapenta Siavonga","Zambia","ZMW","2019M12","150.57"
"Dried Kapenta Siavonga","Zambia","ZMW","2020M1","156.72"
"Dried Kapenta Siavonga","Zambia","ZMW","2020M2","161.52"
"Dried Kapenta Siavonga","Zambia","ZMW","2020M3","161.26"
"Dried Kapenta Siavonga","Zambia","ZMW","2020M4","163.32"
"Dried Kapenta Siavonga","Zambia","ZMW","2020M5","163.02"
"Dried Kapenta Siavonga","Zambia","ZMW","2020M6","159.68"
"Dried Kapenta Siavonga","Zambia","ZMW","2020M7","171.85"
"Dried Kapenta Siavonga","Zambia","ZMW","2020M8","174.48"
"Dried Kapenta Siavonga","Zambia","ZMW","2020M9","177.25"
"Dried Kapenta Siavonga","Zambia","ZMW","2020M10","172.73"
"Dried Kapenta Siavonga","Zambia","ZMW","2020M11","172.5"
"Dried Kapenta Siavonga","Zambia","ZMW","2020M12","185.3"
"Dried Kapenta Siavonga","Zambia","ZMW","2021M1","195.74"
"Dried Kapenta Siavonga","Zambia","ZMW","2021M2","208.69"
"Dried Kapenta Siavonga","Zambia","ZMW","2021M3","213.72"
"Dried Kapenta Siavonga","Zambia","ZMW","2021M4","205.12"
"Dried Kapenta Siavonga","Zambia","ZMW","2021M5","211.65"
"Dried Kapenta Siavonga","Zambia","ZMW","2021M6","202.29"
"Dried Kapenta Siavonga","Zambia","ZMW","2021M7","181.6"
"Dried Kapenta Siavonga","Zambia","ZMW","2021M8","179.78"
"Dried Kapenta Siavonga","Zambia","ZMW","2021M9","195.08"
"Dried Kapenta Siavonga","Zambia","ZMW","2021M10","203.58"
"Dried Kapenta Siavonga","Zambia","ZMW","2021M11","200.12"
"Dried Kapenta Siavonga","Zambia","ZMW","2021M12","198.03"
"Dried Kapenta Siavonga","Zambia","ZMW","2022M1","212.03"
"Dried Kapenta Siavonga","Zambia","ZMW","2022M2","222.39"
"Dried Kapenta Siavonga","Zambia","ZMW","2022M3","227.02"
"Dried Kapenta Siavonga","Zambia","ZMW","2022M4","218.93"
"Dried Kapenta Siavonga","Zambia","ZMW","2022M5","218"
"Dried Kapenta Siavonga","Zambia","ZMW","2022M6","221.72"
"Dried Kapenta Siavonga","Zambia","ZMW","2022M7","226.35"
"Dried Kapenta Siavonga","Zambia","ZMW","2022M8","218.48"
"Dried Kapenta Siavonga","Zambia","ZMW","2022M9","222.25"
"Dried Kapenta Siavonga","Zambia","ZMW","2022M10","216.98"
"Dried Kapenta Siavonga","Zambia","ZMW","2022M11","216.63"
"Dried Kapenta Siavonga","Zambia","ZMW","2022M12","211.25"
"Dried Kapenta Siavonga","Zambia","ZMW","2023M1","213.89"
"Dried Kapenta Siavonga","Zambia","ZMW","2023M2","232.3"
"Dried Kapenta Siavonga","Zambia","ZMW","2023M3","242.88"
"Dried Kapenta Siavonga","Zambia","ZMW","2023M4","230.22"
"Dried Kapenta Siavonga","Zambia","ZMW","2023M5","249.45"
"Dried Kapenta Siavonga","Zambia","ZMW","2023M6","238.46"
"Dried Kapenta Siavonga","Zambia","ZMW","2023M7","238.33"
"Dried Kapenta Siavonga","Zambia","ZMW","2023M8","249.04"
"Dried Kapenta Siavonga","Zambia","ZMW","2023M9","251.71"
"Dried Kapenta Siavonga","Zambia","ZMW","2023M10","244.34"
"Dried Kapenta Siavonga","Zambia","ZMW","2023M11","255.05"
"Dried Kapenta Siavonga","Zambia","ZMW","2023M12","259.74"
"Dried Kapenta Siavonga","Zambia","ZMW","2024M1","277.67"
"Dried Kapenta Siavonga","Zambia","ZMW","2024M2","276.35"
"Dried Kapenta Siavonga","Zambia","ZMW","2024M3","263.55"
"Dried Kapenta Siavonga","Zambia","ZMW","2024M4","281.9"
"Dried Kapenta Siavonga","Zambia","ZMW","2024M5","316.67"
"Dried Kapenta Siavonga","Zambia","ZMW","2024M6","344.2"
"Dried Kapenta Siavonga","Zambia","ZMW","2024M7","307.34"
"Dried Kapenta Siavonga","Zambia","ZMW","2024M8","359.74"
"Dried Kapenta Siavonga","Zambia","ZMW","2024M9","355.13"
"Dried Kapenta Siavonga","Zambia","ZMW","2024M10","356.38"
"Dried Kapenta Siavonga","Zambia","ZMW","2024M11","355.27"
"Dried Kapenta Siavonga","Zambia","ZMW","2024M12","364.9"
"Dried Kapenta Siavonga","Zambia","ZMW","2025M1","360.75"
"Dried Kapenta Siavonga","Zambia","ZMW","2025M2","392.03"
"Dried Kapenta Siavonga","Zambia","ZMW","2025M3","372.56"
"Dried Kapenta Siavonga","Zambia","ZMW","2025M4","389.47"
"Dried Kapenta Siavonga","Zambia","ZMW","2025M5","413.25"
"Dried Kapenta Siavonga","Zambia","ZMW","2025M6","421.11"
"Dried Kapenta Siavonga","Zambia","ZMW","2025M7","424.13"
"Dried Kapenta Siavonga","Zambia","ZMW","2025M8","408.13"
"Dried Kapenta Siavonga","Zambia","ZMW","2025M9","396.11"
"Dried Kapenta Siavonga","Zambia","ZMW","2025M10","411.02"
"Dried Kapenta Siavonga","Zambia","ZMW","2025M11","405.68"
"Dried Kapenta Siavonga","Zambia","ZMW","2025M12","397.39"
"Diesel","Zambia","ZMW","2010M1","5.53578"
"Diesel","Zambia","ZMW","2010M2","6.27586"
"Diesel","Zambia","ZMW","2010M3","6.34512"
"Diesel","Zambia","ZMW","2010M4","6.34502"
"Diesel","Zambia","ZMW","2010M5","6.34465"
"Diesel","Zambia","ZMW","2010M6","6.95871"
"Diesel","Zambia","ZMW","2010M7","6.94095"
"Diesel","Zambia","ZMW","2010M8","6.94012"
"Diesel","Zambia","ZMW","2010M9","6.94131"
"Diesel","Zambia","ZMW","2010M10","6.99694"
"Diesel","Zambia","ZMW","2010M11","7.01217"
"Diesel","Zambia","ZMW","2010M12","6.98812"
"Diesel","Zambia","ZMW","2011M1","6.99227"
"Diesel","Zambia","ZMW","2011M2","6.99707"
"Diesel","Zambia","ZMW","2011M3","7.91814"
"Diesel","Zambia","ZMW","2011M4","7.9255"
"Diesel","Zambia","ZMW","2011M5","7.94629"
"Diesel","Zambia","ZMW","2011M6","7.94482"
"Diesel","Zambia","ZMW","2011M7","7.94826"
"Diesel","Zambia","ZMW","2011M8","7.94121"
"Diesel","Zambia","ZMW","2011M9","7.91387"
"Diesel","Zambia","ZMW","2011M10","7.90153"
"Diesel","Zambia","ZMW","2011M11","7.57859"
"Diesel","Zambia","ZMW","2011M12","7.57809"
"Diesel","Zambia","ZMW","2012M1","7.57658"
"Diesel","Zambia","ZMW","2012M2","7.57549"
"Diesel","Zambia","ZMW","2012M3","7.56588"
"Diesel","Zambia","ZMW","2012M4","7.56248"
"Diesel","Zambia","ZMW","2012M5","7.56765"
"Diesel","Zambia","ZMW","2012M6","7.55301"
"Diesel","Zambia","ZMW","2012M7","7.56719"
"Diesel","Zambia","ZMW","2012M8","7.56725"
"Diesel","Zambia","ZMW","2012M9","7.57651"
"Diesel","Zambia","ZMW","2012M10","7.57468"
"Diesel","Zambia","ZMW","2012M11","7.57225"
"Diesel","Zambia","ZMW","2012M12","7.57873"
"Diesel","Zambia","ZMW","2013M1","7.5771"
"Diesel","Zambia","ZMW","2013M2","7.57912"
"Diesel","Zambia","ZMW","2013M3","7.58159"
"Diesel","Zambia","ZMW","2013M4","7.58966"
"Diesel","Zambia","ZMW","2013M5","9.20393"
"Diesel","Zambia","ZMW","2013M6","9.22"
"Diesel","Zambia","ZMW","2013M7","9.22"
"Diesel","Zambia","ZMW","2013M8","9.22"
"Diesel","Zambia","ZMW","2013M9","9.22"
"Diesel","Zambia","ZMW","2013M10","9.23"
"Diesel","Zambia","ZMW","2013M11","9.22"
"Diesel","Zambia","ZMW","2013M12","9.23"
"Diesel","Zambia","ZMW","2014M1","9.21"
"Diesel","Zambia","ZMW","2014M2","9.21"
"Diesel","Zambia","ZMW","2014M3","9.22"
"Diesel","Zambia","ZMW","2014M4","9.22"
"Diesel","Zambia","ZMW","2014M5","10.02"
"Diesel","Zambia","ZMW","2014M6","10.02"
"Diesel","Zambia","ZMW","2014M7","10.02"
"Diesel","Zambia","ZMW","2014M8","10.03"
"Diesel","Zambia","ZMW","2014M9","10.03"
"Diesel","Zambia","ZMW","2014M10","10.03"
"Diesel","Zambia","ZMW","2014M11","10.02"
"Diesel","Zambia","ZMW","2014M12","9.75"
"Diesel","Zambia","ZMW","2015M1","9.24"
"Diesel","Zambia","ZMW","2015M2","6.68"
"Diesel","Zambia","ZMW","2015M3","6.62"
"Diesel","Zambia","ZMW","2015M4","6.61"
"Diesel","Zambia","ZMW","2015M5","6.62"
"Diesel","Zambia","ZMW","2015M6","7.62"
"Diesel","Zambia","ZMW","2015M7","7.59"
"Diesel","Zambia","ZMW","2015M8","8.62"
"Diesel","Zambia","ZMW","2015M9","8.61"
"Diesel","Zambia","ZMW","2015M10","8.61"
"Diesel","Zambia","ZMW","2015M11","8.58"
"Diesel","Zambia","ZMW","2015M12","8.59"
"Diesel","Zambia","ZMW","2016M1","8.59"
"Diesel","Zambia","ZMW","2016M2","8.59"
"Diesel","Zambia","ZMW","2016M3","8.59"
"Diesel","Zambia","ZMW","2016M4","8.59"
"Diesel","Zambia","ZMW","2016M5","8.59"
"Diesel","Zambia","ZMW","2016M6","8.59"
"Diesel","Zambia","ZMW","2016M7","8.59"
"Diesel","Zambia","ZMW","2016M8","8.6"
"Diesel","Zambia","ZMW","2016M9","8.61"
"Diesel","Zambia","ZMW","2016M10","8.59"
"Diesel","Zambia","ZMW","2016M11","11.4"
"Diesel","Zambia","ZMW","2016M12","11.4"
"Diesel","Zambia","ZMW","2017M1","10.72"
"Diesel","Zambia","ZMW","2017M2","10.72"
"Diesel","Zambia","ZMW","2017M3","10.72"
"Diesel","Zambia","ZMW","2017M4","10.72"
"Diesel","Zambia","ZMW","2017M5","10.72"
"Diesel","Zambia","ZMW","2017M6","10.76"
"Diesel","Zambia","ZMW","2017M7","10.72"
"Diesel","Zambia","ZMW","2017M8","9.87"
"Diesel","Zambia","ZMW","2017M9","9.87"
"Diesel","Zambia","ZMW","2017M10","9.87"
"Diesel","Zambia","ZMW","2017M11","11.09"
"Diesel","Zambia","ZMW","2017M12","11.09"
"Diesel","Zambia","ZMW","2018M1","11.11"
"Diesel","Zambia","ZMW","2018M2","11.09"
"Diesel","Zambia","ZMW","2018M3","12.01"
"Diesel","Zambia","ZMW","2018M4","12"
"Diesel","Zambia","ZMW","2018M5","12"
"Diesel","Zambia","ZMW","2018M6","12.06"
"Diesel","Zambia","ZMW","2018M7","11.98"
"Diesel","Zambia","ZMW","2018M8","12.01"
"Diesel","Zambia","ZMW","2018M9","12"
"Diesel","Zambia","ZMW","2018M10","14.65"
"Diesel","Zambia","ZMW","2018M11","14.65"
"Diesel","Zambia","ZMW","2018M12","14.65"
"Diesel","Zambia","ZMW","2019M1","14.67"
"Diesel","Zambia","ZMW","2019M2","14.65"
"Diesel","Zambia","ZMW","2019M3","13.43"
"Diesel","Zambia","ZMW","2019M4","13.43"
"Diesel","Zambia","ZMW","2019M5","13.42"
"Diesel","Zambia","ZMW","2019M6","13.42"
"Diesel","Zambia","ZMW","2019M7","13.42"
"Diesel","Zambia","ZMW","2019M8","13.42"
"Diesel","Zambia","ZMW","2019M9","13.42"
"Diesel","Zambia","ZMW","2019M10","14.23"
"Diesel","Zambia","ZMW","2019M11","14.23"
"Diesel","Zambia","ZMW","2019M12","14.23"
"Diesel","Zambia","ZMW","2020M1","15.59"
"Diesel","Zambia","ZMW","2020M2","15.58"
"Diesel","Zambia","ZMW","2020M3","15.6"
"Diesel","Zambia","ZMW","2020M4","15.6"
"Diesel","Zambia","ZMW","2020M5","15.58"
"Diesel","Zambia","ZMW","2020M6","15.61"
"Diesel","Zambia","ZMW","2020M7","15.58"
"Diesel","Zambia","ZMW","2020M8","15.58"
"Diesel","Zambia","ZMW","2020M9","15.58"
"Diesel","Zambia","ZMW","2020M10","15.58"
"Diesel","Zambia","ZMW","2020M11","15.58"
"Diesel","Zambia","ZMW","2020M12","15.58"
"Diesel","Zambia","ZMW","2021M1","15.58"
"Diesel","Zambia","ZMW","2021M2","15.58"
"Diesel","Zambia","ZMW","2021M3","15.58"
"Diesel","Zambia","ZMW","2021M4","15.61"
"Diesel","Zambia","ZMW","2021M5","15.59"
"Diesel","Zambia","ZMW","2021M6","15.63"
"Diesel","Zambia","ZMW","2021M7","15.61"
"Diesel","Zambia","ZMW","2021M8","15.69"
"Diesel","Zambia","ZMW","2021M9","15.59"
"Diesel","Zambia","ZMW","2021M10","15.59"
"Diesel","Zambia","ZMW","2021M11","15.61"
"Diesel","Zambia","ZMW","2021M12","15.59"
"Diesel","Zambia","ZMW","2022M1","20.1"
"Diesel","Zambia","ZMW","2022M2","18.95"
"Diesel","Zambia","ZMW","2022M3","21.49"
"Diesel","Zambia","ZMW","2022M4","26.21"
"Diesel","Zambia","ZMW","2022M5","25.55"
"Diesel","Zambia","ZMW","2022M6","25.57"
"Diesel","Zambia","ZMW","2022M7","27.92"
"Diesel","Zambia","ZMW","2022M8","24.88"
"Diesel","Zambia","ZMW","2022M9","23.11"
"Diesel","Zambia","ZMW","2022M10","26.18"
"Diesel","Zambia","ZMW","2022M11","27.39"
"Diesel","Zambia","ZMW","2022M12","27.37"
"Diesel","Zambia","ZMW","2023M1","26.39"
"Diesel","Zambia","ZMW","2023M2","29.3"
"Diesel","Zambia","ZMW","2023M3","29.39"
"Diesel","Zambia","ZMW","2023M4","26.56"
"Diesel","Zambia","ZMW","2023M5","24.62"
"Diesel","Zambia","ZMW","2023M6","21.91"
"Diesel","Zambia","ZMW","2023M7","21.86"
"Diesel","Zambia","ZMW","2023M8","23.41"
"Diesel","Zambia","ZMW","2023M9","26.91"
"Diesel","Zambia","ZMW","2023M10","29.87"
"Diesel","Zambia","ZMW","2023M11","29.91"
"Diesel","Zambia","ZMW","2023M12","29.98"
"Diesel","Zambia","ZMW","2024M1","30.09"
"Diesel","Zambia","ZMW","2024M2","32.12"
"Diesel","Zambia","ZMW","2024M3","28.83"
"Diesel","Zambia","ZMW","2024M4","28.78"
"Diesel","Zambia","ZMW","2024M5","29.79"
"Diesel","Zambia","ZMW","2024M6","31.11"
"Diesel","Zambia","ZMW","2024M7","29.37"
"Diesel","Zambia","ZMW","2024M8","30.05"
"Diesel","Zambia","ZMW","2024M9","30.05"
"Diesel","Zambia","ZMW","2024M10","28.9"
"Diesel","Zambia","ZMW","2024M11","29.99"
"Diesel","Zambia","ZMW","2024M12","32.31"
"Diesel","Zambia","ZMW","2025M1","32.43"
"Diesel","Zambia","ZMW","2025M2","32.54"
"Diesel","Zambia","ZMW","2025M3","32.57"
"Diesel","Zambia","ZMW","2025M4","30.23"
"Diesel","Zambia","ZMW","2025M5","27.38"
"Diesel","Zambia","ZMW","2025M6","25.19"
"Diesel","Zambia","ZMW","2025M7","23.13"
"Diesel","Zambia","ZMW","2025M8","23.13"
"Diesel","Zambia","ZMW","2025M9","25.02"
"Diesel","Zambia","ZMW","2025M10","26.2"
"Diesel","Zambia","ZMW","2025M11","25.35"
"Diesel","Zambia","ZMW","2025M12","27.01"
"Petrol","Zambia","ZMW","2010M1","5.88531"
"Petrol","Zambia","ZMW","2010M2","6.65959"
"Petrol","Zambia","ZMW","2010M3","6.75337"
"Petrol","Zambia","ZMW","2010M4","6.75255"
"Petrol","Zambia","ZMW","2010M5","6.75258"
"Petrol","Zambia","ZMW","2010M6","7.62518"
"Petrol","Zambia","ZMW","2010M7","7.636"
"Petrol","Zambia","ZMW","2010M8","7.63265"
"Petrol","Zambia","ZMW","2010M9","7.63183"
"Petrol","Zambia","ZMW","2010M10","7.63166"
"Petrol","Zambia","ZMW","2010M11","7.60921"
"Petrol","Zambia","ZMW","2010M12","7.63178"
"Petrol","Zambia","ZMW","2011M1","7.63202"
"Petrol","Zambia","ZMW","2011M2","7.62568"
"Petrol","Zambia","ZMW","2011M3","8.59455"
"Petrol","Zambia","ZMW","2011M4","8.62985"
"Petrol","Zambia","ZMW","2011M5","8.63673"
"Petrol","Zambia","ZMW","2011M6","8.63791"
"Petrol","Zambia","ZMW","2011M7","8.63501"
"Petrol","Zambia","ZMW","2011M8","8.63371"
"Petrol","Zambia","ZMW","2011M9","8.63367"
"Petrol","Zambia","ZMW","2011M10","8.58175"
"Petrol","Zambia","ZMW","2011M11","8.18679"
"Petrol","Zambia","ZMW","2011M12","8.16989"
"Petrol","Zambia","ZMW","2012M1","8.15705"
"Petrol","Zambia","ZMW","2012M2","8.15501"
"Petrol","Zambia","ZMW","2012M3","8.14475"
"Petrol","Zambia","ZMW","2012M4","8.14812"
"Petrol","Zambia","ZMW","2012M5","8.14972"
"Petrol","Zambia","ZMW","2012M6","8.14672"
"Petrol","Zambia","ZMW","2012M7","8.14992"
"Petrol","Zambia","ZMW","2012M8","8.15513"
"Petrol","Zambia","ZMW","2012M9","8.16351"
"Petrol","Zambia","ZMW","2012M10","8.16285"
"Petrol","Zambia","ZMW","2012M11","8.16949"
"Petrol","Zambia","ZMW","2012M12","8.1689"
"Petrol","Zambia","ZMW","2013M1","8.16906"
"Petrol","Zambia","ZMW","2013M2","8.17076"
"Petrol","Zambia","ZMW","2013M3","8.17109"
"Petrol","Zambia","ZMW","2013M4","8.17126"
"Petrol","Zambia","ZMW","2013M5","9.88375"
"Petrol","Zambia","ZMW","2013M6","9.93"
"Petrol","Zambia","ZMW","2013M7","9.93"
"Petrol","Zambia","ZMW","2013M8","9.93"
"Petrol","Zambia","ZMW","2013M9","9.93"
"Petrol","Zambia","ZMW","2013M10","9.92"
"Petrol","Zambia","ZMW","2013M11","9.93"
"Petrol","Zambia","ZMW","2013M12","9.92"
"Petrol","Zambia","ZMW","2014M1","9.93"
"Petrol","Zambia","ZMW","2014M2","9.94"
"Petrol","Zambia","ZMW","2014M3","9.94"
"Petrol","Zambia","ZMW","2014M4","9.94"
"Petrol","Zambia","ZMW","2014M5","10.65"
"Petrol","Zambia","ZMW","2014M6","10.64"
"Petrol","Zambia","ZMW","2014M7","10.65"
"Petrol","Zambia","ZMW","2014M8","10.65"
"Petrol","Zambia","ZMW","2014M9","10.65"
"Petrol","Zambia","ZMW","2014M10","10.65"
"Petrol","Zambia","ZMW","2014M11","10.66"
"Petrol","Zambia","ZMW","2014M12","9.92"
"Petrol","Zambia","ZMW","2015M1","9.92"
"Petrol","Zambia","ZMW","2015M2","7.63"
"Petrol","Zambia","ZMW","2015M3","7.63"
"Petrol","Zambia","ZMW","2015M4","7.6"
"Petrol","Zambia","ZMW","2015M5","7.63"
"Petrol","Zambia","ZMW","2015M6","8.76"
"Petrol","Zambia","ZMW","2015M7","8.76"
"Petrol","Zambia","ZMW","2015M8","9.88"
"Petrol","Zambia","ZMW","2015M9","9.88"
"Petrol","Zambia","ZMW","2015M10","9.88"
"Petrol","Zambia","ZMW","2015M11","9.86"
"Petrol","Zambia","ZMW","2015M12","9.87"
"Petrol","Zambia","ZMW","2016M1","9.87"
"Petrol","Zambia","ZMW","2016M2","9.87"
"Petrol","Zambia","ZMW","2016M3","9.87"
"Petrol","Zambia","ZMW","2016M4","9.87"
"Petrol","Zambia","ZMW","2016M5","9.87"
"Petrol","Zambia","ZMW","2016M6","9.87"
"Petrol","Zambia","ZMW","2016M7","9.87"
"Petrol","Zambia","ZMW","2016M8","9.83"
"Petrol","Zambia","ZMW","2016M9","9.87"
"Petrol","Zambia","ZMW","2016M10","9.85"
"Petrol","Zambia","ZMW","2016M11","13.7"
"Petrol","Zambia","ZMW","2016M12","13.57"
"Petrol","Zambia","ZMW","2017M1","12.5"
"Petrol","Zambia","ZMW","2017M2","12.5"
"Petrol","Zambia","ZMW","2017M3","12.5"
"Petrol","Zambia","ZMW","2017M4","12.5"
"Petrol","Zambia","ZMW","2017M5","12.5"
"Petrol","Zambia","ZMW","2017M6","12.5"
"Petrol","Zambia","ZMW","2017M7","12.5"
"Petrol","Zambia","ZMW","2017M8","11.67"
"Petrol","Zambia","ZMW","2017M9","11.67"
"Petrol","Zambia","ZMW","2017M10","11.67"
"Petrol","Zambia","ZMW","2017M11","12.97"
"Petrol","Zambia","ZMW","2017M12","12.97"
"Petrol","Zambia","ZMW","2018M1","12.95"
"Petrol","Zambia","ZMW","2018M2","12.97"
"Petrol","Zambia","ZMW","2018M3","13.75"
"Petrol","Zambia","ZMW","2018M4","13.77"
"Petrol","Zambia","ZMW","2018M5","13.74"
"Petrol","Zambia","ZMW","2018M6","13.74"
"Petrol","Zambia","ZMW","2018M7","13.78"
"Petrol","Zambia","ZMW","2018M8","13.75"
"Petrol","Zambia","ZMW","2018M9","13.74"
"Petrol","Zambia","ZMW","2018M10","16.06"
"Petrol","Zambia","ZMW","2018M11","16.06"
"Petrol","Zambia","ZMW","2018M12","16.06"
"Petrol","Zambia","ZMW","2019M1","16.05"
"Petrol","Zambia","ZMW","2019M2","16.05"
"Petrol","Zambia","ZMW","2019M3","15.2"
"Petrol","Zambia","ZMW","2019M4","15.2"
"Petrol","Zambia","ZMW","2019M5","15.19"
"Petrol","Zambia","ZMW","2019M6","15.19"
"Petrol","Zambia","ZMW","2019M7","15.18"
"Petrol","Zambia","ZMW","2019M8","15.25"
"Petrol","Zambia","ZMW","2019M9","15.26"
"Petrol","Zambia","ZMW","2019M10","15.97"
"Petrol","Zambia","ZMW","2019M11","15.98"
"Petrol","Zambia","ZMW","2019M12","15.96"
"Petrol","Zambia","ZMW","2020M1","17.59"
"Petrol","Zambia","ZMW","2020M2","17.6"
"Petrol","Zambia","ZMW","2020M3","17.57"
"Petrol","Zambia","ZMW","2020M4","17.56"
"Petrol","Zambia","ZMW","2020M5","17.61"
"Petrol","Zambia","ZMW","2020M6","17.61"
"Petrol","Zambia","ZMW","2020M7","17.59"
"Petrol","Zambia","ZMW","2020M8","17.59"
"Petrol","Zambia","ZMW","2020M9","17.59"
"Petrol","Zambia","ZMW","2020M10","17.6"
"Petrol","Zambia","ZMW","2020M11","17.61"
"Petrol","Zambia","ZMW","2020M12","17.61"
"Petrol","Zambia","ZMW","2021M1","17.61"
"Petrol","Zambia","ZMW","2021M2","17.61"
"Petrol","Zambia","ZMW","2021M3","17.61"
"Petrol","Zambia","ZMW","2021M4","17.57"
"Petrol","Zambia","ZMW","2021M5","17.6"
"Petrol","Zambia","ZMW","2021M6","17.58"
"Petrol","Zambia","ZMW","2021M7","17.61"
"Petrol","Zambia","ZMW","2021M8","17.7"
"Petrol","Zambia","ZMW","2021M9","17.61"
"Petrol","Zambia","ZMW","2021M10","17.59"
"Petrol","Zambia","ZMW","2021M11","17.59"
"Petrol","Zambia","ZMW","2021M12","17.59"
"Petrol","Zambia","ZMW","2022M1","21.06"
"Petrol","Zambia","ZMW","2022M2","19.77"
"Petrol","Zambia","ZMW","2022M3","21.95"
"Petrol","Zambia","ZMW","2022M4","26.49"
"Petrol","Zambia","ZMW","2022M5","24.33"
"Petrol","Zambia","ZMW","2022M6","24.93"
"Petrol","Zambia","ZMW","2022M7","26.77"
"Petrol","Zambia","ZMW","2022M8","23.24"
"Petrol","Zambia","ZMW","2022M9","21.51"
"Petrol","Zambia","ZMW","2022M10","22.69"
"Petrol","Zambia","ZMW","2022M11","24.34"
"Petrol","Zambia","ZMW","2022M12","25.85"
"Petrol","Zambia","ZMW","2023M1","24.53"
"Petrol","Zambia","ZMW","2023M2","27.15"
"Petrol","Zambia","ZMW","2023M3","28.48"
"Petrol","Zambia","ZMW","2023M4","27.57"
"Petrol","Zambia","ZMW","2023M5","27.6"
"Petrol","Zambia","ZMW","2023M6","24.39"
"Petrol","Zambia","ZMW","2023M7","24.87"
"Petrol","Zambia","ZMW","2023M8","25.56"
"Petrol","Zambia","ZMW","2023M9","29.3"
"Petrol","Zambia","ZMW","2023M10","29.98"
"Petrol","Zambia","ZMW","2023M11","29.95"
"Petrol","Zambia","ZMW","2023M12","29.99"
"Petrol","Zambia","ZMW","2024M1","29.99"
"Petrol","Zambia","ZMW","2024M2","34.18"
"Petrol","Zambia","ZMW","2024M3","31.16"
"Petrol","Zambia","ZMW","2024M4","31.07"
"Petrol","Zambia","ZMW","2024M5","35.42"
"Petrol","Zambia","ZMW","2024M6","35.56"
"Petrol","Zambia","ZMW","2024M7","31.63"
"Petrol","Zambia","ZMW","2024M8","33.47"
"Petrol","Zambia","ZMW","2024M9","33.47"
"Petrol","Zambia","ZMW","2024M10","32.7"
"Petrol","Zambia","ZMW","2024M11","32.71"
"Petrol","Zambia","ZMW","2024M12","33.69"
"Petrol","Zambia","ZMW","2025M1","34.67"
"Petrol","Zambia","ZMW","2025M2","34.97"
"Petrol","Zambia","ZMW","2025M3","34.98"
"Petrol","Zambia","ZMW","2025M4","34.98"
"Petrol","Zambia","ZMW","2025M5","32.14"
"Petrol","Zambia","ZMW","2025M6","31.27"
"Petrol","Zambia","ZMW","2025M7","28"
"Petrol","Zambia","ZMW","2025M8","28"
"Petrol","Zambia","ZMW","2025M9","29.18"
"Petrol","Zambia","ZMW","2025M10","30.58"
"Petrol","Zambia","ZMW","2025M11","28.97"
"Petrol","Zambia","ZMW","2025M12","29.92"
"Paraffin","Zambia","ZMW","2010M1","4.18363"
"Paraffin","Zambia","ZMW","2010M2","4.68567"
"Paraffin","Zambia","ZMW","2010M3","4.73349"
"Paraffin","Zambia","ZMW","2010M4","4.73378"
"Paraffin","Zambia","ZMW","2010M5","4.73578"
"Paraffin","Zambia","ZMW","2010M6","5.18262"
"Paraffin","Zambia","ZMW","2010M7","5.1676"
"Paraffin","Zambia","ZMW","2010M8","5.16104"
"Paraffin","Zambia","ZMW","2010M9","5.26358"
"Paraffin","Zambia","ZMW","2010M10","5.07076"
"Paraffin","Zambia","ZMW","2010M11","5.0073"
"Paraffin","Zambia","ZMW","2010M12","5.008"
"Paraffin","Zambia","ZMW","2011M1","5.00853"
"Paraffin","Zambia","ZMW","2011M2","5.05657"
"Paraffin","Zambia","ZMW","2011M3","5.55996"
"Paraffin","Zambia","ZMW","2011M4","5.68849"
"Paraffin","Zambia","ZMW","2011M5","5.64905"
"Paraffin","Zambia","ZMW","2011M6","5.641"
"Paraffin","Zambia","ZMW","2011M7","5.641"
"Paraffin","Zambia","ZMW","2011M8","5.64175"
"Paraffin","Zambia","ZMW","2011M9","5.63668"
"Paraffin","Zambia","ZMW","2011M10","5.65657"
"Paraffin","Zambia","ZMW","2011M11","5.18759"
"Paraffin","Zambia","ZMW","2011M12","5.16884"
"Paraffin","Zambia","ZMW","2012M1","5.15365"
"Paraffin","Zambia","ZMW","2012M2","5.15013"
"Paraffin","Zambia","ZMW","2012M3","5.15107"
"Paraffin","Zambia","ZMW","2012M4","5.15295"
"Paraffin","Zambia","ZMW","2012M5","5.15161"
"Paraffin","Zambia","ZMW","2012M6","5.15234"
"Paraffin","Zambia","ZMW","2012M7","5.15252"
"Paraffin","Zambia","ZMW","2012M8","5.15341"
"Paraffin","Zambia","ZMW","2012M9","5.15087"
"Paraffin","Zambia","ZMW","2012M10","5.15084"
"Paraffin","Zambia","ZMW","2012M11","5.15358"
"Paraffin","Zambia","ZMW","2012M12","5.15304"
"Paraffin","Zambia","ZMW","2013M1","5.15123"
"Paraffin","Zambia","ZMW","2013M2","5.16323"
"Paraffin","Zambia","ZMW","2013M3","5.16553"
"Paraffin","Zambia","ZMW","2013M4","5.14938"
"Paraffin","Zambia","ZMW","2013M5","6.80367"
"Paraffin","Zambia","ZMW","2013M6","6.8"
"Paraffin","Zambia","ZMW","2013M7","6.65"
"Paraffin","Zambia","ZMW","2013M8","6.73"
"Paraffin","Zambia","ZMW","2013M9","6.73"
"Paraffin","Zambia","ZMW","2013M10","6.8"
"Paraffin","Zambia","ZMW","2013M11","6.81"
"Paraffin","Zambia","ZMW","2013M12","6.81"
"Paraffin","Zambia","ZMW","2014M1","6.82"
"Paraffin","Zambia","ZMW","2014M2","6.77"
"Paraffin","Zambia","ZMW","2014M3","6.81"
"Paraffin","Zambia","ZMW","2014M4","6.82"
"Paraffin","Zambia","ZMW","2014M5","7.49"
"Paraffin","Zambia","ZMW","2014M6","7.48"
"Paraffin","Zambia","ZMW","2014M7","7.48"
"Paraffin","Zambia","ZMW","2014M8","7.48"
"Paraffin","Zambia","ZMW","2014M9","7.48"
"Paraffin","Zambia","ZMW","2014M10","7.48"
"Paraffin","Zambia","ZMW","2014M11","7.48"
"Paraffin","Zambia","ZMW","2014M12","7.21"
"Paraffin","Zambia","ZMW","2015M1","6.79"
"Paraffin","Zambia","ZMW","2015M2","4.73"
"Paraffin","Zambia","ZMW","2015M3","4.68"
"Paraffin","Zambia","ZMW","2015M4","4.55"
"Paraffin","Zambia","ZMW","2015M5","4.67"
"Paraffin","Zambia","ZMW","2015M6","5.4"
"Paraffin","Zambia","ZMW","2015M7","5.34"
"Paraffin","Zambia","ZMW","2015M8","6.12"
"Paraffin","Zambia","ZMW","2015M9","6.15"
"Paraffin","Zambia","ZMW","2015M10","6.16"
"Paraffin","Zambia","ZMW","2015M11","6.15"
"Paraffin","Zambia","ZMW","2015M12","6.24"
"Paraffin","Zambia","ZMW","2016M1","6.13"
"Paraffin","Zambia","ZMW","2016M2","6.13"
"Paraffin","Zambia","ZMW","2016M3","6.13"
"Paraffin","Zambia","ZMW","2016M4","6.13"
"Paraffin","Zambia","ZMW","2016M5","6.13"
"Paraffin","Zambia","ZMW","2016M6","6.13"
"Paraffin","Zambia","ZMW","2016M7","6.13"
"Paraffin","Zambia","ZMW","2016M8","6.11"
"Paraffin","Zambia","ZMW","2016M9","6.12"
"Paraffin","Zambia","ZMW","2016M10","6.13"
"Paraffin","Zambia","ZMW","2016M11","8.07"
"Paraffin","Zambia","ZMW","2016M12","7.9"
"Paraffin","Zambia","ZMW","2017M1","6.87"
"Paraffin","Zambia","ZMW","2017M2","6.81"
"Paraffin","Zambia","ZMW","2017M3","6.81"
"Paraffin","Zambia","ZMW","2017M4","6.77"
"Paraffin","Zambia","ZMW","2017M5","6.81"
"Paraffin","Zambia","ZMW","2017M6","6.81"
"Paraffin","Zambia","ZMW","2017M7","6.78"
"Paraffin","Zambia","ZMW","2017M8","6.5"
"Paraffin","Zambia","ZMW","2017M9","6.53"
"Paraffin","Zambia","ZMW","2017M10","6.48"
"Paraffin","Zambia","ZMW","2017M11","7.83"
"Paraffin","Zambia","ZMW","2017M12","7.82"
"Paraffin","Zambia","ZMW","2018M1","7.82"
"Paraffin","Zambia","ZMW","2018M2","7.82"
"Paraffin","Zambia","ZMW","2018M3","8.85"
"Paraffin","Zambia","ZMW","2018M4","8.74"
"Paraffin","Zambia","ZMW","2018M5","8.85"
"Paraffin","Zambia","ZMW","2018M6","8.85"
"Paraffin","Zambia","ZMW","2018M7","8.85"
"Paraffin","Zambia","ZMW","2018M8","8.83"
"Paraffin","Zambia","ZMW","2018M9","8.85"
"Paraffin","Zambia","ZMW","2018M10","11.34"
"Paraffin","Zambia","ZMW","2018M11","11.34"
"Paraffin","Zambia","ZMW","2018M12","11.34"
"Paraffin","Zambia","ZMW","2019M1","11.34"
"Paraffin","Zambia","ZMW","2019M2","11.5"
"Paraffin","Zambia","ZMW","2019M3","11.34"
"Paraffin","Zambia","ZMW","2019M4","11.34"
"Paraffin","Zambia","ZMW","2019M5","11.34"
"Paraffin","Zambia","ZMW","2019M6","11.34"
"Paraffin","Zambia","ZMW","2019M7","11.34"
"Paraffin","Zambia","ZMW","2019M8","11.34"
"Paraffin","Zambia","ZMW","2019M9","11.34"
"Paraffin","Zambia","ZMW","2019M10","12.91"
"Paraffin","Zambia","ZMW","2019M11","13.02"
"Paraffin","Zambia","ZMW","2019M12","13.02"
"Paraffin","Zambia","ZMW","2020M1","15.02"
"Paraffin","Zambia","ZMW","2020M2","15.34"
"Paraffin","Zambia","ZMW","2020M3","15.4"
"Paraffin","Zambia","ZMW","2020M4","15.28"
"Paraffin","Zambia","ZMW","2020M5","15.39"
"Paraffin","Zambia","ZMW","2020M6","15.4"
"Paraffin","Zambia","ZMW","2020M7","15.4"
"Paraffin","Zambia","ZMW","2020M8","15.4"
"Paraffin","Zambia","ZMW","2020M9","15.4"
"Paraffin","Zambia","ZMW","2020M10","15.38"
"Paraffin","Zambia","ZMW","2020M11","15.39"
"Paraffin","Zambia","ZMW","2020M12","15.39"
"Paraffin","Zambia","ZMW","2021M1","15.36"
"Paraffin","Zambia","ZMW","2021M2","15.38"
"Paraffin","Zambia","ZMW","2021M3","15.39"
"Paraffin","Zambia","ZMW","2021M4","15.39"
"Paraffin","Zambia","ZMW","2021M5","15.39"
"Paraffin","Zambia","ZMW","2021M6","15.39"
"Paraffin","Zambia","ZMW","2021M7","15.39"
"Paraffin","Zambia","ZMW","2021M8","14.76"
"Paraffin","Zambia","ZMW","2021M9","15.39"
"Paraffin","Zambia","ZMW","2021M10","15.39"
"Paraffin","Zambia","ZMW","2021M11","15.39"
"Paraffin","Zambia","ZMW","2021M12","15.33"
"Paraffin","Zambia","ZMW","2022M1","15.38"
"Paraffin","Zambia","ZMW","2022M2","15.26"
"Paraffin","Zambia","ZMW","2022M3","15.39"
"Paraffin","Zambia","ZMW","2022M4","19.28"
"Paraffin","Zambia","ZMW","2022M5","18.78"
"Paraffin","Zambia","ZMW","2022M6","19.03"
"Paraffin","Zambia","ZMW","2022M7","20.36"
"Paraffin","Zambia","ZMW","2022M8","18.55"
"Paraffin","Zambia","ZMW","2022M9","17.78"
"Paraffin","Zambia","ZMW","2022M10","16.07"
"Paraffin","Zambia","ZMW","2022M11","18.69"
"Paraffin","Zambia","ZMW","2022M12","19.74"
"Paraffin","Zambia","ZMW","2023M1","20"
"Paraffin","Zambia","ZMW","2023M2","22.31"
"Paraffin","Zambia","ZMW","2023M3","22.3"
"Paraffin","Zambia","ZMW","2023M4","22.3"
"Paraffin","Zambia","ZMW","2023M5","20.49"
"Paraffin","Zambia","ZMW","2023M6","19.78"
"Paraffin","Zambia","ZMW","2023M7","19.74"
"Paraffin","Zambia","ZMW","2023M8","20.72"
"Paraffin","Zambia","ZMW","2023M9","20.89"
"Paraffin","Zambia","ZMW","2023M10","20.85"
"Paraffin","Zambia","ZMW","2023M11","20.42"
"Paraffin","Zambia","ZMW","2023M12","20.42"
"Paraffin","Zambia","ZMW","2024M1","20.42"
"Paraffin","Zambia","ZMW","2024M2","20.39"
"Paraffin","Zambia","ZMW","2024M3","20.42"
"Paraffin","Zambia","ZMW","2024M4","20.4"
"Paraffin","Zambia","ZMW","2024M5","26.87"
"Paraffin","Zambia","ZMW","2024M6","27.9"
"Paraffin","Zambia","ZMW","2024M7","27.22"
"Paraffin","Zambia","ZMW","2024M8","28.13"
"Paraffin","Zambia","ZMW","2024M9","28"
"Paraffin","Zambia","ZMW","2024M10","27.3"
"Paraffin","Zambia","ZMW","2024M11","31.2"
"Paraffin","Zambia","ZMW","2024M12","28.41"
"Paraffin","Zambia","ZMW","2025M1","28.67"
"Paraffin","Zambia","ZMW","2025M2","29.56"
"Paraffin","Zambia","ZMW","2025M3","29.56"
"Paraffin","Zambia","ZMW","2025M4","29.56"
"Paraffin","Zambia","ZMW","2025M5","27.75"
"Paraffin","Zambia","ZMW","2025M6","25.04"
"Paraffin","Zambia","ZMW","2025M7","22.43"
"Paraffin","Zambia","ZMW","2025M8","23.3"
"Paraffin","Zambia","ZMW","2025M9","24.43"
"Paraffin","Zambia","ZMW","2025M10","25.87"
"Paraffin","Zambia","ZMW","2025M11","23.54"
"Paraffin","Zambia","ZMW","2025M12","24.73"
