Date,Copper_Price_USD,Volume,YearMonth
2010-01-04,3.388000011444092,404,2010-01
2010-01-05,3.3959999084472656,242,2010-01
2010-01-06,3.4774999618530273,109,2010-01
2010-01-07,3.4114999771118164,326,2010-01
2010-01-08,3.388000011444092,311,2010-01
2010-01-11,3.428499937057495,145,2010-01
2010-01-12,3.3375000953674316,193,2010-01
2010-01-13,3.387500047683716,142,2010-01
2010-01-14,3.375999927520752,234,2010-01
2010-01-15,3.3550000190734863,222,2010-01
2010-01-19,3.437000036239624,1285,2010-01
2010-01-20,3.3459999561309814,152,2010-01
2010-01-21,3.2850000858306885,196,2010-01
2010-01-22,3.3385000228881836,128,2010-01
2010-01-25,3.384000062942505,177,2010-01
2010-01-26,3.3289999961853027,155,2010-01
2010-01-27,3.2144999504089355,252,2010-01
2010-01-28,3.0899999141693115,351,2010-01
2010-01-29,3.0460000038146973,451,2010-01
2010-02-01,3.0785000324249268,436,2010-02
2010-02-02,3.0850000381469727,137,2010-02
2010-02-03,2.9679999351501465,218,2010-02
2010-02-04,2.875499963760376,167,2010-02
2010-02-05,2.8540000915527344,103,2010-02
2010-02-08,2.9094998836517334,87,2010-02
2010-02-09,2.9835000038146973,333,2010-02
2010-02-10,2.9860000610351562,116,2010-02
2010-02-11,3.129499912261963,268,2010-02
2010-02-12,3.0789999961853027,111,2010-02
2010-02-16,3.2184998989105225,83,2010-02
2010-02-17,3.2385001182556152,369,2010-02
2010-02-18,3.2850000858306885,228,2010-02
2010-02-19,3.3570001125335693,350,2010-02
2010-02-22,3.30649995803833,227,2010-02
2010-02-23,3.2139999866485596,93,2010-02
2010-02-24,3.2355000972747803,27270,2010-02
2010-02-25,3.192500114440918,15381,2010-02
2010-02-26,3.2685000896453857,3669,2010-02
2010-03-01,3.3329999446868896,1923,2010-03
2010-03-02,3.3954999446868896,1337,2010-03
2010-03-03,3.4189999103546143,969,2010-03
2010-03-04,3.3605000972747803,1560,2010-03
2010-03-05,3.4024999141693115,321,2010-03
2010-03-08,3.3965001106262207,272,2010-03
2010-03-09,3.3980000019073486,591,2010-03
2010-03-10,3.3550000190734863,320,2010-03
2010-03-11,3.365999937057495,332,2010-03
2010-03-12,3.369499921798706,584,2010-03
2010-03-15,3.306999921798706,492,2010-03
2010-03-16,3.3570001125335693,205,2010-03
2010-03-17,3.4100000858306885,648,2010-03
2010-03-18,3.387500047683716,188,2010-03
2010-03-19,3.364500045776367,191,2010-03
2010-03-22,3.372499942779541,362,2010-03
2010-03-23,3.369499921798706,227,2010-03
2010-03-24,3.3364999294281006,253,2010-03
2010-03-25,3.371000051498413,212,2010-03
2010-03-26,3.3929998874664307,185,2010-03
2010-03-29,3.5295000076293945,417,2010-03
2010-03-30,3.555000066757202,886,2010-03
2010-03-31,3.5460000038146973,283,2010-03
2010-04-01,3.5769999027252197,213,2010-04
2010-04-05,3.625999927520752,159,2010-04
2010-04-06,3.609499931335449,82,2010-04
2010-04-07,3.5920000076293945,188,2010-04
2010-04-08,3.5810000896453857,102,2010-04
2010-04-09,3.5845000743865967,204,2010-04
2010-04-12,3.559499979019165,89,2010-04
2010-04-13,3.5954999923706055,146,2010-04
2010-04-14,3.6054999828338623,250,2010-04
2010-04-15,3.5964999198913574,219,2010-04
2010-04-16,3.5114998817443848,373,2010-04
2010-04-19,3.494499921798706,104,2010-04
2010-04-20,3.51200008392334,507,2010-04
2010-04-21,3.5329999923706055,415,2010-04
2010-04-22,3.484499931335449,117,2010-04
2010-04-23,3.5114998817443848,253,2010-04
2010-04-26,3.5269999504089355,239,2010-04
2010-04-27,3.3635001182556152,156,2010-04
2010-04-28,3.367500066757202,33828,2010-04
2010-04-29,3.3334999084472656,13944,2010-04
2010-04-30,3.3375000953674316,3137,2010-04
2010-05-03,3.2785000801086426,924,2010-05
2010-05-04,3.1644999980926514,953,2010-05
2010-05-05,3.138000011444092,988,2010-05
2010-05-06,3.1034998893737793,585,2010-05
2010-05-07,3.13100004196167,302,2010-05
2010-05-10,3.2149999141693115,241,2010-05
2010-05-11,3.194000005722046,306,2010-05
2010-05-12,3.1760001182556152,268,2010-05
2010-05-13,3.2195000648498535,404,2010-05
2010-05-14,3.122999906539917,639,2010-05
2010-05-17,2.9230000972747803,1011,2010-05
2010-05-18,3.0225000381469727,336,2010-05
2010-05-19,2.950000047683716,488,2010-05
2010-05-20,2.935499906539917,253,2010-05
2010-05-21,3.051500082015991,298,2010-05
2010-05-24,3.1364998817443848,391,2010-05
2010-05-25,3.0334999561309814,373,2010-05
2010-05-26,3.071500062942505,635,2010-05
2010-05-27,3.1514999866485596,1252,2010-05
2010-05-28,3.0969998836517334,524,2010-05
2010-06-01,3.053999900817871,434,2010-06
2010-06-02,3.0320000648498535,387,2010-06
2010-06-03,2.938499927520752,243,2010-06
2010-06-04,2.8125,291,2010-06
2010-06-07,2.759000062942505,183,2010-06
2010-06-08,2.7725000381469727,268,2010-06
2010-06-09,2.8424999713897705,291,2010-06
2010-06-10,2.8554999828338623,236,2010-06
2010-06-11,2.8994998931884766,425,2010-06
2010-06-14,2.990000009536743,253,2010-06
2010-06-15,3.002500057220459,326,2010-06
2010-06-16,2.99399995803833,229,2010-06
2010-06-17,2.9024999141693115,239,2010-06
2010-06-18,2.88100004196167,215,2010-06
2010-06-21,2.938999891281128,197,2010-06
2010-06-22,2.990499973297119,452,2010-06
2010-06-23,2.934000015258789,279,2010-06
2010-06-24,3.003000020980835,204,2010-06
2010-06-25,3.0929999351501465,174,2010-06
2010-06-28,3.06850004196167,18038,2010-06
2010-06-29,2.9154999256134033,10821,2010-06
2010-06-30,2.936000108718872,2958,2010-06
2010-07-01,2.865000009536743,1728,2010-07
2010-07-02,2.9040000438690186,350,2010-07
2010-07-06,2.9600000381469727,447,2010-07
2010-07-07,3.005500078201294,607,2010-07
2010-07-08,3.006999969482422,463,2010-07
2010-07-09,3.0445001125335693,302,2010-07
2010-07-12,2.999500036239624,448,2010-07
2010-07-13,3.009500026702881,764,2010-07
2010-07-14,3.000999927520752,445,2010-07
2010-07-15,3.005000114440918,456,2010-07
2010-07-16,2.9235000610351562,442,2010-07
2010-07-19,2.932499885559082,374,2010-07
2010-07-20,2.997499942779541,315,2010-07
2010-07-21,3.0869998931884766,354,2010-07
2010-07-22,3.1605000495910645,483,2010-07
2010-07-23,3.184999942779541,364,2010-07
2010-07-26,3.2249999046325684,450,2010-07
2010-07-27,3.2049999237060547,330,2010-07
2010-07-28,3.240000009536743,522,2010-07
2010-07-29,3.2855000495910645,611,2010-07
2010-07-30,3.306999921798706,241,2010-07
2010-08-02,3.384999990463257,239,2010-08
2010-08-03,3.3550000190734863,255,2010-08
2010-08-04,3.4005000591278076,167,2010-08
2010-08-05,3.3505001068115234,548,2010-08
2010-08-06,3.3394999504089355,193,2010-08
2010-08-09,3.3505001068115234,220,2010-08
2010-08-10,3.311000108718872,281,2010-08
2010-08-11,3.252500057220459,193,2010-08
2010-08-12,3.2825000286102295,186,2010-08
2010-08-13,3.251499891281128,230,2010-08
2010-08-16,3.2769999504089355,127,2010-08
2010-08-17,3.3375000953674316,189,2010-08
2010-08-18,3.3489999771118164,184,2010-08
2010-08-19,3.317500114440918,307,2010-08
2010-08-20,3.2909998893737793,263,2010-08
2010-08-23,3.2915000915527344,117,2010-08
2010-08-24,3.239500045776367,365,2010-08
2010-08-25,3.2109999656677246,197,2010-08
2010-08-26,3.305500030517578,118,2010-08
2010-08-27,3.364000082015991,34471,2010-08
2010-08-30,3.4130001068115234,12586,2010-08
2010-08-31,3.3610000610351562,5997,2010-08
2010-09-01,3.4684998989105225,1211,2010-09
2010-09-02,3.48799991607666,502,2010-09
2010-09-03,3.493499994277954,661,2010-09
2010-09-07,3.4635000228881836,757,2010-09
2010-09-08,3.490499973297119,1145,2010-09
2010-09-09,3.433500051498413,417,2010-09
2010-09-10,3.3970000743865967,440,2010-09
2010-09-13,3.4714999198913574,440,2010-09
2010-09-14,3.4595000743865967,598,2010-09
2010-09-15,3.4579999446868896,170,2010-09
2010-09-16,3.4830000400543213,822,2010-09
2010-09-17,3.5134999752044678,265,2010-09
2010-09-20,3.496000051498413,255,2010-09
2010-09-21,3.4744999408721924,464,2010-09
2010-09-22,3.558500051498413,193,2010-09
2010-09-23,3.5850000381469727,531,2010-09
2010-09-24,3.6135001182556152,289,2010-09
2010-09-27,3.5934998989105225,478,2010-09
2010-09-28,3.634000062942505,488,2010-09
2010-09-29,3.6565001010894775,308,2010-09
2010-09-30,3.6459999084472656,339,2010-09
2010-10-01,3.683500051498413,328,2010-10
2010-10-04,3.6575000286102295,189,2010-10
2010-10-05,3.7190001010894775,212,2010-10
2010-10-06,3.746000051498413,270,2010-10
2010-10-07,3.6735000610351562,267,2010-10
2010-10-08,3.7664999961853027,140,2010-10
2010-10-11,3.7795000076293945,158,2010-10
2010-10-12,3.7809998989105225,165,2010-10
2010-10-13,3.813999891281128,161,2010-10
2010-10-14,3.809000015258789,180,2010-10
2010-10-15,3.8345000743865967,219,2010-10
2010-10-18,3.8505001068115234,195,2010-10
2010-10-19,3.755000114440918,283,2010-10
2010-10-20,3.7885000705718994,187,2010-10
2010-10-21,3.7755000591278076,136,2010-10
2010-10-22,3.7915000915527344,165,2010-10
2010-10-25,3.8564999103546143,282,2010-10
2010-10-26,3.8635001182556152,217,2010-10
2010-10-27,3.7734999656677246,487,2010-10
2010-10-28,3.7850000858306885,422,2010-10
2010-10-29,3.7320001125335693,721,2010-10
2010-11-01,3.7785000801086426,463,2010-11
2010-11-02,3.8334999084472656,274,2010-11
2010-11-03,3.7795000076293945,239,2010-11
2010-11-04,3.9065001010894775,184,2010-11
2010-11-05,3.944000005722046,184,2010-11
2010-11-08,3.952500104904175,358,2010-11
2010-11-09,4.0395002365112305,163,2010-11
2010-11-10,3.9660000801086426,191,2010-11
2010-11-11,4.01800012588501,128,2010-11
2010-11-12,3.8884999752044678,282,2010-11
2010-11-15,3.9230000972747803,208,2010-11
2010-11-16,3.7239999771118164,334,2010-11
2010-11-17,3.7284998893737793,347,2010-11
2010-11-18,3.8304998874664307,211,2010-11
2010-11-19,3.8329999446868896,113,2010-11
2010-11-22,3.749500036239624,179,2010-11
2010-11-23,3.7009999752044678,110,2010-11
2010-11-24,3.755500078201294,114,2010-11
2010-11-26,3.750999927520752,24760,2010-11
2010-11-29,3.757999897003174,16360,2010-11
2010-11-30,3.822999954223633,5000,2010-11
2010-12-01,3.946000099182129,1301,2010-12
2010-12-02,3.9769999980926514,907,2010-12
2010-12-03,3.994999885559082,543,2010-12
2010-12-06,4.004000186920166,377,2010-12
2010-12-07,4.044000148773193,1155,2010-12
2010-12-08,4.0945000648498535,931,2010-12
2010-12-09,4.081500053405762,725,2010-12
2010-12-10,4.105000019073486,508,2010-12
2010-12-13,4.19950008392334,388,2010-12
2010-12-14,4.201499938964844,878,2010-12
2010-12-15,4.126500129699707,627,2010-12
2010-12-16,4.110499858856201,624,2010-12
2010-12-17,4.1529998779296875,407,2010-12
2010-12-20,4.200500011444092,313,2010-12
2010-12-21,4.270500183105469,344,2010-12
2010-12-22,4.269000053405762,346,2010-12
2010-12-23,4.251999855041504,815,2010-12
2010-12-27,4.275000095367432,421,2010-12
2010-12-28,4.323999881744385,373,2010-12
2010-12-29,4.309000015258789,492,2010-12
2010-12-30,4.356500148773193,325,2010-12
2010-12-31,4.439499855041504,125,2010-12
2011-01-03,4.451499938964844,337,2011-01
2011-01-04,4.363500118255615,567,2011-01
2011-01-05,4.401500225067139,279,2011-01
2011-01-06,4.321000099182129,422,2011-01
2011-01-07,4.272500038146973,540,2011-01
2011-01-10,4.254499912261963,175,2011-01
2011-01-11,4.339000225067139,87,2011-01
2011-01-12,4.4019999504089355,227,2011-01
2011-01-13,4.367000102996826,233,2011-01
2011-01-14,4.403500080108643,195,2011-01
2011-01-18,4.418499946594238,135,2011-01
2011-01-19,4.360000133514404,131,2011-01
2011-01-20,4.262499809265137,313,2011-01
2011-01-21,4.300000190734863,96,2011-01
2011-01-24,4.3414998054504395,152,2011-01
2011-01-25,4.218999862670898,146,2011-01
2011-01-26,4.260499954223633,318,2011-01
2011-01-27,4.330999851226807,531,2011-01
2011-01-28,4.365499973297119,431,2011-01
2011-01-31,4.451000213623047,523,2011-01
2011-02-01,4.539999961853027,729,2011-02
2011-02-02,4.533999919891357,628,2011-02
2011-02-03,4.534999847412109,257,2011-02
2011-02-04,4.571000099182129,116,2011-02
2011-02-07,4.567500114440918,202,2011-02
2011-02-08,4.567999839782715,119,2011-02
2011-02-09,4.519499778747559,360,2011-02
2011-02-10,4.5370001792907715,122,2011-02
2011-02-11,4.531000137329102,150,2011-02
2011-02-14,4.623000144958496,139,2011-02
2011-02-15,4.531499862670898,128,2011-02
2011-02-16,4.466000080108643,81,2011-02
2011-02-17,4.480000019073486,379,2011-02
2011-02-18,4.478499889373779,225,2011-02
2011-02-22,4.3454999923706055,201,2011-02
2011-02-23,4.273499965667725,206,2011-02
2011-02-24,4.326499938964844,51019,2011-02
2011-02-25,4.435999870300293,29725,2011-02
2011-02-28,4.478000164031982,3740,2011-02
2011-03-01,4.490499973297119,1743,2011-03
2011-03-02,4.480000019073486,663,2011-03
2011-03-03,4.474999904632568,1265,2011-03
2011-03-04,4.4720001220703125,1865,2011-03
2011-03-07,4.313000202178955,848,2011-03
2011-03-08,4.324999809265137,672,2011-03
2011-03-09,4.19950008392334,1048,2011-03
2011-03-10,4.184500217437744,964,2011-03
2011-03-11,4.195000171661377,702,2011-03
2011-03-14,4.173500061035156,304,2011-03
2011-03-15,4.125,428,2011-03
2011-03-16,4.186999797821045,408,2011-03
2011-03-17,4.335999965667725,495,2011-03
2011-03-18,4.329500198364258,191,2011-03
2011-03-21,4.2754998207092285,365,2011-03
2011-03-22,4.303500175476074,180,2011-03
2011-03-23,4.418499946594238,191,2011-03
2011-03-24,4.414000034332275,209,2011-03
2011-03-25,4.4085001945495605,130,2011-03
2011-03-28,4.3404998779296875,170,2011-03
2011-03-29,4.337500095367432,1090,2011-03
2011-03-30,4.265999794006348,964,2011-03
2011-03-31,4.300000190734863,553,2011-03
2011-04-01,4.251500129699707,359,2011-04
2011-04-04,4.246500015258789,247,2011-04
2011-04-05,4.257999897003174,234,2011-04
2011-04-06,4.363500118255615,175,2011-04
2011-04-07,4.408999919891357,166,2011-04
2011-04-08,4.494999885559082,271,2011-04
2011-04-11,4.453499794006348,212,2011-04
2011-04-12,4.377500057220459,184,2011-04
2011-04-13,4.28849983215332,124,2011-04
2011-04-14,4.2795000076293945,268,2011-04
2011-04-15,4.252999782562256,152,2011-04
2011-04-18,4.193999767303467,146,2011-04
2011-04-19,4.224999904632568,120,2011-04
2011-04-20,4.33650016784668,139,2011-04
2011-04-21,4.3979997634887695,216,2011-04
2011-04-25,4.301000118255615,166,2011-04
2011-04-26,4.31850004196167,419,2011-04
2011-04-27,4.228499889373779,35042,2011-04
2011-04-28,4.244999885559082,14927,2011-04
2011-04-29,4.165500164031982,2015,2011-04
2011-05-02,4.182499885559082,899,2011-05
2011-05-03,4.239999771118164,824,2011-05
2011-05-04,4.120500087738037,1173,2011-05
2011-05-05,3.9855000972747803,705,2011-05
2011-05-06,3.9635000228881836,965,2011-05
2011-05-09,4.004000186920166,585,2011-05
2011-05-10,4.0295000076293945,274,2011-05
2011-05-11,3.9019999504089355,510,2011-05
2011-05-12,3.9605000019073486,423,2011-05
2011-05-13,3.9749999046325684,294,2011-05
2011-05-16,3.9830000400543213,409,2011-05
2011-05-17,3.990999937057495,360,2011-05
2011-05-18,4.0995001792907715,450,2011-05
2011-05-19,4.046999931335449,204,2011-05
2011-05-20,4.11899995803833,265,2011-05
2011-05-23,3.990000009536743,237,2011-05
2011-05-24,4.012499809265137,462,2011-05
2011-05-25,4.1020002365112305,231,2011-05
2011-05-26,4.10699987411499,592,2011-05
2011-05-27,4.179500102996826,720,2011-05
2011-05-31,4.173500061035156,513,2011-05
2011-06-01,4.103000164031982,249,2011-06
2011-06-02,4.08050012588501,215,2011-06
2011-06-03,4.130000114440918,199,2011-06
2011-06-06,4.13700008392334,313,2011-06
2011-06-07,4.144499778747559,146,2011-06
2011-06-08,4.105000019073486,190,2011-06
2011-06-09,4.103499889373779,82,2011-06
2011-06-10,4.052000045776367,104,2011-06
2011-06-13,4.0304999351501465,187,2011-06
2011-06-14,4.1539998054504395,218,2011-06
2011-06-15,4.121500015258789,109,2011-06
2011-06-16,4.117499828338623,179,2011-06
2011-06-17,4.103000164031982,152,2011-06
2011-06-20,4.074999809265137,204,2011-06
2011-06-21,4.0894999504089355,181,2011-06
2011-06-22,4.090000152587891,238,2011-06
2011-06-23,4.040999889373779,231,2011-06
2011-06-24,4.098499774932861,133,2011-06
2011-06-27,4.051499843597412,207,2011-06
2011-06-28,4.0920000076293945,23941,2011-06
2011-06-29,4.209499835968018,16117,2011-06
2011-06-30,4.271999835968018,3650,2011-06
2011-07-01,4.291999816894531,1126,2011-07
2011-07-05,4.339000225067139,1019,2011-07
2011-07-06,4.326499938964844,861,2011-07
2011-07-07,4.432000160217285,1285,2011-07
2011-07-08,4.402500152587891,504,2011-07
2011-07-11,4.358500003814697,585,2011-07
2011-07-12,4.381499767303467,454,2011-07
2011-07-13,4.394499778747559,481,2011-07
2011-07-14,4.372000217437744,500,2011-07
2011-07-15,4.40500020980835,626,2011-07
2011-07-18,4.395999908447266,436,2011-07
2011-07-19,4.4604997634887695,345,2011-07
2011-07-20,4.428500175476074,250,2011-07
2011-07-21,4.377500057220459,655,2011-07
2011-07-22,4.4045000076293945,578,2011-07
2011-07-25,4.401500225067139,498,2011-07
2011-07-26,4.473999977111816,643,2011-07
2011-07-27,4.440499782562256,407,2011-07
2011-07-28,4.4644999504089355,321,2011-07
2011-07-29,4.473999977111816,375,2011-07
2011-08-01,4.4039998054504395,753,2011-08
2011-08-02,4.388999938964844,314,2011-08
2011-08-03,4.320000171661377,393,2011-08
2011-08-04,4.230999946594238,198,2011-08
2011-08-05,4.11299991607666,260,2011-08
2011-08-08,3.9574999809265137,150,2011-08
2011-08-09,3.9670000076293945,116,2011-08
2011-08-10,3.885499954223633,141,2011-08
2011-08-11,4.004499912261963,50,2011-08
2011-08-12,4.009500026702881,143,2011-08
2011-08-15,4.031499862670898,160,2011-08
2011-08-16,3.99399995803833,53,2011-08
2011-08-17,4.0289998054504395,101,2011-08
2011-08-18,3.9644999504089355,65,2011-08
2011-08-19,3.9825000762939453,187,2011-08
2011-08-22,3.9560000896453857,215,2011-08
2011-08-23,3.994499921798706,79,2011-08
2011-08-24,3.996999979019165,119,2011-08
2011-08-25,4.078999996185303,176,2011-08
2011-08-26,4.098999977111816,77,2011-08
2011-08-29,4.089000225067139,20160,2011-08
2011-08-30,4.123000144958496,18412,2011-08
2011-08-31,4.186999797821045,1940,2011-08
2011-09-01,4.142499923706055,1698,2011-09
2011-09-02,4.10699987411499,781,2011-09
2011-09-06,4.0395002365112305,656,2011-09
2011-09-07,4.115499973297119,617,2011-09
2011-09-08,4.127999782562256,611,2011-09
2011-09-09,3.987499952316284,549,2011-09
2011-09-12,3.950500011444092,807,2011-09
2011-09-13,3.9560000896453857,464,2011-09
2011-09-14,3.884999990463257,840,2011-09
2011-09-15,3.944999933242798,529,2011-09
2011-09-16,3.9200000762939453,154,2011-09
2011-09-19,3.7715001106262207,502,2011-09
2011-09-20,3.7165000438690186,236,2011-09
2011-09-21,3.753499984741211,312,2011-09
2011-09-22,3.4804999828338623,193,2011-09
2011-09-23,3.2720000743865967,183,2011-09
2011-09-26,3.2750000953674316,723,2011-09
2011-09-27,3.429500102996826,453,2011-09
2011-09-28,3.2360000610351562,697,2011-09
2011-09-29,3.236999988555908,617,2011-09
2011-09-30,3.1449999809265137,481,2011-09
2011-10-03,3.140000104904175,615,2011-10
2011-10-04,3.0945000648498535,125,2011-10
2011-10-05,3.0975000858306885,195,2011-10
2011-10-06,3.239000082015991,115,2011-10
2011-10-07,3.2664999961853027,105,2011-10
2011-10-10,3.361999988555908,451,2011-10
2011-10-11,3.2874999046325684,215,2011-10
2011-10-12,3.390500068664551,135,2011-10
2011-10-13,3.302500009536743,158,2011-10
2011-10-14,3.4049999713897705,144,2011-10
2011-10-17,3.373500108718872,136,2011-10
2011-10-18,3.3554999828338623,223,2011-10
2011-10-19,3.253999948501587,94,2011-10
2011-10-20,3.054500102996826,128,2011-10
2011-10-21,3.2190001010894775,118,2011-10
2011-10-24,3.447000026702881,672,2011-10
2011-10-25,3.4189999103546143,191,2011-10
2011-10-26,3.48799991607666,315,2011-10
2011-10-27,3.688999891281128,312,2011-10
2011-10-28,3.7019999027252197,693,2011-10
2011-10-31,3.628999948501587,312,2011-10
2011-11-01,3.498500108718872,346,2011-11
2011-11-02,3.5785000324249268,161,2011-11
2011-11-03,3.5845000743865967,184,2011-11
2011-11-04,3.562999963760376,176,2011-11
2011-11-07,3.5329999923706055,121,2011-11
2011-11-08,3.5320000648498535,111,2011-11
2011-11-09,3.438999891281128,290,2011-11
2011-11-10,3.372499942779541,129,2011-11
2011-11-11,3.4619998931884766,93,2011-11
2011-11-14,3.4855000972747803,138,2011-11
2011-11-15,3.499000072479248,111,2011-11
2011-11-16,3.4820001125335693,82,2011-11
2011-11-17,3.381999969482422,270,2011-11
2011-11-18,3.4019999504089355,151,2011-11
2011-11-21,3.2990000247955322,268,2011-11
2011-11-22,3.3304998874664307,152,2011-11
2011-11-23,3.2774999141693115,287,2011-11
2011-11-25,3.2679998874664307,115,2011-11
2011-11-28,3.3585000038146973,46873,2011-11
2011-11-29,3.375999927520752,14053,2011-11
2011-11-30,3.562999963760376,5184,2011-11
2011-12-01,3.5220000743865967,1795,2011-12
2011-12-02,3.572499990463257,705,2011-12
2011-12-05,3.6040000915527344,659,2011-12
2011-12-06,3.565500020980835,723,2011-12
2011-12-07,3.5450000762939453,641,2011-12
2011-12-08,3.489500045776367,894,2011-12
2011-12-09,3.546999931335449,327,2011-12
2011-12-12,3.4544999599456787,581,2011-12
2011-12-13,3.432499885559082,547,2011-12
2011-12-14,3.2709999084472656,475,2011-12
2011-12-15,3.259500026702881,243,2011-12
2011-12-16,3.3239998817443848,276,2011-12
2011-12-19,3.3010001182556152,308,2011-12
2011-12-20,3.36299991607666,185,2011-12
2011-12-21,3.3889999389648438,216,2011-12
2011-12-22,3.4089999198913574,326,2011-12
2011-12-23,3.4635000228881836,363,2011-12
2011-12-27,3.4040000438690186,165,2011-12
2011-12-28,3.359999895095825,262,2011-12
2011-12-29,3.365499973297119,350,2011-12
2011-12-30,3.43149995803833,240,2011-12
2012-01-03,3.5250000953674316,251,2012-01
2012-01-04,3.429500102996826,145,2012-01
2012-01-05,3.422499895095825,175,2012-01
2012-01-06,3.430999994277954,114,2012-01
2012-01-09,3.4124999046325684,107,2012-01
2012-01-10,3.509999990463257,124,2012-01
2012-01-11,3.5415000915527344,139,2012-01
2012-01-12,3.6440000534057617,106,2012-01
2012-01-13,3.631999969482422,379,2012-01
2012-01-17,3.7260000705718994,140,2012-01
2012-01-18,3.746999979019165,144,2012-01
2012-01-19,3.797499895095825,208,2012-01
2012-01-20,3.740999937057495,219,2012-01
2012-01-23,3.7945001125335693,83,2012-01
2012-01-24,3.803999900817871,185,2012-01
2012-01-25,3.825000047683716,212,2012-01
2012-01-26,3.8970000743865967,150,2012-01
2012-01-27,3.883500099182129,503,2012-01
2012-01-30,3.822000026702881,612,2012-01
2012-01-31,3.7874999046325684,810,2012-01
2012-02-01,3.8385000228881836,177,2012-02
2012-02-02,3.7769999504089355,218,2012-02
2012-02-03,3.8970000743865967,226,2012-02
2012-02-06,3.8589999675750732,253,2012-02
2012-02-07,3.872499942779541,291,2012-02
2012-02-08,3.9059998989105225,86,2012-02
2012-02-09,3.9744999408721924,207,2012-02
2012-02-10,3.859499931335449,196,2012-02
2012-02-13,3.8369998931884766,151,2012-02
2012-02-14,3.811500072479248,196,2012-02
2012-02-15,3.7980000972747803,169,2012-02
2012-02-16,3.7880001068115234,169,2012-02
2012-02-17,3.7049999237060547,197,2012-02
2012-02-21,3.8334999084472656,105,2012-02
2012-02-22,3.8299999237060547,129,2012-02
2012-02-23,3.804500102996826,846,2012-02
2012-02-24,3.862499952316284,312,2012-02
2012-02-27,3.880000114440918,47176,2012-02
2012-02-28,3.9119999408721924,21246,2012-02
2012-02-29,3.870500087738037,6575,2012-02
2012-03-01,3.924499988555908,1943,2012-03
2012-03-02,3.8954999446868896,947,2012-03
2012-03-05,3.8524999618530273,657,2012-03
2012-03-06,3.7309999465942383,1125,2012-03
2012-03-07,3.760499954223633,691,2012-03
2012-03-08,3.7860000133514404,575,2012-03
2012-03-09,3.8524999618530273,581,2012-03
2012-03-12,3.8315000534057617,530,2012-03
2012-03-13,3.8965001106262207,615,2012-03
2012-03-14,3.8420000076293945,599,2012-03
2012-03-15,3.8919999599456787,345,2012-03
2012-03-16,3.874000072479248,414,2012-03
2012-03-19,3.9059998989105225,376,2012-03
2012-03-20,3.828000068664551,612,2012-03
2012-03-21,3.8494999408721924,594,2012-03
2012-03-22,3.7674999237060547,542,2012-03
2012-03-23,3.809499979019165,658,2012-03
2012-03-26,3.885499954223633,784,2012-03
2012-03-27,3.878999948501587,567,2012-03
2012-03-28,3.7869999408721924,748,2012-03
2012-03-29,3.7939999103546143,537,2012-03
2012-03-30,3.8239998817443848,450,2012-03
2012-04-02,3.9184999465942383,175,2012-04
2012-04-03,3.9154999256134033,335,2012-04
2012-04-04,3.7855000495910645,279,2012-04
2012-04-05,3.7915000915527344,285,2012-04
2012-04-09,3.7160000801086426,173,2012-04
2012-04-10,3.6459999084472656,271,2012-04
2012-04-11,3.635999917984009,217,2012-04
2012-04-12,3.7165000438690186,224,2012-04
2012-04-13,3.622999906539917,1195,2012-04
2012-04-16,3.624000072479248,252,2012-04
2012-04-17,3.6440000534057617,266,2012-04
2012-04-18,3.628000020980835,271,2012-04
2012-04-19,3.626499891281128,213,2012-04
2012-04-20,3.696000099182129,199,2012-04
2012-04-23,3.622999906539917,234,2012-04
2012-04-24,3.6714999675750732,265,2012-04
2012-04-25,3.700500011444092,1018,2012-04
2012-04-26,3.7679998874664307,54689,2012-04
2012-04-27,3.819999933242798,24057,2012-04
2012-04-30,3.8334999084472656,4921,2012-04
2012-05-01,3.8399999141693115,1109,2012-05
2012-05-02,3.7855000495910645,974,2012-05
2012-05-03,3.7335000038146973,1224,2012-05
2012-05-04,3.7239999771118164,916,2012-05
2012-05-07,3.7774999141693115,399,2012-05
2012-05-08,3.685499906539917,414,2012-05
2012-05-09,3.6695001125335693,558,2012-05
2012-05-10,3.691499948501587,618,2012-05
2012-05-11,3.6484999656677246,475,2012-05
2012-05-14,3.556999921798706,596,2012-05
2012-05-15,3.5220000743865967,430,2012-05
2012-05-16,3.484999895095825,383,2012-05
2012-05-17,3.4795000553131104,379,2012-05
2012-05-18,3.4695000648498535,297,2012-05
2012-05-21,3.503999948501587,235,2012-05
2012-05-22,3.487499952316284,301,2012-05
2012-05-23,3.3980000019073486,849,2012-05
2012-05-24,3.428999900817871,297,2012-05
2012-05-25,3.447999954223633,504,2012-05
2012-05-29,3.4635000228881836,2544,2012-05
2012-05-30,3.3864998817443848,1162,2012-05
2012-05-31,3.362499952316284,466,2012-05
2012-06-01,3.309999942779541,283,2012-06
2012-06-04,3.303999900817871,282,2012-06
2012-06-05,3.2885000705718994,476,2012-06
2012-06-06,3.378999948501587,219,2012-06
2012-06-07,3.369499921798706,251,2012-06
2012-06-08,3.2834999561309814,389,2012-06
2012-06-11,3.3450000286102295,268,2012-06
2012-06-12,3.3340001106262207,229,2012-06
2012-06-13,3.3399999141693115,352,2012-06
2012-06-14,3.3540000915527344,197,2012-06
2012-06-15,3.384999990463257,242,2012-06
2012-06-18,3.3959999084472656,130,2012-06
2012-06-19,3.432499885559082,232,2012-06
2012-06-20,3.3864998817443848,216,2012-06
2012-06-21,3.2950000762939453,309,2012-06
2012-06-22,3.305000066757202,242,2012-06
2012-06-25,3.313999891281128,197,2012-06
2012-06-26,3.315500020980835,124,2012-06
2012-06-27,3.3464999198913574,45225,2012-06
2012-06-28,3.3259999752044678,19225,2012-06
2012-06-29,3.490000009536743,3755,2012-06
2012-07-02,3.4649999141693115,2427,2012-07
2012-07-03,3.5344998836517334,797,2012-07
2012-07-05,3.48799991607666,906,2012-07
2012-07-06,3.4045000076293945,554,2012-07
2012-07-09,3.4260001182556152,366,2012-07
2012-07-10,3.3929998874664307,1027,2012-07
2012-07-11,3.443000078201294,526,2012-07
2012-07-12,3.4114999771118164,394,2012-07
2012-07-13,3.500499963760376,584,2012-07
2012-07-16,3.4809999465942383,218,2012-07
2012-07-17,3.453000068664551,683,2012-07
2012-07-18,3.4730000495910645,263,2012-07
2012-07-19,3.5339999198913574,294,2012-07
2012-07-20,3.448499917984009,661,2012-07
2012-07-23,3.381500005722046,929,2012-07
2012-07-24,3.3529999256134033,459,2012-07
2012-07-25,3.375,529,2012-07
2012-07-26,3.3940000534057617,279,2012-07
2012-07-27,3.4260001182556152,722,2012-07
2012-07-30,3.4149999618530273,857,2012-07
2012-07-31,3.4195001125335693,380,2012-07
2012-08-01,3.376499891281128,340,2012-08
2012-08-02,3.2925000190734863,401,2012-08
2012-08-03,3.371000051498413,156,2012-08
2012-08-06,3.3929998874664307,245,2012-08
2012-08-07,3.444999933242798,140,2012-08
2012-08-08,3.427500009536743,625,2012-08
2012-08-09,3.437000036239624,199,2012-08
2012-08-10,3.4089999198913574,191,2012-08
2012-08-13,3.3585000038146973,243,2012-08
2012-08-14,3.359499931335449,132,2012-08
2012-08-15,3.3515000343322754,179,2012-08
2012-08-16,3.385999917984009,75,2012-08
2012-08-17,3.421999931335449,131,2012-08
2012-08-20,3.373500108718872,160,2012-08
2012-08-21,3.4565000534057617,136,2012-08
2012-08-22,3.4600000381469727,76,2012-08
2012-08-23,3.496000051498413,121,2012-08
2012-08-24,3.48799991607666,249,2012-08
2012-08-27,3.484499931335449,185,2012-08
2012-08-28,3.4700000286102295,391,2012-08
2012-08-29,3.4625000953674316,38825,2012-08
2012-08-30,3.440500020980835,19374,2012-08
2012-08-31,3.4539999961853027,4668,2012-08
2012-09-04,3.4684998989105225,1826,2012-09
2012-09-05,3.5320000648498535,1357,2012-09
2012-09-06,3.5234999656677246,1014,2012-09
2012-09-07,3.6559998989105225,909,2012-09
2012-09-10,3.700000047683716,547,2012-09
2012-09-11,3.7144999504089355,691,2012-09
2012-09-12,3.7100000381469727,354,2012-09
2012-09-13,3.7269999980926514,385,2012-09
2012-09-14,3.8515000343322754,462,2012-09
2012-09-17,3.809999942779541,295,2012-09
2012-09-18,3.802500009536743,330,2012-09
2012-09-19,3.8289999961853027,532,2012-09
2012-09-20,3.7725000381469727,689,2012-09
2012-09-21,3.803499937057495,840,2012-09
2012-09-24,3.745500087738037,583,2012-09
2012-09-25,3.7734999656677246,666,2012-09
2012-09-26,3.7139999866485596,516,2012-09
2012-09-27,3.747999906539917,487,2012-09
2012-09-28,3.7730000019073486,435,2012-09
2012-10-01,3.7929999828338623,228,2012-10
2012-10-02,3.806999921798706,249,2012-10
2012-10-03,3.7939999103546143,229,2012-10
2012-10-04,3.7939999103546143,236,2012-10
2012-10-05,3.7860000133514404,218,2012-10
2012-10-08,3.7269999980926514,170,2012-10
2012-10-09,3.7290000915527344,221,2012-10
2012-10-10,3.7290000915527344,159,2012-10
2012-10-11,3.759000062942505,177,2012-10
2012-10-12,3.7144999504089355,257,2012-10
2012-10-15,3.7114999294281006,224,2012-10
2012-10-16,3.7079999446868896,179,2012-10
2012-10-17,3.752500057220459,171,2012-10
2012-10-18,3.746999979019165,194,2012-10
2012-10-19,3.6484999656677246,290,2012-10
2012-10-22,3.625499963760376,179,2012-10
2012-10-23,3.5759999752044678,178,2012-10
2012-10-24,3.5759999752044678,137,2012-10
2012-10-25,3.564500093460083,201,2012-10
2012-10-26,3.563499927520752,154,2012-10
2012-10-31,3.5269999504089355,241,2012-10
2012-11-01,3.555000066757202,350,2012-11
2012-11-02,3.4830000400543213,375,2012-11
2012-11-05,3.4704999923706055,291,2012-11
2012-11-06,3.50600004196167,276,2012-11
2012-11-07,3.443000078201294,335,2012-11
2012-11-08,3.4704999923706055,181,2012-11
2012-11-09,3.44950008392334,185,2012-11
2012-11-12,3.4730000495910645,137,2012-11
2012-11-13,3.4730000495910645,219,2012-11
2012-11-14,3.4554998874664307,197,2012-11
2012-11-15,3.4644999504089355,222,2012-11
2012-11-16,3.4535000324249268,179,2012-11
2012-11-19,3.5274999141693115,262,2012-11
2012-11-20,3.515000104904175,343,2012-11
2012-11-21,3.496000051498413,190,2012-11
2012-11-23,3.5274999141693115,187,2012-11
2012-11-26,3.5360000133514404,251,2012-11
2012-11-27,3.5364999771118164,269,2012-11
2012-11-28,3.5220000743865967,45023,2012-11
2012-11-29,3.5885000228881836,15540,2012-11
2012-11-30,3.629499912261963,5553,2012-11
2012-12-03,3.640000104904175,780,2012-12
2012-12-04,3.633500099182129,864,2012-12
2012-12-05,3.6670000553131104,756,2012-12
2012-12-06,3.627000093460083,581,2012-12
2012-12-07,3.6475000381469727,472,2012-12
2012-12-10,3.690500020980835,417,2012-12
2012-12-11,3.6710000038146973,398,2012-12
2012-12-12,3.700000047683716,522,2012-12
2012-12-13,3.6445000171661377,497,2012-12
2012-12-14,3.6649999618530273,423,2012-12
2012-12-17,3.6489999294281006,405,2012-12
2012-12-18,3.6364998817443848,493,2012-12
2012-12-19,3.5950000286102295,686,2012-12
2012-12-20,3.5250000953674316,256,2012-12
2012-12-21,3.555500030517578,297,2012-12
2012-12-24,3.5339999198913574,180,2012-12
2012-12-26,3.5829999446868896,375,2012-12
2012-12-27,3.5899999141693115,689,2012-12
2012-12-28,3.577500104904175,446,2012-12
2012-12-31,3.6410000324249268,243,2012-12
2013-01-02,3.7244999408721924,766,2013-01
2013-01-03,3.7014999389648438,439,2013-01
2013-01-04,3.678499937057495,437,2013-01
2013-01-07,3.6630001068115234,359,2013-01
2013-01-08,3.6570000648498535,363,2013-01
2013-01-09,3.6565001010894775,286,2013-01
2013-01-10,3.694499969482422,339,2013-01
2013-01-11,3.6394999027252197,354,2013-01
2013-01-14,3.619499921798706,292,2013-01
2013-01-15,3.622999906539917,288,2013-01
2013-01-16,3.5910000801086426,258,2013-01
2013-01-17,3.6470000743865967,330,2013-01
2013-01-18,3.6635000705718994,223,2013-01
2013-01-22,3.690999984741211,349,2013-01
2013-01-23,3.6710000038146973,275,2013-01
2013-01-24,3.6644999980926514,285,2013-01
2013-01-25,3.6394999027252197,298,2013-01
2013-01-28,3.6489999294281006,236,2013-01
2013-01-29,3.677500009536743,782,2013-01
2013-01-30,3.740000009536743,637,2013-01
2013-01-31,3.7235000133514404,334,2013-01
2013-02-01,3.7755000591278076,244,2013-02
2013-02-04,3.758500099182129,196,2013-02
2013-02-05,3.7614998817443848,267,2013-02
2013-02-06,3.7335000038146973,242,2013-02
2013-02-07,3.7200000286102295,148,2013-02
2013-02-08,3.753499984741211,192,2013-02
2013-02-11,3.7179999351501465,158,2013-02
2013-02-12,3.7365000247955322,223,2013-02
2013-02-13,3.7339999675750732,217,2013-02
2013-02-14,3.7300000190734863,158,2013-02
2013-02-15,3.7309999465942383,180,2013-02
2013-02-19,3.6445000171661377,370,2013-02
2013-02-20,3.6054999828338623,231,2013-02
2013-02-21,3.55049991607666,107,2013-02
2013-02-22,3.5299999713897705,166,2013-02
2013-02-25,3.5409998893737793,384,2013-02
2013-02-26,3.566499948501587,55453,2013-02
2013-02-27,3.5450000762939453,16369,2013-02
2013-02-28,3.5274999141693115,2891,2013-02
2013-03-01,3.4814999103546143,1469,2013-03
2013-03-04,3.4830000400543213,888,2013-03
2013-03-05,3.496500015258789,704,2013-03
2013-03-06,3.4739999771118164,588,2013-03
2013-03-07,3.501499891281128,476,2013-03
2013-03-08,3.491499900817871,639,2013-03
2013-03-11,3.5,392,2013-03
2013-03-12,3.5380001068115234,529,2013-03
2013-03-13,3.509500026702881,318,2013-03
2013-03-14,3.5234999656677246,515,2013-03
2013-03-15,3.507999897003174,499,2013-03
2013-03-18,3.4170000553131104,477,2013-03
2013-03-19,3.3954999446868896,380,2013-03
2013-03-20,3.435499906539917,200,2013-03
2013-03-21,3.4230000972747803,248,2013-03
2013-03-22,3.4539999961853027,380,2013-03
2013-03-25,3.434999942779541,375,2013-03
2013-03-26,3.432499885559082,591,2013-03
2013-03-27,3.434999942779541,1221,2013-03
2013-03-28,3.3949999809265137,259,2013-03
2013-04-01,3.367500066757202,235,2013-04
2013-04-02,3.371999979019165,254,2013-04
2013-04-03,3.325500011444092,413,2013-04
2013-04-04,3.3454999923706055,329,2013-04
2013-04-05,3.3399999141693115,646,2013-04
2013-04-08,3.368000030517578,150,2013-04
2013-04-09,3.437999963760376,279,2013-04
2013-04-10,3.4140000343322754,153,2013-04
2013-04-11,3.427999973297119,127,2013-04
2013-04-12,3.3489999771118164,375,2013-04
2013-04-15,3.2799999713897705,645,2013-04
2013-04-16,3.30649995803833,148,2013-04
2013-04-17,3.187999963760376,216,2013-04
2013-04-18,3.2044999599456787,311,2013-04
2013-04-19,3.1514999866485596,242,2013-04
2013-04-22,3.131999969482422,268,2013-04
2013-04-23,3.0940001010894775,196,2013-04
2013-04-24,3.1579999923706055,172,2013-04
2013-04-25,3.23799991607666,152,2013-04
2013-04-26,3.184999942779541,61830,2013-04
2013-04-29,3.2255001068115234,9094,2013-04
2013-04-30,3.1875,2894,2013-04
2013-05-01,3.0824999809265137,1255,2013-05
2013-05-02,3.1045000553131104,814,2013-05
2013-05-03,3.313499927520752,774,2013-05
2013-05-06,3.309999942779541,359,2013-05
2013-05-07,3.30049991607666,678,2013-05
2013-05-08,3.371000051498413,525,2013-05
2013-05-09,3.3415000438690186,287,2013-05
2013-05-10,3.3559999465942383,300,2013-05
2013-05-13,3.361999988555908,423,2013-05
2013-05-14,3.2904999256134033,393,2013-05
2013-05-15,3.2669999599456787,457,2013-05
2013-05-16,3.2920000553131104,486,2013-05
2013-05-17,3.321000099182129,535,2013-05
2013-05-20,3.3570001125335693,582,2013-05
2013-05-21,3.3389999866485596,351,2013-05
2013-05-22,3.377500057220459,280,2013-05
2013-05-23,3.299499988555908,325,2013-05
2013-05-24,3.2915000915527344,165,2013-05
2013-05-28,3.311500072479248,355,2013-05
2013-05-29,3.2909998893737793,695,2013-05
2013-05-30,3.310499906539917,2541,2013-05
2013-05-31,3.2890000343322754,333,2013-05
2013-06-03,3.3269999027252197,438,2013-06
2013-06-04,3.365000009536743,419,2013-06
2013-06-05,3.367000102996826,207,2013-06
2013-06-06,3.315999984741211,410,2013-06
2013-06-07,3.2660000324249268,190,2013-06
2013-06-10,3.239000082015991,289,2013-06
2013-06-11,3.193000078201294,400,2013-06
2013-06-12,3.2249999046325684,188,2013-06
2013-06-13,3.184999942779541,717,2013-06
2013-06-14,3.2044999599456787,249,2013-06
2013-06-17,3.2019999027252197,182,2013-06
2013-06-18,3.1570000648498535,119,2013-06
2013-06-19,3.1435000896453857,201,2013-06
2013-06-20,3.061500072479248,254,2013-06
2013-06-21,3.0964999198913574,202,2013-06
2013-06-24,3.0260000228881836,141,2013-06
2013-06-25,3.071000099182129,198,2013-06
2013-06-26,3.0409998893737793,70664,2013-06
2013-06-27,3.052500009536743,18959,2013-06
2013-06-28,3.05049991607666,2563,2013-06
2013-07-01,3.1549999713897705,1342,2013-07
2013-07-02,3.1419999599456787,915,2013-07
2013-07-03,3.1740000247955322,716,2013-07
2013-07-05,3.0799999237060547,1057,2013-07
2013-07-08,3.1115000247955322,631,2013-07
2013-07-09,3.0759999752044678,577,2013-07
2013-07-10,3.1010000705718994,324,2013-07
2013-07-11,3.183500051498413,628,2013-07
2013-07-12,3.1705000400543213,286,2013-07
2013-07-15,3.1610000133514404,315,2013-07
2013-07-16,3.19950008392334,203,2013-07
2013-07-17,3.140500068664551,441,2013-07
2013-07-18,3.1424999237060547,276,2013-07
2013-07-19,3.1500000953674316,470,2013-07
2013-07-22,3.189500093460083,282,2013-07
2013-07-23,3.197999954223633,386,2013-07
2013-07-24,3.18149995803833,227,2013-07
2013-07-25,3.188499927520752,259,2013-07
2013-07-26,3.1089999675750732,643,2013-07
2013-07-29,3.116499900817871,647,2013-07
2013-07-30,3.0409998893737793,323,2013-07
2013-07-31,3.118499994277954,400,2013-07
2013-08-01,3.1640000343322754,419,2013-08
2013-08-02,3.1695001125335693,403,2013-08
2013-08-05,3.1670000553131104,154,2013-08
2013-08-06,3.171999931335449,323,2013-08
2013-08-07,3.177500009536743,679,2013-08
2013-08-08,3.2704999446868896,466,2013-08
2013-08-09,3.308500051498413,143,2013-08
2013-08-12,3.30649995803833,180,2013-08
2013-08-13,3.31850004196167,239,2013-08
2013-08-14,3.3405001163482666,167,2013-08
2013-08-15,3.3380000591278076,241,2013-08
2013-08-16,3.364500045776367,128,2013-08
2013-08-19,3.3364999294281006,147,2013-08
2013-08-20,3.3394999504089355,136,2013-08
2013-08-21,3.311500072479248,224,2013-08
2013-08-22,3.3329999446868896,129,2013-08
2013-08-23,3.3519999980926514,198,2013-08
2013-08-26,3.322000026702881,273,2013-08
2013-08-27,3.3324999809265137,263,2013-08
2013-08-28,3.306999921798706,45734,2013-08
2013-08-29,3.24399995803833,15556,2013-08
2013-08-30,3.2249999046325684,0,2013-08
2013-09-03,3.2964999675750732,873,2013-09
2013-09-04,3.2365000247955322,589,2013-09
2013-09-05,3.240999937057495,411,2013-09
2013-09-06,3.257999897003174,558,2013-09
2013-09-09,3.2755000591278076,417,2013-09
2013-09-10,3.2614998817443848,423,2013-09
2013-09-11,3.256500005722046,828,2013-09
2013-09-12,3.2125000953674316,681,2013-09
2013-09-13,3.2070000171661377,461,2013-09
2013-09-16,3.2269999980926514,431,2013-09
2013-09-17,3.2279999256134033,455,2013-09
2013-09-18,3.2834999561309814,334,2013-09
2013-09-19,3.3499999046325684,275,2013-09
2013-09-20,3.327500104904175,400,2013-09
2013-09-23,3.308000087738037,404,2013-09
2013-09-24,3.265500068664551,414,2013-09
2013-09-25,3.2804999351501465,304,2013-09
2013-09-26,3.303999900817871,1305,2013-09
2013-09-27,3.325500011444092,409,2013-09
2013-09-30,3.321000099182129,496,2013-09
2013-10-01,3.2720000743865967,311,2013-10
2013-10-02,3.311500072479248,221,2013-10
2013-10-03,3.26200008392334,607,2013-10
2013-10-04,3.2934999465942383,142,2013-10
2013-10-07,3.2894999980926514,325,2013-10
2013-10-08,3.2820000648498535,252,2013-10
2013-10-09,3.2214999198913574,313,2013-10
2013-10-10,3.240999937057495,467,2013-10
2013-10-11,3.265000104904175,551,2013-10
2013-10-14,3.299999952316284,97,2013-10
2013-10-15,3.303999900817871,94,2013-10
2013-10-16,3.30049991607666,233,2013-10
2013-10-17,3.2890000343322754,145,2013-10
2013-10-18,3.2929999828338623,194,2013-10
2013-10-21,3.2960000038146973,88,2013-10
2013-10-22,3.3285000324249268,106,2013-10
2013-10-23,3.2664999961853027,270,2013-10
2013-10-24,3.260999917984009,82,2013-10
2013-10-25,3.265500068664551,201,2013-10
2013-10-28,3.260999917984009,221,2013-10
2013-10-29,3.2755000591278076,403,2013-10
2013-10-30,3.320499897003174,292,2013-10
2013-10-31,3.2945001125335693,434,2013-10
2013-11-01,3.2934999465942383,285,2013-11
2013-11-04,3.247499942779541,308,2013-11
2013-11-05,3.252500057220459,102,2013-11
2013-11-06,3.234999895095825,175,2013-11
2013-11-07,3.249000072479248,243,2013-11
2013-11-08,3.253000020980835,212,2013-11
2013-11-11,3.26200008392334,118,2013-11
2013-11-12,3.2365000247955322,79,2013-11
2013-11-13,3.1640000343322754,261,2013-11
2013-11-14,3.1610000133514404,283,2013-11
2013-11-15,3.1730000972747803,151,2013-11
2013-11-18,3.1535000801086426,112,2013-11
2013-11-19,3.1619999408721924,82,2013-11
2013-11-20,3.1614999771118164,348,2013-11
2013-11-21,3.197499990463257,188,2013-11
2013-11-22,3.2265000343322754,202,2013-11
2013-11-25,3.239000082015991,426,2013-11
2013-11-26,3.2290000915527344,40475,2013-11
2013-11-27,3.200500011444092,23767,2013-11
2013-11-29,3.2304999828338623,2737,2013-11
2013-12-02,3.2174999713897705,1788,2013-12
2013-12-03,3.2009999752044678,915,2013-12
2013-12-04,3.2715001106262207,682,2013-12
2013-12-05,3.2614998817443848,305,2013-12
2013-12-06,3.2695000171661377,568,2013-12
2013-12-09,3.2955000400543213,1231,2013-12
2013-12-10,3.301500082015991,516,2013-12
2013-12-11,3.3315000534057617,574,2013-12
2013-12-12,3.3320000171661377,419,2013-12
2013-12-13,3.3519999980926514,581,2013-12
2013-12-16,3.375999927520752,506,2013-12
2013-12-17,3.367000102996826,533,2013-12
2013-12-18,3.3610000610351562,646,2013-12
2013-12-19,3.3405001163482666,395,2013-12
2013-12-20,3.3480000495910645,542,2013-12
2013-12-23,3.3505001068115234,590,2013-12
2013-12-24,3.4175000190734863,334,2013-12
2013-12-26,3.44950008392334,434,2013-12
2013-12-27,3.4700000286102295,622,2013-12
2013-12-30,3.4205000400543213,348,2013-12
2013-12-31,3.441499948501587,205,2013-12
2014-01-02,3.43149995803833,350,2014-01
2014-01-03,3.4059998989105225,356,2014-01
2014-01-06,3.4119999408721924,358,2014-01
2014-01-07,3.4110000133514404,296,2014-01
2014-01-08,3.3935000896453857,185,2014-01
2014-01-09,3.3540000915527344,351,2014-01
2014-01-10,3.38700008392334,301,2014-01
2014-01-13,3.4000000953674316,249,2014-01
2014-01-14,3.388000011444092,236,2014-01
2014-01-15,3.4065001010894775,213,2014-01
2014-01-16,3.3910000324249268,275,2014-01
2014-01-17,3.378499984741211,390,2014-01
2014-01-21,3.3914999961853027,414,2014-01
2014-01-22,3.375,229,2014-01
2014-01-23,3.322499990463257,198,2014-01
2014-01-24,3.303999900817871,177,2014-01
2014-01-27,3.2939999103546143,216,2014-01
2014-01-28,3.2855000495910645,205,2014-01
2014-01-29,3.2679998874664307,459,2014-01
2014-01-30,3.23799991607666,341,2014-01
2014-01-31,3.2204999923706055,412,2014-01
2014-02-03,3.19950008392334,174,2014-02
2014-02-04,3.2170000076293945,1197,2014-02
2014-02-05,3.2144999504089355,142,2014-02
2014-02-06,3.259000062942505,290,2014-02
2014-02-07,3.2709999084472656,183,2014-02
2014-02-10,3.2720000743865967,242,2014-02
2014-02-11,3.2699999809265137,324,2014-02
2014-02-12,3.315500020980835,246,2014-02
2014-02-13,3.306999921798706,325,2014-02
2014-02-14,3.320499897003174,317,2014-02
2014-02-18,3.3405001163482666,247,2014-02
2014-02-19,3.3355000019073486,307,2014-02
2014-02-20,3.3239998817443848,250,2014-02
2014-02-21,3.3359999656677246,202,2014-02
2014-02-24,3.3589999675750732,296,2014-02
2014-02-25,3.3380000591278076,424,2014-02
2014-02-26,3.2695000171661377,34530,2014-02
2014-02-27,3.2365000247955322,7593,2014-02
2014-02-28,3.2385001182556152,2077,2014-02
2014-03-03,3.2204999923706055,611,2014-03
2014-03-04,3.2614998817443848,747,2014-03
2014-03-05,3.253000020980835,765,2014-03
2014-03-06,3.2755000591278076,577,2014-03
2014-03-07,3.1565001010894775,1515,2014-03
2014-03-10,3.1105000972747803,796,2014-03
2014-03-11,3.0309998989105225,516,2014-03
2014-03-12,3.0260000228881836,369,2014-03
2014-03-13,2.990499973297119,292,2014-03
2014-03-14,3.013000011444092,294,2014-03
2014-03-17,3.002000093460083,323,2014-03
2014-03-18,2.994499921798706,243,2014-03
2014-03-19,3.0280001163482666,273,2014-03
2014-03-20,2.9760000705718994,419,2014-03
2014-03-21,2.99399995803833,283,2014-03
2014-03-24,2.989500045776367,320,2014-03
2014-03-25,3.0455000400543213,574,2014-03
2014-03-26,3.010499954223633,517,2014-03
2014-03-27,3.0364999771118164,358,2014-03
2014-03-28,3.059000015258789,521,2014-03
2014-03-31,3.0464999675750732,450,2014-03
2014-04-01,3.055000066757202,273,2014-04
2014-04-02,3.065000057220459,248,2014-04
2014-04-03,3.046999931335449,236,2014-04
2014-04-04,3.0429999828338623,210,2014-04
2014-04-07,3.063499927520752,179,2014-04
2014-04-08,3.0764999389648438,151,2014-04
2014-04-09,3.065999984741211,183,2014-04
2014-04-10,3.068000078201294,103,2014-04
2014-04-11,3.065999984741211,217,2014-04
2014-04-14,3.066999912261963,227,2014-04
2014-04-15,3.0164999961853027,393,2014-04
2014-04-16,3.05049991607666,145,2014-04
2014-04-17,3.069499969482422,184,2014-04
2014-04-21,3.068000078201294,217,2014-04
2014-04-22,3.0785000324249268,141,2014-04
2014-04-23,3.0820000171661377,135,2014-04
2014-04-24,3.1364998817443848,137,2014-04
2014-04-25,3.127000093460083,227,2014-04
2014-04-28,3.1085000038146973,29680,2014-04
2014-04-29,3.072499990463257,7404,2014-04
2014-04-30,3.0295000076293945,2671,2014-04
2014-05-01,3.0290000438690186,588,2014-05
2014-05-02,3.0815000534057617,403,2014-05
2014-05-05,3.071000099182129,399,2014-05
2014-05-06,3.075000047683716,223,2014-05
2014-05-07,3.05049991607666,404,2014-05
2014-05-08,3.0824999809265137,324,2014-05
2014-05-09,3.1005001068115234,363,2014-05
2014-05-12,3.1665000915527344,470,2014-05
2014-05-13,3.1494998931884766,419,2014-05
2014-05-14,3.1740000247955322,441,2014-05
2014-05-15,3.1619999408721924,434,2014-05
2014-05-16,3.1610000133514404,276,2014-05
2014-05-19,3.179500102996826,391,2014-05
2014-05-20,3.1559998989105225,672,2014-05
2014-05-21,3.130500078201294,414,2014-05
2014-05-22,3.1519999504089355,312,2014-05
2014-05-23,3.180000066757202,277,2014-05
2014-05-27,3.19350004196167,574,2014-05
2014-05-28,3.188499927520752,693,2014-05
2014-05-29,3.1535000801086426,668,2014-05
2014-05-30,3.135999917984009,317,2014-05
2014-06-02,3.178999900817871,319,2014-06
2014-06-03,3.1454999446868896,245,2014-06
2014-06-04,3.0934998989105225,311,2014-06
2014-06-05,3.0910000801086426,256,2014-06
2014-06-06,3.052999973297119,422,2014-06
2014-06-09,3.0455000400543213,259,2014-06
2014-06-10,3.055000066757202,241,2014-06
2014-06-11,3.0420000553131104,309,2014-06
2014-06-12,3.0169999599456787,227,2014-06
2014-06-13,3.0304999351501465,450,2014-06
2014-06-16,3.046999931335449,208,2014-06
2014-06-17,3.057499885559082,265,2014-06
2014-06-18,3.055500030517578,183,2014-06
2014-06-19,3.075000047683716,218,2014-06
2014-06-20,3.117500066757202,346,2014-06
2014-06-23,3.1454999446868896,230,2014-06
2014-06-24,3.1465001106262207,545,2014-06
2014-06-25,3.1605000495910645,498,2014-06
2014-06-26,3.1610000133514404,32938,2014-06
2014-06-27,3.1489999294281006,9621,2014-06
2014-06-30,3.187999963760376,1719,2014-06
2014-07-01,3.190999984741211,650,2014-07
2014-07-02,3.252500057220459,491,2014-07
2014-07-03,3.265000104904175,657,2014-07
2014-07-07,3.248500108718872,356,2014-07
2014-07-08,3.243000030517578,286,2014-07
2014-07-09,3.2365000247955322,420,2014-07
2014-07-10,3.25600004196167,344,2014-07
2014-07-11,3.258500099182129,338,2014-07
2014-07-14,3.2385001182556152,322,2014-07
2014-07-15,3.2385001182556152,271,2014-07
2014-07-16,3.2049999237060547,367,2014-07
2014-07-17,3.2090001106262207,322,2014-07
2014-07-18,3.1740000247955322,390,2014-07
2014-07-21,3.186500072479248,176,2014-07
2014-07-22,3.195499897003174,230,2014-07
2014-07-23,3.194999933242798,374,2014-07
2014-07-24,3.253999948501587,217,2014-07
2014-07-25,3.2269999980926514,217,2014-07
2014-07-28,3.2309999465942383,296,2014-07
2014-07-29,3.2095000743865967,558,2014-07
2014-07-30,3.2325000762939453,725,2014-07
2014-07-31,3.2230000495910645,375,2014-07
2014-08-01,3.2065000534057617,224,2014-08
2014-08-04,3.2365000247955322,376,2014-08
2014-08-05,3.1989998817443848,458,2014-08
2014-08-06,3.1624999046325684,557,2014-08
2014-08-07,3.1705000400543213,265,2014-08
2014-08-08,3.1659998893737793,315,2014-08
2014-08-11,3.1670000553131104,296,2014-08
2014-08-12,3.1489999294281006,365,2014-08
2014-08-13,3.1059999465942383,263,2014-08
2014-08-14,3.0855000019073486,204,2014-08
2014-08-15,3.0969998836517334,249,2014-08
2014-08-18,3.1029999256134033,238,2014-08
2014-08-19,3.0855000019073486,420,2014-08
2014-08-20,3.1740000247955322,380,2014-08
2014-08-21,3.171999931335449,262,2014-08
2014-08-22,3.1989998817443848,213,2014-08
2014-08-25,3.2135000228881836,155,2014-08
2014-08-26,3.181999921798706,172,2014-08
2014-08-27,3.174499988555908,24355,2014-08
2014-08-28,3.126499891281128,5334,2014-08
2014-08-29,3.134999990463257,1533,2014-08
2014-09-02,3.134500026702881,1112,2014-09
2014-09-03,3.1115000247955322,1108,2014-09
2014-09-04,3.1384999752044678,513,2014-09
2014-09-05,3.1579999923706055,528,2014-09
2014-09-08,3.1575000286102295,479,2014-09
2014-09-09,3.0945000648498535,979,2014-09
2014-09-10,3.1045000553131104,438,2014-09
2014-09-11,3.0869998931884766,315,2014-09
2014-09-12,3.1019999980926514,323,2014-09
2014-09-15,3.0810000896453857,298,2014-09
2014-09-16,3.1600000858306885,258,2014-09
2014-09-17,3.1414999961853027,223,2014-09
2014-09-18,3.0924999713897705,199,2014-09
2014-09-19,3.0885000228881836,225,2014-09
2014-09-22,3.0380001068115234,373,2014-09
2014-09-23,3.0344998836517334,240,2014-09
2014-09-24,3.059499979019165,402,2014-09
2014-09-25,3.059999942779541,449,2014-09
2014-09-26,3.0290000438690186,634,2014-09
2014-09-29,3.052999973297119,594,2014-09
2014-09-30,3.005500078201294,331,2014-09
2014-10-01,3.0334999561309814,243,2014-10
2014-10-02,2.996500015258789,338,2014-10
2014-10-03,2.994499921798706,350,2014-10
2014-10-06,3.0304999351501465,307,2014-10
2014-10-07,3.0344998836517334,211,2014-10
2014-10-08,3.0,228,2014-10
2014-10-09,3.0280001163482666,143,2014-10
2014-10-10,3.0320000648498535,200,2014-10
2014-10-13,3.0364999771118164,205,2014-10
2014-10-14,3.0850000381469727,162,2014-10
2014-10-15,3.004499912261963,197,2014-10
2014-10-16,2.9784998893737793,183,2014-10
2014-10-17,3.000999927520752,110,2014-10
2014-10-20,2.990499973297119,329,2014-10
2014-10-21,3.0309998989105225,142,2014-10
2014-10-22,3.0225000381469727,242,2014-10
2014-10-23,3.049999952316284,217,2014-10
2014-10-24,3.0510001182556152,113,2014-10
2014-10-27,3.078000068664551,194,2014-10
2014-10-28,3.1085000038146973,84,2014-10
2014-10-29,3.111999988555908,535,2014-10
2014-10-30,3.072000026702881,483,2014-10
2014-10-31,3.061000108718872,292,2014-10
2014-11-03,3.0794999599456787,182,2014-11
2014-11-04,3.0334999561309814,217,2014-11
2014-11-05,3.0225000381469727,302,2014-11
2014-11-06,3.0304999351501465,208,2014-11
2014-11-07,3.052500009536743,241,2014-11
2014-11-10,3.0274999141693115,268,2014-11
2014-11-11,3.0415000915527344,222,2014-11
2014-11-12,3.0344998836517334,198,2014-11
2014-11-13,2.999500036239624,226,2014-11
2014-11-14,3.058000087738037,337,2014-11
2014-11-17,3.049499988555908,253,2014-11
2014-11-18,3.010999917984009,252,2014-11
2014-11-19,3.046999931335449,403,2014-11
2014-11-20,3.0274999141693115,394,2014-11
2014-11-21,3.0350000858306885,175,2014-11
2014-11-24,3.003999948501587,273,2014-11
2014-11-25,2.9609999656677246,50357,2014-11
2014-11-26,2.9600000381469727,13236,2014-11
2014-11-28,2.859999895095825,4445,2014-11
2014-12-01,2.930500030517578,1035,2014-12
2014-12-02,2.9135000705718994,246,2014-12
2014-12-03,2.8929998874664307,440,2014-12
2014-12-04,2.932499885559082,564,2014-12
2014-12-05,2.92549991607666,408,2014-12
2014-12-08,2.9105000495910645,361,2014-12
2014-12-09,2.946500062942505,562,2014-12
2014-12-10,2.9140000343322754,327,2014-12
2014-12-11,2.940999984741211,357,2014-12
2014-12-12,2.946500062942505,219,2014-12
2014-12-15,2.8980000019073486,326,2014-12
2014-12-16,2.877500057220459,440,2014-12
2014-12-17,2.887500047683716,254,2014-12
2014-12-18,2.872499942779541,158,2014-12
2014-12-19,2.9079999923706055,189,2014-12
2014-12-22,2.9035000801086426,164,2014-12
2014-12-23,2.9019999504089355,198,2014-12
2014-12-24,2.874500036239624,134,2014-12
2014-12-26,2.8355000019073486,248,2014-12
2014-12-29,2.8380000591278076,535,2014-12
2014-12-30,2.86899995803833,468,2014-12
2014-12-31,2.8385000228881836,194,2014-12
2015-01-02,2.8385000228881836,220,2015-01
2015-01-05,2.7929999828338623,326,2015-01
2015-01-06,2.803999900817871,312,2015-01
2015-01-07,2.7960000038146973,463,2015-01
2015-01-08,2.806999921798706,242,2015-01
2015-01-09,2.7904999256134033,303,2015-01
2015-01-12,2.763000011444092,311,2015-01
2015-01-13,2.678999900817871,599,2015-01
2015-01-14,2.552999973297119,328,2015-01
2015-01-15,2.6110000610351562,359,2015-01
2015-01-16,2.6540000438690186,467,2015-01
2015-01-20,2.615499973297119,593,2015-01
2015-01-21,2.615000009536743,508,2015-01
2015-01-22,2.6005001068115234,180,2015-01
2015-01-23,2.5374999046325684,216,2015-01
2015-01-26,2.573499917984009,182,2015-01
2015-01-27,2.5134999752044678,314,2015-01
2015-01-28,2.5215001106262207,527,2015-01
2015-01-29,2.4704999923706055,572,2015-01
2015-01-30,2.5280001163482666,309,2015-01
2015-02-02,2.510999917984009,403,2015-02
2015-02-03,2.5999999046325684,281,2015-02
2015-02-04,2.611999988555908,374,2015-02
2015-02-05,2.611999988555908,229,2015-02
2015-02-06,2.6029999256134033,211,2015-02
2015-02-09,2.5989999771118164,305,2015-02
2015-02-10,2.5625,301,2015-02
2015-02-11,2.552500009536743,225,2015-02
2015-02-12,2.6089999675750732,348,2015-02
2015-02-13,2.6135001182556152,242,2015-02
2015-02-17,2.5945000648498535,332,2015-02
2015-02-18,2.6394999027252197,308,2015-02
2015-02-19,2.6414999961853027,233,2015-02
2015-02-20,2.6105000972747803,235,2015-02
2015-02-23,2.6394999027252197,309,2015-02
2015-02-24,2.7114999294281006,1028,2015-02
2015-02-25,2.7074999809265137,37221,2015-02
2015-02-26,2.7139999866485596,14109,2015-02
2015-02-27,2.7160000801086426,2710,2015-02
2015-03-02,2.7109999656677246,1221,2015-03
2015-03-03,2.6735000610351562,1083,2015-03
2015-03-04,2.677000045776367,625,2015-03
2015-03-05,2.671999931335449,567,2015-03
2015-03-06,2.628999948501587,803,2015-03
2015-03-09,2.687000036239624,412,2015-03
2015-03-10,2.634999990463257,723,2015-03
2015-03-11,2.622499942779541,433,2015-03
2015-03-12,2.674499988555908,493,2015-03
2015-03-13,2.678499937057495,462,2015-03
2015-03-16,2.677500009536743,450,2015-03
2015-03-17,2.6414999961853027,432,2015-03
2015-03-18,2.5869998931884766,811,2015-03
2015-03-19,2.674499988555908,224,2015-03
2015-03-20,2.7750000953674316,284,2015-03
2015-03-23,2.808000087738037,378,2015-03
2015-03-24,2.815000057220459,411,2015-03
2015-03-25,2.805000066757202,834,2015-03
2015-03-26,2.821500062942505,483,2015-03
2015-03-27,2.7750000953674316,714,2015-03
2015-03-30,2.7874999046325684,671,2015-03
2015-03-31,2.746999979019165,401,2015-03
2015-04-01,2.756500005722046,550,2015-04
2015-04-02,2.747999906539917,306,2015-04
2015-04-06,2.7320001125335693,191,2015-04
2015-04-07,2.7769999504089355,232,2015-04
2015-04-08,2.748500108718872,295,2015-04
2015-04-09,2.744999885559082,182,2015-04
2015-04-10,2.750499963760376,212,2015-04
2015-04-13,2.736999988555908,308,2015-04
2015-04-14,2.7195000648498535,347,2015-04
2015-04-15,2.7295000553131104,288,2015-04
2015-04-16,2.7855000495910645,338,2015-04
2015-04-17,2.7834999561309814,776,2015-04
2015-04-20,2.7355000972747803,743,2015-04
2015-04-21,2.7049999237060547,328,2015-04
2015-04-22,2.6695001125335693,168,2015-04
2015-04-23,2.697999954223633,173,2015-04
2015-04-24,2.752000093460083,328,2015-04
2015-04-27,2.7739999294281006,529,2015-04
2015-04-28,2.7799999713897705,24423,2015-04
2015-04-29,2.7950000762939453,7289,2015-04
2015-04-30,2.8864998817443848,2373,2015-04
2015-05-01,2.93149995803833,1072,2015-05
2015-05-04,2.9240000247955322,581,2015-05
2015-05-05,2.940000057220459,509,2015-05
2015-05-06,2.932499885559082,816,2015-05
2015-05-07,2.9260001182556152,585,2015-05
2015-05-08,2.930999994277954,689,2015-05
2015-05-11,2.9175000190734863,737,2015-05
2015-05-12,2.950500011444092,386,2015-05
2015-05-13,2.950000047683716,779,2015-05
2015-05-14,2.946000099182129,266,2015-05
2015-05-15,2.9489998817443848,437,2015-05
2015-05-18,2.930000066757202,637,2015-05
2015-05-19,2.8615000247955322,593,2015-05
2015-05-20,2.8515000343322754,545,2015-05
2015-05-21,2.871000051498413,365,2015-05
2015-05-22,2.8334999084472656,541,2015-05
2015-05-26,2.8534998893737793,1167,2015-05
2015-05-27,2.815999984741211,683,2015-05
2015-05-28,2.7929999828338623,604,2015-05
2015-05-29,2.759500026702881,427,2015-05
2015-06-01,2.740999937057495,339,2015-06
2015-06-02,2.757999897003174,294,2015-06
2015-06-03,2.750499963760376,271,2015-06
2015-06-04,2.7155001163482666,265,2015-06
2015-06-05,2.7219998836517334,294,2015-06
2015-06-08,2.7160000801086426,352,2015-06
2015-06-09,2.740499973297119,351,2015-06
2015-06-10,2.7715001106262207,231,2015-06
2015-06-11,2.693000078201294,319,2015-06
2015-06-12,2.69950008392334,329,2015-06
2015-06-15,2.6589999198913574,622,2015-06
2015-06-16,2.626499891281128,313,2015-06
2015-06-17,2.622999906539917,265,2015-06
2015-06-18,2.628499984741211,258,2015-06
2015-06-19,2.5920000076293945,271,2015-06
2015-06-22,2.5880000591278076,189,2015-06
2015-06-23,2.634000062942505,197,2015-06
2015-06-24,2.6465001106262207,197,2015-06
2015-06-25,2.6454999446868896,263,2015-06
2015-06-26,2.6449999809265137,28592,2015-06
2015-06-29,2.6384999752044678,6773,2015-06
2015-06-30,2.623500108718872,1984,2015-06
2015-07-01,2.635499954223633,942,2015-07
2015-07-02,2.634500026702881,630,2015-07
2015-07-06,2.5429999828338623,1396,2015-07
2015-07-07,2.4509999752044678,919,2015-07
2015-07-08,2.503999948501587,664,2015-07
2015-07-09,2.558000087738037,660,2015-07
2015-07-10,2.5455000400543213,966,2015-07
2015-07-13,2.555500030517578,561,2015-07
2015-07-14,2.5445001125335693,412,2015-07
2015-07-15,2.5304999351501465,646,2015-07
2015-07-16,2.5315001010894775,458,2015-07
2015-07-17,2.504499912261963,390,2015-07
2015-07-20,2.4839999675750732,894,2015-07
2015-07-21,2.4774999618530273,481,2015-07
2015-07-22,2.43149995803833,378,2015-07
2015-07-23,2.385499954223633,598,2015-07
2015-07-24,2.381500005722046,474,2015-07
2015-07-27,2.3505001068115234,499,2015-07
2015-07-28,2.4030001163482666,565,2015-07
2015-07-29,2.4079999923706055,543,2015-07
2015-07-30,2.381500005722046,1104,2015-07
2015-07-31,2.367500066757202,749,2015-07
2015-08-03,2.3475000858306885,964,2015-08
2015-08-04,2.365000009536743,383,2015-08
2015-08-05,2.3529999256134033,585,2015-08
2015-08-06,2.3480000495910645,480,2015-08
2015-08-07,2.3415000438690186,276,2015-08
2015-08-10,2.4075000286102295,282,2015-08
2015-08-11,2.3410000801086426,342,2015-08
2015-08-12,2.3605000972747803,288,2015-08
2015-08-13,2.365499973297119,275,2015-08
2015-08-14,2.364000082015991,361,2015-08
2015-08-17,2.3324999809265137,282,2015-08
2015-08-18,2.296999931335449,300,2015-08
2015-08-19,2.2829999923706055,317,2015-08
2015-08-20,2.322999954223633,258,2015-08
2015-08-21,2.306999921798706,360,2015-08
2015-08-24,2.2690000534057617,346,2015-08
2015-08-25,2.322999954223633,371,2015-08
2015-08-26,2.250999927520752,315,2015-08
2015-08-27,2.3340001106262207,38198,2015-08
2015-08-28,2.3464999198913574,8234,2015-08
2015-08-31,2.3380000591278076,2156,2015-08
2015-09-01,2.302500009536743,1129,2015-09
2015-09-02,2.3329999446868896,1093,2015-09
2015-09-03,2.390000104904175,897,2015-09
2015-09-04,2.319499969482422,596,2015-09
2015-09-08,2.438499927520752,1304,2015-09
2015-09-09,2.442500114440918,476,2015-09
2015-09-10,2.4544999599456787,553,2015-09
2015-09-11,2.4619998931884766,507,2015-09
2015-09-14,2.4140000343322754,488,2015-09
2015-09-15,2.436000108718872,455,2015-09
2015-09-16,2.4614999294281006,498,2015-09
2015-09-17,2.4614999294281006,362,2015-09
2015-09-18,2.3970000743865967,595,2015-09
2015-09-21,2.3984999656677246,329,2015-09
2015-09-22,2.306999921798706,594,2015-09
2015-09-23,2.305500030517578,347,2015-09
2015-09-24,2.312000036239624,664,2015-09
2015-09-25,2.2915000915527344,408,2015-09
2015-09-28,2.25600004196167,487,2015-09
2015-09-29,2.253499984741211,603,2015-09
2015-09-30,2.3454999923706055,539,2015-09
2015-10-01,2.307499885559082,422,2015-10
2015-10-02,2.3294999599456787,207,2015-10
2015-10-05,2.359999895095825,254,2015-10
2015-10-06,2.3589999675750732,253,2015-10
2015-10-07,2.371500015258789,262,2015-10
2015-10-08,2.3469998836517334,384,2015-10
2015-10-09,2.4170000553131104,233,2015-10
2015-10-12,2.4195001125335693,237,2015-10
2015-10-13,2.3914999961853027,306,2015-10
2015-10-14,2.4200000762939453,244,2015-10
2015-10-15,2.4260001182556152,285,2015-10
2015-10-16,2.4070000648498535,253,2015-10
2015-10-19,2.371500015258789,229,2015-10
2015-10-20,2.369499921798706,298,2015-10
2015-10-21,2.364000082015991,234,2015-10
2015-10-22,2.384500026702881,216,2015-10
2015-10-23,2.3499999046325684,373,2015-10
2015-10-26,2.3564999103546143,259,2015-10
2015-10-27,2.3580000400543213,353,2015-10
2015-10-28,2.3545000553131104,615,2015-10
2015-10-29,2.315500020980835,439,2015-10
2015-10-30,2.313499927520752,346,2015-10
2015-11-02,2.315500020980835,651,2015-11
2015-11-03,2.3269999027252197,408,2015-11
2015-11-04,2.319499969482422,392,2015-11
2015-11-05,2.253499984741211,523,2015-11
2015-11-06,2.241499900817871,329,2015-11
2015-11-09,2.2300000190734863,332,2015-11
2015-11-10,2.2165000438690186,246,2015-11
2015-11-11,2.2165000438690186,279,2015-11
2015-11-12,2.1730000972747803,311,2015-11
2015-11-13,2.1700000762939453,442,2015-11
2015-11-16,2.118000030517578,306,2015-11
2015-11-17,2.1054999828338623,275,2015-11
2015-11-18,2.078000068664551,277,2015-11
2015-11-19,2.0764999389648438,296,2015-11
2015-11-20,2.053999900817871,270,2015-11
2015-11-23,2.0195000171661377,291,2015-11
2015-11-24,2.053499937057495,361,2015-11
2015-11-25,2.0445001125335693,47591,2015-11
2015-11-27,2.05049991607666,20906,2015-11
2015-11-30,2.0445001125335693,3748,2015-11
2015-12-01,2.066499948501587,1713,2015-12
2015-12-02,2.0290000438690186,887,2015-12
2015-12-03,2.055999994277954,665,2015-12
2015-12-04,2.0739998817443848,610,2015-12
2015-12-07,2.0445001125335693,628,2015-12
2015-12-08,2.0480000972747803,381,2015-12
2015-12-09,2.059999942779541,574,2015-12
2015-12-10,2.065000057220459,325,2015-12
2015-12-11,2.1080000400543213,633,2015-12
2015-12-14,2.1040000915527344,371,2015-12
2015-12-15,2.0510001182556152,489,2015-12
2015-12-16,2.061000108718872,645,2015-12
2015-12-17,2.0344998836517334,405,2015-12
2015-12-18,2.1029999256134033,597,2015-12
2015-12-21,2.128999948501587,347,2015-12
2015-12-22,2.0969998836517334,341,2015-12
2015-12-23,2.1115000247955322,329,2015-12
2015-12-24,2.1115000247955322,188,2015-12
2015-12-28,2.066499948501587,418,2015-12
2015-12-29,2.125,989,2015-12
2015-12-30,2.13700008392334,640,2015-12
2015-12-31,2.125499963760376,312,2015-12
2016-01-04,2.070499897003174,1080,2016-01
2016-01-05,2.0885000228881836,321,2016-01
2016-01-06,2.0804998874664307,523,2016-01
2016-01-07,2.015500068664551,413,2016-01
2016-01-08,2.0164999961853027,352,2016-01
2016-01-11,1.9674999713897705,411,2016-01
2016-01-12,1.9529999494552612,686,2016-01
2016-01-13,1.9505000114440918,386,2016-01
2016-01-14,1.9709999561309814,420,2016-01
2016-01-15,1.9394999742507935,502,2016-01
2016-01-19,1.9735000133514404,398,2016-01
2016-01-20,1.9559999704360962,269,2016-01
2016-01-21,1.9930000305175781,215,2016-01
2016-01-22,1.9984999895095825,154,2016-01
2016-01-25,1.9954999685287476,433,2016-01
2016-01-26,2.0339999198913574,353,2016-01
2016-01-27,2.062999963760376,573,2016-01
2016-01-28,2.0490000247955322,508,2016-01
2016-01-29,2.063999891281128,218,2016-01
2016-02-01,2.051500082015991,342,2016-02
2016-02-02,2.052000045776367,501,2016-02
2016-02-03,2.0920000076293945,231,2016-02
2016-02-04,2.128000020980835,435,2016-02
2016-02-05,2.1005001068115234,317,2016-02
2016-02-08,2.0885000228881836,220,2016-02
2016-02-09,2.0385000705718994,328,2016-02
2016-02-10,2.0250000953674316,227,2016-02
2016-02-11,2.003999948501587,393,2016-02
2016-02-12,2.0269999504089355,223,2016-02
2016-02-16,2.0490000247955322,312,2016-02
2016-02-17,2.0739998817443848,342,2016-02
2016-02-18,2.071500062942505,321,2016-02
2016-02-19,2.075500011444092,292,2016-02
2016-02-22,2.11299991607666,336,2016-02
2016-02-23,2.1045000553131104,210,2016-02
2016-02-24,2.0950000286102295,238,2016-02
2016-02-25,2.065000057220459,33184,2016-02
2016-02-26,2.118000030517578,13171,2016-02
2016-02-29,2.128499984741211,3035,2016-02
2016-03-01,2.1414999961853027,706,2016-03
2016-03-02,2.177500009536743,1543,2016-03
2016-03-03,2.2044999599456787,664,2016-03
2016-03-04,2.2709999084472656,1079,2016-03
2016-03-07,2.2804999351501465,522,2016-03
2016-03-08,2.2184998989105225,777,2016-03
2016-03-09,2.2300000190734863,392,2016-03
2016-03-10,2.2174999713897705,375,2016-03
2016-03-11,2.2385001182556152,410,2016-03
2016-03-14,2.236999988555908,420,2016-03
2016-03-15,2.2309999465942383,445,2016-03
2016-03-16,2.2314999103546143,280,2016-03
2016-03-17,2.2890000343322754,247,2016-03
2016-03-18,2.2795000076293945,272,2016-03
2016-03-21,2.2894999980926514,186,2016-03
2016-03-22,2.2844998836517334,296,2016-03
2016-03-23,2.2304999828338623,431,2016-03
2016-03-24,2.2244999408721924,500,2016-03
2016-03-28,2.241499900817871,415,2016-03
2016-03-29,2.2084999084472656,405,2016-03
2016-03-30,2.187000036239624,677,2016-03
2016-03-31,2.18149995803833,509,2016-03
2016-04-01,2.1610000133514404,687,2016-04
2016-04-04,2.138000011444092,311,2016-04
2016-04-05,2.134999990463257,287,2016-04
2016-04-06,2.140500068664551,246,2016-04
2016-04-07,2.07450008392334,371,2016-04
2016-04-08,2.0864999294281006,415,2016-04
2016-04-11,2.0885000228881836,242,2016-04
2016-04-12,2.1449999809265137,252,2016-04
2016-04-13,2.1675000190734863,330,2016-04
2016-04-14,2.1710000038146973,303,2016-04
2016-04-15,2.1519999504089355,264,2016-04
2016-04-18,2.1640000343322754,218,2016-04
2016-04-19,2.2230000495910645,244,2016-04
2016-04-20,2.242000102996826,267,2016-04
2016-04-21,2.252000093460083,276,2016-04
2016-04-22,2.2690000534057617,369,2016-04
2016-04-25,2.258500099182129,437,2016-04
2016-04-26,2.248500108718872,456,2016-04
2016-04-27,2.2204999923706055,34932,2016-04
2016-04-28,2.2244999408721924,9800,2016-04
2016-04-29,2.2790000438690186,2527,2016-04
2016-05-02,2.2614998817443848,646,2016-05
2016-05-03,2.2144999504089355,712,2016-05
2016-05-04,2.183000087738037,963,2016-05
2016-05-05,2.1510000228881836,1170,2016-05
2016-05-06,2.1510000228881836,498,2016-05
2016-05-09,2.1040000915527344,597,2016-05
2016-05-10,2.0899999141693115,796,2016-05
2016-05-11,2.1010000705718994,387,2016-05
2016-05-12,2.072999954223633,861,2016-05
2016-05-13,2.075000047683716,1099,2016-05
2016-05-16,2.0910000801086426,397,2016-05
2016-05-17,2.0920000076293945,447,2016-05
2016-05-18,2.0815000534057617,396,2016-05
2016-05-19,2.062999963760376,451,2016-05
2016-05-20,2.058500051498413,380,2016-05
2016-05-23,2.057499885559082,320,2016-05
2016-05-24,2.069499969482422,356,2016-05
2016-05-25,2.1050000190734863,366,2016-05
2016-05-26,2.1064999103546143,732,2016-05
2016-05-27,2.114000082015991,613,2016-05
2016-05-31,2.0975000858306885,587,2016-05
2016-06-01,2.072499990463257,769,2016-06
2016-06-02,2.069499969482422,296,2016-06
2016-06-03,2.111999988555908,577,2016-06
2016-06-06,2.117000102996826,274,2016-06
2016-06-07,2.0510001182556152,524,2016-06
2016-06-08,2.0625,222,2016-06
2016-06-09,2.0399999618530273,316,2016-06
2016-06-10,2.0315001010894775,300,2016-06
2016-06-13,2.057499885559082,499,2016-06
2016-06-14,2.0445001125335693,247,2016-06
2016-06-15,2.0934998989105225,226,2016-06
2016-06-16,2.049999952316284,251,2016-06
2016-06-17,2.052500009536743,216,2016-06
2016-06-20,2.0934998989105225,230,2016-06
2016-06-21,2.116499900817871,278,2016-06
2016-06-22,2.135499954223633,242,2016-06
2016-06-23,2.1635000705718994,335,2016-06
2016-06-24,2.111999988555908,236,2016-06
2016-06-27,2.126499891281128,364,2016-06
2016-06-28,2.1700000762939453,36288,2016-06
2016-06-29,2.183500051498413,7536,2016-06
2016-06-30,2.194499969482422,1764,2016-06
2016-07-01,2.2149999141693115,2021,2016-07
2016-07-05,2.18149995803833,1353,2016-07
2016-07-06,2.1514999866485596,1122,2016-07
2016-07-07,2.122499942779541,893,2016-07
2016-07-08,2.118499994277954,320,2016-07
2016-07-11,2.1470000743865967,548,2016-07
2016-07-12,2.2109999656677246,462,2016-07
2016-07-13,2.23799991607666,816,2016-07
2016-07-14,2.240999937057495,417,2016-07
2016-07-15,2.2304999828338623,275,2016-07
2016-07-18,2.2339999675750732,388,2016-07
2016-07-19,2.2614998817443848,1035,2016-07
2016-07-20,2.252000093460083,371,2016-07
2016-07-21,2.25600004196167,355,2016-07
2016-07-22,2.2339999675750732,317,2016-07
2016-07-25,2.2160000801086426,331,2016-07
2016-07-26,2.2249999046325684,270,2016-07
2016-07-27,2.184999942779541,714,2016-07
2016-07-28,2.2060000896453857,319,2016-07
2016-07-29,2.2204999923706055,234,2016-07
2016-08-01,2.196500062942505,563,2016-08
2016-08-02,2.2065000534057617,443,2016-08
2016-08-03,2.196000099182129,385,2016-08
2016-08-04,2.1740000247955322,355,2016-08
2016-08-05,2.1530001163482666,226,2016-08
2016-08-08,2.1640000343322754,239,2016-08
2016-08-09,2.1494998931884766,227,2016-08
2016-08-10,2.1705000400543213,245,2016-08
2016-08-11,2.190000057220459,237,2016-08
2016-08-12,2.140500068664551,264,2016-08
2016-08-15,2.1514999866485596,241,2016-08
2016-08-16,2.171999931335449,217,2016-08
2016-08-17,2.1519999504089355,307,2016-08
2016-08-18,2.1670000553131104,305,2016-08
2016-08-19,2.1665000915527344,307,2016-08
2016-08-22,2.140000104904175,311,2016-08
2016-08-23,2.115000009536743,340,2016-08
2016-08-24,2.0759999752044678,297,2016-08
2016-08-25,2.075500011444092,275,2016-08
2016-08-26,2.075000047683716,197,2016-08
2016-08-29,2.072499990463257,19596,2016-08
2016-08-30,2.069000005722046,9506,2016-08
2016-08-31,2.069499969482422,1634,2016-08
2016-09-01,2.06850004196167,982,2016-09
2016-09-02,2.071500062942505,573,2016-09
2016-09-06,2.0840001106262207,800,2016-09
2016-09-07,2.0929999351501465,478,2016-09
2016-09-08,2.0959999561309814,429,2016-09
2016-09-09,2.0885000228881836,662,2016-09
2016-09-12,2.0959999561309814,357,2016-09
2016-09-13,2.0954999923706055,474,2016-09
2016-09-14,2.1480000019073486,815,2016-09
2016-09-15,2.1519999504089355,1067,2016-09
2016-09-16,2.1514999866485596,418,2016-09
2016-09-19,2.1489999294281006,550,2016-09
2016-09-20,2.1554999351501465,505,2016-09
2016-09-21,2.1449999809265137,484,2016-09
2016-09-22,2.1875,793,2016-09
2016-09-23,2.192500114440918,723,2016-09
2016-09-26,2.190000057220459,745,2016-09
2016-09-27,2.1614999771118164,506,2016-09
2016-09-28,2.179500102996826,830,2016-09
2016-09-29,2.180999994277954,1123,2016-09
2016-09-30,2.2019999027252197,744,2016-09
2016-10-03,2.183500051498413,666,2016-10
2016-10-04,2.1584999561309814,338,2016-10
2016-10-05,2.1559998989105225,338,2016-10
2016-10-06,2.1480000019073486,223,2016-10
2016-10-07,2.1565001010894775,259,2016-10
2016-10-11,2.178499937057495,475,2016-10
2016-10-12,2.1695001125335693,191,2016-10
2016-10-13,2.115000009536743,422,2016-10
2016-10-14,2.1034998893737793,191,2016-10
2016-10-17,2.0994999408721924,279,2016-10
2016-10-18,2.0980000495910645,342,2016-10
2016-10-19,2.0969998836517334,281,2016-10
2016-10-20,2.0905001163482666,188,2016-10
2016-10-21,2.0834999084472656,183,2016-10
2016-10-24,2.0875000953674316,250,2016-10
2016-10-25,2.132499933242798,420,2016-10
2016-10-26,2.1394999027252197,235,2016-10
2016-10-27,2.1654999256134033,684,2016-10
2016-10-28,2.188499927520752,420,2016-10
2016-10-31,2.200500011444092,311,2016-10
2016-11-01,2.2244999408721924,380,2016-11
2016-11-02,2.2260000705718994,332,2016-11
2016-11-03,2.244499921798706,279,2016-11
2016-11-04,2.260999917984009,355,2016-11
2016-11-07,2.30649995803833,271,2016-11
2016-11-08,2.378999948501587,294,2016-11
2016-11-09,2.4590001106262207,221,2016-11
2016-11-10,2.549499988555908,240,2016-11
2016-11-14,2.5185000896453857,256,2016-11
2016-11-15,2.502000093460083,204,2016-11
2016-11-16,2.4649999141693115,170,2016-11
2016-11-17,2.487499952316284,309,2016-11
2016-11-18,2.4639999866485596,319,2016-11
2016-11-21,2.512500047683716,293,2016-11
2016-11-22,2.5425000190734863,248,2016-11
2016-11-23,2.6059999465942383,409,2016-11
2016-11-25,2.6670000553131104,270,2016-11
2016-11-28,2.6559998989105225,79408,2016-11
2016-11-29,2.5950000286102295,15879,2016-11
2016-11-30,2.621500015258789,2019,2016-11
2016-12-01,2.631500005722046,966,2016-12
2016-12-02,2.615000009536743,766,2016-12
2016-12-05,2.688999891281128,532,2016-12
2016-12-06,2.671999931335449,1022,2016-12
2016-12-07,2.63700008392334,856,2016-12
2016-12-08,2.619999885559082,692,2016-12
2016-12-09,2.6419999599456787,552,2016-12
2016-12-12,2.61299991607666,605,2016-12
2016-12-13,2.5929999351501465,769,2016-12
2016-12-14,2.5999999046325684,739,2016-12
2016-12-15,2.5959999561309814,461,2016-12
2016-12-16,2.561000108718872,631,2016-12
2016-12-19,2.496500015258789,382,2016-12
2016-12-20,2.499500036239624,603,2016-12
2016-12-21,2.491499900817871,232,2016-12
2016-12-22,2.494499921798706,434,2016-12
2016-12-23,2.4725000858306885,443,2016-12
2016-12-27,2.507999897003174,303,2016-12
2016-12-28,2.494999885559082,300,2016-12
2016-12-29,2.4790000915527344,663,2016-12
2016-12-30,2.497499942779541,507,2016-12
2017-01-03,2.4809999465942383,590,2017-01
2017-01-04,2.5480000972747803,742,2017-01
2017-01-05,2.5295000076293945,306,2017-01
2017-01-06,2.5380001068115234,340,2017-01
2017-01-09,2.5299999713897705,236,2017-01
2017-01-10,2.6034998893737793,607,2017-01
2017-01-11,2.6010000705718994,417,2017-01
2017-01-12,2.6605000495910645,215,2017-01
2017-01-13,2.680500030517578,226,2017-01
2017-01-17,2.616499900817871,286,2017-01
2017-01-18,2.6080000400543213,422,2017-01
2017-01-19,2.6015000343322754,193,2017-01
2017-01-20,2.617000102996826,786,2017-01
2017-01-23,2.6394999027252197,244,2017-01
2017-01-24,2.700500011444092,1134,2017-01
2017-01-25,2.702500104904175,207,2017-01
2017-01-26,2.6659998893737793,323,2017-01
2017-01-27,2.680000066757202,985,2017-01
2017-01-30,2.6475000381469727,771,2017-01
2017-01-31,2.7214999198913574,595,2017-01
2017-02-01,2.7044999599456787,691,2017-02
2017-02-02,2.677999973297119,526,2017-02
2017-02-03,2.609499931335449,428,2017-02
2017-02-06,2.6454999446868896,260,2017-02
2017-02-07,2.625999927520752,677,2017-02
2017-02-08,2.6605000495910645,330,2017-02
2017-02-09,2.6480000019073486,316,2017-02
2017-02-10,2.76200008392334,382,2017-02
2017-02-13,2.7764999866485596,405,2017-02
2017-02-14,2.7309999465942383,711,2017-02
2017-02-15,2.7360000610351562,1085,2017-02
2017-02-16,2.7160000801086426,414,2017-02
2017-02-17,2.7054998874664307,268,2017-02
2017-02-21,2.745500087738037,231,2017-02
2017-02-22,2.7325000762939453,174,2017-02
2017-02-23,2.6424999237060547,159,2017-02
2017-02-24,2.680000066757202,51025,2017-02
2017-02-27,2.6875,14418,2017-02
2017-02-28,2.7039999961853027,1739,2017-02
2017-03-01,2.7265000343322754,1180,2017-03
2017-03-02,2.679500102996826,778,2017-03
2017-03-03,2.687000036239624,625,2017-03
2017-03-06,2.6429998874664307,840,2017-03
2017-03-07,2.609499931335449,1728,2017-03
2017-03-08,2.5920000076293945,890,2017-03
2017-03-09,2.569999933242798,834,2017-03
2017-03-10,2.5864999294281006,637,2017-03
2017-03-13,2.616499900817871,390,2017-03
2017-03-14,2.624000072479248,379,2017-03
2017-03-15,2.6454999446868896,320,2017-03
2017-03-16,2.6654999256134033,397,2017-03
2017-03-17,2.679500102996826,295,2017-03
2017-03-20,2.6554999351501465,370,2017-03
2017-03-21,2.609999895095825,550,2017-03
2017-03-22,2.621999979019165,435,2017-03
2017-03-23,2.6364998817443848,388,2017-03
2017-03-24,2.623500108718872,388,2017-03
2017-03-27,2.625,434,2017-03
2017-03-28,2.6689999103546143,357,2017-03
2017-03-29,2.6700000762939453,451,2017-03
2017-03-30,2.6649999618530273,650,2017-03
2017-03-31,2.6465001106262207,631,2017-03
2017-04-03,2.5975000858306885,557,2017-04
2017-04-04,2.6059999465942383,327,2017-04
2017-04-05,2.67549991607666,430,2017-04
2017-04-06,2.6554999351501465,415,2017-04
2017-04-07,2.6449999809265137,363,2017-04
2017-04-10,2.6019999980926514,517,2017-04
2017-04-11,2.6059999465942383,404,2017-04
2017-04-12,2.5439999103546143,293,2017-04
2017-04-13,2.569499969482422,211,2017-04
2017-04-17,2.5950000286102295,173,2017-04
2017-04-18,2.5290000438690186,216,2017-04
2017-04-19,2.5334999561309814,279,2017-04
2017-04-20,2.5409998893737793,491,2017-04
2017-04-21,2.5364999771118164,284,2017-04
2017-04-24,2.553499937057495,520,2017-04
2017-04-25,2.5820000171661377,269,2017-04
2017-04-26,2.5910000801086426,53314,2017-04
2017-04-27,2.5799999237060547,18997,2017-04
2017-04-28,2.5964999198913574,2959,2017-04
2017-05-01,2.6500000953674316,1631,2017-05
2017-05-02,2.625,1072,2017-05
2017-05-03,2.5329999923706055,1012,2017-05
2017-05-04,2.502000093460083,783,2017-05
2017-05-05,2.5195000171661377,521,2017-05
2017-05-08,2.4855000972747803,606,2017-05
2017-05-09,2.490000009536743,647,2017-05
2017-05-10,2.486999988555908,392,2017-05
2017-05-11,2.500999927520752,414,2017-05
2017-05-12,2.5179998874664307,343,2017-05
2017-05-15,2.5329999923706055,601,2017-05
2017-05-16,2.5445001125335693,351,2017-05
2017-05-17,2.5425000190734863,740,2017-05
2017-05-18,2.5264999866485596,587,2017-05
2017-05-19,2.5739998817443848,809,2017-05
2017-05-22,2.5889999866485596,313,2017-05
2017-05-23,2.5905001163482666,973,2017-05
2017-05-24,2.578000068664551,510,2017-05
2017-05-25,2.5920000076293945,772,2017-05
2017-05-26,2.559499979019165,393,2017-05
2017-05-30,2.561000108718872,720,2017-05
2017-05-31,2.5769999027252197,516,2017-05
2017-06-01,2.5845000743865967,645,2017-06
2017-06-02,2.571500062942505,362,2017-06
2017-06-05,2.554500102996826,322,2017-06
2017-06-06,2.5445001125335693,294,2017-06
2017-06-07,2.5490000247955322,253,2017-06
2017-06-08,2.6070001125335693,308,2017-06
2017-06-09,2.6459999084472656,247,2017-06
2017-06-12,2.612499952316284,274,2017-06
2017-06-13,2.5929999351501465,278,2017-06
2017-06-14,2.570499897003174,479,2017-06
2017-06-15,2.563999891281128,524,2017-06
2017-06-16,2.5625,492,2017-06
2017-06-19,2.5894999504089355,265,2017-06
2017-06-20,2.555000066757202,450,2017-06
2017-06-21,2.6019999980926514,251,2017-06
2017-06-22,2.5980000495910645,318,2017-06
2017-06-23,2.622999906539917,231,2017-06
2017-06-26,2.625,315,2017-06
2017-06-27,2.6465001106262207,205,2017-06
2017-06-28,2.6619999408721924,36325,2017-06
2017-06-29,2.683000087738037,9143,2017-06
2017-06-30,2.6989998817443848,1955,2017-06
2017-07-03,2.680999994277954,1563,2017-07
2017-07-05,2.6489999294281006,980,2017-07
2017-07-06,2.6514999866485596,593,2017-07
2017-07-07,2.637500047683716,556,2017-07
2017-07-10,2.6394999027252197,903,2017-07
2017-07-11,2.6644999980926514,763,2017-07
2017-07-12,2.677000045776367,503,2017-07
2017-07-13,2.6545000076293945,568,2017-07
2017-07-14,2.684000015258789,448,2017-07
2017-07-17,2.7170000076293945,538,2017-07
2017-07-18,2.7235000133514404,468,2017-07
2017-07-19,2.703000068664551,433,2017-07
2017-07-20,2.7084999084472656,367,2017-07
2017-07-21,2.7149999141693115,293,2017-07
2017-07-24,2.7290000915527344,615,2017-07
2017-07-25,2.8405001163482666,941,2017-07
2017-07-26,2.86899995803833,970,2017-07
2017-07-27,2.874000072479248,427,2017-07
2017-07-28,2.870500087738037,523,2017-07
2017-07-31,2.888000011444092,436,2017-07
2017-08-01,2.878999948501587,584,2017-08
2017-08-02,2.882499933242798,409,2017-08
2017-08-03,2.877000093460083,296,2017-08
2017-08-04,2.884999990463257,296,2017-08
2017-08-07,2.9079999923706055,321,2017-08
2017-08-08,2.942500114440918,314,2017-08
2017-08-09,2.930000066757202,471,2017-08
2017-08-10,2.9059998989105225,374,2017-08
2017-08-11,2.9140000343322754,288,2017-08
2017-08-14,2.9065001010894775,295,2017-08
2017-08-15,2.884500026702881,424,2017-08
2017-08-16,2.9544999599456787,278,2017-08
2017-08-17,2.937999963760376,222,2017-08
2017-08-18,2.940500020980835,286,2017-08
2017-08-21,2.9809999465942383,188,2017-08
2017-08-22,2.9865000247955322,374,2017-08
2017-08-23,2.9804999828338623,178,2017-08
2017-08-24,3.0334999561309814,227,2017-08
2017-08-25,3.0329999923706055,163,2017-08
2017-08-28,3.065000057220459,532,2017-08
2017-08-29,3.0810000896453857,66287,2017-08
2017-08-30,3.064500093460083,66287,2017-08
2017-08-31,3.0789999961853027,15355,2017-08
2017-09-01,3.0980000495910645,4346,2017-09
2017-09-05,3.1075000762939453,1756,2017-09
2017-09-06,3.131500005722046,845,2017-09
2017-09-07,3.122999906539917,1525,2017-09
2017-09-08,3.0215001106262207,1623,2017-09
2017-09-11,3.0460000038146973,969,2017-09
2017-09-12,3.015500068664551,1306,2017-09
2017-09-13,2.9609999656677246,819,2017-09
2017-09-14,2.936500072479248,1241,2017-09
2017-09-15,2.927999973297119,1111,2017-09
2017-09-18,2.9489998817443848,1051,2017-09
2017-09-19,2.94950008392334,709,2017-09
2017-09-20,2.94950008392334,1322,2017-09
2017-09-21,2.9140000343322754,501,2017-09
2017-09-22,2.924499988555908,572,2017-09
2017-09-25,2.9175000190734863,584,2017-09
2017-09-26,2.8975000381469727,1136,2017-09
2017-09-27,2.9110000133514404,3191,2017-09
2017-09-28,2.9625000953674316,1232,2017-09
2017-09-29,2.9375,600,2017-09
2017-10-02,2.939500093460083,1174,2017-10
2017-10-03,2.948499917984009,418,2017-10
2017-10-04,2.944499969482422,365,2017-10
2017-10-05,3.0315001010894775,538,2017-10
2017-10-06,3.0144999027252197,400,2017-10
2017-10-09,3.0169999599456787,413,2017-10
2017-10-10,3.0455000400543213,717,2017-10
2017-10-11,3.0799999237060547,564,2017-10
2017-10-12,3.1040000915527344,504,2017-10
2017-10-13,3.118499994277954,317,2017-10
2017-10-16,3.2239999771118164,348,2017-10
2017-10-17,3.180500030517578,471,2017-10
2017-10-18,3.1635000705718994,538,2017-10
2017-10-19,3.1530001163482666,414,2017-10
2017-10-20,3.1514999866485596,370,2017-10
2017-10-23,3.1740000247955322,363,2017-10
2017-10-24,3.186500072479248,312,2017-10
2017-10-25,3.1714999675750732,488,2017-10
2017-10-26,3.1675000190734863,345,2017-10
2017-10-27,3.0934998989105225,623,2017-10
2017-10-30,3.1019999980926514,684,2017-10
2017-10-31,3.0920000076293945,655,2017-10
2017-11-01,3.132999897003174,438,2017-11
2017-11-02,3.135499954223633,567,2017-11
2017-11-03,3.1105000972747803,354,2017-11
2017-11-06,3.1505000591278076,271,2017-11
2017-11-07,3.0824999809265137,381,2017-11
2017-11-08,3.0929999351501465,260,2017-11
2017-11-09,3.0799999237060547,222,2017-11
2017-11-10,3.069499969482422,214,2017-11
2017-11-13,3.1115000247955322,368,2017-11
2017-11-14,3.059999942779541,289,2017-11
2017-11-15,3.0490000247955322,338,2017-11
2017-11-16,3.0434999465942383,331,2017-11
2017-11-17,3.0625,233,2017-11
2017-11-20,3.0905001163482666,382,2017-11
2017-11-21,3.125499963760376,424,2017-11
2017-11-22,3.134500026702881,316,2017-11
2017-11-24,3.1659998893737793,193,2017-11
2017-11-27,3.132499933242798,245,2017-11
2017-11-28,3.070499897003174,73600,2017-11
2017-11-29,3.0399999618530273,19125,2017-11
2017-11-30,3.0369999408721924,2038,2017-11
2017-12-01,3.065500020980835,2053,2017-12
2017-12-04,3.062999963760376,886,2017-12
2017-12-05,2.9205000400543213,1747,2017-12
2017-12-06,2.936500072479248,768,2017-12
2017-12-07,2.940500020980835,692,2017-12
2017-12-08,2.9549999237060547,691,2017-12
2017-12-11,2.98799991607666,479,2017-12
2017-12-12,2.999500036239624,836,2017-12
2017-12-13,3.0295000076293945,535,2017-12
2017-12-14,3.0485000610351562,1029,2017-12
2017-12-15,3.109999895095825,560,2017-12
2017-12-18,3.121999979019165,618,2017-12
2017-12-19,3.127500057220459,711,2017-12
2017-12-20,3.1714999675750732,600,2017-12
2017-12-21,3.194499969482422,977,2017-12
2017-12-22,3.2144999504089355,946,2017-12
2017-12-26,3.25600004196167,500,2017-12
2017-12-27,3.256999969482422,1033,2017-12
2017-12-28,3.2860000133514404,814,2017-12
2017-12-29,3.2795000076293945,874,2017-12
2018-01-02,3.25600004196167,764,2018-01
2018-01-03,3.236999988555908,328,2018-01
2018-01-04,3.242500066757202,322,2018-01
2018-01-05,3.2070000171661377,575,2018-01
2018-01-08,3.2009999752044678,695,2018-01
2018-01-09,3.194499969482422,833,2018-01
2018-01-10,3.2149999141693115,380,2018-01
2018-01-11,3.2135000228881836,320,2018-01
2018-01-12,3.200000047683716,321,2018-01
2018-01-16,3.1989998817443848,1024,2018-01
2018-01-17,3.1665000915527344,674,2018-01
2018-01-18,3.177000045776367,417,2018-01
2018-01-19,3.1670000553131104,240,2018-01
2018-01-22,3.177500009536743,231,2018-01
2018-01-23,3.0894999504089355,345,2018-01
2018-01-24,3.2084999084472656,323,2018-01
2018-01-25,3.1989998817443848,352,2018-01
2018-01-26,3.182499885559082,709,2018-01
2018-01-30,3.177000045776367,665,2018-01
2018-01-31,3.184000015258789,803,2018-01
2018-02-01,3.197000026702881,893,2018-02
2018-02-02,3.176500082015991,413,2018-02
2018-02-05,3.2105000019073486,450,2018-02
2018-02-06,3.177500009536743,492,2018-02
2018-02-07,3.0764999389648438,328,2018-02
2018-02-08,3.072000026702881,410,2018-02
2018-02-09,3.0244998931884766,469,2018-02
2018-02-12,3.077500104904175,612,2018-02
2018-02-13,3.1545000076293945,353,2018-02
2018-02-14,3.2284998893737793,412,2018-02
2018-02-15,3.239000082015991,409,2018-02
2018-02-16,3.243000030517578,404,2018-02
2018-02-20,3.186000108718872,265,2018-02
2018-02-21,3.2114999294281006,300,2018-02
2018-02-22,3.237499952316284,342,2018-02
2018-02-23,3.2084999084472656,290,2018-02
2018-02-26,3.196000099182129,52000,2018-02
2018-02-27,3.1575000286102295,16684,2018-02
2018-02-28,3.1075000762939453,3318,2018-02
2018-03-01,3.0994999408721924,1730,2018-03
2018-03-02,3.1010000705718994,1058,2018-03
2018-03-05,3.1054999828338623,1006,2018-03
2018-03-06,3.13700008392334,537,2018-03
2018-03-07,3.114000082015991,744,2018-03
2018-03-08,3.058500051498413,647,2018-03
2018-03-09,3.115999937057495,750,2018-03
2018-03-12,3.1040000915527344,634,2018-03
2018-03-13,3.11899995803833,1024,2018-03
2018-03-14,3.140000104904175,446,2018-03
2018-03-15,3.1110000610351562,493,2018-03
2018-03-16,3.0929999351501465,484,2018-03
2018-03-19,3.069499969482422,475,2018-03
2018-03-20,3.0255000591278076,718,2018-03
2018-03-21,3.0485000610351562,989,2018-03
2018-03-22,3.01200008392334,372,2018-03
2018-03-23,2.984499931335449,348,2018-03
2018-03-26,2.9605000019073486,354,2018-03
2018-03-27,2.991499900817871,482,2018-03
2018-03-28,2.99399995803833,2128,2018-03
2018-03-29,3.0190000534057617,803,2018-03
2018-04-02,3.0404999256134033,427,2018-04
2018-04-03,3.058000087738037,590,2018-04
2018-04-04,3.006999969482422,955,2018-04
2018-04-05,3.069499969482422,236,2018-04
2018-04-06,3.053999900817871,493,2018-04
2018-04-09,3.071500062942505,318,2018-04
2018-04-10,3.13100004196167,414,2018-04
2018-04-11,3.111999988555908,422,2018-04
2018-04-12,3.059999942779541,456,2018-04
2018-04-13,3.067500114440918,375,2018-04
2018-04-16,3.0915000438690186,375,2018-04
2018-04-17,3.075000047683716,240,2018-04
2018-04-18,3.1535000801086426,446,2018-04
2018-04-19,3.128000020980835,346,2018-04
2018-04-20,3.131500005722046,278,2018-04
2018-04-23,3.1080000400543213,317,2018-04
2018-04-24,3.1384999752044678,293,2018-04
2018-04-25,3.131999969482422,427,2018-04
2018-04-26,3.11299991607666,60770,2018-04
2018-04-27,3.0460000038146973,12508,2018-04
2018-04-30,3.052500009536743,2710,2018-04
2018-05-01,3.015000104904175,1485,2018-05
2018-05-02,3.047499895095825,1039,2018-05
2018-05-03,3.059000015258789,526,2018-05
2018-05-04,3.065500020980835,689,2018-05
2018-05-07,3.059499979019165,583,2018-05
2018-05-08,3.0404999256134033,785,2018-05
2018-05-09,3.0394999980926514,510,2018-05
2018-05-10,3.0924999713897705,761,2018-05
2018-05-11,3.0950000286102295,486,2018-05
2018-05-14,3.0785000324249268,702,2018-05
2018-05-15,3.0425000190734863,997,2018-05
2018-05-16,3.058500051498413,687,2018-05
2018-05-17,3.0769999027252197,713,2018-05
2018-05-18,3.0510001182556152,392,2018-05
2018-05-21,3.0855000019073486,485,2018-05
2018-05-22,3.11899995803833,513,2018-05
2018-05-23,3.060499906539917,751,2018-05
2018-05-24,3.0855000019073486,1018,2018-05
2018-05-25,3.066999912261963,398,2018-05
2018-05-29,3.052000045776367,1401,2018-05
2018-05-30,3.059499979019165,1695,2018-05
2018-05-31,3.058000087738037,836,2018-05
2018-06-01,3.0915000438690186,921,2018-06
2018-06-04,3.126499891281128,360,2018-06
2018-06-05,3.190999984741211,415,2018-06
2018-06-06,3.254499912261963,578,2018-06
2018-06-07,3.2679998874664307,380,2018-06
2018-06-08,3.2929999828338623,415,2018-06
2018-06-11,3.250499963760376,643,2018-06
2018-06-12,3.242500066757202,368,2018-06
2018-06-13,3.247999906539917,549,2018-06
2018-06-14,3.2165000438690186,404,2018-06
2018-06-15,3.1410000324249268,489,2018-06
2018-06-18,3.1034998893737793,351,2018-06
2018-06-19,3.0464999675750732,506,2018-06
2018-06-20,3.0464999675750732,382,2018-06
2018-06-21,3.0250000953674316,300,2018-06
2018-06-22,3.0325000286102295,458,2018-06
2018-06-25,2.992000102996826,560,2018-06
2018-06-26,2.996999979019165,451,2018-06
2018-06-27,2.989500045776367,55768,2018-06
2018-06-28,2.9535000324249268,10593,2018-06
2018-06-29,2.9509999752044678,4933,2018-06
2018-07-02,2.93149995803833,1741,2018-07
2018-07-03,2.9059998989105225,1330,2018-07
2018-07-05,2.813999891281128,1052,2018-07
2018-07-06,2.812999963760376,552,2018-07
2018-07-09,2.8389999866485596,875,2018-07
2018-07-10,2.8285000324249268,499,2018-07
2018-07-11,2.7335000038146973,535,2018-07
2018-07-12,2.7679998874664307,551,2018-07
2018-07-13,2.7699999809265137,681,2018-07
2018-07-16,2.756999969482422,1040,2018-07
2018-07-17,2.739500045776367,651,2018-07
2018-07-18,2.752000093460083,663,2018-07
2018-07-19,2.686000108718872,885,2018-07
2018-07-20,2.746000051498413,595,2018-07
2018-07-23,2.736999988555908,779,2018-07
2018-07-24,2.799999952316284,371,2018-07
2018-07-25,2.805999994277954,684,2018-07
2018-07-26,2.803999900817871,626,2018-07
2018-07-27,2.7874999046325684,2207,2018-07
2018-07-30,2.7790000438690186,1098,2018-07
2018-07-31,2.819000005722046,762,2018-07
2018-08-01,2.734999895095825,801,2018-08
2018-08-02,2.7269999980926514,616,2018-08
2018-08-03,2.753499984741211,386,2018-08
2018-08-06,2.7209999561309814,618,2018-08
2018-08-07,2.740999937057495,526,2018-08
2018-08-08,2.740499973297119,437,2018-08
2018-08-09,2.755500078201294,445,2018-08
2018-08-10,2.7325000762939453,263,2018-08
2018-08-13,2.7219998836517334,337,2018-08
2018-08-14,2.67549991607666,827,2018-08
2018-08-15,2.556999921798706,936,2018-08
2018-08-16,2.6135001182556152,290,2018-08
2018-08-17,2.624500036239624,423,2018-08
2018-08-20,2.6635000705718994,688,2018-08
2018-08-21,2.689500093460083,649,2018-08
2018-08-22,2.6684999465942383,572,2018-08
2018-08-23,2.6524999141693115,797,2018-08
2018-08-24,2.6989998817443848,260,2018-08
2018-08-27,2.7049999237060547,596,2018-08
2018-08-28,2.7339999675750732,420,2018-08
2018-08-29,2.7090001106262207,49669,2018-08
2018-08-30,2.690500020980835,20088,2018-08
2018-08-31,2.6489999294281006,3247,2018-08
2018-09-04,2.5834999084472656,1369,2018-09
2018-09-05,2.5924999713897705,789,2018-09
2018-09-06,2.618499994277954,840,2018-09
2018-09-07,2.6034998893737793,910,2018-09
2018-09-10,2.6105000972747803,943,2018-09
2018-09-11,2.6040000915527344,942,2018-09
2018-09-12,2.6584999561309814,614,2018-09
2018-09-13,2.6644999980926514,848,2018-09
2018-09-14,2.627500057220459,793,2018-09
2018-09-17,2.633500099182129,607,2018-09
2018-09-18,2.7119998931884766,765,2018-09
2018-09-19,2.7100000381469727,420,2018-09
2018-09-20,2.7209999561309814,545,2018-09
2018-09-21,2.8364999294281006,659,2018-09
2018-09-24,2.815999984741211,526,2018-09
2018-09-25,2.803499937057495,1014,2018-09
2018-09-26,2.806999921798706,2012,2018-09
2018-09-27,2.7644999027252197,1923,2018-09
2018-09-28,2.7869999408721924,668,2018-09
2018-10-01,2.7739999294281006,904,2018-10
2018-10-02,2.7950000762939453,627,2018-10
2018-10-03,2.822499990463257,291,2018-10
2018-10-04,2.765000104904175,532,2018-10
2018-10-05,2.750999927520752,407,2018-10
2018-10-08,2.755000114440918,514,2018-10
2018-10-09,2.7950000762939453,498,2018-10
2018-10-10,2.7690000534057617,498,2018-10
2018-10-11,2.796999931335449,290,2018-10
2018-10-12,2.7929999828338623,193,2018-10
2018-10-15,2.7804999351501465,226,2018-10
2018-10-16,2.7704999446868896,221,2018-10
2018-10-17,2.7669999599456787,468,2018-10
2018-10-18,2.737499952316284,270,2018-10
2018-10-19,2.7679998874664307,519,2018-10
2018-10-22,2.7739999294281006,700,2018-10
2018-10-23,2.746999979019165,351,2018-10
2018-10-24,2.746500015258789,254,2018-10
2018-10-25,2.748500108718872,681,2018-10
2018-10-26,2.74399995803833,388,2018-10
2018-10-29,2.7385001182556152,971,2018-10
2018-10-30,2.6630001068115234,890,2018-10
2018-10-31,2.6635000705718994,771,2018-10
2018-11-01,2.7214999198913574,1105,2018-11
2018-11-02,2.802999973297119,787,2018-11
2018-11-05,2.755500078201294,499,2018-11
2018-11-06,2.7304999828338623,425,2018-11
2018-11-07,2.752500057220459,671,2018-11
2018-11-08,2.736999988555908,425,2018-11
2018-11-09,2.686500072479248,325,2018-11
2018-11-12,2.677999973297119,302,2018-11
2018-11-13,2.687000036239624,701,2018-11
2018-11-14,2.7095000743865967,361,2018-11
2018-11-15,2.749000072479248,277,2018-11
2018-11-16,2.803999900817871,300,2018-11
2018-11-19,2.804500102996826,681,2018-11
2018-11-20,2.7664999961853027,434,2018-11
2018-11-21,2.7945001125335693,281,2018-11
2018-11-23,2.7704999446868896,300,2018-11
2018-11-26,2.758500099182129,244,2018-11
2018-11-27,2.7105000019073486,267,2018-11
2018-11-28,2.7960000038146973,45923,2018-11
2018-11-29,2.7780001163482666,10656,2018-11
2018-11-30,2.7774999141693115,1793,2018-11
2018-12-03,2.799499988555908,1624,2018-12
2018-12-04,2.748500108718872,1083,2018-12
2018-12-06,2.740499973297119,1124,2018-12
2018-12-07,2.757499933242798,773,2018-12
2018-12-10,2.7184998989105225,529,2018-12
2018-12-11,2.7660000324249268,576,2018-12
2018-12-12,2.7685000896453857,739,2018-12
2018-12-13,2.762500047683716,418,2018-12
2018-12-14,2.760499954223633,813,2018-12
2018-12-17,2.753000020980835,727,2018-12
2018-12-18,2.6710000038146973,1007,2018-12
2018-12-19,2.7214999198913574,466,2018-12
2018-12-20,2.7019999027252197,402,2018-12
2018-12-21,2.678499937057495,534,2018-12
2018-12-24,2.6684999465942383,374,2018-12
2018-12-26,2.7084999084472656,346,2018-12
2018-12-27,2.6675000190734863,599,2018-12
2018-12-28,2.678999900817871,2189,2018-12
2018-12-31,2.628000020980835,1533,2018-12
2019-01-02,2.625,725,2019-01
2019-01-03,2.570499897003174,411,2019-01
2019-01-04,2.6514999866485596,257,2019-01
2019-01-07,2.6410000324249268,363,2019-01
2019-01-08,2.6605000495910645,398,2019-01
2019-01-09,2.6619999408721924,330,2019-01
2019-01-10,2.6435000896453857,320,2019-01
2019-01-11,2.6695001125335693,290,2019-01
2019-01-14,2.6454999446868896,381,2019-01
2019-01-15,2.6505000591278076,370,2019-01
2019-01-16,2.69350004196167,324,2019-01
2019-01-17,2.700000047683716,380,2019-01
2019-01-18,2.740999937057495,289,2019-01
2019-01-22,2.688999891281128,360,2019-01
2019-01-23,2.694000005722046,393,2019-01
2019-01-24,2.6735000610351562,382,2019-01
2019-01-25,2.73799991607666,372,2019-01
2019-01-28,2.6875,484,2019-01
2019-01-29,2.7320001125335693,299,2019-01
2019-01-30,2.7730000019073486,992,2019-01
2019-01-31,2.7890000343322754,613,2019-01
2019-02-01,2.7750000953674316,978,2019-02
2019-02-04,2.7950000762939453,710,2019-02
2019-02-05,2.816999912261963,684,2019-02
2019-02-06,2.8355000019073486,757,2019-02
2019-02-07,2.8285000324249268,779,2019-02
2019-02-08,2.809999942779541,764,2019-02
2019-02-11,2.7915000915527344,404,2019-02
2019-02-12,2.7744998931884766,657,2019-02
2019-02-13,2.7739999294281006,420,2019-02
2019-02-14,2.7760000228881836,371,2019-02
2019-02-15,2.802500009536743,424,2019-02
2019-02-19,2.881500005722046,347,2019-02
2019-02-20,2.930000066757202,370,2019-02
2019-02-21,2.9024999141693115,603,2019-02
2019-02-22,2.9609999656677246,311,2019-02
2019-02-25,2.950000047683716,173,2019-02
2019-02-26,2.944000005722046,54177,2019-02
2019-02-27,2.9590001106262207,12839,2019-02
2019-02-28,2.950000047683716,2510,2019-02
2019-03-01,2.933500051498413,1431,2019-03
2019-03-04,2.9110000133514404,832,2019-03
2019-03-05,2.936000108718872,970,2019-03
2019-03-06,2.9184999465942383,990,2019-03
2019-03-07,2.9114999771118164,692,2019-03
2019-03-08,2.8940000534057617,875,2019-03
2019-03-11,2.9000000953674316,341,2019-03
2019-03-12,2.927500009536743,610,2019-03
2019-03-13,2.933500051498413,570,2019-03
2019-03-14,2.8884999752044678,698,2019-03
2019-03-15,2.9035000801086426,407,2019-03
2019-03-18,2.9035000801086426,319,2019-03
2019-03-19,2.9195001125335693,494,2019-03
2019-03-20,2.9154999256134033,475,2019-03
2019-03-21,2.9000000953674316,351,2019-03
2019-03-22,2.8359999656677246,289,2019-03
2019-03-25,2.8494999408721924,492,2019-03
2019-03-26,2.8505001068115234,634,2019-03
2019-03-27,2.8580000400543213,490,2019-03
2019-03-28,2.868499994277954,631,2019-03
2019-03-29,2.936000108718872,386,2019-03
2019-04-01,2.9205000400543213,507,2019-04
2019-04-02,2.9040000438690186,299,2019-04
2019-04-03,2.946500062942505,390,2019-04
2019-04-04,2.9084999561309814,214,2019-04
2019-04-05,2.8924999237060547,322,2019-04
2019-04-08,2.929500102996826,226,2019-04
2019-04-09,2.93149995803833,221,2019-04
2019-04-10,2.922499895095825,241,2019-04
2019-04-11,2.885999917984009,255,2019-04
2019-04-12,2.946000099182129,519,2019-04
2019-04-15,2.934000015258789,201,2019-04
2019-04-16,2.930500030517578,237,2019-04
2019-04-17,2.9755001068115234,406,2019-04
2019-04-18,2.927500009536743,228,2019-04
2019-04-22,2.9065001010894775,139,2019-04
2019-04-23,2.8984999656677246,287,2019-04
2019-04-24,2.9175000190734863,271,2019-04
2019-04-25,2.877500057220459,338,2019-04
2019-04-26,2.9700000286102295,48877,2019-04
2019-04-29,2.8949999809265137,21435,2019-04
2019-04-30,2.9014999866485596,2500,2019-04
2019-05-01,2.802999973297119,1777,2019-05
2019-05-02,2.7839999198913574,871,2019-05
2019-05-03,2.825000047683716,1071,2019-05
2019-05-06,2.8369998931884766,538,2019-05
2019-05-07,2.7939999103546143,983,2019-05
2019-05-08,2.7855000495910645,734,2019-05
2019-05-09,2.7834999561309814,580,2019-05
2019-05-10,2.7850000858306885,722,2019-05
2019-05-13,2.7295000553131104,592,2019-05
2019-05-14,2.734499931335449,544,2019-05
2019-05-15,2.753499984741211,523,2019-05
2019-05-16,2.758500099182129,332,2019-05
2019-05-17,2.747999906539917,279,2019-05
2019-05-20,2.7360000610351562,416,2019-05
2019-05-21,2.7235000133514404,396,2019-05
2019-05-22,2.686000108718872,406,2019-05
2019-05-23,2.686500072479248,351,2019-05
2019-05-24,2.7065000534057617,245,2019-05
2019-05-28,2.7035000324249268,606,2019-05
2019-05-29,2.672499895095825,443,2019-05
2019-05-30,2.6605000495910645,704,2019-05
2019-05-31,2.6459999084472656,409,2019-05
2019-06-03,2.6554999351501465,537,2019-06
2019-06-04,2.6735000610351562,310,2019-06
2019-06-05,2.627000093460083,362,2019-06
2019-06-06,2.6540000438690186,300,2019-06
2019-06-07,2.630500078201294,303,2019-06
2019-06-10,2.6640000343322754,447,2019-06
2019-06-11,2.67549991607666,297,2019-06
2019-06-12,2.6589999198913574,398,2019-06
2019-06-13,2.6610000133514404,267,2019-06
2019-06-14,2.634500026702881,372,2019-06
2019-06-17,2.6510000228881836,278,2019-06
2019-06-18,2.7070000171661377,347,2019-06
2019-06-19,2.684499979019165,548,2019-06
2019-06-20,2.7155001163482666,523,2019-06
2019-06-21,2.7060000896453857,548,2019-06
2019-06-24,2.7054998874664307,508,2019-06
2019-06-25,2.7355000972747803,358,2019-06
2019-06-26,2.7109999656677246,42742,2019-06
2019-06-27,2.7125000953674316,17283,2019-06
2019-06-28,2.7054998874664307,3316,2019-06
2019-07-01,2.679500102996826,2143,2019-07
2019-07-02,2.6575000286102295,991,2019-07
2019-07-03,2.679500102996826,759,2019-07
2019-07-05,2.6584999561309814,431,2019-07
2019-07-08,2.6559998989105225,582,2019-07
2019-07-09,2.624500036239624,888,2019-07
2019-07-10,2.693000078201294,416,2019-07
2019-07-11,2.682499885559082,799,2019-07
2019-07-12,2.691499948501587,728,2019-07
2019-07-15,2.7074999809265137,351,2019-07
2019-07-16,2.69350004196167,714,2019-07
2019-07-17,2.7100000381469727,536,2019-07
2019-07-18,2.7039999961853027,443,2019-07
2019-07-19,2.744499921798706,599,2019-07
2019-07-22,2.7144999504089355,639,2019-07
2019-07-23,2.694000005722046,429,2019-07
2019-07-24,2.7039999961853027,330,2019-07
2019-07-25,2.695499897003174,367,2019-07
2019-07-26,2.676500082015991,507,2019-07
2019-07-29,2.7095000743865967,680,2019-07
2019-07-30,2.6705000400543213,1176,2019-07
2019-07-31,2.6579999923706055,1040,2019-07
2019-08-01,2.6600000858306885,1362,2019-08
2019-08-02,2.565000057220459,395,2019-08
2019-08-05,2.5369999408721924,334,2019-08
2019-08-06,2.5510001182556152,518,2019-08
2019-08-07,2.565000057220459,371,2019-08
2019-08-08,2.6019999980926514,333,2019-08
2019-08-09,2.5840001106262207,447,2019-08
2019-08-12,2.5799999237060547,236,2019-08
2019-08-13,2.624500036239624,388,2019-08
2019-08-14,2.5864999294281006,495,2019-08
2019-08-15,2.5894999504089355,397,2019-08
2019-08-16,2.5899999141693115,368,2019-08
2019-08-19,2.5969998836517334,338,2019-08
2019-08-20,2.5739998817443848,402,2019-08
2019-08-21,2.5815000534057617,453,2019-08
2019-08-22,2.553499937057495,394,2019-08
2019-08-23,2.5260000228881836,354,2019-08
2019-08-26,2.5399999618530273,426,2019-08
2019-08-27,2.5434999465942383,436,2019-08
2019-08-28,2.5510001182556152,56567,2019-08
2019-08-29,2.559499979019165,16954,2019-08
2019-08-30,2.5329999923706055,2202,2019-08
2019-09-03,2.512500047683716,2394,2019-09
2019-09-04,2.5789999961853027,1139,2019-09
2019-09-05,2.624500036239624,890,2019-09
2019-09-06,2.615499973297119,782,2019-09
2019-09-09,2.6105000972747803,613,2019-09
2019-09-10,2.6105000972747803,560,2019-09
2019-09-11,2.5975000858306885,616,2019-09
2019-09-12,2.623500108718872,912,2019-09
2019-09-13,2.680999994277954,414,2019-09
2019-09-16,2.621000051498413,494,2019-09
2019-09-17,2.609499931335449,545,2019-09
2019-09-18,2.5954999923706055,415,2019-09
2019-09-19,2.5910000801086426,418,2019-09
2019-09-20,2.5899999141693115,464,2019-09
2019-09-23,2.5945000648498535,583,2019-09
2019-09-24,2.5894999504089355,563,2019-09
2019-09-25,2.5950000286102295,515,2019-09
2019-09-26,2.559999942779541,925,2019-09
2019-09-27,2.5829999446868896,1424,2019-09
2019-09-30,2.564500093460083,684,2019-09
2019-10-01,2.552000045776367,897,2019-10
2019-10-02,2.561500072479248,422,2019-10
2019-10-03,2.5455000400543213,258,2019-10
2019-10-04,2.555500030517578,356,2019-10
2019-10-07,2.572000026702881,575,2019-10
2019-10-08,2.563499927520752,348,2019-10
2019-10-09,2.562000036239624,258,2019-10
2019-10-10,2.6050000190734863,389,2019-10
2019-10-11,2.618499994277954,373,2019-10
2019-10-14,2.623500108718872,322,2019-10
2019-10-15,2.6040000915527344,281,2019-10
2019-10-16,2.5794999599456787,396,2019-10
2019-10-17,2.5869998931884766,411,2019-10
2019-10-18,2.625,355,2019-10
2019-10-21,2.634999990463257,390,2019-10
2019-10-22,2.621999979019165,359,2019-10
2019-10-23,2.6624999046325684,474,2019-10
2019-10-24,2.6589999198913574,450,2019-10
2019-10-25,2.6665000915527344,315,2019-10
2019-10-28,2.672499895095825,491,2019-10
2019-10-29,2.682499885559082,637,2019-10
2019-10-30,2.680500030517578,780,2019-10
2019-10-31,2.632999897003174,500,2019-10
2019-11-01,2.6510000228881836,875,2019-11
2019-11-04,2.6670000553131104,639,2019-11
2019-11-05,2.694999933242798,586,2019-11
2019-11-06,2.6610000133514404,354,2019-11
2019-11-07,2.7239999771118164,566,2019-11
2019-11-08,2.677999973297119,247,2019-11
2019-11-11,2.6600000858306885,476,2019-11
2019-11-12,2.6419999599456787,361,2019-11
2019-11-13,2.6364998817443848,535,2019-11
2019-11-14,2.618499994277954,398,2019-11
2019-11-15,2.634999990463257,569,2019-11
2019-11-18,2.617500066757202,554,2019-11
2019-11-19,2.6535000801086426,443,2019-11
2019-11-20,2.6465001106262207,406,2019-11
2019-11-21,2.621000051498413,424,2019-11
2019-11-22,2.6475000381469727,341,2019-11
2019-11-25,2.6475000381469727,261,2019-11
2019-11-26,2.674499988555908,54906,2019-11
2019-11-27,2.674499988555908,24176,2019-11
2019-11-29,2.6419999599456787,2253,2019-11
2019-12-02,2.632499933242798,907,2019-12
2019-12-03,2.6080000400543213,1856,2019-12
2019-12-04,2.6440000534057617,655,2019-12
2019-12-05,2.6484999656677246,354,2019-12
2019-12-06,2.7109999656677246,718,2019-12
2019-12-09,2.746500015258789,988,2019-12
2019-12-10,2.755500078201294,667,2019-12
2019-12-11,2.7825000286102295,791,2019-12
2019-12-12,2.7894999980926514,396,2019-12
2019-12-13,2.7804999351501465,711,2019-12
2019-12-16,2.820499897003174,905,2019-12
2019-12-17,2.819499969482422,524,2019-12
2019-12-18,2.816999912261963,472,2019-12
2019-12-19,2.8315000534057617,446,2019-12
2019-12-20,2.811000108718872,643,2019-12
2019-12-23,2.816999912261963,793,2019-12
2019-12-24,2.8385000228881836,426,2019-12
2019-12-26,2.864500045776367,451,2019-12
2019-12-27,2.8364999294281006,638,2019-12
2019-12-30,2.827500104904175,1476,2019-12
2019-12-31,2.7939999103546143,420,2019-12
2020-01-02,2.8329999446868896,1182,2020-01
2020-01-03,2.7985000610351562,321,2020-01
2020-01-06,2.80049991607666,333,2020-01
2020-01-07,2.803999900817871,261,2020-01
2020-01-08,2.819000005722046,394,2020-01
2020-01-09,2.810499906539917,208,2020-01
2020-01-10,2.81850004196167,364,2020-01
2020-01-13,2.8615000247955322,247,2020-01
2020-01-14,2.875999927520752,292,2020-01
2020-01-15,2.869999885559082,288,2020-01
2020-01-16,2.8519999980926514,237,2020-01
2020-01-17,2.8494999408721924,298,2020-01
2020-01-21,2.7985000610351562,401,2020-01
2020-01-22,2.7669999599456787,309,2020-01
2020-01-23,2.7260000705718994,291,2020-01
2020-01-24,2.685499906539917,359,2020-01
2020-01-27,2.5964999198913574,462,2020-01
2020-01-28,2.5794999599456787,381,2020-01
2020-01-29,2.553499937057495,727,2020-01
2020-01-30,2.5234999656677246,830,2020-01
2020-01-31,2.5199999809265137,511,2020-01
2020-02-03,2.513000011444092,860,2020-02
2020-02-04,2.547499895095825,265,2020-02
2020-02-05,2.5789999961853027,240,2020-02
2020-02-06,2.5985000133514404,306,2020-02
2020-02-07,2.559000015258789,236,2020-02
2020-02-10,2.557499885559082,386,2020-02
2020-02-11,2.5885000228881836,212,2020-02
2020-02-12,2.6059999465942383,242,2020-02
2020-02-13,2.619499921798706,234,2020-02
2020-02-14,2.6054999828338623,216,2020-02
2020-02-18,2.609999895095825,408,2020-02
2020-02-19,2.612499952316284,235,2020-02
2020-02-20,2.5950000286102295,386,2020-02
2020-02-21,2.618000030517578,506,2020-02
2020-02-24,2.5924999713897705,379,2020-02
2020-02-25,2.5964999198913574,414,2020-02
2020-02-26,2.5764999389648438,65062,2020-02
2020-02-27,2.571500062942505,14714,2020-02
2020-02-28,2.5460000038146973,2580,2020-02
2020-03-02,2.6010000705718994,1295,2020-03
2020-03-03,2.5794999599456787,1145,2020-03
2020-03-04,2.5929999351501465,489,2020-03
2020-03-05,2.5824999809265137,491,2020-03
2020-03-06,2.572999954223633,638,2020-03
2020-03-09,2.5239999294281006,816,2020-03
2020-03-10,2.5339999198913574,685,2020-03
2020-03-11,2.51200008392334,654,2020-03
2020-03-12,2.4809999465942383,985,2020-03
2020-03-13,2.4739999771118164,803,2020-03
2020-03-16,2.3984999656677246,516,2020-03
2020-03-17,2.315500020980835,582,2020-03
2020-03-18,2.1605000495910645,480,2020-03
2020-03-19,2.200000047683716,470,2020-03
2020-03-20,2.190500020980835,406,2020-03
2020-03-23,2.119499921798706,375,2020-03
2020-03-24,2.197499990463257,448,2020-03
2020-03-25,2.2339999675750732,719,2020-03
2020-03-26,2.2079999446868896,484,2020-03
2020-03-27,2.197000026702881,906,2020-03
2020-03-30,2.1619999408721924,352,2020-03
2020-03-31,2.240000009536743,514,2020-03
2020-04-01,2.191999912261963,432,2020-04
2020-04-02,2.2330000400543213,377,2020-04
2020-04-03,2.2100000381469727,375,2020-04
2020-04-06,2.234999895095825,296,2020-04
2020-04-07,2.2885000705718994,422,2020-04
2020-04-08,2.2780001163482666,340,2020-04
2020-04-09,2.2774999141693115,429,2020-04
2020-04-13,2.320499897003174,350,2020-04
2020-04-14,2.3469998836517334,437,2020-04
2020-04-15,2.3125,425,2020-04
2020-04-16,2.304500102996826,240,2020-04
2020-04-17,2.3534998893737793,302,2020-04
2020-04-20,2.3345000743865967,414,2020-04
2020-04-21,2.2669999599456787,328,2020-04
2020-04-22,2.317500114440918,312,2020-04
2020-04-23,2.3239998817443848,341,2020-04
2020-04-24,2.3480000495910645,589,2020-04
2020-04-27,2.381999969482422,731,2020-04
2020-04-28,2.378999948501587,26351,2020-04
2020-04-29,2.374500036239624,3211,2020-04
2020-04-30,2.3540000915527344,1086,2020-04
2020-05-01,2.31850004196167,702,2020-05
2020-05-04,2.3239998817443848,602,2020-05
2020-05-05,2.3410000801086426,412,2020-05
2020-05-06,2.3524999618530273,689,2020-05
2020-05-07,2.385499954223633,544,2020-05
2020-05-08,2.4084999561309814,625,2020-05
2020-05-11,2.381999969482422,405,2020-05
2020-05-12,2.3605000972747803,464,2020-05
2020-05-13,2.3489999771118164,355,2020-05
2020-05-14,2.3510000705718994,340,2020-05
2020-05-15,2.3334999084472656,311,2020-05
2020-05-18,2.4049999713897705,449,2020-05
2020-05-19,2.4230000972747803,531,2020-05
2020-05-20,2.4674999713897705,435,2020-05
2020-05-21,2.4519999027252197,432,2020-05
2020-05-22,2.4089999198913574,383,2020-05
2020-05-26,2.438499927520752,450,2020-05
2020-05-27,2.4024999141693115,349,2020-05
2020-05-28,2.4130001068115234,628,2020-05
2020-05-29,2.426500082015991,260,2020-05
2020-06-01,2.4744999408721924,598,2020-06
2020-06-02,2.494499921798706,326,2020-06
2020-06-03,2.496500015258789,179,2020-06
2020-06-04,2.493000030517578,379,2020-06
2020-06-05,2.556999921798706,416,2020-06
2020-06-08,2.569999933242798,247,2020-06
2020-06-09,2.6005001068115234,508,2020-06
2020-06-10,2.6570000648498535,351,2020-06
2020-06-11,2.5864999294281006,352,2020-06
2020-06-12,2.6015000343322754,479,2020-06
2020-06-15,2.56850004196167,334,2020-06
2020-06-16,2.565999984741211,345,2020-06
2020-06-17,2.5920000076293945,307,2020-06
2020-06-18,2.5910000801086426,299,2020-06
2020-06-19,2.615000009536743,217,2020-06
2020-06-22,2.6554999351501465,410,2020-06
2020-06-23,2.6600000858306885,288,2020-06
2020-06-24,2.6505000591278076,791,2020-06
2020-06-25,2.6624999046325684,283,2020-06
2020-06-26,2.671999931335449,32639,2020-06
2020-06-29,2.679500102996826,8912,2020-06
2020-06-30,2.7135000228881836,1702,2020-06
2020-07-01,2.7170000076293945,1482,2020-07
2020-07-02,2.7335000038146973,673,2020-07
2020-07-06,2.7660000324249268,713,2020-07
2020-07-07,2.7874999046325684,514,2020-07
2020-07-08,2.814500093460083,773,2020-07
2020-07-09,2.828000068664551,378,2020-07
2020-07-10,2.88700008392334,403,2020-07
2020-07-13,2.941999912261963,543,2020-07
2020-07-14,2.9159998893737793,1115,2020-07
2020-07-15,2.870500087738037,1158,2020-07
2020-07-16,2.885999917984009,513,2020-07
2020-07-17,2.887500047683716,482,2020-07
2020-07-20,2.8984999656677246,596,2020-07
2020-07-21,2.940999984741211,493,2020-07
2020-07-22,2.9084999561309814,534,2020-07
2020-07-23,2.924499988555908,598,2020-07
2020-07-24,2.881999969482422,749,2020-07
2020-07-27,2.888000011444092,450,2020-07
2020-07-28,2.9049999713897705,484,2020-07
2020-07-29,2.9054999351501465,402,2020-07
2020-07-30,2.9045000076293945,874,2020-07
2020-07-31,2.8589999675750732,631,2020-07
2020-08-03,2.9079999923706055,526,2020-08
2020-08-04,2.8894999027252197,423,2020-08
2020-08-05,2.9114999771118164,742,2020-08
2020-08-06,2.9054999351501465,439,2020-08
2020-08-07,2.7904999256134033,723,2020-08
2020-08-10,2.8585000038146973,380,2020-08
2020-08-11,2.871999979019165,332,2020-08
2020-08-12,2.88700008392334,365,2020-08
2020-08-13,2.803999900817871,460,2020-08
2020-08-14,2.8559999465942383,255,2020-08
2020-08-17,2.8980000019073486,346,2020-08
2020-08-18,2.9709999561309814,318,2020-08
2020-08-19,3.0190000534057617,518,2020-08
2020-08-20,2.9700000286102295,464,2020-08
2020-08-21,2.9135000705718994,304,2020-08
2020-08-24,2.922499895095825,377,2020-08
2020-08-25,2.930999994277954,347,2020-08
2020-08-26,2.9595000743865967,315,2020-08
2020-08-27,2.9649999141693115,45428,2020-08
2020-08-28,2.994999885559082,13122,2020-08
2020-08-31,3.0409998893737793,1599,2020-08
2020-09-01,3.009500026702881,1204,2020-09
2020-09-02,3.003000020980835,980,2020-09
2020-09-03,2.9579999446868896,1051,2020-09
2020-09-04,3.0464999675750732,961,2020-09
2020-09-08,3.012500047683716,939,2020-09
2020-09-09,3.0399999618530273,775,2020-09
2020-09-10,2.986999988555908,676,2020-09
2020-09-11,3.0339999198913574,412,2020-09
2020-09-14,3.066499948501587,381,2020-09
2020-09-15,3.062999963760376,376,2020-09
2020-09-16,3.058000087738037,385,2020-09
2020-09-17,3.066499948501587,383,2020-09
2020-09-18,3.1135001182556152,275,2020-09
2020-09-21,3.0295000076293945,390,2020-09
2020-09-22,3.059000015258789,614,2020-09
2020-09-23,2.993499994277954,510,2020-09
2020-09-24,2.9690001010894775,351,2020-09
2020-09-25,2.9730000495910645,476,2020-09
2020-09-28,2.989500045776367,483,2020-09
2020-09-29,2.9835000038146973,932,2020-09
2020-09-30,3.0285000801086426,510,2020-09
2020-10-01,2.8635001182556152,776,2020-10
2020-10-02,2.9784998893737793,355,2020-10
2020-10-05,2.9649999141693115,317,2020-10
2020-10-06,2.9655001163482666,320,2020-10
2020-10-07,3.0344998836517334,292,2020-10
2020-10-08,3.0420000553131104,390,2020-10
2020-10-09,3.0794999599456787,287,2020-10
2020-10-12,3.061000108718872,262,2020-10
2020-10-13,3.0425000190734863,215,2020-10
2020-10-14,3.047499895095825,326,2020-10
2020-10-15,3.0829999446868896,269,2020-10
2020-10-16,3.065000057220459,282,2020-10
2020-10-19,3.0810000896453857,244,2020-10
2020-10-20,3.1435000896453857,251,2020-10
2020-10-21,3.194499969482422,264,2020-10
2020-10-22,3.1500000953674316,270,2020-10
2020-10-23,3.125499963760376,330,2020-10
2020-10-26,3.0885000228881836,377,2020-10
2020-10-27,3.0899999141693115,164,2020-10
2020-10-28,3.056999921798706,1184,2020-10
2020-10-29,3.052000045776367,946,2020-10
2020-10-30,3.0434999465942383,690,2020-10
2020-11-02,3.073499917984009,459,2020-11
2020-11-03,3.0869998931884766,722,2020-11
2020-11-04,3.1010000705718994,392,2020-11
2020-11-05,3.1045000553131104,284,2020-11
2020-11-06,3.1489999294281006,313,2020-11
2020-11-09,3.1514999866485596,378,2020-11
2020-11-10,3.1505000591278076,403,2020-11
2020-11-11,3.128999948501587,359,2020-11
2020-11-12,3.1429998874664307,663,2020-11
2020-11-13,3.17549991607666,315,2020-11
2020-11-16,3.2200000286102295,302,2020-11
2020-11-17,3.196500062942505,288,2020-11
2020-11-18,3.197999954223633,572,2020-11
2020-11-19,3.2035000324249268,482,2020-11
2020-11-20,3.2934999465942383,429,2020-11
2020-11-23,3.259500026702881,408,2020-11
2020-11-24,3.299999952316284,424,2020-11
2020-11-25,3.312000036239624,47410,2020-11
2020-11-27,3.3994998931884766,18760,2020-11
2020-11-30,3.4205000400543213,2921,2020-11
2020-12-01,3.4679999351501465,1465,2020-12
2020-12-02,3.4749999046325684,1735,2020-12
2020-12-03,3.4790000915527344,865,2020-12
2020-12-04,3.5139999389648438,731,2020-12
2020-12-07,3.508500099182129,904,2020-12
2020-12-08,3.49399995803833,663,2020-12
2020-12-09,3.507999897003174,590,2020-12
2020-12-10,3.570499897003174,611,2020-12
2020-12-11,3.5239999294281006,552,2020-12
2020-12-14,3.5220000743865967,565,2020-12
2020-12-15,3.5380001068115234,409,2020-12
2020-12-16,3.553999900817871,542,2020-12
2020-12-17,3.5969998836517334,497,2020-12
2020-12-18,3.628499984741211,345,2020-12
2020-12-21,3.572999954223633,796,2020-12
2020-12-22,3.5179998874664307,638,2020-12
2020-12-23,3.552000045776367,1462,2020-12
2020-12-24,3.559999942779541,330,2020-12
2020-12-28,3.569999933242798,446,2020-12
2020-12-29,3.552999973297119,856,2020-12
2020-12-30,3.5429999828338623,1166,2020-12
2020-12-31,3.5139999389648438,1109,2020-12
2021-01-04,3.552999973297119,864,2021-01
2021-01-05,3.640500068664551,512,2021-01
2021-01-06,3.6500000953674316,842,2021-01
2021-01-07,3.695499897003174,655,2021-01
2021-01-08,3.6735000610351562,782,2021-01
2021-01-11,3.563999891281128,677,2021-01
2021-01-12,3.6050000190734863,603,2021-01
2021-01-13,3.617000102996826,618,2021-01
2021-01-14,3.6679999828338623,672,2021-01
2021-01-15,3.6029999256134033,817,2021-01
2021-01-19,3.635999917984009,711,2021-01
2021-01-20,3.6475000381469727,601,2021-01
2021-01-21,3.6554999351501465,770,2021-01
2021-01-22,3.635499954223633,607,2021-01
2021-01-25,3.640500068664551,852,2021-01
2021-01-26,3.628000020980835,736,2021-01
2021-01-27,3.571500062942505,320,2021-01
2021-01-28,3.5829999446868896,925,2021-01
2021-01-29,3.573499917984009,550,2021-01
2021-02-01,3.562000036239624,547,2021-02
2021-02-02,3.5390000343322754,434,2021-02
2021-02-03,3.5785000324249268,312,2021-02
2021-02-04,3.565999984741211,382,2021-02
2021-02-05,3.6389999389648438,396,2021-02
2021-02-08,3.678999900817871,312,2021-02
2021-02-09,3.7335000038146973,303,2021-02
2021-02-10,3.7855000495910645,290,2021-02
2021-02-11,3.7874999046325684,316,2021-02
2021-02-12,3.802000045776367,512,2021-02
2021-02-16,3.8480000495910645,367,2021-02
2021-02-17,3.8359999656677246,493,2021-02
2021-02-18,3.9165000915527344,400,2021-02
2021-02-19,4.090000152587891,437,2021-02
2021-02-22,4.152500152587891,616,2021-02
2021-02-23,4.1875,439,2021-02
2021-02-24,4.301000118255615,77484,2021-02
2021-02-25,4.265999794006348,17292,2021-02
2021-02-26,4.0945000648498535,2457,2021-02
2021-03-01,4.119500160217285,1385,2021-03
2021-03-02,4.231500148773193,1078,2021-03
2021-03-03,4.1529998779296875,902,2021-03
2021-03-04,3.990999937057495,1189,2021-03
2021-03-05,4.086999893188477,664,2021-03
2021-03-08,4.103499889373779,707,2021-03
2021-03-09,4.019499778747559,1055,2021-03
2021-03-10,4.041999816894531,523,2021-03
2021-03-11,4.14300012588501,771,2021-03
2021-03-12,4.145500183105469,392,2021-03
2021-03-15,4.146500110626221,511,2021-03
2021-03-16,4.078999996185303,634,2021-03
2021-03-17,4.127999782562256,540,2021-03
2021-03-18,4.117000102996826,760,2021-03
2021-03-19,4.123499870300293,834,2021-03
2021-03-22,4.14900016784668,480,2021-03
2021-03-23,4.0879998207092285,625,2021-03
2021-03-24,4.071499824523926,610,2021-03
2021-03-25,3.984999895095825,738,2021-03
2021-03-26,4.078499794006348,714,2021-03
2021-03-29,4.043000221252441,441,2021-03
2021-03-30,3.9830000400543213,1052,2021-03
2021-03-31,4.002999782562256,289,2021-03
2021-04-01,4.003499984741211,815,2021-04
2021-04-05,4.14900016784668,243,2021-04
2021-04-06,4.126500129699707,269,2021-04
2021-04-07,4.064000129699707,467,2021-04
2021-04-08,4.103499889373779,366,2021-04
2021-04-09,4.05049991607666,518,2021-04
2021-04-12,4.03000020980835,491,2021-04
2021-04-13,4.043000221252441,603,2021-04
2021-04-14,4.139999866485596,452,2021-04
2021-04-15,4.230500221252441,403,2021-04
2021-04-16,4.179999828338623,440,2021-04
2021-04-19,4.25,283,2021-04
2021-04-20,4.223999977111816,234,2021-04
2021-04-21,4.286499977111816,221,2021-04
2021-04-22,4.2804999351501465,239,2021-04
2021-04-23,4.3429999351501465,607,2021-04
2021-04-26,4.447999954223633,243,2021-04
2021-04-27,4.743000030517578,493,2021-04
2021-04-28,4.5370001792907715,48303,2021-04
2021-04-29,4.493000030517578,9852,2021-04
2021-04-30,4.479000091552734,1629,2021-04
2021-05-03,4.543000221252441,927,2021-05
2021-05-04,4.535999774932861,678,2021-05
2021-05-05,4.539000034332275,827,2021-05
2021-05-06,4.61899995803833,925,2021-05
2021-05-07,4.765999794006348,1019,2021-05
2021-05-10,4.733500003814697,1083,2021-05
2021-05-11,4.778500080108643,657,2021-05
2021-05-12,4.752500057220459,684,2021-05
2021-05-13,4.70550012588501,870,2021-05
2021-05-14,4.664000034332275,607,2021-05
2021-05-17,4.721499919891357,908,2021-05
2021-05-18,4.735499858856201,932,2021-05
2021-05-19,4.5894999504089355,815,2021-05
2021-05-20,4.581999778747559,521,2021-05
2021-05-21,4.495999813079834,519,2021-05
2021-05-24,4.541500091552734,837,2021-05
2021-05-25,4.521999835968018,711,2021-05
2021-05-26,4.5329999923706055,796,2021-05
2021-05-27,4.666500091552734,1426,2021-05
2021-05-28,4.682499885559082,686,2021-05
2021-06-01,4.6620001792907715,884,2021-06
2021-06-02,4.599999904632568,304,2021-06
2021-06-03,4.471499919891357,342,2021-06
2021-06-04,4.537499904632568,258,2021-06
2021-06-07,4.534999847412109,284,2021-06
2021-06-08,4.563000202178955,237,2021-06
2021-06-09,4.536499977111816,272,2021-06
2021-06-10,4.489999771118164,267,2021-06
2021-06-11,4.541500091552734,276,2021-06
2021-06-14,4.5320000648498535,409,2021-06
2021-06-15,4.340000152587891,526,2021-06
2021-06-16,4.392499923706055,352,2021-06
2021-06-17,4.184500217437744,248,2021-06
2021-06-18,4.162499904632568,283,2021-06
2021-06-21,4.1875,273,2021-06
2021-06-22,4.234499931335449,341,2021-06
2021-06-23,4.330999851226807,301,2021-06
2021-06-24,4.311500072479248,269,2021-06
2021-06-25,4.298999786376953,525,2021-06
2021-06-28,4.2779998779296875,32689,2021-06
2021-06-29,4.276500225067139,9114,2021-06
2021-06-30,4.296500205993652,1809,2021-06
2021-07-01,4.242000102996826,1274,2021-07
2021-07-02,4.2820000648498535,499,2021-07
2021-07-06,4.257999897003174,1173,2021-07
2021-07-07,4.328999996185303,697,2021-07
2021-07-08,4.271500110626221,576,2021-07
2021-07-09,4.352499961853027,484,2021-07
2021-07-12,4.322999954223633,509,2021-07
2021-07-13,4.314499855041504,459,2021-07
2021-07-14,4.2769999504089355,748,2021-07
2021-07-15,4.333000183105469,451,2021-07
2021-07-16,4.332499980926514,417,2021-07
2021-07-19,4.2104997634887695,751,2021-07
2021-07-20,4.273499965667725,638,2021-07
2021-07-21,4.28249979019165,416,2021-07
2021-07-22,4.3480000495910645,405,2021-07
2021-07-23,4.406499862670898,432,2021-07
2021-07-26,4.589000225067139,585,2021-07
2021-07-27,4.546000003814697,501,2021-07
2021-07-28,4.479000091552734,785,2021-07
2021-07-29,4.519999980926514,861,2021-07
2021-07-30,4.480500221252441,377,2021-07
2021-08-02,4.432000160217285,845,2021-08
2021-08-03,4.382999897003174,609,2021-08
2021-08-04,4.329999923706055,307,2021-08
2021-08-05,4.3454999923706055,354,2021-08
2021-08-06,4.3454999923706055,356,2021-08
2021-08-09,4.2870001792907715,374,2021-08
2021-08-10,4.351500034332275,252,2021-08
2021-08-11,4.363999843597412,399,2021-08
2021-08-12,4.355999946594238,670,2021-08
2021-08-13,4.38700008392334,579,2021-08
2021-08-16,4.322000026702881,501,2021-08
2021-08-17,4.199999809265137,590,2021-08
2021-08-18,4.116000175476074,533,2021-08
2021-08-19,4.03849983215332,961,2021-08
2021-08-20,4.134500026702881,522,2021-08
2021-08-23,4.234499931335449,510,2021-08
2021-08-24,4.255000114440918,702,2021-08
2021-08-25,4.264999866485596,432,2021-08
2021-08-26,4.245999813079834,549,2021-08
2021-08-27,4.316500186920166,23166,2021-08
2021-08-30,4.361000061035156,5691,2021-08
2021-08-31,4.360000133514404,2262,2021-08
2021-09-01,4.263000011444092,1315,2021-09
2021-09-02,4.289999961853027,1105,2021-09
2021-09-03,4.325500011444092,747,2021-09
2021-09-07,4.277500152587891,746,2021-09
2021-09-08,4.23199987411499,929,2021-09
2021-09-09,4.2835001945495605,645,2021-09
2021-09-10,4.447999954223633,904,2021-09
2021-09-13,4.363500118255615,630,2021-09
2021-09-14,4.317999839782715,505,2021-09
2021-09-15,4.403500080108643,624,2021-09
2021-09-16,4.278500080108643,589,2021-09
2021-09-17,4.245500087738037,808,2021-09
2021-09-20,4.117000102996826,759,2021-09
2021-09-21,4.127999782562256,576,2021-09
2021-09-22,4.252500057220459,540,2021-09
2021-09-23,4.230999946594238,496,2021-09
2021-09-24,4.287499904632568,590,2021-09
2021-09-27,4.293499946594238,669,2021-09
2021-09-28,4.244999885559082,805,2021-09
2021-09-29,4.199999809265137,793,2021-09
2021-09-30,4.090000152587891,877,2021-09
2021-10-01,4.19350004196167,969,2021-10
2021-10-04,4.246500015258789,446,2021-10
2021-10-05,4.202000141143799,289,2021-10
2021-10-06,4.1570000648498535,384,2021-10
2021-10-07,4.250999927520752,641,2021-10
2021-10-08,4.2829999923706055,340,2021-10
2021-10-11,4.374499797821045,241,2021-10
2021-10-12,4.328999996185303,494,2021-10
2021-10-13,4.520500183105469,362,2021-10
2021-10-14,4.631499767303467,285,2021-10
2021-10-15,4.734000205993652,356,2021-10
2021-10-18,4.730500221252441,601,2021-10
2021-10-19,4.714000225067139,764,2021-10
2021-10-20,4.75600004196167,587,2021-10
2021-10-21,4.58650016784668,618,2021-10
2021-10-22,4.526000022888184,558,2021-10
2021-10-25,4.551499843597412,493,2021-10
2021-10-26,4.486499786376953,249,2021-10
2021-10-27,4.38700008392334,756,2021-10
2021-10-28,4.4375,892,2021-10
2021-10-29,4.375500202178955,716,2021-10
2021-11-01,4.4019999504089355,442,2021-11
2021-11-02,4.374000072479248,315,2021-11
2021-11-03,4.326000213623047,305,2021-11
2021-11-04,4.326000213623047,376,2021-11
2021-11-05,4.348999977111816,327,2021-11
2021-11-08,4.40500020980835,222,2021-11
2021-11-09,4.380000114440918,402,2021-11
2021-11-10,4.328000068664551,370,2021-11
2021-11-11,4.4045000076293945,330,2021-11
2021-11-12,4.45550012588501,295,2021-11
2021-11-15,4.4070000648498535,384,2021-11
2021-11-16,4.358500003814697,274,2021-11
2021-11-17,4.2729997634887695,437,2021-11
2021-11-18,4.309999942779541,326,2021-11
2021-11-19,4.4085001945495605,410,2021-11
2021-11-22,4.395500183105469,470,2021-11
2021-11-23,4.423500061035156,325,2021-11
2021-11-24,4.458000183105469,368,2021-11
2021-11-26,4.281499862670898,51189,2021-11
2021-11-29,4.336999893188477,6009,2021-11
2021-11-30,4.2779998779296875,2030,2021-11
2021-12-01,4.247499942779541,1392,2021-12
2021-12-02,4.298999786376953,834,2021-12
2021-12-03,4.266499996185303,891,2021-12
2021-12-06,4.336999893188477,712,2021-12
2021-12-07,4.3379998207092285,887,2021-12
2021-12-08,4.390999794006348,950,2021-12
2021-12-09,4.329999923706055,651,2021-12
2021-12-10,4.2829999923706055,529,2021-12
2021-12-13,4.28000020980835,504,2021-12
2021-12-14,4.254000186920166,585,2021-12
2021-12-15,4.179500102996826,1004,2021-12
2021-12-16,4.30049991607666,687,2021-12
2021-12-17,4.290999889373779,548,2021-12
2021-12-20,4.288000106811523,490,2021-12
2021-12-21,4.3379998207092285,761,2021-12
2021-12-22,4.389500141143799,1030,2021-12
2021-12-23,4.38700008392334,880,2021-12
2021-12-27,4.465000152587891,421,2021-12
2021-12-28,4.420000076293945,543,2021-12
2021-12-29,4.4019999504089355,695,2021-12
2021-12-30,4.384500026702881,832,2021-12
2021-12-31,4.454999923706055,373,2021-12
2022-01-03,4.4145002365112305,544,2022-01
2022-01-04,4.466000080108643,499,2022-01
2022-01-05,4.4045000076293945,724,2022-01
2022-01-06,4.3480000495910645,522,2022-01
2022-01-07,4.4029998779296875,618,2022-01
2022-01-10,4.3445000648498535,787,2022-01
2022-01-11,4.420499801635742,554,2022-01
2022-01-12,4.564000129699707,1192,2022-01
2022-01-13,4.533999919891357,991,2022-01
2022-01-14,4.411499977111816,1236,2022-01
2022-01-18,4.375999927520752,1000,2022-01
2022-01-19,4.462500095367432,1172,2022-01
2022-01-20,4.576499938964844,1441,2022-01
2022-01-21,4.512499809265137,1052,2022-01
2022-01-24,4.4029998779296875,1533,2022-01
2022-01-25,4.442999839782715,469,2022-01
2022-01-26,4.504499912261963,873,2022-01
2022-01-27,4.413000106811523,1211,2022-01
2022-01-28,4.302999973297119,1471,2022-01
2022-01-31,4.317999839782715,882,2022-01
2022-02-01,4.428999900817871,859,2022-02
2022-02-02,4.491000175476074,422,2022-02
2022-02-03,4.4664998054504395,500,2022-02
2022-02-04,4.483500003814697,444,2022-02
2022-02-07,4.46150016784668,686,2022-02
2022-02-08,4.459499835968018,398,2022-02
2022-02-09,4.600500106811523,425,2022-02
2022-02-10,4.65749979019165,415,2022-02
2022-02-11,4.505000114440918,489,2022-02
2022-02-14,4.507500171661377,420,2022-02
2022-02-15,4.531499862670898,310,2022-02
2022-02-16,4.540500164031982,577,2022-02
2022-02-17,4.525000095367432,516,2022-02
2022-02-18,4.519499778747559,647,2022-02
2022-02-22,4.510000228881836,818,2022-02
2022-02-23,4.481500148773193,975,2022-02
2022-02-24,4.453999996185303,50571,2022-02
2022-02-25,4.4720001220703125,14457,2022-02
2022-02-28,4.444499969482422,1803,2022-02
2022-03-01,4.58650016784668,1777,2022-03
2022-03-02,4.6554999351501465,1446,2022-03
2022-03-03,4.771500110626221,1055,2022-03
2022-03-04,4.928999900817871,1241,2022-03
2022-03-07,4.7220001220703125,987,2022-03
2022-03-08,4.700500011444092,1207,2022-03
2022-03-09,4.564000129699707,944,2022-03
2022-03-10,4.643499851226807,1067,2022-03
2022-03-11,4.616000175476074,970,2022-03
2022-03-14,4.512499809265137,743,2022-03
2022-03-15,4.501500129699707,788,2022-03
2022-03-16,4.5879998207092285,664,2022-03
2022-03-17,4.690499782562256,939,2022-03
2022-03-18,4.730500221252441,685,2022-03
2022-03-21,4.701499938964844,555,2022-03
2022-03-22,4.689000129699707,488,2022-03
2022-03-23,4.762499809265137,490,2022-03
2022-03-24,4.729000091552734,893,2022-03
2022-03-25,4.685999870300293,667,2022-03
2022-03-28,4.714000225067139,470,2022-03
2022-03-29,4.7164998054504395,333,2022-03
2022-03-30,4.739500045776367,1146,2022-03
2022-03-31,4.743000030517578,708,2022-03
2022-04-01,4.682499885559082,1077,2022-04
2022-04-04,4.776500225067139,473,2022-04
2022-04-05,4.790999889373779,377,2022-04
2022-04-06,4.733500003814697,379,2022-04
2022-04-07,4.695000171661377,328,2022-04
2022-04-08,4.71999979019165,327,2022-04
2022-04-11,4.628499984741211,352,2022-04
2022-04-12,4.703999996185303,343,2022-04
2022-04-13,4.706999778747559,480,2022-04
2022-04-14,4.7170000076293945,982,2022-04
2022-04-18,4.796000003814697,498,2022-04
2022-04-19,4.714000225067139,573,2022-04
2022-04-20,4.649499893188477,859,2022-04
2022-04-21,4.703499794006348,614,2022-04
2022-04-22,4.582499980926514,663,2022-04
2022-04-25,4.448999881744385,494,2022-04
2022-04-26,4.440000057220459,359,2022-04
2022-04-27,4.454500198364258,24293,2022-04
2022-04-28,4.41349983215332,4363,2022-04
2022-04-29,4.394999980926514,1147,2022-04
2022-05-02,4.255499839782715,1034,2022-05
2022-05-03,4.270999908447266,878,2022-05
2022-05-04,4.328499794006348,1065,2022-05
2022-05-05,4.284999847412109,778,2022-05
2022-05-06,4.261499881744385,1207,2022-05
2022-05-09,4.192999839782715,1019,2022-05
2022-05-10,4.1545000076293945,908,2022-05
2022-05-11,4.212500095367432,723,2022-05
2022-05-12,4.105000019073486,783,2022-05
2022-05-13,4.180500030517578,1133,2022-05
2022-05-16,4.196499824523926,575,2022-05
2022-05-17,4.239500045776367,780,2022-05
2022-05-18,4.182000160217285,689,2022-05
2022-05-19,4.284999847412109,587,2022-05
2022-05-20,4.281000137329102,577,2022-05
2022-05-23,4.347499847412109,577,2022-05
2022-05-24,4.325500011444092,969,2022-05
2022-05-25,4.2769999504089355,503,2022-05
2022-05-26,4.255000114440918,842,2022-05
2022-05-27,4.303999900817871,1475,2022-05
2022-05-31,4.295000076293945,323,2022-05
2022-06-01,4.329999923706055,886,2022-06
2022-06-02,4.553999900817871,343,2022-06
2022-06-03,4.477499961853027,377,2022-06
2022-06-06,4.439499855041504,230,2022-06
2022-06-07,4.439499855041504,319,2022-06
2022-06-08,4.458499908447266,271,2022-06
2022-06-09,4.388999938964844,374,2022-06
2022-06-10,4.301000118255615,385,2022-06
2022-06-13,4.2164998054504395,718,2022-06
2022-06-14,4.161499977111816,454,2022-06
2022-06-15,4.167500019073486,687,2022-06
2022-06-16,4.111999988555908,564,2022-06
2022-06-17,4.017499923706055,657,2022-06
2022-06-21,4.043000221252441,453,2022-06
2022-06-22,3.9514999389648438,443,2022-06
2022-06-23,3.758500099182129,533,2022-06
2022-06-24,3.759999990463257,315,2022-06
2022-06-27,3.7790000438690186,375,2022-06
2022-06-28,3.7839999198913574,26394,2022-06
2022-06-29,3.7790000438690186,4697,2022-06
2022-06-30,3.7144999504089355,1292,2022-06
2022-07-01,3.61899995803833,1107,2022-07
2022-07-05,3.424999952316284,919,2022-07
2022-07-06,3.4179999828338623,927,2022-07
2022-07-07,3.5820000171661377,475,2022-07
2022-07-08,3.5320000648498535,639,2022-07
2022-07-11,3.4375,610,2022-07
2022-07-12,3.2964999675750732,525,2022-07
2022-07-13,3.325500011444092,417,2022-07
2022-07-14,3.2105000019073486,591,2022-07
2022-07-15,3.234499931335449,420,2022-07
2022-07-18,3.3480000495910645,558,2022-07
2022-07-19,3.2915000915527344,467,2022-07
2022-07-20,3.3294999599456787,598,2022-07
2022-07-21,3.302000045776367,486,2022-07
2022-07-22,3.3485000133514404,432,2022-07
2022-07-25,3.3510000705718994,588,2022-07
2022-07-26,3.382499933242798,367,2022-07
2022-07-27,3.429500102996826,784,2022-07
2022-07-28,3.4749999046325684,735,2022-07
2022-07-29,3.5840001106262207,724,2022-07
2022-08-01,3.552000045776367,326,2022-08
2022-08-02,3.5244998931884766,479,2022-08
2022-08-03,3.4695000648498535,225,2022-08
2022-08-04,3.4830000400543213,336,2022-08
2022-08-05,3.552999973297119,236,2022-08
2022-08-08,3.5875000953674316,176,2022-08
2022-08-09,3.5924999713897705,352,2022-08
2022-08-10,3.6554999351501465,246,2022-08
2022-08-11,3.7105000019073486,308,2022-08
2022-08-12,3.6760001182556152,367,2022-08
2022-08-15,3.628999948501587,366,2022-08
2022-08-16,3.6364998817443848,270,2022-08
2022-08-17,3.5980000495910645,289,2022-08
2022-08-18,3.6465001106262207,352,2022-08
2022-08-19,3.683500051498413,242,2022-08
2022-08-22,3.6705000400543213,351,2022-08
2022-08-23,3.7044999599456787,574,2022-08
2022-08-24,3.6605000495910645,539,2022-08
2022-08-25,3.7105000019073486,718,2022-08
2022-08-26,3.7114999294281006,472,2022-08
2022-08-29,3.626499891281128,22591,2022-08
2022-08-30,3.5450000762939453,7929,2022-08
2022-08-31,3.5185000896453857,1607,2022-08
2022-09-01,3.4144999980926514,969,2022-09
2022-09-02,3.4214999675750732,804,2022-09
2022-09-06,3.4690001010894775,785,2022-09
2022-09-07,3.437999963760376,668,2022-09
2022-09-08,3.5360000133514404,728,2022-09
2022-09-09,3.5810000896453857,655,2022-09
2022-09-12,3.625499963760376,462,2022-09
2022-09-13,3.5810000896453857,699,2022-09
2022-09-14,3.5455000400543213,525,2022-09
2022-09-15,3.5234999656677246,596,2022-09
2022-09-16,3.561000108718872,554,2022-09
2022-09-19,3.557499885559082,450,2022-09
2022-09-20,3.5480000972747803,545,2022-09
2022-09-21,3.51200008392334,985,2022-09
2022-09-22,3.498500108718872,681,2022-09
2022-09-23,3.371500015258789,511,2022-09
2022-09-26,3.313499927520752,589,2022-09
2022-09-27,3.322999954223633,487,2022-09
2022-09-28,3.381999969482422,527,2022-09
2022-09-29,3.440000057220459,592,2022-09
2022-09-30,3.441999912261963,276,2022-09
2022-10-03,3.4579999446868896,609,2022-10
2022-10-04,3.5179998874664307,720,2022-10
2022-10-05,3.5325000286102295,282,2022-10
2022-10-06,3.4749999046325684,217,2022-10
2022-10-07,3.4124999046325684,278,2022-10
2022-10-10,3.4535000324249268,246,2022-10
2022-10-11,3.4779999256134033,265,2022-10
2022-10-12,3.444499969482422,352,2022-10
2022-10-13,3.4674999713897705,249,2022-10
2022-10-14,3.450500011444092,354,2022-10
2022-10-17,3.4554998874664307,269,2022-10
2022-10-18,3.4065001010894775,331,2022-10
2022-10-19,3.3605000972747803,353,2022-10
2022-10-20,3.4509999752044678,433,2022-10
2022-10-21,3.5230000019073486,417,2022-10
2022-10-24,3.4795000553131104,537,2022-10
2022-10-25,3.450500011444092,508,2022-10
2022-10-26,3.629499912261963,367,2022-10
2022-10-27,3.625499963760376,761,2022-10
2022-10-28,3.4660000801086426,860,2022-10
2022-10-31,3.4135000705718994,587,2022-10
2022-11-01,3.509500026702881,405,2022-11
2022-11-02,3.505500078201294,238,2022-11
2022-11-03,3.4565000534057617,309,2022-11
2022-11-04,3.7144999504089355,322,2022-11
2022-11-07,3.629499912261963,279,2022-11
2022-11-08,3.7054998874664307,221,2022-11
2022-11-09,3.741499900817871,323,2022-11
2022-11-10,3.7960000038146973,231,2022-11
2022-11-11,3.9509999752044678,260,2022-11
2022-11-14,3.8550000190734863,661,2022-11
2022-11-15,3.8394999504089355,409,2022-11
2022-11-16,3.7880001068115234,461,2022-11
2022-11-17,3.689500093460083,427,2022-11
2022-11-18,3.631999969482422,645,2022-11
2022-11-21,3.571500062942505,455,2022-11
2022-11-22,3.614500045776367,539,2022-11
2022-11-23,3.617500066757202,296,2022-11
2022-11-25,3.626499891281128,301,2022-11
2022-11-28,3.6105000972747803,31550,2022-11
2022-11-29,3.630000114440918,8381,2022-11
2022-11-30,3.7295000553131104,2093,2022-11
2022-12-01,3.813999891281128,1366,2022-12
2022-12-02,3.8480000495910645,660,2022-12
2022-12-05,3.7894999980926514,686,2022-12
2022-12-06,3.811500072479248,856,2022-12
2022-12-07,3.8554999828338623,535,2022-12
2022-12-08,3.880500078201294,786,2022-12
2022-12-09,3.875999927520752,599,2022-12
2022-12-12,3.7985000610351562,542,2022-12
2022-12-13,3.8394999504089355,522,2022-12
2022-12-14,3.875,589,2022-12
2022-12-15,3.763000011444092,1002,2022-12
2022-12-16,3.7614998817443848,616,2022-12
2022-12-19,3.7829999923706055,601,2022-12
2022-12-20,3.797499895095825,585,2022-12
2022-12-21,3.805999994277954,578,2022-12
2022-12-22,3.751499891281128,591,2022-12
2022-12-23,3.802999973297119,370,2022-12
2022-12-27,3.8334999084472656,380,2022-12
2022-12-28,3.8320000171661377,550,2022-12
2022-12-29,3.821000099182129,723,2022-12
2022-12-30,3.805500030517578,681,2022-12
2023-01-03,3.7660000324249268,1032,2023-01
2023-01-04,3.739500045776367,663,2023-01
2023-01-05,3.818000078201294,367,2023-01
2023-01-06,3.9084999561309814,422,2023-01
2023-01-09,4.018499851226807,837,2023-01
2023-01-10,4.066999912261963,676,2023-01
2023-01-11,4.1545000076293945,657,2023-01
2023-01-12,4.185999870300293,532,2023-01
2023-01-13,4.207499980926514,372,2023-01
2023-01-17,4.215000152587891,406,2023-01
2023-01-18,4.228499889373779,514,2023-01
2023-01-19,4.226500034332275,350,2023-01
2023-01-20,4.248499870300293,447,2023-01
2023-01-23,4.254000186920166,495,2023-01
2023-01-24,4.245500087738037,527,2023-01
2023-01-25,4.239999771118164,380,2023-01
2023-01-26,4.267000198364258,616,2023-01
2023-01-27,4.223999977111816,596,2023-01
2023-01-30,4.203499794006348,468,2023-01
2023-01-31,4.228499889373779,518,2023-01
2023-02-01,4.111000061035156,969,2023-02
2023-02-02,4.093999862670898,558,2023-02
2023-02-03,4.063000202178955,624,2023-02
2023-02-06,4.043499946594238,299,2023-02
2023-02-07,4.088500022888184,278,2023-02
2023-02-08,4.043499946594238,263,2023-02
2023-02-09,4.105500221252441,256,2023-02
2023-02-10,4.027500152587891,320,2023-02
2023-02-13,4.086999893188477,345,2023-02
2023-02-14,4.110000133514404,390,2023-02
2023-02-15,4.052000045776367,482,2023-02
2023-02-16,4.165500164031982,490,2023-02
2023-02-17,4.113999843597412,513,2023-02
2023-02-21,4.234499931335449,406,2023-02
2023-02-22,4.202499866485596,682,2023-02
2023-02-23,4.072999954223633,306,2023-02
2023-02-24,3.9549999237060547,53656,2023-02
2023-02-27,4.008999824523926,8905,2023-02
2023-02-28,4.097499847412109,1526,2023-02
2023-03-01,4.168000221252441,901,2023-03
2023-03-02,4.084000110626221,830,2023-03
2023-03-03,4.078000068664551,663,2023-03
2023-03-06,4.100500106811523,795,2023-03
2023-03-07,3.9865000247955322,906,2023-03
2023-03-08,4.041500091552734,525,2023-03
2023-03-09,4.054500102996826,584,2023-03
2023-03-10,4.045499801635742,591,2023-03
2023-03-13,4.069499969482422,842,2023-03
2023-03-14,4.010499954223633,923,2023-03
2023-03-15,3.8564999103546143,875,2023-03
2023-03-16,3.885499954223633,592,2023-03
2023-03-17,3.9135000705718994,498,2023-03
2023-03-20,3.9755001068115234,532,2023-03
2023-03-21,4.018499851226807,571,2023-03
2023-03-22,4.06850004196167,641,2023-03
2023-03-23,4.145999908447266,465,2023-03
2023-03-24,4.101500034332275,471,2023-03
2023-03-27,4.104499816894531,566,2023-03
2023-03-28,4.111999988555908,496,2023-03
2023-03-29,4.114999771118164,636,2023-03
2023-03-30,4.0904998779296875,636,2023-03
2023-03-31,4.104499816894531,520,2023-03
2023-04-03,4.059500217437744,398,2023-04
2023-04-04,3.9835000038146973,372,2023-04
2023-04-05,3.997999906539917,274,2023-04
2023-04-06,4.026000022888184,0,2023-04
2023-04-10,3.9865000247955322,230,2023-04
2023-04-11,4.024499893188477,337,2023-04
2023-04-12,4.084499835968018,288,2023-04
2023-04-13,4.124000072479248,539,2023-04
2023-04-14,4.107500076293945,484,2023-04
2023-04-17,4.065999984741211,374,2023-04
2023-04-18,4.0894999504089355,326,2023-04
2023-04-19,4.072000026702881,494,2023-04
2023-04-20,4.021999835968018,471,2023-04
2023-04-21,3.9800000190734863,583,2023-04
2023-04-24,3.953000068664551,522,2023-04
2023-04-25,3.8459999561309814,671,2023-04
2023-04-26,3.8499999046325684,38282,2023-04
2023-04-27,3.864500045776367,6253,2023-04
2023-04-28,3.869999885559082,1453,2023-04
2023-05-01,3.9170000553131104,897,2023-05
2023-05-02,3.8480000495910645,820,2023-05
2023-05-03,3.8315000534057617,682,2023-05
2023-05-04,3.8499999046325684,847,2023-05
2023-05-05,3.871500015258789,472,2023-05
2023-05-08,3.9179999828338623,327,2023-05
2023-05-09,3.8889999389648438,396,2023-05
2023-05-10,3.828000068664551,545,2023-05
2023-05-11,3.697499990463257,802,2023-05
2023-05-12,3.7165000438690186,318,2023-05
2023-05-15,3.737499952316284,476,2023-05
2023-05-16,3.6545000076293945,544,2023-05
2023-05-17,3.743000030517578,530,2023-05
2023-05-18,3.68149995803833,704,2023-05
2023-05-19,3.7225000858306885,522,2023-05
2023-05-22,3.6740000247955322,614,2023-05
2023-05-23,3.6414999961853027,367,2023-05
2023-05-24,3.553499937057495,553,2023-05
2023-05-25,3.5804998874664307,546,2023-05
2023-05-26,3.6735000610351562,660,2023-05
2023-05-30,3.6579999923706055,1442,2023-05
2023-05-31,3.63100004196167,484,2023-05
2023-06-01,3.7065000534057617,403,2023-06
2023-06-02,3.7225000858306885,326,2023-06
2023-06-05,3.762500047683716,475,2023-06
2023-06-06,3.7669999599456787,343,2023-06
2023-06-07,3.754499912261963,430,2023-06
2023-06-08,3.7964999675750732,364,2023-06
2023-06-09,3.7890000343322754,260,2023-06
2023-06-12,3.750499963760376,348,2023-06
2023-06-13,3.8285000324249268,407,2023-06
2023-06-14,3.865999937057495,310,2023-06
2023-06-15,3.8965001106262207,369,2023-06
2023-06-16,3.884500026702881,368,2023-06
2023-06-20,3.878499984741211,347,2023-06
2023-06-21,3.9110000133514404,409,2023-06
2023-06-22,3.8884999752044678,407,2023-06
2023-06-23,3.805999994277954,376,2023-06
2023-06-26,3.7864999771118164,455,2023-06
2023-06-27,3.7815001010894775,504,2023-06
2023-06-28,3.7204999923706055,22765,2023-06
2023-06-29,3.677500009536743,3999,2023-06
2023-06-30,3.740999937057495,1048,2023-06
2023-07-03,3.7790000438690186,1069,2023-07
2023-07-05,3.753499984741211,652,2023-07
2023-07-06,3.7200000286102295,711,2023-07
2023-07-07,3.7669999599456787,664,2023-07
2023-07-10,3.7715001106262207,686,2023-07
2023-07-11,3.753499984741211,530,2023-07
2023-07-12,3.8420000076293945,733,2023-07
2023-07-13,3.929500102996826,704,2023-07
2023-07-14,3.921999931335449,486,2023-07
2023-07-17,3.8320000171661377,390,2023-07
2023-07-18,3.815999984741211,492,2023-07
2023-07-19,3.799499988555908,510,2023-07
2023-07-20,3.817500114440918,729,2023-07
2023-07-21,3.802999973297119,594,2023-07
2023-07-24,3.8405001163482666,627,2023-07
2023-07-25,3.9019999504089355,941,2023-07
2023-07-26,3.890500068664551,795,2023-07
2023-07-27,3.8635001182556152,544,2023-07
2023-07-28,3.9170000553131104,1510,2023-07
2023-07-31,3.994499921798706,1430,2023-07
2023-08-01,3.8935000896453857,1186,2023-08
2023-08-02,3.827500104904175,1122,2023-08
2023-08-03,3.875999927520752,1055,2023-08
2023-08-04,3.8450000286102295,457,2023-08
2023-08-07,3.812999963760376,480,2023-08
2023-08-08,3.747999906539917,706,2023-08
2023-08-09,3.7674999237060547,570,2023-08
2023-08-10,3.750999927520752,668,2023-08
2023-08-11,3.7144999504089355,753,2023-08
2023-08-14,3.7244999408721924,540,2023-08
2023-08-15,3.6614999771118164,620,2023-08
2023-08-16,3.6514999866485596,671,2023-08
2023-08-17,3.685499906539917,524,2023-08
2023-08-18,3.6989998817443848,299,2023-08
2023-08-21,3.7119998931884766,320,2023-08
2023-08-22,3.750499963760376,381,2023-08
2023-08-23,3.803499937057495,317,2023-08
2023-08-24,3.7674999237060547,472,2023-08
2023-08-25,3.759999990463257,251,2023-08
2023-08-28,3.753999948501587,549,2023-08
2023-08-29,3.7929999828338623,29529,2023-08
2023-08-30,3.7850000858306885,7893,2023-08
2023-08-31,3.7725000381469727,2069,2023-08
2023-09-01,3.8125,822,2023-09
2023-09-05,3.811000108718872,944,2023-09
2023-09-06,3.748500108718872,837,2023-09
2023-09-07,3.7260000705718994,787,2023-09
2023-09-08,3.680500030517578,1120,2023-09
2023-09-11,3.7699999809265137,846,2023-09
2023-09-12,3.752000093460083,460,2023-09
2023-09-13,3.75600004196167,509,2023-09
2023-09-14,3.7825000286102295,545,2023-09
2023-09-15,3.7634999752044678,556,2023-09
2023-09-18,3.741499900817871,674,2023-09
2023-09-19,3.7139999866485596,717,2023-09
2023-09-20,3.746500015258789,842,2023-09
2023-09-21,3.6665000915527344,628,2023-09
2023-09-22,3.6654999256134033,586,2023-09
2023-09-25,3.6494998931884766,1582,2023-09
2023-09-26,3.625,702,2023-09
2023-09-27,3.627000093460083,1228,2023-09
2023-09-28,3.694499969482422,935,2023-09
2023-09-29,3.7260000705718994,815,2023-09
2023-10-02,3.631999969482422,621,2023-10
2023-10-03,3.615499973297119,525,2023-10
2023-10-04,3.5840001106262207,395,2023-10
2023-10-05,3.546999931335449,376,2023-10
2023-10-06,3.624500036239624,326,2023-10
2023-10-09,3.6424999237060547,318,2023-10
2023-10-10,3.631999969482422,331,2023-10
2023-10-11,3.614000082015991,433,2023-10
2023-10-12,3.5940001010894775,349,2023-10
2023-10-13,3.5799999237060547,388,2023-10
2023-10-16,3.5869998931884766,298,2023-10
2023-10-17,3.575500011444092,375,2023-10
2023-10-18,3.5820000171661377,340,2023-10
2023-10-19,3.5915000438690186,418,2023-10
2023-10-20,3.5420000553131104,760,2023-10
2023-10-23,3.572999954223633,387,2023-10
2023-10-24,3.609999895095825,645,2023-10
2023-10-25,3.572000026702881,501,2023-10
2023-10-26,3.56850004196167,556,2023-10
2023-10-27,3.634000062942505,847,2023-10
2023-10-30,3.6494998931884766,665,2023-10
2023-10-31,3.6414999961853027,771,2023-10
2023-11-01,3.6449999809265137,546,2023-11
2023-11-02,3.6670000553131104,412,2023-11
2023-11-03,3.674499988555908,357,2023-11
2023-11-06,3.7095000743865967,368,2023-11
2023-11-07,3.6700000762939453,313,2023-11
2023-11-08,3.628000020980835,435,2023-11
2023-11-09,3.634999990463257,363,2023-11
2023-11-10,3.5834999084472656,493,2023-11
2023-11-13,3.6624999046325684,575,2023-11
2023-11-14,3.682499885559082,762,2023-11
2023-11-15,3.7174999713897705,383,2023-11
2023-11-16,3.7044999599456787,338,2023-11
2023-11-17,3.737499952316284,493,2023-11
2023-11-20,3.8125,377,2023-11
2023-11-21,3.814500093460083,466,2023-11
2023-11-22,3.7664999961853027,596,2023-11
2023-11-23,3.7790000438690186,596,2023-11
2023-11-24,3.7964999675750732,373,2023-11
2023-11-27,3.762500047683716,435,2023-11
2023-11-28,3.8010001182556152,32871,2023-11
2023-11-29,3.7860000133514404,6653,2023-11
2023-11-30,3.8289999961853027,2571,2023-11
2023-12-01,3.9089999198913574,2050,2023-12
2023-12-04,3.820499897003174,963,2023-12
2023-12-05,3.7725000381469727,971,2023-12
2023-12-06,3.7165000438690186,551,2023-12
2023-12-07,3.7844998836517334,721,2023-12
2023-12-08,3.819999933242798,421,2023-12
2023-12-11,3.7799999713897705,723,2023-12
2023-12-12,3.7860000133514404,808,2023-12
2023-12-13,3.7860000133514404,679,2023-12
2023-12-14,3.8884999752044678,1003,2023-12
2023-12-15,3.884999990463257,853,2023-12
2023-12-18,3.8480000495910645,464,2023-12
2023-12-19,3.8959999084472656,701,2023-12
2023-12-20,3.9014999866485596,638,2023-12
2023-12-21,3.9084999561309814,781,2023-12
2023-12-22,3.8954999446868896,547,2023-12
2023-12-26,3.8954999446868896,525,2023-12
2023-12-27,3.94350004196167,1283,2023-12
2023-12-28,3.9130001068115234,940,2023-12
2023-12-29,3.880500078201294,349,2023-12
2024-01-02,3.86899995803833,879,2024-01
2024-01-03,3.8475000858306885,395,2024-01
2024-01-04,3.8310000896453857,389,2024-01
2024-01-05,3.7945001125335693,413,2024-01
2024-01-08,3.799499988555908,406,2024-01
2024-01-09,3.748500108718872,409,2024-01
2024-01-10,3.7809998989105225,650,2024-01
2024-01-11,3.7764999866485596,292,2024-01
2024-01-12,3.740000009536743,430,2024-01
2024-01-16,3.7664999961853027,295,2024-01
2024-01-17,3.7325000762939453,319,2024-01
2024-01-18,3.744999885559082,289,2024-01
2024-01-19,3.7869999408721924,264,2024-01
2024-01-22,3.7639999389648438,493,2024-01
2024-01-23,3.7904999256134033,401,2024-01
2024-01-24,3.882499933242798,523,2024-01
2024-01-25,3.865499973297119,413,2024-01
2024-01-26,3.8505001068115234,632,2024-01
2024-01-29,3.872999906539917,706,2024-01
2024-01-30,3.9065001010894775,562,2024-01
2024-01-31,3.9024999141693115,750,2024-01
2024-02-01,3.8524999618530273,695,2024-02
2024-02-02,3.821500062942505,529,2024-02
2024-02-05,3.7720000743865967,372,2024-02
2024-02-06,3.7825000286102295,327,2024-02
2024-02-07,3.737499952316284,351,2024-02
2024-02-08,3.7054998874664307,383,2024-02
2024-02-09,3.686000108718872,324,2024-02
2024-02-12,3.7284998893737793,200,2024-02
2024-02-13,3.7139999866485596,197,2024-02
2024-02-14,3.700500011444092,359,2024-02
2024-02-15,3.756500005722046,273,2024-02
2024-02-16,3.8380000591278076,334,2024-02
2024-02-20,3.866499900817871,392,2024-02
2024-02-21,3.874500036239624,358,2024-02
2024-02-22,3.8975000381469727,255,2024-02
2024-02-23,3.881999969482422,462,2024-02
2024-02-26,3.8239998817443848,515,2024-02
2024-02-27,3.8310000896453857,23671,2024-02
2024-02-28,3.827500104904175,7289,2024-02
2024-02-29,3.8345000743865967,2054,2024-02
2024-03-01,3.8550000190734863,1346,2024-03
2024-03-04,3.8519999980926514,1136,2024-03
2024-03-05,3.8440001010894775,929,2024-03
2024-03-06,3.870500087738037,987,2024-03
2024-03-07,3.9195001125335693,1243,2024-03
2024-03-08,3.884999990463257,693,2024-03
2024-03-11,3.922499895095825,691,2024-03
2024-03-12,3.924999952316284,775,2024-03
2024-03-13,4.052499771118164,828,2024-03
2024-03-14,4.0370001792907715,861,2024-03
2024-03-15,4.112500190734863,822,2024-03
2024-03-18,4.114500045776367,950,2024-03
2024-03-19,4.058499813079834,978,2024-03
2024-03-20,4.03849983215332,776,2024-03
2024-03-21,4.046500205993652,867,2024-03
2024-03-22,3.996000051498413,1056,2024-03
2024-03-25,4.006999969482422,676,2024-03
2024-03-26,3.996000051498413,852,2024-03
2024-03-27,3.992500066757202,715,2024-03
2024-03-28,4.003499984741211,852,2024-03
2024-04-01,4.046000003814697,623,2024-04
2024-04-02,4.070000171661377,458,2024-04
2024-04-03,4.192999839782715,431,2024-04
2024-04-04,4.246500015258789,205,2024-04
2024-04-05,4.239500045776367,1377,2024-04
2024-04-08,4.2769999504089355,223,2024-04
2024-04-09,4.285999774932861,206,2024-04
2024-04-10,4.2820000648498535,316,2024-04
2024-04-11,4.251999855041504,355,2024-04
2024-04-12,4.257500171661377,252,2024-04
2024-04-15,4.379000186920166,289,2024-04
2024-04-16,4.305500030517578,314,2024-04
2024-04-17,4.34250020980835,234,2024-04
2024-04-18,4.440499782562256,295,2024-04
2024-04-19,4.501999855041504,248,2024-04
2024-04-22,4.500500202178955,468,2024-04
2024-04-23,4.490499973297119,570,2024-04
2024-04-24,4.4670000076293945,417,2024-04
2024-04-25,4.570499897003174,396,2024-04
2024-04-26,4.568999767303467,55975,2024-04
2024-04-29,4.658999919891357,11865,2024-04
2024-04-30,4.564499855041504,2062,2024-04
2024-05-01,4.552499771118164,1659,2024-05
2024-05-02,4.49399995803833,864,2024-05
2024-05-03,4.573500156402588,879,2024-05
2024-05-06,4.634500026702881,642,2024-05
2024-05-07,4.625500202178955,823,2024-05
2024-05-08,4.561999797821045,1097,2024-05
2024-05-09,4.607500076293945,905,2024-05
2024-05-10,4.69350004196167,989,2024-05
2024-05-13,4.804500102996826,853,2024-05
2024-05-14,4.953499794006348,1046,2024-05
2024-05-15,4.9695000648498535,724,2024-05
2024-05-16,4.892000198364258,1150,2024-05
2024-05-17,5.057000160217285,790,2024-05
2024-05-20,5.087500095367432,747,2024-05
2024-05-21,5.11899995803833,568,2024-05
2024-05-22,4.867499828338623,976,2024-05
2024-05-23,4.816500186920166,713,2024-05
2024-05-24,4.778500080108643,689,2024-05
2024-05-28,4.875500202178955,461,2024-05
2024-05-29,4.805500030517578,1059,2024-05
2024-05-30,4.671999931335449,1170,2024-05
2024-05-31,4.610000133514404,615,2024-05
2024-06-03,4.677000045776367,488,2024-06
2024-06-04,4.547999858856201,593,2024-06
2024-06-05,4.619500160217285,436,2024-06
2024-06-06,4.690999984741211,376,2024-06
2024-06-07,4.494500160217285,398,2024-06
2024-06-10,4.55649995803833,391,2024-06
2024-06-11,4.5229997634887695,388,2024-06
2024-06-12,4.581500053405762,384,2024-06
2024-06-13,4.507500171661377,532,2024-06
2024-06-14,4.551000118255615,577,2024-06
2024-06-17,4.521500110626221,512,2024-06
2024-06-18,4.561999797821045,454,2024-06
2024-06-20,4.618000030517578,445,2024-06
2024-06-21,4.49399995803833,687,2024-06
2024-06-24,4.5269999504089355,668,2024-06
2024-06-25,4.38100004196167,690,2024-06
2024-06-26,4.367499828338623,27282,2024-06
2024-06-27,4.328499794006348,6440,2024-06
2024-06-28,4.390500068664551,1413,2024-06
2024-07-01,4.426499843597412,991,2024-07
2024-07-02,4.429500102996826,894,2024-07
2024-07-03,4.540999889373779,821,2024-07
2024-07-05,4.6585001945495605,495,2024-07
2024-07-08,4.622000217437744,561,2024-07
2024-07-09,4.578000068664551,663,2024-07
2024-07-10,4.607500076293945,727,2024-07
2024-07-11,4.508500099182129,979,2024-07
2024-07-12,4.598499774932861,608,2024-07
2024-07-15,4.5289998054504395,443,2024-07
2024-07-16,4.443999767303467,782,2024-07
2024-07-17,4.39900016784668,483,2024-07
2024-07-18,4.265999794006348,437,2024-07
2024-07-19,4.218999862670898,302,2024-07
2024-07-22,4.180500030517578,483,2024-07
2024-07-23,4.145999908447266,503,2024-07
2024-07-24,4.098999977111816,596,2024-07
2024-07-25,4.112500190734863,516,2024-07
2024-07-26,4.104499816894531,386,2024-07
2024-07-29,4.061999797821045,863,2024-07
2024-07-30,4.063000202178955,1667,2024-07
2024-07-31,4.159999847412109,637,2024-07
2024-08-01,4.066500186920166,880,2024-08
2024-08-02,4.084000110626221,421,2024-08
2024-08-05,3.9839999675750732,585,2024-08
2024-08-06,4.011499881744385,449,2024-08
2024-08-07,3.9375,397,2024-08
2024-08-08,3.944999933242798,408,2024-08
2024-08-09,3.9800000190734863,343,2024-08
2024-08-12,4.054999828338623,399,2024-08
2024-08-13,4.035999774932861,241,2024-08
2024-08-14,4.025000095367432,190,2024-08
2024-08-15,4.138999938964844,335,2024-08
2024-08-16,4.127500057220459,286,2024-08
2024-08-19,4.166500091552734,237,2024-08
2024-08-20,4.149499893188477,326,2024-08
2024-08-21,4.18149995803833,299,2024-08
2024-08-22,4.140999794006348,301,2024-08
2024-08-23,4.194499969482422,301,2024-08
2024-08-26,4.21150016784668,346,2024-08
2024-08-27,4.230500221252441,256,2024-08
2024-08-28,4.144999980926514,24167,2024-08
2024-08-29,4.147500038146973,6135,2024-08
2024-08-30,4.144999980926514,1365,2024-08
2024-09-03,4.0320000648498535,1114,2024-09
2024-09-04,4.019499778747559,944,2024-09
2024-09-05,4.077499866485596,543,2024-09
2024-09-06,4.014500141143799,679,2024-09
2024-09-09,4.084499835968018,679,2024-09
2024-09-10,4.040500164031982,674,2024-09
2024-09-11,4.083000183105469,550,2024-09
2024-09-12,4.132999897003174,749,2024-09
2024-09-13,4.175000190734863,509,2024-09
2024-09-16,4.2129998207092285,539,2024-09
2024-09-17,4.213500022888184,463,2024-09
2024-09-18,4.23799991607666,311,2024-09
2024-09-19,4.285999774932861,566,2024-09
2024-09-20,4.281499862670898,276,2024-09
2024-09-23,4.289000034332275,755,2024-09
2024-09-24,4.429500102996826,431,2024-09
2024-09-25,4.427999973297119,563,2024-09
2024-09-26,4.580999851226807,1237,2024-09
2024-09-27,4.540999889373779,1128,2024-09
2024-09-30,4.495999813079834,416,2024-09
2024-10-01,4.5355000495910645,748,2024-10
2024-10-02,4.5960001945495605,469,2024-10
2024-10-03,4.501999855041504,407,2024-10
2024-10-04,4.522500038146973,440,2024-10
2024-10-07,4.519000053405762,413,2024-10
2024-10-08,4.4120001792907715,504,2024-10
2024-10-09,4.355000019073486,425,2024-10
2024-10-10,4.385000228881836,259,2024-10
2024-10-11,4.451499938964844,336,2024-10
2024-10-14,4.363500118255615,398,2024-10
2024-10-15,4.30049991607666,614,2024-10
2024-10-16,4.331500053405762,430,2024-10
2024-10-17,4.286499977111816,345,2024-10
2024-10-18,4.3460001945495605,406,2024-10
2024-10-21,4.322999954223633,425,2024-10
2024-10-22,4.3480000495910645,378,2024-10
2024-10-23,4.304500102996826,474,2024-10
2024-10-24,4.319499969482422,556,2024-10
2024-10-25,4.3394999504089355,386,2024-10
2024-10-28,4.331999778747559,611,2024-10
2024-10-29,4.332499980926514,1134,2024-10
2024-10-30,4.327499866485596,936,2024-10
2024-10-31,4.313499927520752,1249,2024-10
2024-11-01,4.347499847412109,695,2024-11
2024-11-04,4.4070000648498535,471,2024-11
2024-11-05,4.450500011444092,585,2024-11
2024-11-06,4.222499847412109,732,2024-11
2024-11-07,4.409999847412109,394,2024-11
2024-11-08,4.286499977111816,473,2024-11
2024-11-11,4.210999965667725,565,2024-11
2024-11-12,4.119500160217285,542,2024-11
2024-11-13,4.065999984741211,645,2024-11
2024-11-14,4.072999954223633,451,2024-11
2024-11-15,4.051000118255615,349,2024-11
2024-11-18,4.107999801635742,371,2024-11
2024-11-19,4.130000114440918,362,2024-11
2024-11-20,4.143499851226807,437,2024-11
2024-11-21,4.11299991607666,600,2024-11
2024-11-22,4.073999881744385,514,2024-11
2024-11-25,4.0914998054504395,335,2024-11
2024-11-26,4.039000034332275,37274,2024-11
2024-11-27,4.066999912261963,11425,2024-11
2024-11-29,4.08050012588501,1274,2024-11
2024-12-02,4.075500011444092,1564,2024-12
2024-12-03,4.145999908447266,1863,2024-12
2024-12-04,4.142000198364258,1579,2024-12
2024-12-05,4.135000228881836,713,2024-12
2024-12-06,4.138500213623047,514,2024-12
2024-12-09,4.223499774932861,867,2024-12
2024-12-10,4.223499774932861,1242,2024-12
2024-12-11,4.214000225067139,1029,2024-12
2024-12-12,4.195000171661377,761,2024-12
2024-12-13,4.14900016784668,608,2024-12
2024-12-16,4.143499851226807,913,2024-12
2024-12-17,4.0914998054504395,1362,2024-12
2024-12-18,4.099999904632568,1164,2024-12
2024-12-19,4.020500183105469,846,2024-12
2024-12-20,4.040999889373779,836,2024-12
2024-12-23,4.0229997634887695,900,2024-12
2024-12-24,4.049499988555908,397,2024-12
2024-12-26,4.072000026702881,362,2024-12
2024-12-27,4.0625,805,2024-12
2024-12-30,4.045499801635742,1066,2024-12
2024-12-31,3.9860000610351562,708,2024-12
2025-01-02,3.9885001182556152,764,2025-01
2025-01-03,4.0395002365112305,505,2025-01
2025-01-06,4.126999855041504,485,2025-01
2025-01-07,4.1605000495910645,814,2025-01
2025-01-08,4.227499961853027,441,2025-01
2025-01-09,4.2795000076293945,281,2025-01
2025-01-10,4.274499893188477,298,2025-01
2025-01-13,4.295499801635742,231,2025-01
2025-01-14,4.310500144958496,452,2025-01
2025-01-15,4.359499931335449,298,2025-01
2025-01-16,4.4105000495910645,200,2025-01
2025-01-17,4.337500095367432,288,2025-01
2025-01-21,4.310999870300293,493,2025-01
2025-01-22,4.271500110626221,445,2025-01
2025-01-23,4.299499988555908,488,2025-01
2025-01-24,4.289999961853027,476,2025-01
2025-01-27,4.203499794006348,710,2025-01
2025-01-28,4.2204999923706055,435,2025-01
2025-01-29,4.257500171661377,1145,2025-01
2025-01-30,4.288000106811523,1598,2025-01
2025-01-31,4.26200008392334,872,2025-01
2025-02-03,4.294000148773193,597,2025-02
2025-02-04,4.34250020980835,567,2025-02
2025-02-05,4.434500217437744,602,2025-02
2025-02-06,4.453499794006348,586,2025-02
2025-02-07,4.581500053405762,342,2025-02
2025-02-10,4.700500011444092,495,2025-02
2025-02-11,4.5945000648498535,390,2025-02
2025-02-12,4.697999954223633,281,2025-02
2025-02-13,4.769000053405762,358,2025-02
2025-02-14,4.656499862670898,636,2025-02
2025-02-18,4.585000038146973,683,2025-02
2025-02-19,4.557000160217285,569,2025-02
2025-02-20,4.607999801635742,663,2025-02
2025-02-21,4.559999942779541,767,2025-02
2025-02-24,4.517000198364258,561,2025-02
2025-02-25,4.486000061035156,488,2025-02
2025-02-26,4.541999816894531,17252,2025-02
2025-02-27,4.579999923706055,6735,2025-02
2025-02-28,4.514500141143799,2731,2025-02
2025-03-03,4.576499938964844,1408,2025-03
2025-03-04,4.527500152587891,1394,2025-03
2025-03-05,4.766499996185303,819,2025-03
2025-03-06,4.7789998054504395,1108,2025-03
2025-03-07,4.683000087738037,903,2025-03
2025-03-10,4.639500141143799,821,2025-03
2025-03-11,4.739999771118164,756,2025-03
2025-03-12,4.821000099182129,649,2025-03
2025-03-13,4.898499965667725,776,2025-03
2025-03-14,4.869500160217285,394,2025-03
2025-03-17,4.933499813079834,528,2025-03
2025-03-18,4.993000030517578,424,2025-03
2025-03-19,5.076000213623047,459,2025-03
2025-03-20,5.085000038146973,578,2025-03
2025-03-21,5.087500095367432,598,2025-03
2025-03-24,5.064000129699707,799,2025-03
2025-03-25,5.183000087738037,419,2025-03
2025-03-26,5.216000080108643,547,2025-03
2025-03-27,5.097499847412109,1770,2025-03
2025-03-28,5.112500190734863,1395,2025-03
2025-03-31,5.019999980926514,720,2025-03
2025-04-01,5.019000053405762,838,2025-04
2025-04-02,5.023499965667725,523,2025-04
2025-04-03,4.810999870300293,274,2025-04
2025-04-04,4.384500026702881,467,2025-04
2025-04-07,4.169000148773193,434,2025-04
2025-04-08,4.127500057220459,430,2025-04
2025-04-09,4.17549991607666,288,2025-04
2025-04-10,4.321000099182129,313,2025-04
2025-04-11,4.507500171661377,358,2025-04
2025-04-14,4.610499858856201,413,2025-04
2025-04-15,4.611000061035156,463,2025-04
2025-04-16,4.673999786376953,289,2025-04
2025-04-17,4.731500148773193,550,2025-04
2025-04-21,4.7210001945495605,232,2025-04
2025-04-22,4.870500087738037,516,2025-04
2025-04-23,4.8354997634887695,714,2025-04
2025-04-24,4.849999904632568,1626,2025-04
2025-04-25,4.8354997634887695,697,2025-04
2025-04-28,4.8379998207092285,16324,2025-04
2025-04-29,4.822999954223633,4169,2025-04
2025-04-30,4.559999942779541,2137,2025-04
2025-05-01,4.580999851226807,1206,2025-05
2025-05-02,4.627500057220459,1221,2025-05
2025-05-05,4.65500020980835,654,2025-05
2025-05-06,4.735000133514404,777,2025-05
2025-05-07,4.616499900817871,618,2025-05
2025-05-08,4.560999870300293,884,2025-05
2025-05-09,4.611000061035156,796,2025-05
2025-05-12,4.578499794006348,847,2025-05
2025-05-13,4.68149995803833,596,2025-05
2025-05-14,4.611000061035156,940,2025-05
2025-05-15,4.644499778747559,737,2025-05
2025-05-16,4.555500030517578,1098,2025-05
2025-05-19,4.633500099182129,1190,2025-05
2025-05-20,4.619500160217285,1081,2025-05
2025-05-21,4.638000011444092,1191,2025-05
2025-05-22,4.648499965667725,1194,2025-05
2025-05-23,4.80649995803833,1217,2025-05
2025-05-27,4.710000038146973,983,2025-05
2025-05-28,4.644000053405762,1034,2025-05
2025-05-29,4.653500080108643,1046,2025-05
2025-05-30,4.652500152587891,1648,2025-05
2025-06-02,4.834499835968018,679,2025-06
2025-06-03,4.809500217437744,1484,2025-06
2025-06-04,4.864500045776367,940,2025-06
2025-06-05,4.91349983215332,541,2025-06
2025-06-06,4.829999923706055,458,2025-06
2025-06-09,4.9095001220703125,487,2025-06
2025-06-10,4.883999824523926,342,2025-06
2025-06-11,4.801000118255615,537,2025-06
2025-06-12,4.821499824523926,447,2025-06
2025-06-13,4.802999973297119,698,2025-06
2025-06-16,4.826499938964844,649,2025-06
2025-06-17,4.80049991607666,700,2025-06
2025-06-18,4.84499979019165,0,2025-06
2025-06-20,4.826000213623047,854,2025-06
2025-06-23,4.8429999351501465,819,2025-06
2025-06-24,4.867000102996826,506,2025-06
2025-06-25,4.913000106811523,708,2025-06
2025-06-26,5.065499782562256,17008,2025-06
2025-06-27,5.06850004196167,4809,2025-06
2025-06-30,5.03000020980835,1194,2025-06
2025-07-01,5.047999858856201,1003,2025-07
2025-07-02,5.14900016784668,792,2025-07
2025-07-03,5.0970001220703125,0,2025-07
2025-07-04,5.018499851226807,0,2025-07
2025-07-07,4.984499931335449,718,2025-07
2025-07-08,5.644999980926514,922,2025-07
2025-07-09,5.44350004196167,857,2025-07
2025-07-10,5.547999858856201,756,2025-07
2025-07-11,5.561999797821045,1082,2025-07
2025-07-14,5.514999866485596,1093,2025-07
2025-07-15,5.546000003814697,1621,2025-07
2025-07-16,5.496500015258789,1152,2025-07
2025-07-17,5.486000061035156,866,2025-07
2025-07-18,5.578000068664551,521,2025-07
2025-07-21,5.610499858856201,583,2025-07
2025-07-22,5.697000026702881,729,2025-07
2025-07-23,5.795000076293945,607,2025-07
2025-07-24,5.7769999504089355,686,2025-07
2025-07-25,5.763500213623047,911,2025-07
2025-07-28,5.59499979019165,782,2025-07
2025-07-29,5.603499889373779,1039,2025-07
2025-07-30,5.570000171661377,2823,2025-07
2025-07-31,4.33050012588501,1537,2025-07
2025-08-01,4.412499904632568,1301,2025-08
2025-08-04,4.414999961853027,1042,2025-08
2025-08-05,4.363999843597412,831,2025-08
2025-08-06,4.390999794006348,924,2025-08
2025-08-07,4.378499984741211,986,2025-08
2025-08-08,4.45550012588501,645,2025-08
2025-08-11,4.423500061035156,794,2025-08
2025-08-12,4.508500099182129,803,2025-08
2025-08-13,4.48199987411499,879,2025-08
2025-08-14,4.4644999504089355,2053,2025-08
2025-08-15,4.478000164031982,797,2025-08
2025-08-18,4.456999778747559,1008,2025-08
2025-08-19,4.408999919891357,957,2025-08
2025-08-20,4.426000118255615,1188,2025-08
2025-08-21,4.43149995803833,821,2025-08
2025-08-22,4.447500228881836,939,2025-08
2025-08-25,4.4664998054504395,945,2025-08
2025-08-26,4.450500011444092,528,2025-08
2025-08-27,4.4145002365112305,20198,2025-08
2025-08-28,4.463500022888184,7819,2025-08
2025-08-29,4.518499851226807,0,2025-08
2025-09-02,4.569499969482422,1397,2025-09
2025-09-03,4.558499813079834,1166,2025-09
2025-09-04,4.48799991607666,881,2025-09
2025-09-05,4.482500076293945,859,2025-09
2025-09-08,4.490499973297119,888,2025-09
2025-09-09,4.500999927520752,1354,2025-09
2025-09-10,4.550000190734863,1052,2025-09
2025-09-11,4.5904998779296875,1044,2025-09
2025-09-12,4.588500022888184,883,2025-09
2025-09-15,4.6554999351501465,491,2025-09
2025-09-16,4.632999897003174,651,2025-09
2025-09-17,4.571000099182129,950,2025-09
2025-09-18,4.540999889373779,837,2025-09
2025-09-19,4.568999767303467,653,2025-09
2025-09-22,4.572999954223633,830,2025-09
2025-09-23,4.584499835968018,1072,2025-09
2025-09-24,4.752500057220459,1961,2025-09
2025-09-25,4.699999809265137,1220,2025-09
2025-09-26,4.7154998779296875,1901,2025-09
2025-09-29,4.841000080108643,2748,2025-09
2025-09-30,4.804999828338623,1426,2025-09
2025-10-01,4.83050012588501,755,2025-10
2025-10-02,4.8979997634887695,1055,2025-10
2025-10-03,5.058000087738037,995,2025-10
2025-10-06,4.986999988555908,1007,2025-10
2025-10-07,5.047999858856201,731,2025-10
2025-10-08,5.046000003814697,685,2025-10
2025-10-09,5.075500011444092,913,2025-10
2025-10-10,4.848499774932861,960,2025-10
2025-10-13,5.100500106811523,960,2025-10
2025-10-14,4.980500221252441,551,2025-10
2025-10-15,4.9720001220703125,1056,2025-10
2025-10-16,4.958000183105469,615,2025-10
2025-10-17,4.93149995803833,686,2025-10
2025-10-20,4.998000144958496,560,2025-10
2025-10-21,4.929999828338623,674,2025-10
2025-10-22,4.960999965667725,613,2025-10
2025-10-23,5.081999778747559,403,2025-10
2025-10-24,5.093500137329102,368,2025-10
2025-10-27,5.140500068664551,421,2025-10
2025-10-28,5.140500068664551,670,2025-10
2025-10-29,5.233500003814697,2276,2025-10
2025-10-30,5.078000068664551,2249,2025-10
2025-10-31,5.065499782562256,982,2025-10
2025-11-03,5.046999931335449,0,2025-11
2025-11-04,4.926000118255615,590,2025-11
2025-11-05,4.9629998207092285,606,2025-11
2025-11-06,4.945499897003174,946,2025-11
2025-11-07,4.938000202178955,599,2025-11
2025-11-10,5.086999893188477,1048,2025-11
2025-11-11,5.048500061035156,685,2025-11
2025-11-12,5.0894999504089355,656,2025-11
2025-11-13,5.087500095367432,795,2025-11
2025-11-14,5.049499988555908,780,2025-11
2025-11-17,5.0,699,2025-11
2025-11-18,4.962500095367432,767,2025-11
2025-11-19,5.007999897003174,1148,2025-11
2025-11-20,4.959499835968018,969,2025-11
2025-11-21,5.008500099182129,616,2025-11
2025-11-24,4.961999893188477,1045,2025-11
2025-11-25,4.999499797821045,41200,2025-11
2025-11-26,5.104499816894531,11335,2025-11
2025-11-28,5.185500144958496,1349,2025-11
2025-12-01,5.218999862670898,1396,2025-12
2025-12-02,5.160999774932861,1740,2025-12
2025-12-03,5.308000087738037,1005,2025-12
2025-12-04,5.291500091552734,1491,2025-12
2025-12-05,5.381999969482422,949,2025-12
2025-12-08,5.364500045776367,621,2025-12
2025-12-09,5.240499973297119,440,2025-12
2025-12-10,5.2754998207092285,948,2025-12
2025-12-11,5.427000045776367,990,2025-12
2025-12-12,5.2835001945495605,1213,2025-12
2025-12-15,5.338500022888184,1068,2025-12
2025-12-16,5.2870001792907715,798,2025-12
2025-12-17,5.363500118255615,1289,2025-12
2025-12-18,5.366499900817871,860,2025-12
2025-12-19,5.439499855041504,703,2025-12
2025-12-22,5.4375,1789,2025-12
2025-12-23,5.47599983215332,724,2025-12
2025-12-24,5.498499870300293,1111,2025-12
2025-12-26,5.766499996185303,876,2025-12
2025-12-29,5.490499973297119,2538,2025-12
2025-12-30,5.727499961853027,3056,2025-12
2025-12-31,5.630000114440918,1095,2025-12
2026-01-02,5.639999866485596,1307,2026-01
2026-01-05,5.924499988555908,775,2026-01
2026-01-06,6.010499954223633,1480,2026-01
2026-01-07,5.809000015258789,1055,2026-01
2026-01-08,5.746500015258789,1385,2026-01
2026-01-09,5.855500221252441,965,2026-01
2026-01-12,5.985000133514404,1078,2026-01
2026-01-13,5.96999979019165,1211,2026-01
2026-01-14,6.008999824523926,1011,2026-01
2026-01-15,5.947999954223633,1068,2026-01
2026-01-16,5.78849983215332,868,2026-01
2026-01-20,5.7729997634887695,772,2026-01
2026-01-21,5.729499816894531,744,2026-01
2026-01-22,5.742499828338623,981,2026-01
2026-01-23,5.910999774932861,767,2026-01
2026-01-26,5.984000205993652,720,2026-01
2026-01-27,5.828499794006348,917,2026-01
2026-01-28,5.892499923706055,917,2026-01
