Date,ZMW_per_USD,YearMonth
2013-01-03,0.1927042156457901,2013-01
2013-01-04,0.19223007559776306,2013-01
2013-01-07,0.19447684288024902,2013-01
2013-01-08,0.19270794093608856,2013-01
2013-01-09,0.19360709190368652,2013-01
2013-01-10,0.1939525604248047,2013-01
2013-01-11,0.19551488757133484,2013-01
2013-01-14,0.193363755941391,2013-01
2013-01-15,0.19198280572891235,2013-01
2013-01-16,0.19107306003570557,2013-01
2013-01-17,0.19210819900035858,2013-01
2013-01-18,0.19271165132522583,2013-01
2013-01-21,0.19108766317367554,2013-01
2013-01-22,0.1907341331243515,2013-01
2013-01-23,0.1907486915588379,2013-01
2013-01-24,0.19138023257255554,2013-01
2013-01-25,0.1926485300064087,2013-01
2013-01-28,0.19142787158489227,2013-01
2013-01-29,0.19113513827323914,2013-01
2013-01-30,0.19019360840320587,2013-01
2013-01-31,0.18860450387001038,2013-01
2013-02-01,0.18779343366622925,2013-02
2013-02-04,0.18851207196712494,2013-02
2013-02-05,0.18964536488056183,2013-02
2013-02-06,0.19061414897441864,2013-02
2013-02-07,0.18906451761722565,2013-02
2013-02-08,0.18830972909927368,2013-02
2013-02-11,0.19067594408988953,2013-02
2013-02-12,0.19162961840629578,2013-02
2013-02-13,0.19116437435150146,2013-02
2013-02-14,0.18962378799915314,2013-02
2013-02-15,0.1904834359884262,2013-02
2013-02-18,0.19154520332813263,2013-02
2013-02-19,0.19069048762321472,2013-02
2013-02-20,0.19192752242088318,2013-02
2013-02-21,0.18937242031097412,2013-02
2013-02-22,0.19059599936008453,2013-02
2013-02-25,0.19063958525657654,2013-02
2013-02-26,0.18703123927116394,2013-02
2013-02-27,0.18891450762748718,2013-02
2013-02-28,0.18960939347743988,2013-02
2013-03-01,0.18908238410949707,2013-03
2013-03-04,0.18980735540390015,2013-03
2013-03-05,0.19018998742103577,2013-03
2013-03-06,0.18916821479797363,2013-03
2013-03-07,0.18793459236621857,2013-03
2013-03-08,0.19053788483142853,2013-03
2013-03-11,0.18756799399852753,2013-03
2013-03-12,0.18987222015857697,2013-03
2013-03-13,0.18956267833709717,2013-03
2013-03-14,0.18754689395427704,2013-03
2013-03-15,0.18950878083705902,2013-03
2013-03-18,0.188291996717453,2013-03
2013-03-19,0.18830972909927368,2013-03
2013-03-20,0.1865427941083908,2013-03
2013-03-21,0.18718880414962769,2013-03
2013-03-22,0.18654976785182953,2013-03
2013-03-25,0.1876560002565384,2013-03
2013-03-26,0.18525037169456482,2013-03
2013-03-27,0.1864071786403656,2013-03
2013-03-28,0.1864871382713318,2013-03
2013-03-29,0.1864871382713318,2013-03
2013-04-01,0.18711525201797485,2013-04
2013-04-02,0.18721333146095276,2013-04
2013-04-03,0.1860361248254776,2013-04
2013-04-04,0.18656368553638458,2013-04
2013-04-05,0.18873265385627747,2013-04
2013-04-08,0.1869054138660431,2013-04
2013-04-09,0.18687397241592407,2013-04
2013-04-10,0.18751171231269836,2013-04
2013-04-11,0.18748007714748383,2013-04
2013-04-12,0.18761374056339264,2013-04
2013-04-15,0.19147184491157532,2013-04
2013-04-16,0.1892290860414505,2013-04
2013-04-17,0.19007432460784912,2013-04
2013-04-18,0.18746250867843628,2013-04
2013-04-19,0.18774054944515228,2013-04
2013-04-22,0.18755744397640228,2013-04
2013-04-23,0.18793459236621857,2013-04
2013-04-24,0.18762429058551788,2013-04
2013-04-25,0.1871642768383026,2013-04
2013-04-26,0.18649756908416748,2013-04
2013-04-29,0.18759965896606445,2013-04
2013-04-30,0.18884670734405518,2013-04
2013-05-01,0.1916920691728592,2013-05
2013-05-02,0.19054877758026123,2013-05
2013-05-03,0.18796639144420624,2013-05
2013-05-06,0.18964895606040955,2013-05
2013-05-07,0.18932940065860748,2013-05
2013-05-08,0.18906807899475098,2013-05
2013-05-09,0.19012852013111115,2013-05
2013-05-10,0.18803001940250397,2013-05
2013-05-13,0.18953752517700195,2013-05
2013-05-14,0.1888752579689026,2013-05
2013-05-15,0.18828491866588593,2013-05
2013-05-16,0.18840907514095306,2013-05
2013-05-17,0.18857607245445251,2013-05
2013-05-20,0.18763838708400726,2013-05
2013-05-21,0.18848009407520294,2013-05
2013-05-22,0.1892469823360443,2013-05
2013-05-23,0.18929354846477509,2013-05
2013-05-24,0.1907414048910141,2013-05
2013-05-27,0.1902153342962265,2013-05
2013-05-28,0.18957345187664032,2013-05
2013-05-29,0.18757152557373047,2013-05
2013-05-30,0.18983978033065796,2013-05
2013-05-31,0.18997322022914886,2013-05
2013-06-03,0.1883629411458969,2013-06
2013-06-04,0.1892971396446228,2013-06
2013-06-05,0.18847298622131348,2013-06
2013-06-06,0.18866856396198273,2013-06
2013-06-07,0.18980014324188232,2013-06
2013-06-10,0.18980014324188232,2013-06
2013-06-11,0.18980014324188232,2013-06
2013-06-12,0.18980014324188232,2013-06
2013-06-13,0.1870802342891693,2013-06
2013-06-14,0.18617120385169983,2013-06
2013-06-17,0.18619200587272644,2013-06
2013-06-18,0.18506866693496704,2013-06
2013-06-19,0.18513718247413635,2013-06
2013-06-20,0.18302950263023376,2013-06
2013-06-21,0.18427066504955292,2013-06
2013-06-24,0.18351654708385468,2013-06
2013-06-25,0.18483604490756989,2013-06
2013-06-26,0.1832609474658966,2013-06
2013-06-27,0.18311664462089539,2013-06
2013-06-28,0.1847233772277832,2013-06
2013-07-01,0.18295584619045258,2013-07
2013-07-02,0.18426387012004852,2013-07
2013-07-03,0.18293240666389465,2013-07
2013-07-04,0.18434537947177887,2013-07
2013-07-05,0.18250173330307007,2013-07
2013-07-08,0.18290899693965912,2013-07
2013-07-09,0.18236194550991058,2013-07
2013-07-10,0.18171246349811554,2013-07
2013-07-11,0.18532933294773102,2013-07
2013-07-12,0.18480530381202698,2013-07
2013-07-15,0.18444399535655975,2013-07
2013-07-16,0.1843114048242569,2013-07
2013-07-17,0.18420615792274475,2013-07
2013-07-18,0.18362437188625336,2013-07
2013-07-19,0.18324752151966095,2013-07
2013-07-22,0.18382014334201813,2013-07
2013-07-23,0.18365472555160522,2013-07
2013-07-24,0.18444399535655975,2013-07
2013-07-25,0.18327102065086365,2013-07
2013-07-26,0.18487364053726196,2013-07
2013-07-29,0.18421633541584015,2013-07
2013-07-30,0.18372896313667297,2013-07
2013-07-31,0.18347613513469696,2013-07
2013-08-01,0.1846006214618683,2013-08
2013-08-02,0.18365810811519623,2013-08
2013-08-05,0.1852126270532608,2013-08
2013-08-06,0.1838877648115158,2013-08
2013-08-07,0.18458017706871033,2013-08
2013-08-08,0.18445420265197754,2013-08
2013-08-09,0.18507550656795502,2013-08
2013-08-12,0.18433178961277008,2013-08
2013-08-13,0.18477456271648407,2013-08
2013-08-14,0.1851269006729126,2013-08
2013-08-15,0.18557696044445038,2013-08
2013-08-16,0.18616081774234772,2013-08
2013-08-19,0.1853533685207367,2013-08
2013-08-20,0.1849488615989685,2013-08
2013-08-21,0.18627524375915527,2013-08
2013-08-22,0.18582524359226227,2013-08
2013-08-23,0.18701376020908356,2013-08
2013-08-26,0.18749062716960907,2013-08
2013-08-27,0.1861954778432846,2013-08
2013-08-28,0.1864176243543625,2013-08
2013-08-29,0.18688444793224335,2013-08
2013-08-30,0.1865532398223877,2013-08
2013-09-02,0.18698228895664215,2013-09
2013-09-03,0.1869543343782425,2013-09
2013-09-04,0.18745899200439453,2013-09
2013-09-05,0.18823884427547455,2013-09
2013-09-06,0.18691588938236237,2013-09
2013-09-09,0.18900732696056366,2013-09
2013-09-10,0.18895019590854645,2013-09
2013-09-11,0.18853339552879333,2013-09
2013-09-12,0.18904663622379303,2013-09
2013-09-13,0.18841971457004547,2013-09
2013-09-16,0.1894441694021225,2013-09
2013-09-17,0.1881573647260666,2013-09
2013-09-18,0.18856540322303772,2013-09
2013-09-19,0.19251501560211182,2013-09
2013-09-20,0.19175823032855988,2013-09
2013-09-23,0.19095996022224426,2013-09
2013-09-24,0.1893509030342102,2013-09
2013-09-25,0.18914318084716797,2013-09
2013-09-26,0.18964895606040955,2013-09
2013-09-27,0.1895698606967926,2013-09
2013-09-30,0.18953393399715424,2013-09
2013-10-01,0.18963098526000977,2013-10
2013-10-02,0.18863297998905182,2013-10
2013-10-03,0.18995517492294312,2013-10
2013-10-04,0.1912960261106491,2013-10
2013-10-07,0.19038915634155273,2013-10
2013-10-09,0.19066867232322693,2013-10
2013-10-10,0.18968133628368378,2013-10
2013-10-11,0.18962737917900085,2013-10
2013-10-14,0.1911022812128067,2013-10
2013-10-15,0.19104021787643433,2013-10
2013-10-16,0.19128870964050293,2013-10
2013-10-17,0.19024427235126495,2013-10
2013-10-18,0.19097089767456055,2013-10
2013-10-21,0.1903601586818695,2013-10
2013-10-22,0.19032755494117737,2013-10
2013-10-23,0.1914791762828827,2013-10
2013-10-24,0.19009961187839508,2013-10
2013-10-25,0.1895303577184677,2013-10
2013-10-28,0.18756094574928284,2013-10
2013-10-29,0.18658806383609772,2013-10
2013-10-30,0.18458017706871033,2013-10
2013-10-31,0.1836446076631546,2013-10
2013-11-01,0.18313676118850708,2013-11
2013-11-04,0.18354348838329315,2013-11
2013-11-05,0.18244846165180206,2013-11
2013-11-06,0.1824418008327484,2013-11
2013-11-07,0.18197037279605865,2013-11
2013-11-08,0.1802971214056015,2013-11
2013-11-11,0.18035240471363068,2013-11
2013-11-12,0.18351316452026367,2013-11
2013-11-13,0.18242183327674866,2013-11
2013-11-14,0.18275855481624603,2013-11
2013-11-15,0.1819637417793274,2013-11
2013-11-18,0.1816992461681366,2013-11
2013-11-19,0.1816992461681366,2013-11
2013-11-20,0.1816992461681366,2013-11
2013-11-21,0.1810741275548935,2013-11
2013-11-22,0.1810741275548935,2013-11
2013-11-25,0.1843012273311615,2013-11
2013-11-26,0.1830194592475891,2013-11
2013-11-27,0.1830194592475891,2013-11
2013-11-28,0.1833651214838028,2013-11
2013-11-29,0.18274520337581635,2013-11
2013-12-02,0.1818181872367859,2013-12
2013-12-03,0.18113973736763,2013-12
2013-12-04,0.18107740581035614,2013-12
2013-12-05,0.18066194653511047,2013-12
2013-12-06,0.1802191436290741,2013-12
2013-12-09,0.18067173659801483,2013-12
2013-12-10,0.1800633817911148,2013-12
2013-12-11,0.17976558208465576,2013-12
2013-12-12,0.17958803474903107,2013-12
2013-12-13,0.18096600472927094,2013-12
2013-12-16,0.18128421902656555,2013-12
2013-12-17,0.18105773627758026,2013-12
2013-12-18,0.18067826330661774,2013-12
2013-12-19,0.18696831166744232,2013-12
2013-12-20,0.18574930727481842,2013-12
2013-12-23,0.18518175184726715,2013-12
2013-12-24,0.1832340806722641,2013-12
2013-12-25,0.1832340806722641,2013-12
2013-12-26,0.182365283370018,2013-12
2013-12-27,0.18253837525844574,2013-12
2013-12-30,0.1809561848640442,2013-12
2013-12-31,0.18291902542114258,2013-12
2014-01-01,0.1829022914171219,2014-01
2014-01-02,0.18254505097866058,2014-01
2014-01-03,0.18191079795360565,2014-01
2014-01-06,0.18168935179710388,2014-01
2014-01-07,0.18219250440597534,2014-01
2014-01-08,0.1817355751991272,2014-01
2014-01-09,0.18221575021743774,2014-01
2014-01-10,0.18227553367614746,2014-01
2014-01-13,0.18338192999362946,2014-01
2014-01-14,0.18322737514972687,2014-01
2014-01-15,0.1832609474658966,2014-01
2014-01-16,0.1825616955757141,2014-01
2014-01-17,0.1825050711631775,2014-01
2014-01-20,0.18146514892578125,2014-01
2014-01-21,0.18192072212696075,2014-01
2014-01-22,0.18191410601139069,2014-01
2014-01-23,0.18241184949874878,2014-01
2014-01-24,0.18226224184036255,2014-01
2014-01-27,0.18113644421100616,2014-01
2014-01-28,0.1816728562116623,2014-01
2014-01-29,0.1811692714691162,2014-01
2014-01-30,0.18065215647220612,2014-01
2014-01-31,0.18111348152160645,2014-01
2014-02-03,0.17974621057510376,2014-02
2014-02-04,0.1802191436290741,2014-02
2014-02-05,0.1803719401359558,2014-02
2014-02-06,0.18009580671787262,2014-02
2014-02-07,0.17976883053779602,2014-02
2014-02-10,0.1802971214056015,2014-02
2014-02-11,0.1792403757572174,2014-02
2014-02-12,0.17825311422348022,2014-02
2014-02-13,0.17827536165714264,2014-02
2014-02-14,0.176775261759758,2014-02
2014-02-17,0.1762145608663559,2014-02
2014-02-18,0.17633262276649475,2014-02
2014-02-19,0.17614006996154785,2014-02
2014-02-20,0.17486491799354553,2014-02
2014-02-21,0.17453530430793762,2014-02
2014-02-24,0.1739281713962555,2014-02
2014-02-25,0.173783078789711,2014-02
2014-02-26,0.17400988936424255,2014-02
2014-02-27,0.17348161339759827,2014-02
2014-02-28,0.17318417131900787,2014-02
2014-03-03,0.17299242317676544,2014-03
2014-03-04,0.17273841798305511,2014-03
2014-03-05,0.17023305594921112,2014-03
2014-03-06,0.16971300542354584,2014-03
2014-03-07,0.16653898358345032,2014-03
2014-03-10,0.16837851703166962,2014-03
2014-03-11,0.1688419133424759,2014-03
2014-03-12,0.16887328028678894,2014-03
2014-03-13,0.16957199573516846,2014-03
2014-03-14,0.16738922894001007,2014-03
2014-03-17,0.16691146790981293,2014-03
2014-03-18,0.16355904936790466,2014-03
2014-03-19,0.16047243773937225,2014-03
2014-03-20,0.15687750279903412,2014-03
2014-03-21,0.157584547996521,2014-03
2014-03-24,0.16293013095855713,2014-03
2014-03-25,0.16926202178001404,2014-03
2014-03-26,0.16650016605854034,2014-03
2014-03-27,0.162227064371109,2014-03
2014-03-28,0.1585967242717743,2014-03
2014-03-31,0.1609010398387909,2014-03
2014-04-01,0.16504374146461487,2014-04
2014-04-02,0.16283196210861206,2014-04
2014-04-03,0.16213500499725342,2014-04
2014-04-04,0.16405275464057922,2014-04
2014-04-07,0.16366611421108246,2014-04
2014-04-08,0.1638994961977005,2014-04
2014-04-09,0.16357509791851044,2014-04
2014-04-10,0.16356439888477325,2014-04
2014-04-11,0.1648668795824051,2014-04
2014-04-14,0.16489405930042267,2014-04
2014-04-15,0.16371434926986694,2014-04
2014-04-16,0.16176779568195343,2014-04
2014-04-17,0.1606864482164383,2014-04
2014-04-18,0.1625223457813263,2014-04
2014-04-21,0.16206404566764832,2014-04
2014-04-22,0.16215865314006805,2014-04
2014-04-23,0.16122271120548248,2014-04
2014-04-24,0.16092434525489807,2014-04
2014-04-25,0.1617494821548462,2014-04
2014-04-28,0.16025127470493317,2014-04
2014-04-29,0.15940320491790771,2014-04
2014-04-30,0.15892945230007172,2014-04
2014-05-01,0.15951761603355408,2014-05
2014-05-02,0.16017170250415802,2014-05
2014-05-05,0.1576143503189087,2014-05
2014-05-06,0.15625,2014-05
2014-05-07,0.155072420835495,2014-05
2014-05-08,0.1554098129272461,2014-05
2014-05-09,0.1546957939863205,2014-05
2014-05-12,0.15431146323680878,2014-05
2014-05-13,0.15468382835388184,2014-05
2014-05-14,0.15333425998687744,2014-05
2014-05-15,0.15249016880989075,2014-05
2014-05-16,0.15050947666168213,2014-05
2014-05-19,0.1496737152338028,2014-05
2014-05-20,0.15019750595092773,2014-05
2014-05-21,0.1500667780637741,2014-05
2014-05-22,0.15064097940921783,2014-05
2014-05-23,0.1487475484609604,2014-05
2014-05-26,0.14802314341068268,2014-05
2014-05-27,0.1461283266544342,2014-05
2014-05-28,0.14308813214302063,2014-05
2014-05-29,0.1441275179386139,2014-05
2014-05-30,0.1467588245868683,2014-05
2014-06-02,0.14568127691745758,2014-06
2014-06-03,0.1473253071308136,2014-06
2014-06-04,0.15596731007099152,2014-06
2014-06-05,0.1481722891330719,2014-06
2014-06-06,0.15109391510486603,2014-06
2014-06-09,0.15604518353939056,2014-06
2014-06-10,0.15640395879745483,2014-06
2014-06-11,0.15765410661697388,2014-06
2014-06-12,0.1586344689130783,2014-06
2014-06-13,0.15549680590629578,2014-06
2014-06-16,0.15980568528175354,2014-06
2014-06-17,0.16065289080142975,2014-06
2014-06-18,0.1620141565799713,2014-06
2014-06-19,0.16317473351955414,2014-06
2014-06-20,0.16468766331672668,2014-06
2014-06-23,0.16562873125076294,2014-06
2014-06-24,0.1652400940656662,2014-06
2014-06-25,0.165180042386055,2014-06
2014-06-26,0.1657550185918808,2014-06
2014-06-27,0.16451968252658844,2014-06
2014-06-30,0.1622665375471115,2014-06
2014-07-01,0.16030265390872955,2014-07
2014-07-02,0.16020506620407104,2014-07
2014-07-03,0.16067612171173096,2014-07
2014-07-04,0.1622454822063446,2014-07
2014-07-07,0.16397742927074432,2014-07
2014-07-08,0.16186730563640594,2014-07
2014-07-09,0.16251970827579498,2014-07
2014-07-10,0.16367682814598083,2014-07
2014-07-11,0.16577699780464172,2014-07
2014-07-14,0.16484785079956055,2014-07
2014-07-15,0.16387800872325897,2014-07
2014-07-16,0.16408775746822357,2014-07
2014-07-17,0.16427375376224518,2014-07
2014-07-18,0.16507098078727722,2014-07
2014-07-21,0.16408775746822357,2014-07
2014-07-22,0.16397742927074432,2014-07
2014-07-23,0.16418473422527313,2014-07
2014-07-24,0.16440068185329437,2014-07
2014-07-25,0.1642332673072815,2014-07
2014-07-28,0.16344943642616272,2014-07
2014-07-29,0.1635911464691162,2014-07
2014-07-30,0.16331863403320312,2014-07
2014-07-31,0.16318272054195404,2014-07
2014-08-01,0.16398818790912628,2014-08
2014-08-04,0.16386188566684723,2014-08
2014-08-05,0.16386188566684723,2014-08
2014-08-06,0.16348683834075928,2014-08
2014-08-07,0.1633666604757309,2014-08
2014-08-08,0.16318538784980774,2014-08
2014-08-11,0.16317738592624664,2014-08
2014-08-12,0.16319602727890015,2014-08
2014-08-13,0.16243258118629456,2014-08
2014-08-14,0.16254347562789917,2014-08
2014-08-15,0.16313746571540833,2014-08
2014-08-18,0.16483698785305023,2014-08
2014-08-19,0.16440609097480774,2014-08
2014-08-20,0.1648043692111969,2014-08
2014-08-21,0.16649462282657623,2014-08
2014-08-22,0.16553550958633423,2014-08
2014-08-25,0.1653575748205185,2014-08
2014-08-26,0.16554920375347137,2014-08
2014-08-27,0.16620959341526031,2014-08
2014-08-28,0.16786126792430878,2014-08
2014-08-29,0.16726604104042053,2014-08
2014-09-01,0.16703413426876068,2014-09
2014-09-02,0.1662648618221283,2014-09
2014-09-03,0.1662648618221283,2014-09
2014-09-04,0.16520459949970245,2014-09
2014-09-05,0.16393442451953888,2014-09
2014-09-08,0.16591177880764008,2014-09
2014-09-09,0.1659393012523651,2014-09
2014-09-10,0.1666000336408615,2014-09
2014-09-11,0.16277366876602173,2014-09
2014-09-12,0.16340938210487366,2014-09
2014-09-15,0.16356974840164185,2014-09
2014-09-16,0.1604338139295578,2014-09
2014-09-17,0.16351090371608734,2014-09
2014-09-18,0.16177304089069366,2014-09
2014-09-19,0.16314278542995453,2014-09
2014-09-22,0.1621323674917221,2014-09
2014-09-23,0.16265980899333954,2014-09
2014-09-24,0.16210345923900604,2014-09
2014-09-25,0.16190136969089508,2014-09
2014-09-26,0.16289563477039337,2014-09
2014-09-29,0.16065546870231628,2014-09
2014-09-30,0.16042865812778473,2014-09
2014-10-01,0.16122010350227356,2014-10
2014-10-02,0.16080531477928162,2014-10
2014-10-03,0.16003841161727905,2014-10
2014-10-06,0.15865713357925415,2014-10
2014-10-07,0.161496102809906,2014-10
2014-10-08,0.16031037271022797,2014-10
2014-10-09,0.15901537239551544,2014-10
2014-10-10,0.15830299258232117,2014-10
2014-10-13,0.15858668088912964,2014-10
2014-10-14,0.16022047400474548,2014-10
2014-10-15,0.15952780842781067,2014-10
2014-10-16,0.16152741014957428,2014-10
2014-10-17,0.1592077910900116,2014-10
2014-10-20,0.15810276567935944,2014-10
2014-10-21,0.15815527737140656,2014-10
2014-10-22,0.1572055071592331,2014-10
2014-10-23,0.15783575177192688,2014-10
2014-10-24,0.15735146403312683,2014-10
2014-10-27,0.15843592584133148,2014-10
2014-10-28,0.15826290845870972,2014-10
2014-10-29,0.15829548239707947,2014-10
2014-10-30,0.1555330902338028,2014-10
2014-10-31,0.15735146403312683,2014-10
2014-11-03,0.158755362033844,2014-11
2014-11-04,0.15839576721191406,2014-11
2014-11-05,0.15816527605056763,2014-11
2014-11-06,0.157376229763031,2014-11
2014-11-07,0.1568160057067871,2014-11
2014-11-10,0.15902549028396606,2014-11
2014-11-11,0.15718820691108704,2014-11
2014-11-12,0.1586344689130783,2014-11
2014-11-13,0.15763920545578003,2014-11
2014-11-14,0.15811777114868164,2014-11
2014-11-17,0.158876433968544,2014-11
2014-11-18,0.15734650194644928,2014-11
2014-11-19,0.15825538337230682,2014-11
2014-11-20,0.15902043879032135,2014-11
2014-11-21,0.15857410430908203,2014-11
2014-11-24,0.15809276700019836,2014-11
2014-11-25,0.16013066470623016,2014-11
2014-11-26,0.15997441112995148,2014-11
2014-11-27,0.15938794612884521,2014-11
2014-11-28,0.15892188251018524,2014-11
2014-12-01,0.1592027097940445,2014-12
2014-12-02,0.15811526775360107,2014-12
2014-12-03,0.15739603340625763,2014-12
2014-12-04,0.15788808465003967,2014-12
2014-12-05,0.15814776718616486,2014-12
2014-12-08,0.15875788033008575,2014-12
2014-12-09,0.15787562727928162,2014-12
2014-12-10,0.15813526511192322,2014-12
2014-12-11,0.1580178141593933,2014-12
2014-12-12,0.15815527737140656,2014-12
2014-12-15,0.15795542299747467,2014-12
2014-12-16,0.15880325436592102,2014-12
2014-12-17,0.15876039862632751,2014-12
2014-12-18,0.1600358486175537,2014-12
2014-12-19,0.1610565334558487,2014-12
2014-12-22,0.16067096590995789,2014-12
2014-12-23,0.15955834090709686,2014-12
2014-12-24,0.1589370220899582,2014-12
2014-12-25,0.1589370220899582,2014-12
2014-12-26,0.1589370220899582,2014-12
2014-12-29,0.15862692892551422,2014-12
2014-12-30,0.15827542543411255,2014-12
2014-12-31,0.15722280740737915,2014-12
2015-01-01,0.1572401225566864,2015-01
2015-01-02,0.1565239131450653,2015-01
2015-01-05,0.157524973154068,2015-01
2015-01-06,0.15657047927379608,2015-01
2015-01-07,0.15475323796272278,2015-01
2015-01-08,0.15297770500183105,2015-01
2015-01-09,0.1535767912864685,2015-01
2015-01-12,0.1554073989391327,2015-01
2015-01-13,0.1541568487882614,2015-01
2015-01-14,0.1536688357591629,2015-01
2015-01-15,0.1527860462665558,2015-01
2015-01-16,0.15365467965602875,2015-01
2015-01-19,0.15564928948879242,2015-01
2015-01-20,0.15681108832359314,2015-01
2015-01-21,0.1535225808620453,2015-01
2015-01-22,0.15547022223472595,2015-01
2015-01-23,0.15625,2015-01
2015-01-26,0.15796291828155518,2015-01
2015-01-27,0.1581202745437622,2015-01
2015-01-28,0.15521442890167236,2015-01
2015-01-29,0.15578022599220276,2015-01
2015-01-30,0.15474367141723633,2015-01
2015-02-02,0.15447117388248444,2015-02
2015-02-03,0.15402387082576752,2015-02
2015-02-04,0.15365231037139893,2015-02
2015-02-05,0.15262049436569214,2015-02
2015-02-06,0.1528327614068985,2015-02
2015-02-09,0.1532989889383316,2015-02
2015-02-10,0.1533460021018982,2015-02
2015-02-11,0.15308544039726257,2015-02
2015-02-12,0.15152433514595032,2015-02
2015-02-13,0.15125618875026703,2015-02
2015-02-16,0.14973421394824982,2015-02
2015-02-17,0.15045511722564697,2015-02
2015-02-18,0.14763198792934418,2015-02
2015-02-19,0.14401128888130188,2015-02
2015-02-20,0.14288367331027985,2015-02
2015-02-23,0.1444314420223236,2015-02
2015-02-24,0.14336301386356354,2015-02
2015-02-25,0.14423562586307526,2015-02
2015-02-26,0.14398226141929626,2015-02
2015-02-27,0.14433763921260834,2015-02
2015-03-02,0.1459214836359024,2015-03
2015-03-03,0.14620737731456757,2015-03
2015-03-04,0.1435873955488205,2015-03
2015-03-05,0.14441892504692078,2015-03
2015-03-06,0.14420026540756226,2015-03
2015-03-09,0.14380833506584167,2015-03
2015-03-10,0.14362864196300507,2015-03
2015-03-11,0.1413947194814682,2015-03
2015-03-12,0.13866548240184784,2015-03
2015-03-13,0.13858860731124878,2015-03
2015-03-16,0.13727590441703796,2015-03
2015-03-17,0.13672782480716705,2015-03
2015-03-18,0.13547565042972565,2015-03
2015-03-19,0.13394053280353546,2015-03
2015-03-20,0.1294565498828888,2015-03
2015-03-23,0.13059432804584503,2015-03
2015-03-24,0.13121981918811798,2015-03
2015-03-25,0.13121981918811798,2015-03
2015-03-26,0.13084551692008972,2015-03
2015-03-27,0.13311679661273956,2015-03
2015-03-30,0.13272280991077423,2015-03
2015-03-31,0.13265766203403473,2015-03
2015-04-01,0.13256797194480896,2015-04
2015-04-02,0.13188958168029785,2015-04
2015-04-03,0.13357019424438477,2015-04
2015-04-06,0.13352026045322418,2015-04
2015-04-07,0.13477452099323273,2015-04
2015-04-08,0.13420116901397705,2015-04
2015-04-09,0.13850416243076324,2015-04
2015-04-10,0.13524113595485687,2015-04
2015-04-13,0.13775812089443207,2015-04
2015-04-14,0.13923697173595428,2015-04
2015-04-15,0.13918659090995789,2015-04
2015-04-16,0.13740982115268707,2015-04
2015-04-17,0.136684849858284,2015-04
2015-04-20,0.13606923818588257,2015-04
2015-04-21,0.1352539360523224,2015-04
2015-04-22,0.13671660423278809,2015-04
2015-04-23,0.13695065677165985,2015-04
2015-04-24,0.136931911110878,2015-04
2015-04-27,0.13584189116954803,2015-04
2015-04-28,0.13515523076057434,2015-04
2015-04-29,0.13502565026283264,2015-04
2015-04-30,0.13576073944568634,2015-04
2015-05-01,0.13482902944087982,2015-05
2015-05-04,0.13519908487796783,2015-05
2015-05-05,0.13567233085632324,2015-05
2015-05-06,0.13598597049713135,2015-05
2015-05-07,0.13748539984226227,2015-05
2015-05-08,0.13648709654808044,2015-05
2015-05-11,0.13697503507137299,2015-05
2015-05-12,0.13668298721313477,2015-05
2015-05-13,0.1368045210838318,2015-05
2015-05-14,0.13746459782123566,2015-05
2015-05-15,0.13841597735881805,2015-05
2015-05-18,0.13917109370231628,2015-05
2015-05-19,0.13909947872161865,2015-05
2015-05-20,0.1409105658531189,2015-05
2015-05-21,0.1419104039669037,2015-05
2015-05-22,0.14109943807125092,2015-05
2015-05-25,0.14149075746536255,2015-05
2015-05-26,0.14099399745464325,2015-05
2015-05-27,0.14044155180454254,2015-05
2015-05-28,0.13985231518745422,2015-05
2015-05-29,0.13873088359832764,2015-05
2015-06-01,0.13848881423473358,2015-06
2015-06-02,0.13881176710128784,2015-06
2015-06-03,0.14005209505558014,2015-06
2015-06-04,0.1395576000213623,2015-06
2015-06-05,0.13931068778038025,2015-06
2015-06-08,0.13885609805583954,2015-06
2015-06-09,0.13887539505958557,2015-06
2015-06-10,0.13867895305156708,2015-06
2015-06-11,0.13843321800231934,2015-06
2015-06-12,0.13809865713119507,2015-06
2015-06-15,0.13750052452087402,2015-06
2015-06-16,0.137020081281662,2015-06
2015-06-17,0.13626763224601746,2015-06
2015-06-18,0.13559690117835999,2015-06
2015-06-19,0.13549034297466278,2015-06
2015-06-22,0.13626576960086823,2015-06
2015-06-23,0.1360396146774292,2015-06
2015-06-24,0.13619154691696167,2015-06
2015-06-25,0.13648150861263275,2015-06
2015-06-26,0.13631963729858398,2015-06
2015-06-29,0.13625648617744446,2015-06
2015-06-30,0.13423900306224823,2015-06
2015-07-01,0.1338939070701599,2015-07
2015-07-02,0.1339961588382721,2015-07
2015-07-03,0.13353095948696136,2015-07
2015-07-06,0.13305480778217316,2015-07
2015-07-07,0.13274218142032623,2015-07
2015-07-08,0.1325451284646988,2015-07
2015-07-09,0.1301862895488739,2015-07
2015-07-10,0.12951689958572388,2015-07
2015-07-13,0.12917393445968628,2015-07
2015-07-14,0.1291038990020752,2015-07
2015-07-15,0.12822814285755157,2015-07
2015-07-16,0.12747134268283844,2015-07
2015-07-17,0.1287614405155182,2015-07
2015-07-20,0.1308763474225998,2015-07
2015-07-21,0.13140949606895447,2015-07
2015-07-22,0.1325574368238449,2015-07
2015-07-23,0.13150109350681305,2015-07
2015-07-24,0.13255566358566284,2015-07
2015-07-27,0.13357019424438477,2015-07
2015-07-28,0.13084039092063904,2015-07
2015-07-29,0.1312008798122406,2015-07
2015-07-30,0.13124048709869385,2015-07
2015-07-31,0.1316153109073639,2015-07
2015-08-03,0.1314319521188736,2015-08
2015-08-04,0.1311492621898651,2015-08
2015-08-05,0.12819361686706543,2015-08
2015-08-06,0.12870509922504425,2015-08
2015-08-07,0.12803933024406433,2015-08
2015-08-10,0.12803933024406433,2015-08
2015-08-11,0.1281541883945465,2015-08
2015-08-12,0.12928082048892975,2015-08
2015-08-13,0.12850992381572723,2015-08
2015-08-14,0.12801146507263184,2015-08
2015-08-17,0.12678931653499603,2015-08
2015-08-18,0.12630409002304077,2015-08
2015-08-19,0.1260191798210144,2015-08
2015-08-20,0.12708094716072083,2015-08
2015-08-21,0.12437501549720764,2015-08
2015-08-24,0.1230466365814209,2015-08
2015-08-25,0.1201590895652771,2015-08
2015-08-26,0.11879024654626846,2015-08
2015-08-27,0.11834739148616791,2015-08
2015-08-28,0.11881140619516373,2015-08
2015-08-31,0.11633317917585373,2015-08
2015-09-01,0.11485012620687485,2015-09
2015-09-02,0.11209630966186523,2015-09
2015-09-03,0.10763567686080933,2015-09
2015-09-04,0.10124429315328598,2015-09
2015-09-07,0.10044799000024796,2015-09
2015-09-08,0.10146721452474594,2015-09
2015-09-09,0.10126787424087524,2015-09
2015-09-10,0.10127915441989899,2015-09
2015-09-11,0.10104174166917801,2015-09
2015-09-14,0.10247266292572021,2015-09
2015-09-15,0.10203872621059418,2015-09
2015-09-16,0.10154346376657486,2015-09
2015-09-17,0.10057428479194641,2015-09
2015-09-18,0.1003582775592804,2015-09
2015-09-21,0.10047221928834915,2015-09
2015-09-22,0.10024359077215195,2015-09
2015-09-23,0.09979043900966644,2015-09
2015-09-24,0.09563886374235153,2015-09
2015-09-25,0.09513843059539795,2015-09
2015-09-28,0.09280742704868317,2015-09
2015-09-29,0.08468835055828094,2015-09
2015-09-30,0.08092579245567322,2015-09
2015-10-01,0.08252868056297302,2015-10
2015-10-02,0.08678295463323593,2015-10
2015-10-05,0.08159269392490387,2015-10
2015-10-06,0.08265145868062973,2015-10
2015-10-07,0.08264462649822235,2015-10
2015-10-08,0.08389261364936829,2015-10
2015-10-09,0.08438818156719208,2015-10
2015-10-12,0.08525149524211884,2015-10
2015-10-13,0.08552855998277664,2015-10
2015-10-14,0.08637069910764694,2015-10
2015-10-15,0.08547738939523697,2015-10
2015-10-16,0.08612522482872009,2015-10
2015-10-19,0.0857265293598175,2015-10
2015-10-20,0.0840194895863533,2015-10
2015-10-21,0.08306337893009186,2015-10
2015-10-22,0.08282945305109024,2015-10
2015-10-23,0.08132726699113846,2015-10
2015-10-26,0.08271298557519913,2015-10
2015-10-27,0.08260367065668106,2015-10
2015-10-28,0.08257638663053513,2015-10
2015-10-29,0.08043757826089859,2015-10
2015-10-30,0.07984669506549835,2015-10
2015-11-02,0.07974481582641602,2015-11
2015-11-03,0.07984669506549835,2015-11
2015-11-04,0.080301932990551,2015-11
2015-11-05,0.07977662980556488,2015-11
2015-11-06,0.07900141924619675,2015-11
2015-11-09,0.07691124826669693,2015-11
2015-11-10,0.07315824180841446,2015-11
2015-11-11,0.07030865550041199,2015-11
2015-11-12,0.07306202501058578,2015-11
2015-11-13,0.08068419992923737,2015-11
2015-11-16,0.08329862356185913,2015-11
2015-11-17,0.08099133521318436,2015-11
2015-11-18,0.07852375507354736,2015-11
2015-11-19,0.08494733273983002,2015-11
2015-11-20,0.08707009255886078,2015-11
2015-11-23,0.08488964289426804,2015-11
2015-11-24,0.08525875955820084,2015-11
2015-11-25,0.08591064810752869,2015-11
2015-11-26,0.08722958713769913,2015-11
2015-11-27,0.0914996787905693,2015-11
2015-11-30,0.09708737581968307,2015-11
2015-12-01,0.09698380529880524,2015-12
2015-12-02,0.09723842144012451,2015-12
2015-12-03,0.09688045084476471,2015-12
2015-12-04,0.09911785274744034,2015-12
2015-12-07,0.09407337754964828,2015-12
2015-12-08,0.09453582763671875,2015-12
2015-12-09,0.0932227075099945,2015-12
2015-12-10,0.09278159588575363,2015-12
2015-12-11,0.09130752831697464,2015-12
2015-12-14,0.09197939932346344,2015-12
2015-12-15,0.09191176295280457,2015-12
2015-12-16,0.091182641685009,2015-12
2015-12-17,0.09148293733596802,2015-12
2015-12-18,0.09179364889860153,2015-12
2015-12-21,0.09180207550525665,2015-12
2015-12-22,0.09203866124153137,2015-12
2015-12-23,0.09172628819942474,2015-12
2015-12-24,0.09134922921657562,2015-12
2015-12-25,0.09176837652921677,2015-12
2015-12-28,0.09187798947095871,2015-12
2015-12-29,0.09145783632993698,2015-12
2015-12-30,0.09122423082590103,2015-12
2015-12-31,0.09147457033395767,2015-12
2016-01-01,0.09100837260484695,2016-01
2016-01-04,0.09103322774171829,2016-01
2016-01-05,0.0905551016330719,2016-01
2016-01-06,0.09122423082590103,2016-01
2016-01-07,0.09136592596769333,2016-01
2016-01-08,0.09176837652921677,2016-01
2016-01-11,0.09164223074913025,2016-01
2016-01-12,0.09071940928697586,2016-01
2016-01-13,0.09072763472795486,2016-01
2016-01-14,0.09100837260484695,2016-01
2016-01-15,0.09048955142498016,2016-01
2016-01-18,0.09022827446460724,2016-01
2016-01-19,0.08995232731103897,2016-01
2016-01-20,0.08971023559570312,2016-01
2016-01-21,0.08949346840381622,2016-01
2016-01-22,0.0890868529677391,2016-01
2016-01-25,0.08898380398750305,2016-01
2016-01-26,0.08952551335096359,2016-01
2016-01-27,0.08960573375225067,2016-01
2016-01-28,0.08953353017568588,2016-01
2016-01-29,0.08937349170446396,2016-01
2016-02-01,0.08849557489156723,2016-02
2016-02-02,0.08933357149362564,2016-02
2016-02-03,0.08907892554998398,2016-02
2016-02-04,0.0902201384305954,2016-02
2016-02-05,0.08896797150373459,2016-02
2016-02-08,0.08883361518383026,2016-02
2016-02-09,0.08918219804763794,2016-02
2016-02-10,0.08945344388484955,2016-02
2016-02-11,0.08855827152729034,2016-02
2016-02-12,0.08826903998851776,2016-02
2016-02-15,0.08816009759902954,2016-02
2016-02-16,0.0884799137711525,2016-02
2016-02-17,0.08831581473350525,2016-02
2016-02-18,0.08821453154087067,2016-02
2016-02-19,0.08822231739759445,2016-02
2016-02-22,0.0886053517460823,2016-02
2016-02-23,0.08824567496776581,2016-02
2016-02-24,0.08819897472858429,2016-02
2016-02-25,0.08868393301963806,2016-02
2016-02-26,0.08812125772237778,2016-02
2016-02-29,0.08755800873041153,2016-02
2016-03-01,0.08819897472858429,2016-03
2016-03-02,0.0880902037024498,2016-03
2016-03-03,0.08823010325431824,2016-03
2016-03-04,0.08877840638160706,2016-03
2016-03-07,0.08840951323509216,2016-03
2016-03-08,0.08823788911104202,2016-03
2016-03-09,0.08813679218292236,2016-03
2016-03-10,0.08823788911104202,2016-03
2016-03-11,0.08822231739759445,2016-03
2016-03-14,0.08851907402276993,2016-03
2016-03-15,0.08814455568790436,2016-03
2016-03-16,0.08823010325431824,2016-03
2016-03-17,0.08918219804763794,2016-03
2016-03-18,0.08836263418197632,2016-03
2016-03-21,0.08824567496776581,2016-03
2016-03-22,0.08854258805513382,2016-03
2016-03-23,0.08862891048192978,2016-03
2016-03-24,0.08848774433135986,2016-03
2016-03-25,0.08885730057954788,2016-03
2016-03-28,0.0888809859752655,2016-03
2016-03-29,0.0888809859752655,2016-03
2016-03-30,0.08893632143735886,2016-03
2016-03-31,0.08933357149362564,2016-03
2016-04-01,0.09096697717905045,2016-04
2016-04-04,0.09175995737314224,2016-04
2016-04-05,0.09171787649393082,2016-04
2016-04-06,0.09288500994443893,2016-04
2016-04-07,0.09476876258850098,2016-04
2016-04-08,0.0971250981092453,2016-04
2016-04-11,0.10175009816884995,2016-04
2016-04-12,0.10228922963142395,2016-04
2016-04-13,0.10297706723213196,2016-04
2016-04-14,0.10818880796432495,2016-04
2016-04-15,0.10989736020565033,2016-04
2016-04-18,0.10931351035833359,2016-04
2016-04-19,0.10912622511386871,2016-04
2016-04-20,0.10848811268806458,2016-04
2016-04-21,0.10816188901662827,2016-04
2016-04-22,0.10745063424110413,2016-04
2016-04-25,0.10741831362247467,2016-04
2016-04-26,0.10686500370502472,2016-04
2016-04-27,0.10565575212240219,2016-04
2016-04-28,0.10514804720878601,2016-04
2016-04-29,0.10507182031869888,2016-04
2016-05-02,0.10540073364973068,2016-05
2016-05-03,0.1046057939529419,2016-05
2016-05-04,0.10324498265981674,2016-05
2016-05-05,0.10391122102737427,2016-05
2016-05-06,0.10338268429040909,2016-05
2016-05-09,0.10215339809656143,2016-05
2016-05-10,0.1020553931593895,2016-05
2016-05-11,0.10130377858877182,2016-05
2016-05-12,0.10130582749843597,2016-05
2016-05-13,0.10078714787960052,2016-05
2016-05-16,0.10058034956455231,2016-05
2016-05-17,0.09978047758340836,2016-05
2016-05-18,0.09925558418035507,2016-05
2016-05-19,0.09944312274456024,2016-05
2016-05-20,0.09897070378065109,2016-05
2016-05-23,0.0983574315905571,2016-05
2016-05-24,0.09802960604429245,2016-05
2016-05-25,0.09771350026130676,2016-05
2016-05-26,0.09751340746879578,2016-05
2016-05-27,0.09731412678956985,2016-05
2016-05-30,0.09705910831689835,2016-05
2016-05-31,0.09643201529979706,2016-05
2016-06-01,0.09652510285377502,2016-06
2016-06-02,0.0956297218799591,2016-06
2016-06-03,0.09522902220487595,2016-06
2016-06-06,0.09538344293832779,2016-06
2016-06-07,0.09512937813997269,2016-06
2016-06-08,0.09493069350719452,2016-06
2016-06-09,0.09468800574541092,2016-06
2016-06-10,0.0935366228222847,2016-06
2016-06-13,0.09355411678552628,2016-06
2016-06-14,0.09337940067052841,2016-06
2016-06-15,0.09281603991985321,2016-06
2016-06-16,0.09308386594057083,2016-06
2016-06-17,0.09216589480638504,2016-06
2016-06-20,0.09235315769910812,2016-06
2016-06-21,0.09114108234643936,2016-06
2016-06-22,0.09085953235626221,2016-06
2016-06-23,0.09167583286762238,2016-06
2016-06-24,0.09186110645532608,2016-06
2016-06-27,0.09264406561851501,2016-06
2016-06-28,0.09255830943584442,2016-06
2016-06-29,0.09382623434066772,2016-06
2016-06-30,0.09549274295568466,2016-06
2016-07-01,0.10008106380701065,2016-07
2016-07-04,0.10625185817480087,2016-07
2016-07-05,0.10591425001621246,2016-07
2016-07-06,0.10492409020662308,2016-07
2016-07-07,0.10417860746383667,2016-07
2016-07-08,0.1038346141576767,2016-07
2016-07-11,0.10033411532640457,2016-07
2016-07-12,0.0978473573923111,2016-07
2016-07-13,0.0944376289844513,2016-07
2016-07-14,0.0975039079785347,2016-07
2016-07-15,0.09907856583595276,2016-07
2016-07-18,0.0982607826590538,2016-07
2016-07-19,0.10172732919454575,2016-07
2016-07-20,0.10213878750801086,2016-07
2016-07-21,0.10380766540765762,2016-07
2016-07-22,0.10808590799570084,2016-07
2016-07-25,0.1063920259475708,2016-07
2016-07-26,0.10481960326433182,2016-07
2016-07-27,0.10121048241853714,2016-07
2016-07-28,0.10030392557382584,2016-07
2016-07-29,0.09769441187381744,2016-07
2016-08-01,0.09845427423715591,2016-08
2016-08-02,0.097541943192482,2016-08
2016-08-03,0.09860960394144058,2016-08
2016-08-04,0.0989217534661293,2016-08
2016-08-05,0.09934432804584503,2016-08
2016-08-08,0.10022852569818497,2016-08
2016-08-09,0.10129556804895401,2016-08
2016-08-10,0.09816432744264603,2016-08
2016-08-11,0.09636696428060532,2016-08
2016-08-12,0.09579461812973022,2016-08
2016-08-15,0.09563886374235153,2016-08
2016-08-16,0.09645992517471313,2016-08
2016-08-17,0.10013217478990555,2016-08
2016-08-18,0.10088171064853668,2016-08
2016-08-19,0.10178013145923615,2016-08
2016-08-22,0.10177184641361237,2016-08
2016-08-23,0.10182158648967743,2016-08
2016-08-24,0.10141165554523468,2016-08
2016-08-25,0.10122071951627731,2016-08
2016-08-26,0.10028178989887238,2016-08
2016-08-29,0.10141576081514359,2016-08
2016-08-30,0.10333460569381714,2016-08
2016-08-31,0.10524432361125946,2016-08
2016-09-01,0.10601193457841873,2016-09
2016-09-02,0.10443973541259766,2016-09
2016-09-05,0.10319917649030685,2016-09
2016-09-06,0.10195758938789368,2016-09
2016-09-07,0.10109485685825348,2016-09
2016-09-08,0.09828975796699524,2016-09
2016-09-09,0.09765625,2016-09
2016-09-12,0.09786650538444519,2016-09
2016-09-13,0.10047626495361328,2016-09
2016-09-14,0.10001199692487717,2016-09
2016-09-15,0.10040664672851562,2016-09
2016-09-16,0.10060159862041473,2016-09
2016-09-19,0.09816432744264603,2016-09
2016-09-20,0.09940357506275177,2016-09
2016-09-21,0.1008095070719719,2016-09
2016-09-22,0.10145794600248337,2016-09
2016-09-23,0.09981036186218262,2016-09
2016-09-26,0.0999700054526329,2016-09
2016-09-27,0.10021746903657913,2016-09
2016-09-28,0.10221081972122192,2016-09
2016-09-29,0.10252204537391663,2016-09
2016-09-30,0.10238873213529587,2016-09
2016-10-03,0.10113678127527237,2016-10
2016-10-04,0.09985022246837616,2016-10
2016-10-05,0.101356141269207,2016-10
2016-10-06,0.10200958698987961,2016-10
2016-10-07,0.10109996795654297,2016-10
2016-10-10,0.10099174082279205,2016-10
2016-10-11,0.10111735016107559,2016-10
2016-10-12,0.10110916942358017,2016-10
2016-10-13,0.10059957206249237,2016-10
2016-10-14,0.10130582749843597,2016-10
2016-10-17,0.10120534896850586,2016-10
2016-10-18,0.10125761479139328,2016-10
2016-10-19,0.10108668357133865,2016-10
2016-10-20,0.10125967115163803,2016-10
2016-10-21,0.10197214782238007,2016-10
2016-10-24,0.10142708569765091,2016-10
2016-10-25,0.10133560001850128,2016-10
2016-10-26,0.10156098753213882,2016-10
2016-10-27,0.10228817909955978,2016-10
2016-10-28,0.1023751050233841,2016-10
2016-10-31,0.1031927838921547,2016-10
2016-11-01,0.10475701093673706,2016-11
2016-11-02,0.10322367399930954,2016-11
2016-11-03,0.10251783579587936,2016-11
2016-11-04,0.10198045521974564,2016-11
2016-11-07,0.10275696963071823,2016-11
2016-11-08,0.10330791771411896,2016-11
2016-11-09,0.10384754836559296,2016-11
2016-11-10,0.10066133737564087,2016-11
2016-11-11,0.1018994078040123,2016-11
2016-11-14,0.102254718542099,2016-11
2016-11-15,0.10178842395544052,2016-11
2016-11-16,0.10185166448354721,2016-11
2016-11-17,0.10182158648967743,2016-11
2016-11-18,0.10018132627010345,2016-11
2016-11-21,0.10137874633073807,2016-11
2016-11-22,0.10273268818855286,2016-11
2016-11-23,0.10238873213529587,2016-11
2016-11-24,0.10173872113227844,2016-11
2016-11-25,0.10183092206716537,2016-11
2016-11-28,0.10198462009429932,2016-11
2016-11-29,0.10156924277544022,2016-11
2016-11-30,0.10168284922838211,2016-11
2016-12-01,0.10169215500354767,2016-12
2016-12-02,0.10229864716529846,2016-12
2016-12-05,0.10280027985572815,2016-12
2016-12-06,0.10273585468530655,2016-12
2016-12-07,0.10225994139909744,2016-12
2016-12-08,0.10220664739608765,2016-12
2016-12-09,0.10018333792686462,2016-12
2016-12-12,0.10208456218242645,2016-12
2016-12-13,0.10270631313323975,2016-12
2016-12-14,0.10232167690992355,2016-12
2016-12-15,0.10068871825933456,2016-12
2016-12-16,0.1015300527215004,2016-12
2016-12-19,0.10230912268161774,2016-12
2016-12-20,0.10215026140213013,2016-12
2016-12-21,0.10235729068517685,2016-12
2016-12-22,0.10238244384527206,2016-12
2016-12-23,0.10228399932384491,2016-12
2016-12-26,0.1022745817899704,2016-12
2016-12-27,0.10233110934495926,2016-12
2016-12-28,0.10236043483018875,2016-12
2016-12-29,0.1019960567355156,2016-12
2016-12-30,0.10247476398944855,2016-12
2017-01-02,0.1008959636092186,2017-01
2017-01-03,0.10114701092243195,2017-01
2017-01-04,0.10140959173440933,2017-01
2017-01-05,0.10194199532270432,2017-01
2017-01-06,0.10171180963516235,2017-01
2017-01-09,0.09987017512321472,2017-01
2017-01-10,0.09928514808416367,2017-01
2017-01-11,0.09868745505809784,2017-01
2017-01-12,0.10030291229486465,2017-01
2017-01-13,0.09990009665489197,2017-01
2017-01-16,0.1010468378663063,2017-01
2017-01-17,0.10133662819862366,2017-01
2017-01-18,0.10124429315328598,2017-01
2017-01-19,0.10109178721904755,2017-01
2017-01-20,0.1012565940618515,2017-01
2017-01-23,0.10241179913282394,2017-01
2017-01-24,0.10226726531982422,2017-01
2017-01-25,0.10178013145923615,2017-01
2017-01-26,0.10275908559560776,2017-01
2017-01-27,0.10229550302028656,2017-01
2017-01-30,0.10206268727779388,2017-01
2017-01-31,0.10186826437711716,2017-01
2017-02-01,0.10137874633073807,2017-02
2017-02-02,0.10174906253814697,2017-02
2017-02-03,0.10162601619958878,2017-02
2017-02-06,0.10180915147066116,2017-02
2017-02-07,0.10158678889274597,2017-02
2017-02-08,0.10212105512619019,2017-02
2017-02-09,0.10298237204551697,2017-02
2017-02-10,0.10182366520166397,2017-02
2017-02-13,0.10228504985570908,2017-02
2017-02-14,0.10130582749843597,2017-02
2017-02-15,0.10156098753213882,2017-02
2017-02-16,0.10371184349060059,2017-02
2017-02-17,0.10317042469978333,2017-02
2017-02-20,0.10298024863004684,2017-02
2017-02-21,0.10257672518491745,2017-02
2017-02-22,0.10272635519504547,2017-02
2017-02-23,0.10382598638534546,2017-02
2017-02-24,0.10460250824689865,2017-02
2017-02-27,0.10520447045564651,2017-02
2017-02-28,0.10582010447978973,2017-02
2017-03-01,0.10554089397192001,2017-03
2017-03-02,0.10454783588647842,2017-03
2017-03-03,0.10371184349060059,2017-03
2017-03-06,0.10389070957899094,2017-03
2017-03-07,0.1028277575969696,2017-03
2017-03-08,0.10376781225204468,2017-03
2017-03-09,0.10341902822256088,2017-03
2017-03-10,0.1048382893204689,2017-03
2017-03-13,0.10496152937412262,2017-03
2017-03-14,0.1042676717042923,2017-03
2017-03-15,0.10416015237569809,2017-03
2017-03-16,0.10630946606397629,2017-03
2017-03-17,0.10596251487731934,2017-03
2017-03-20,0.10443427413702011,2017-03
2017-03-21,0.10487566888332367,2017-03
2017-03-22,0.10630946606397629,2017-03
2017-03-23,0.1050078272819519,2017-03
2017-03-24,0.10548078268766403,2017-03
2017-03-27,0.10543184727430344,2017-03
2017-03-28,0.10515578836202621,2017-03
2017-03-29,0.10493509471416473,2017-03
2017-03-30,0.1047416478395462,2017-03
2017-03-31,0.1041959747672081,2017-03
2017-04-03,0.10360761731863022,2017-04
2017-04-04,0.10399226099252701,2017-04
2017-04-05,0.10473836213350296,2017-04
2017-04-06,0.10601530969142914,2017-04
2017-04-07,0.10580890625715256,2017-04
2017-04-10,0.10539406538009644,2017-04
2017-04-11,0.10593220591545105,2017-04
2017-04-12,0.10610079020261765,2017-04
2017-04-13,0.10582010447978973,2017-04
2017-04-14,0.10638298094272614,2017-04
2017-04-17,0.10648493468761444,2017-04
2017-04-18,0.10683874040842056,2017-04
2017-04-19,0.10752803832292557,2017-04
2017-04-20,0.10676003992557526,2017-04
2017-04-21,0.10739177465438843,2017-04
2017-04-24,0.10631173104047775,2017-04
2017-04-25,0.10751301050186157,2017-04
2017-04-26,0.10824268311262131,2017-04
2017-04-27,0.10736756026744843,2017-04
2017-04-28,0.10694386065006256,2017-04
2017-05-01,0.10734912008047104,2017-05
2017-05-02,0.10742292553186417,2017-05
2017-05-03,0.10788300633430481,2017-05
2017-05-04,0.1076345145702362,2017-05
2017-05-05,0.10944870859384537,2017-05
2017-05-08,0.10886842012405396,2017-05
2017-05-09,0.10872283577919006,2017-05
2017-05-10,0.10930036753416061,2017-05
2017-05-11,0.11000978946685791,2017-05
2017-05-12,0.10908575356006622,2017-05
2017-05-15,0.10937927663326263,2017-05
2017-05-16,0.10991185158491135,2017-05
2017-05-17,0.10933861136436462,2017-05
2017-05-18,0.10921680182218552,2017-05
2017-05-19,0.10763219743967056,2017-05
2017-05-22,0.10783299058675766,2017-05
2017-05-23,0.10826142877340317,2017-05
2017-05-24,0.10719837248325348,2017-05
2017-05-25,0.10813148319721222,2017-05
2017-05-26,0.10746448487043381,2017-05
2017-05-29,0.10847869515419006,2017-05
2017-05-30,0.10849163681268692,2017-05
2017-05-31,0.10899539291858673,2017-05
2017-06-01,0.10872165113687515,2017-06
2017-06-02,0.10820169001817703,2017-06
2017-06-05,0.10801935940980911,2017-06
2017-06-06,0.10811161994934082,2017-06
2017-06-07,0.10801701992750168,2017-06
2017-06-08,0.10879024863243103,2017-06
2017-06-09,0.10832709819078445,2017-06
2017-06-12,0.10878078639507294,2017-06
2017-06-13,0.10939482599496841,2017-06
2017-06-14,0.10924305021762848,2017-06
2017-06-15,0.1082637757062912,2017-06
2017-06-16,0.1091250330209732,2017-06
2017-06-19,0.10901321470737457,2017-06
2017-06-20,0.10872283577919006,2017-06
2017-06-21,0.10910002887248993,2017-06
2017-06-22,0.10910002887248993,2017-06
2017-06-23,0.10820988565683365,2017-06
2017-06-26,0.1086130142211914,2017-06
2017-06-27,0.10890991985797882,2017-06
2017-06-28,0.10964551568031311,2017-06
2017-06-29,0.1085151880979538,2017-06
2017-06-30,0.10983940958976746,2017-06
2017-07-03,0.11032778024673462,2017-07
2017-07-04,0.10928603261709213,2017-07
2017-07-05,0.10984061658382416,2017-07
2017-07-06,0.11100997030735016,2017-07
2017-07-07,0.10989010334014893,2017-07
2017-07-10,0.11062926054000854,2017-07
2017-07-12,0.11277008056640625,2017-07
2017-07-13,0.1123267337679863,2017-07
2017-07-14,0.11335940659046173,2017-07
2017-07-17,0.11378894001245499,2017-07
2017-07-18,0.11372295022010803,2017-07
2017-07-19,0.11294841021299362,2017-07
2017-07-20,0.1132233589887619,2017-07
2017-07-21,0.11533892154693604,2017-07
2017-07-24,0.1141774132847786,2017-07
2017-07-25,0.11379799991846085,2017-07
2017-07-26,0.11383946239948273,2017-07
2017-07-27,0.11453835666179657,2017-07
2017-07-28,0.11295861005783081,2017-07
2017-07-31,0.11330417543649673,2017-07
2017-08-01,0.11400429159402847,2017-08
2017-08-02,0.11231916397809982,2017-08
2017-08-03,0.1115536019206047,2017-08
2017-08-04,0.110781230032444,2017-08
2017-08-07,0.1099831685423851,2017-08
2017-08-08,0.11020619422197342,2017-08
2017-08-09,0.11158348619937897,2017-08
2017-08-10,0.11312089115381241,2017-08
2017-08-11,0.11327336728572845,2017-08
2017-08-14,0.11241133511066437,2017-08
2017-08-15,0.11115062981843948,2017-08
2017-08-16,0.11183056235313416,2017-08
2017-08-17,0.11199963837862015,2017-08
2017-08-18,0.11164452880620956,2017-08
2017-08-21,0.11162582784891129,2017-08
2017-08-22,0.1119094043970108,2017-08
2017-08-23,0.1114019975066185,2017-08
2017-08-24,0.11164327710866928,2017-08
2017-08-25,0.11189187318086624,2017-08
2017-08-28,0.11200466006994247,2017-08
2017-08-29,0.11125697940587997,2017-08
2017-08-30,0.11024021357297897,2017-08
2017-08-31,0.11066843569278717,2017-08
2017-09-01,0.11086597293615341,2017-09
2017-09-04,0.10996261239051819,2017-09
2017-09-05,0.1099855899810791,2017-09
2017-09-06,0.11016613245010376,2017-09
2017-09-07,0.10984303802251816,2017-09
2017-09-08,0.1101103276014328,2017-09
2017-09-11,0.1094139814376831,2017-09
2017-09-12,0.10795988142490387,2017-09
2017-09-13,0.10851635783910751,2017-09
2017-09-14,0.10650308430194855,2017-09
2017-09-15,0.1070549264550209,2017-09
2017-09-18,0.10519339889287949,2017-09
2017-09-19,0.10422311723232269,2017-09
2017-09-20,0.10343187302350998,2017-09
2017-09-21,0.10441246628761292,2017-09
2017-09-22,0.1066814586520195,2017-09
2017-09-25,0.1055130586028099,2017-09
2017-09-26,0.105417400598526,2017-09
2017-09-27,0.10458718985319138,2017-09
2017-09-28,0.10447683185338974,2017-09
2017-09-29,0.10386157780885696,2017-09
2017-10-02,0.10329511761665344,2017-10
2017-10-03,0.10337305814027786,2017-10
2017-10-04,0.10333674401044846,2017-10
2017-10-05,0.10366668552160263,2017-10
2017-10-06,0.10427963733673096,2017-10
2017-10-09,0.1048097237944603,2017-10
2017-10-10,0.1040940210223198,2017-10
2017-10-11,0.10432859510183334,2017-10
2017-10-12,0.1046813502907753,2017-10
2017-10-13,0.10393606126308441,2017-10
2017-10-16,0.10365486890077591,2017-10
2017-10-17,0.10351645201444626,2017-10
2017-10-18,0.10378073155879974,2017-10
2017-10-19,0.1031087338924408,2017-10
2017-10-20,0.10320129990577698,2017-10
2017-10-23,0.10297706723213196,2017-10
2017-10-24,0.10226621478796005,2017-10
2017-10-25,0.1018921434879303,2017-10
2017-10-26,0.1015218198299408,2017-10
2017-10-27,0.0988142266869545,2017-10
2017-10-30,0.1000250056385994,2017-10
2017-10-31,0.10030190646648407,2017-10
2017-11-01,0.10006103664636612,2017-11
2017-11-02,0.09998999536037445,2017-11
2017-11-03,0.0999300479888916,2017-11
2017-11-06,0.0997307226061821,2017-11
2017-11-07,0.10006403923034668,2017-11
2017-11-08,0.10033511370420456,2017-11
2017-11-09,0.10076175630092621,2017-11
2017-11-10,0.1012033075094223,2017-11
2017-11-13,0.1020345687866211,2017-11
2017-11-14,0.10132019966840744,2017-11
2017-11-15,0.10108055174350739,2017-11
2017-11-17,0.10023153573274612,2017-11
2017-11-20,0.09980039298534393,2017-11
2017-11-21,0.09950248897075653,2017-11
2017-11-22,0.09970089793205261,2017-11
2017-11-23,0.09980039298534393,2017-11
2017-11-24,0.09919650852680206,2017-11
2017-11-27,0.09971083700656891,2017-11
2017-11-28,0.09876543283462524,2017-11
2017-11-29,0.0987459272146225,2017-11
2017-11-30,0.09965122491121292,2017-11
2017-12-01,0.09965122491121292,2017-12
2017-12-04,0.0986582487821579,2017-12
2017-12-05,0.09886308014392853,2017-12
2017-12-06,0.09645992517471313,2017-12
2017-12-07,0.09636696428060532,2017-12
2017-12-08,0.09688045084476471,2017-12
2017-12-11,0.09802960604429245,2017-12
2017-12-12,0.09823182225227356,2017-12
2017-12-13,0.09946290403604507,2017-12
2017-12-14,0.10091632604598999,2017-12
2017-12-15,0.10229342430830002,2017-12
2017-12-18,0.10025464743375778,2017-12
2017-12-19,0.10161466151475906,2017-12
2017-12-20,0.1032354012131691,2017-12
2017-12-21,0.10305240750312805,2017-12
2017-12-22,0.10245796293020248,2017-12
2017-12-25,0.10304710268974304,2017-12
2017-12-26,0.10313637554645538,2017-12
2017-12-27,0.10301312804222107,2017-12
2017-12-28,0.1015259325504303,2017-12
2017-12-29,0.10105297714471817,2017-12
2018-01-01,0.10056416690349579,2018-01
2018-01-02,0.10064715892076492,2018-01
2018-01-03,0.09964128583669662,2018-01
2018-01-04,0.09966114908456802,2018-01
2018-01-05,0.0992358848452568,2018-01
2018-01-08,0.09889239817857742,2018-01
2018-01-09,0.09951239079236984,2018-01
2018-01-10,0.10125761479139328,2018-01
2018-01-11,0.10439939051866531,2018-01
2018-01-12,0.1030067652463913,2018-01
2018-01-15,0.10329511761665344,2018-01
2018-01-16,0.10229550302028656,2018-01
2018-01-17,0.10311935842037201,2018-01
2018-01-18,0.10360761731863022,2018-01
2018-01-19,0.10195238888263702,2018-01
2018-01-22,0.10231748968362808,2018-01
2018-01-23,0.10378934442996979,2018-01
2018-01-24,0.10346611589193344,2018-01
2018-01-25,0.1035303846001625,2018-01
2018-01-26,0.10295479744672775,2018-01
2018-01-29,0.10324179381132126,2018-01
2018-01-30,0.10244852304458618,2018-01
2018-01-31,0.10257462412118912,2018-01
2018-02-01,0.10295479744672775,2018-02
2018-02-02,0.10254307091236115,2018-02
2018-02-05,0.1019212156534195,2018-02
2018-02-06,0.10320982336997986,2018-02
2018-02-07,0.10234367102384567,2018-02
2018-02-08,0.1025010272860527,2018-02
2018-02-09,0.10271158814430237,2018-02
2018-02-12,0.10288065671920776,2018-02
2018-02-13,0.1029760017991066,2018-02
2018-02-14,0.10306090861558914,2018-02
2018-02-15,0.10214504599571228,2018-02
2018-02-16,0.10223903506994247,2018-02
2018-02-19,0.10166217386722565,2018-02
2018-02-20,0.1010611355304718,2018-02
2018-02-21,0.10192640870809555,2018-02
2018-02-22,0.10208249092102051,2018-02
2018-02-23,0.1018848717212677,2018-02
2018-02-26,0.10262936353683472,2018-02
2018-02-27,0.10291241854429245,2018-02
2018-02-28,0.10278548300266266,2018-02
2018-03-01,0.1025010272860527,2018-03
2018-03-02,0.10252204537391663,2018-03
2018-03-05,0.10277492552995682,2018-03
2018-03-06,0.10261672735214233,2018-03
2018-03-07,0.10259567201137543,2018-03
2018-03-08,0.10345540940761566,2018-03
2018-03-09,0.10376673191785812,2018-03
2018-03-12,0.10345540940761566,2018-03
2018-03-13,0.10347682237625122,2018-03
2018-03-14,0.10455875843763351,2018-03
2018-03-15,0.10406909883022308,2018-03
2018-03-16,0.10458062589168549,2018-03
2018-03-19,0.10506409406661987,2018-03
2018-03-20,0.10631173104047775,2018-03
2018-03-21,0.10507512837648392,2018-03
2018-03-22,0.10513035953044891,2018-03
2018-03-23,0.1049758568406105,2018-03
2018-03-26,0.1059366911649704,2018-03
2018-03-27,0.10574178397655487,2018-03
2018-03-28,0.10583130270242691,2018-03
2018-03-29,0.10565239936113358,2018-03
2018-03-30,0.10563008487224579,2018-03
2018-04-02,0.1060614064335823,2018-04
2018-04-03,0.10590191185474396,2018-04
2018-04-04,0.10589855164289474,2018-04
2018-04-05,0.1080567017197609,2018-04
2018-04-06,0.10652691125869751,2018-04
2018-04-09,0.1066780537366867,2018-04
2018-04-10,0.10698390752077103,2018-04
2018-04-11,0.10589855164289474,2018-04
2018-04-12,0.10588733106851578,2018-04
2018-04-13,0.10508617013692856,2018-04
2018-04-16,0.10535965114831924,2018-04
2018-04-17,0.10551083087921143,2018-04
2018-04-18,0.10455875843763351,2018-04
2018-04-19,0.10514141619205475,2018-04
2018-04-20,0.10552976280450821,2018-04
2018-04-23,0.1061931923031807,2018-04
2018-04-24,0.10529641062021255,2018-04
2018-04-25,0.10488776862621307,2018-04
2018-04-26,0.10461126267910004,2018-04
2018-04-27,0.10323859006166458,2018-04
2018-04-30,0.10272741317749023,2018-04
2018-05-01,0.10270103067159653,2018-05
2018-05-02,0.10058338195085526,2018-05
2018-05-03,0.10036130249500275,2018-05
2018-05-04,0.10062386840581894,2018-05
2018-05-07,0.09975063055753708,2018-05
2018-05-08,0.09986019879579544,2018-05
2018-05-09,0.10006003081798553,2018-05
2018-05-10,0.10171801596879959,2018-05
2018-05-11,0.1011122316122055,2018-05
2018-05-14,0.10165701061487198,2018-05
2018-05-15,0.1011122316122055,2018-05
2018-05-16,0.10041169077157974,2018-05
2018-05-17,0.09955201297998428,2018-05
2018-05-18,0.09893154352903366,2018-05
2018-05-21,0.09900989383459091,2018-05
2018-05-22,0.09824147820472717,2018-05
2018-05-23,0.09801039099693298,2018-05
2018-05-24,0.09752292186021805,2018-05
2018-05-25,0.09677731245756149,2018-05
2018-05-28,0.09661835432052612,2018-05
2018-05-29,0.09649715572595596,2018-05
2018-05-30,0.09625565260648727,2018-05
2018-05-31,0.09748488664627075,2018-05
2018-06-01,0.09683354943990707,2018-06
2018-06-04,0.0969180092215538,2018-06
2018-06-05,0.09800077974796295,2018-06
2018-06-06,0.10000000149011612,2018-06
2018-06-07,0.10053282976150513,2018-06
2018-06-08,0.09888263046741486,2018-06
2018-06-11,0.09906875342130661,2018-06
2018-06-12,0.09885329753160477,2018-06
2018-06-13,0.0988728478550911,2018-06
2018-06-14,0.10016226023435593,2018-06
2018-06-15,0.10085728764533997,2018-06
2018-06-18,0.10063298046588898,2018-06
2018-06-19,0.1005631536245346,2018-06
2018-06-20,0.10063399374485016,2018-06
2018-06-21,0.09967108815908432,2018-06
2018-06-22,0.09933445602655411,2018-06
2018-06-25,0.09936407208442688,2018-06
2018-06-26,0.10226203501224518,2018-06
2018-06-27,0.1001502275466919,2018-06
2018-06-28,0.10032102465629578,2018-06
2018-06-29,0.1005227193236351,2018-06
2018-07-02,0.10061374306678772,2018-07
2018-07-03,0.10018935799598694,2018-07
2018-07-04,0.09987017512321472,2018-07
2018-07-05,0.10142192989587784,2018-07
2018-07-06,0.10217636078596115,2018-07
2018-07-09,0.10349074751138687,2018-07
2018-07-10,0.10254307091236115,2018-07
2018-07-11,0.10236462205648422,2018-07
2018-07-12,0.10274746268987656,2018-07
2018-07-13,0.10128839313983917,2018-07
2018-07-16,0.10109178721904755,2018-07
2018-07-17,0.10068465769290924,2018-07
2018-07-18,0.09989012777805328,2018-07
2018-07-19,0.10067147761583328,2018-07
2018-07-20,0.10206268727779388,2018-07
2018-07-23,0.10266518592834473,2018-07
2018-07-24,0.10235413908958435,2018-07
2018-07-25,0.10166733711957932,2018-07
2018-07-26,0.1006978303194046,2018-07
2018-07-27,0.1003512293100357,2018-07
2018-07-30,0.10034116357564926,2018-07
2018-07-31,0.09991008043289185,2018-07
2018-08-01,0.1006542518734932,2018-08
2018-08-02,0.1018921434879303,2018-08
2018-08-03,0.10077597200870514,2018-08
2018-08-06,0.10050251334905624,2018-08
2018-08-07,0.10011012107133865,2018-08
2018-08-08,0.10064412653446198,2018-08
2018-08-09,0.1005631536245346,2018-08
2018-08-10,0.10046212375164032,2018-08
2018-08-13,0.10011012107133865,2018-08
2018-08-14,0.0999300479888916,2018-08
2018-08-15,0.09933445602655411,2018-08
2018-08-16,0.09811616688966751,2018-08
2018-08-17,0.09795279055833817,2018-08
2018-08-20,0.09768486768007278,2018-08
2018-08-21,0.0978473573923111,2018-08
2018-08-22,0.09894132614135742,2018-08
2018-08-23,0.10038144886493683,2018-08
2018-08-24,0.09900989383459091,2018-08
2018-08-27,0.09905894100666046,2018-08
2018-08-28,0.09797198325395584,2018-08
2018-08-29,0.09740892797708511,2018-08
2018-08-30,0.09830908477306366,2018-08
2018-08-31,0.0983671024441719,2018-08
2018-09-03,0.09735202044248581,2018-09
2018-09-04,0.09732360392808914,2018-09
2018-09-05,0.09666505455970764,2018-09
2018-09-06,0.09717228263616562,2018-09
2018-09-07,0.09714397042989731,2018-09
2018-09-10,0.09757050126791,2018-09
2018-09-11,0.0971250981092453,2018-09
2018-09-12,0.09692739695310593,2018-09
2018-09-13,0.0969650000333786,2018-09
2018-09-14,0.09658102691173553,2018-09
2018-09-17,0.09484966099262238,2018-09
2018-09-18,0.09307520091533661,2018-09
2018-09-19,0.09235315769910812,2018-09
2018-09-20,0.08999279886484146,2018-09
2018-09-21,0.08742022514343262,2018-09
2018-09-24,0.08629616349935532,2018-09
2018-09-25,0.08438106626272202,2018-09
2018-09-26,0.08385041356086731,2018-09
2018-09-27,0.0838644728064537,2018-09
2018-09-28,0.0824742242693901,2018-09
2018-10-01,0.0817394107580185,2018-10
2018-10-02,0.08012178540229797,2018-10
2018-10-03,0.08351428061723709,2018-10
2018-10-04,0.08666262775659561,2018-10
2018-10-05,0.08785802125930786,2018-10
2018-10-08,0.08699434995651245,2018-10
2018-10-09,0.08415383100509644,2018-10
2018-10-10,0.08043111115694046,2018-10
2018-10-11,0.081866554915905,2018-10
2018-10-12,0.08153281360864639,2018-10
2018-10-15,0.08189336955547333,2018-10
2018-10-16,0.08183305710554123,2018-10
2018-10-17,0.08302199840545654,2018-10
2018-10-18,0.08450228720903397,2018-10
2018-10-19,0.08392077684402466,2018-10
2018-10-22,0.08508465439081192,2018-10
2018-10-23,0.08555051684379578,2018-10
2018-10-24,0.08723719418048859,2018-10
2018-10-25,0.08593279868364334,2018-10
2018-10-26,0.08571183681488037,2018-10
2018-10-29,0.08723719418048859,2018-10
2018-10-30,0.0867001861333847,2018-10
2018-10-31,0.08566044270992279,2018-10
2018-11-01,0.0844665989279747,2018-11
2018-11-02,0.08447372913360596,2018-11
2018-11-05,0.08443806320428848,2018-11
2018-11-06,0.08594018965959549,2018-11
2018-11-07,0.08611780405044556,2018-11
2018-11-08,0.0860363095998764,2018-11
2018-11-09,0.08553588390350342,2018-11
2018-11-12,0.0848032608628273,2018-11
2018-11-13,0.08461669087409973,2018-11
2018-11-14,0.08399832248687744,2018-11
2018-11-15,0.08413966745138168,2018-11
2018-11-16,0.08443093299865723,2018-11
2018-11-19,0.08541898429393768,2018-11
2018-11-20,0.08466683328151703,2018-11
2018-11-21,0.08426729589700699,2018-11
2018-11-22,0.08411136269569397,2018-11
2018-11-23,0.08425309509038925,2018-11
2018-11-26,0.08448086678981781,2018-11
2018-11-27,0.08414675295352936,2018-11
2018-11-28,0.08401243388652802,2018-11
2018-11-29,0.08394896239042282,2018-11
2018-11-30,0.08332638442516327,2018-11
2018-12-03,0.08376612514257431,2018-12
2018-12-04,0.08426019549369812,2018-12
2018-12-05,0.08538980036973953,2018-12
2018-12-06,0.08462384343147278,2018-12
2018-12-07,0.08465966582298279,2018-12
2018-12-10,0.08420342952013016,2018-12
2018-12-11,0.08449514210224152,2018-12
2018-12-12,0.08394896239042282,2018-12
2018-12-13,0.08364000916481018,2018-12
2018-12-14,0.08358408510684967,2018-12
2018-12-17,0.08325701951980591,2018-12
2018-12-18,0.08321544528007507,2018-12
2018-12-19,0.08357011526823044,2018-12
2018-12-20,0.08349335938692093,2018-12
2018-12-21,0.08440955728292465,2018-12
2018-12-24,0.08393487334251404,2018-12
2018-12-25,0.0838785469532013,2018-12
2018-12-26,0.0838785469532013,2018-12
2018-12-27,0.0838785469532013,2018-12
2018-12-28,0.08421052992343903,2018-12
2018-12-31,0.08391373604536057,2018-12
2019-01-01,0.08389261364936829,2019-01
2019-01-02,0.08389261364936829,2019-01
2019-01-03,0.0835980623960495,2019-01
2019-01-04,0.08340979367494583,2019-01
2019-01-07,0.0835561454296112,2019-01
2019-01-08,0.08413966745138168,2019-01
2019-01-09,0.08391373604536057,2019-01
2019-01-10,0.08389261364936829,2019-01
2019-01-11,0.0841325968503952,2019-01
2019-01-14,0.08393487334251404,2019-01
2019-01-15,0.08452370762825012,2019-01
2019-01-16,0.08402655273675919,2019-01
2019-01-17,0.08408307284116745,2019-01
2019-01-18,0.08411844074726105,2019-01
2019-01-21,0.08404774218797684,2019-01
2019-01-22,0.08388558030128479,2019-01
2019-01-23,0.08364701271057129,2019-01
2019-01-24,0.08371002972126007,2019-01
2019-01-25,0.08362602442502975,2019-01
2019-01-28,0.08435259759426117,2019-01
2019-01-29,0.08380122482776642,2019-01
2019-01-30,0.08371704071760178,2019-01
2019-01-31,0.0838785469532013,2019-01
2019-02-01,0.08371704071760178,2019-02
2019-02-04,0.08411136269569397,2019-02
2019-02-05,0.08406893163919449,2019-02
2019-02-06,0.08415383100509644,2019-02
2019-02-07,0.08418217301368713,2019-02
2019-02-08,0.08448086678981781,2019-02
2019-02-11,0.08499787002801895,2019-02
2019-02-12,0.08470269292593002,2019-02
2019-02-13,0.08429571241140366,2019-02
2019-02-14,0.08384338021278381,2019-02
2019-02-15,0.08443806320428848,2019-02
2019-02-18,0.08454514294862747,2019-02
2019-02-19,0.08398421108722687,2019-02
2019-02-20,0.0839630588889122,2019-02
2019-02-21,0.0837380662560463,2019-02
2019-02-22,0.08385041356086731,2019-02
2019-02-25,0.08418925851583481,2019-02
2019-02-26,0.083745077252388,2019-02
2019-02-27,0.08357011526823044,2019-02
2019-02-28,0.08322237432003021,2019-02
2019-03-01,0.08322929590940475,2019-03
2019-03-04,0.0835561454296112,2019-03
2019-03-05,0.0833125039935112,2019-03
2019-03-06,0.08321544528007507,2019-03
2019-03-07,0.08325701951980591,2019-03
2019-03-08,0.08322929590940475,2019-03
2019-03-11,0.0836540013551712,2019-03
2019-03-12,0.0835980623960495,2019-03
2019-03-13,0.08343762904405594,2019-03
2019-03-14,0.08352822810411453,2019-03
2019-03-15,0.0835561454296112,2019-03
2019-03-18,0.08342370390892029,2019-03
2019-03-19,0.08352126181125641,2019-03
2019-03-20,0.08334027975797653,2019-03
2019-03-21,0.0833333358168602,2019-03
2019-03-22,0.08320159465074539,2019-03
2019-03-25,0.08376612514257431,2019-03
2019-03-26,0.08325008302927017,2019-03
2019-03-27,0.08270614594221115,2019-03
2019-03-28,0.08219628036022186,2019-03
2019-03-29,0.08243343979120255,2019-03
2019-04-01,0.08233840763568878,2019-04
2019-04-02,0.0825423076748848,2019-04
2019-04-03,0.08253549039363861,2019-04
2019-04-04,0.08263780176639557,2019-04
2019-04-05,0.08311861008405685,2019-04
2019-04-08,0.08303578943014145,2019-04
2019-04-09,0.08316008746623993,2019-04
2019-04-10,0.08301511406898499,2019-04
2019-04-11,0.08264462649822235,2019-04
2019-04-12,0.08191350102424622,2019-04
2019-04-15,0.0802375003695488,2019-04
2019-04-16,0.08071676641702652,2019-04
2019-04-17,0.08174610137939453,2019-04
2019-04-18,0.08151288330554962,2019-04
2019-04-19,0.08153281360864639,2019-04
2019-04-22,0.08140670508146286,2019-04
2019-04-23,0.08169267326593399,2019-04
2019-04-24,0.08101757615804672,2019-04
2019-04-25,0.08012820780277252,2019-04
2019-04-26,0.07987219840288162,2019-04
2019-04-29,0.07905138283967972,2019-04
2019-04-30,0.07865345478057861,2019-04
2019-05-01,0.07864108681678772,2019-05
2019-05-02,0.07867201417684555,2019-05
2019-05-03,0.0776699036359787,2019-05
2019-05-06,0.07743534445762634,2019-05
2019-05-07,0.07803355902433395,2019-05
2019-05-08,0.07767593860626221,2019-05
2019-05-09,0.07781495898962021,2019-05
2019-05-10,0.0777786374092102,2019-05
2019-05-13,0.07788161933422089,2019-05
2019-05-14,0.07642922550439835,2019-05
2019-05-15,0.07515406608581543,2019-05
2019-05-16,0.07425558567047119,2019-05
2019-05-17,0.07368654012680054,2019-05
2019-05-20,0.07254262268543243,2019-05
2019-05-21,0.0725163146853447,2019-05
2019-05-23,0.0746324360370636,2019-05
2019-05-24,0.07682851701974869,2019-05
2019-05-27,0.07885191589593887,2019-05
2019-05-28,0.07648183405399323,2019-05
2019-05-29,0.07457121461629868,2019-05
2019-05-30,0.07477753609418869,2019-05
2019-05-31,0.07455453276634216,2019-05
2019-06-03,0.07651694864034653,2019-06
2019-06-04,0.07625438272953033,2019-06
2019-06-05,0.07714858651161194,2019-06
2019-06-06,0.07628346979618073,2019-06
2019-06-07,0.07510890811681747,2019-06
2019-06-10,0.0755743607878685,2019-06
2019-06-11,0.07562008500099182,2019-06
2019-06-12,0.07613246887922287,2019-06
2019-06-13,0.07570022344589233,2019-06
2019-06-14,0.07639419287443161,2019-06
2019-06-17,0.0765579491853714,2019-06
2019-06-18,0.07638835906982422,2019-06
2019-06-19,0.0770772323012352,2019-06
2019-06-20,0.07817386090755463,2019-06
2019-06-21,0.07819219678640366,2019-06
2019-06-24,0.07783918082714081,2019-06
2019-06-25,0.0768580436706543,2019-06
2019-06-26,0.07709506154060364,2019-06
2019-06-27,0.07772423326969147,2019-06
2019-06-28,0.07755545526742935,2019-06
2019-07-01,0.07816774398088455,2019-07
2019-07-02,0.07768196612596512,2019-07
2019-07-03,0.07811889797449112,2019-07
2019-07-04,0.07791195809841156,2019-07
2019-07-05,0.07802137732505798,2019-07
2019-07-08,0.07833920419216156,2019-07
2019-07-09,0.07917656004428864,2019-07
2019-07-10,0.07973845303058624,2019-07
2019-07-11,0.07996801286935806,2019-07
2019-07-12,0.08028259128332138,2019-07
2019-07-15,0.08044405281543732,2019-07
2019-07-16,0.08001920580863953,2019-07
2019-07-17,0.07994882762432098,2019-07
2019-07-18,0.07945335656404495,2019-07
2019-07-19,0.07886435091495514,2019-07
2019-07-22,0.07851758599281311,2019-07
2019-07-23,0.07824113965034485,2019-07
2019-07-24,0.07713073492050171,2019-07
2019-07-25,0.07753140479326248,2019-07
2019-07-26,0.07760962098836899,2019-07
2019-07-29,0.07756146788597107,2019-07
2019-07-30,0.07754342257976532,2019-07
2019-07-31,0.07771215587854385,2019-07
2019-08-01,0.07772423326969147,2019-08
2019-08-02,0.07771215587854385,2019-08
2019-08-05,0.07749535143375397,2019-08
2019-08-06,0.07762166857719421,2019-08
2019-08-07,0.07756748050451279,2019-08
2019-08-08,0.07697636634111404,2019-08
2019-08-09,0.07708317786455154,2019-08
2019-08-12,0.07680491358041763,2019-08
2019-08-13,0.0767577514052391,2019-08
2019-08-14,0.0767931193113327,2019-08
2019-08-15,0.07682261615991592,2019-08
2019-08-16,0.0767931193113327,2019-08
2019-08-19,0.07647598534822464,2019-08
2019-08-20,0.07648183405399323,2019-08
2019-08-21,0.07647598534822464,2019-08
2019-08-22,0.07626601308584213,2019-08
2019-08-23,0.0763125792145729,2019-08
2019-08-26,0.07782706618309021,2019-08
2019-08-27,0.0763242244720459,2019-08
2019-08-28,0.07648768275976181,2019-08
2019-08-29,0.07652280479669571,2019-08
2019-08-30,0.0766342282295227,2019-08
2019-09-02,0.07630675286054611,2019-09
2019-09-03,0.07638835906982422,2019-09
2019-09-04,0.07633005082607269,2019-09
2019-09-05,0.07633587718009949,2019-09
2019-09-06,0.07611508667469025,2019-09
2019-09-09,0.07713073492050171,2019-09
2019-09-10,0.07636502385139465,2019-09
2019-09-11,0.07622531801462173,2019-09
2019-09-12,0.07625438272953033,2019-09
2019-09-13,0.07639419287443161,2019-09
2019-09-16,0.07598206400871277,2019-09
2019-09-17,0.07598206400871277,2019-09
2019-09-18,0.07583225518465042,2019-09
2019-09-19,0.07568303495645523,2019-09
2019-09-20,0.0757288932800293,2019-09
2019-09-23,0.07574035972356796,2019-09
2019-09-24,0.07602827996015549,2019-09
2019-09-25,0.07684032618999481,2019-09
2019-09-26,0.0760803371667862,2019-09
2019-09-27,0.07576331496238708,2019-09
2019-09-30,0.07617887109518051,2019-09
2019-10-01,0.07609771192073822,2019-10
2019-10-02,0.07722007483243942,2019-10
2019-10-03,0.07679902017116547,2019-10
2019-10-04,0.07627183198928833,2019-10
2019-10-07,0.07627765089273453,2019-10
2019-10-08,0.07654623687267303,2019-10
2019-10-09,0.07648768275976181,2019-10
2019-10-10,0.07633587718009949,2019-10
2019-10-11,0.07627765089273453,2019-10
2019-10-14,0.07627809792757034,2019-10
2019-10-15,0.07614216208457947,2019-10
2019-10-16,0.07590796798467636,2019-10
2019-10-17,0.07597420364618301,2019-10
2019-10-18,0.07598800212144852,2019-10
2019-10-21,0.07592267543077469,2019-10
2019-10-22,0.07585082203149796,2019-10
2019-10-23,0.07582226395606995,2019-10
2019-10-24,0.07588477432727814,2019-10
2019-10-25,0.07586604356765747,2019-10
2019-10-28,0.07585521787405014,2019-10
2019-10-29,0.07560503482818604,2019-10
2019-10-30,0.07565888017416,2019-10
2019-10-31,0.07557621598243713,2019-10
2019-11-01,0.07542317360639572,2019-11
2019-11-04,0.07549963146448135,2019-11
2019-11-05,0.07519663870334625,2019-11
2019-11-06,0.07462088018655777,2019-11
2019-11-07,0.0744626447558403,2019-11
2019-11-08,0.07405748218297958,2019-11
2019-11-11,0.07361456006765366,2019-11
2019-11-12,0.07287809252738953,2019-11
2019-11-13,0.0724492073059082,2019-11
2019-11-14,0.07150770723819733,2019-11
2019-11-15,0.07164273411035538,2019-11
2019-11-18,0.07230396568775177,2019-11
2019-11-19,0.07194036990404129,2019-11
2019-11-20,0.07166902720928192,2019-11
2019-11-21,0.07138398289680481,2019-11
2019-11-22,0.07056137919425964,2019-11
2019-11-25,0.06979288160800934,2019-11
2019-11-26,0.0695219337940216,2019-11
2019-11-27,0.06872555613517761,2019-11
2019-11-28,0.06833837181329727,2019-11
2019-11-29,0.06858748942613602,2019-11
2019-12-02,0.06858395785093307,2019-12
2019-12-03,0.0684078186750412,2019-12
2019-12-04,0.06863565742969513,2019-12
2019-12-05,0.06850004941225052,2019-12
2019-12-06,0.06722082197666168,2019-12
2019-12-09,0.06587538123130798,2019-12
2019-12-10,0.06502246111631393,2019-12
2019-12-11,0.06480985879898071,2019-12
2019-12-12,0.06857024878263474,2019-12
2019-12-13,0.06944718211889267,2019-12
2019-12-16,0.06907813251018524,2019-12
2019-12-17,0.06916098296642303,2019-12
2019-12-18,0.0689084604382515,2019-12
2019-12-19,0.0692964717745781,2019-12
2019-12-20,0.06945140659809113,2019-12
2019-12-23,0.07175137102603912,2019-12
2019-12-24,0.07417955249547958,2019-12
2019-12-25,0.07633906602859497,2019-12
2019-12-26,0.076414555311203,2019-12
2019-12-27,0.07644453644752502,2019-12
2019-12-30,0.07230888307094574,2019-12
2019-12-31,0.07126840949058533,2019-12
2020-01-01,0.07128678262233734,2020-01
2020-01-02,0.07090940326452255,2020-01
2020-01-03,0.07058702409267426,2020-01
2020-01-06,0.07077313959598541,2020-01
2020-01-07,0.07074197381734848,2020-01
2020-01-08,0.07083549350500107,2020-01
2020-01-09,0.07088842988014221,2020-01
2020-01-10,0.07194144278764725,2020-01
2020-01-13,0.07196153700351715,2020-01
2020-01-14,0.07077126204967499,2020-01
2020-01-15,0.06988576054573059,2020-01
2020-01-16,0.06943975389003754,2020-01
2020-01-17,0.06907707452774048,2020-01
2020-01-20,0.06835518777370453,2020-01
2020-01-21,0.06894022226333618,2020-01
2020-01-22,0.06870707869529724,2020-01
2020-01-23,0.06871472299098969,2020-01
2020-01-24,0.06919319927692413,2020-01
2020-01-27,0.0692877471446991,2020-01
2020-01-28,0.0689576119184494,2020-01
2020-01-29,0.06877432018518448,2020-01
2020-01-30,0.06846064329147339,2020-01
2020-01-31,0.06754130125045776,2020-01
2020-02-03,0.06789758801460266,2020-02
2020-02-04,0.06859705597162247,2020-02
2020-02-05,0.06939967721700668,2020-02
2020-02-06,0.06873854249715805,2020-02
2020-02-07,0.06848474591970444,2020-02
2020-02-10,0.06826511025428772,2020-02
2020-02-11,0.06811781972646713,2020-02
2020-02-12,0.06859765946865082,2020-02
2020-02-13,0.06835667043924332,2020-02
2020-02-14,0.06825363636016846,2020-02
2020-02-17,0.06823848932981491,2020-02
2020-02-18,0.06827548891305923,2020-02
2020-02-19,0.06825778633356094,2020-02
2020-02-20,0.06836862862110138,2020-02
2020-02-21,0.06857334822416306,2020-02
2020-02-24,0.06874983757734299,2020-02
2020-02-25,0.06812506914138794,2020-02
2020-02-26,0.06809983402490616,2020-02
2020-02-27,0.06793477386236191,2020-02
2020-02-28,0.06709647923707962,2020-02
2020-03-02,0.06656670570373535,2020-03
2020-03-03,0.06580928713083267,2020-03
2020-03-04,0.06569982320070267,2020-03
2020-03-05,0.06530735641717911,2020-03
2020-03-06,0.06602049618959427,2020-03
2020-03-09,0.06578953564167023,2020-03
2020-03-10,0.06528928875923157,2020-03
2020-03-11,0.06456588208675385,2020-03
2020-03-12,0.06338780373334885,2020-03
2020-03-13,0.0635378509759903,2020-03
2020-03-16,0.06290517002344131,2020-03
2020-03-17,0.062274083495140076,2020-03
2020-03-18,0.06110181286931038,2020-03
2020-03-19,0.060509130358695984,2020-03
2020-03-20,0.05950599163770676,2020-03
2020-03-23,0.059145644307136536,2020-03
2020-03-24,0.05804760381579399,2020-03
2020-03-25,0.057152170687913895,2020-03
2020-03-26,0.056915685534477234,2020-03
2020-03-27,0.05615987628698349,2020-03
2020-03-30,0.05669223144650459,2020-03
2020-03-31,0.05598308891057968,2020-03
2020-04-01,0.05536516755819321,2020-04
2020-04-02,0.05498265475034714,2020-04
2020-04-03,0.05370354652404785,2020-04
2020-04-06,0.05387694761157036,2020-04
2020-04-07,0.05297132208943367,2020-04
2020-04-08,0.05288634076714516,2020-04
2020-04-09,0.05331113189458847,2020-04
2020-04-10,0.0536060594022274,2020-04
2020-04-13,0.05391055345535278,2020-04
2020-04-14,0.05405663326382637,2020-04
2020-04-15,0.05458252876996994,2020-04
2020-04-16,0.05425310879945755,2020-04
2020-04-17,0.05395715683698654,2020-04
2020-04-20,0.054018210619688034,2020-04
2020-04-21,0.05410541966557503,2020-04
2020-04-22,0.05409795418381691,2020-04
2020-04-23,0.05485539510846138,2020-04
2020-04-24,0.054135967046022415,2020-04
2020-04-27,0.05386294424533844,2020-04
2020-04-28,0.053667619824409485,2020-04
2020-04-29,0.05366918444633484,2020-04
2020-04-30,0.053704749792814255,2020-04
2020-05-01,0.05367576703429222,2020-05
2020-05-04,0.05403263494372368,2020-05
2020-05-05,0.05471847206354141,2020-05
2020-05-06,0.055482763797044754,2020-05
2020-05-07,0.055779971182346344,2020-05
2020-05-08,0.0549023374915123,2020-05
2020-05-11,0.05396560952067375,2020-05
2020-05-12,0.05381760746240616,2020-05
2020-05-13,0.05479352921247482,2020-05
2020-05-14,0.055684737861156464,2020-05
2020-05-15,0.05482042208313942,2020-05
2020-05-18,0.05427864193916321,2020-05
2020-05-19,0.054252300411462784,2020-05
2020-05-20,0.055232442915439606,2020-05
2020-05-21,0.05502232164144516,2020-05
2020-05-22,0.055375128984451294,2020-05
2020-05-25,0.05539707466959953,2020-05
2020-05-26,0.05560924857854843,2020-05
2020-05-27,0.056257735937833786,2020-05
2020-05-28,0.05595305934548378,2020-05
2020-05-29,0.05475064739584923,2020-05
2020-06-01,0.05469989776611328,2020-06
2020-06-02,0.054515767842531204,2020-06
2020-06-03,0.05537832900881767,2020-06
2020-06-04,0.056222207844257355,2020-06
2020-06-05,0.05537845566868782,2020-06
2020-06-08,0.05494553595781326,2020-06
2020-06-09,0.054711613804101944,2020-06
2020-06-10,0.054830342531204224,2020-06
2020-06-11,0.05518445745110512,2020-06
2020-06-12,0.0548412948846817,2020-06
2020-06-15,0.054664574563503265,2020-06
2020-06-16,0.05530472844839096,2020-06
2020-06-17,0.0556306429207325,2020-06
2020-06-18,0.0556306429207325,2020-06
2020-06-19,0.0556306429207325,2020-06
2020-06-22,0.0556306429207325,2020-06
2020-06-23,0.0556306429207325,2020-06
2020-06-24,0.0556306429207325,2020-06
2020-06-25,0.0556306429207325,2020-06
2020-06-26,0.0556306429207325,2020-06
2020-06-29,0.0556306429207325,2020-06
2020-06-30,0.0556306429207325,2020-06
2020-07-01,0.0556306429207325,2020-07
2020-07-02,0.0556306429207325,2020-07
2020-07-03,0.0556306429207325,2020-07
2020-07-06,0.0556306429207325,2020-07
2020-07-07,0.05520045757293701,2020-07
2020-07-08,0.05594400316476822,2020-07
2020-07-09,0.05577635020017624,2020-07
2020-07-10,0.05546414852142334,2020-07
2020-07-13,0.055221203714609146,2020-07
2020-07-14,0.055448707193136215,2020-07
2020-07-15,0.055166516453027725,2020-07
2020-07-16,0.05510870739817619,2020-07
2020-07-17,0.055013347417116165,2020-07
2020-07-20,0.05495397746562958,2020-07
2020-07-21,0.05520888790488243,2020-07
2020-07-22,0.055463191121816635,2020-07
2020-07-23,0.05502130463719368,2020-07
2020-07-24,0.0551847368478775,2020-07
2020-07-27,0.05527802184224129,2020-07
2020-07-28,0.05527737736701965,2020-07
2020-07-29,0.05500391125679016,2020-07
2020-07-30,0.05482945218682289,2020-07
2020-07-31,0.054900843650102615,2020-07
2020-08-03,0.054864536970853806,2020-08
2020-08-04,0.05493546277284622,2020-08
2020-08-05,0.05488204210996628,2020-08
2020-08-06,0.05485903471708298,2020-08
2020-08-07,0.05457272380590439,2020-08
2020-08-10,0.05424300581216812,2020-08
2020-08-11,0.054449908435344696,2020-08
2020-08-12,0.05453532934188843,2020-08
2020-08-13,0.05456814542412758,2020-08
2020-08-14,0.05430224537849426,2020-08
2020-08-17,0.05407539755105972,2020-08
2020-08-18,0.05381282791495323,2020-08
2020-08-19,0.05372254550457001,2020-08
2020-08-20,0.053396280854940414,2020-08
2020-08-21,0.05306357145309448,2020-08
2020-08-24,0.052700694650411606,2020-08
2020-08-25,0.052211325615644455,2020-08
2020-08-26,0.051938388496637344,2020-08
2020-08-27,0.051876507699489594,2020-08
2020-08-28,0.05171622708439827,2020-08
2020-08-31,0.05132317915558815,2020-08
2020-09-01,0.05136912688612938,2020-09
2020-09-02,0.05125949904322624,2020-09
2020-09-03,0.0510069839656353,2020-09
2020-09-04,0.051167652010917664,2020-09
2020-09-07,0.05108748376369476,2020-09
2020-09-08,0.05101299658417702,2020-09
2020-09-09,0.05099298432469368,2020-09
2020-09-10,0.05086085572838783,2020-09
2020-09-11,0.05073876306414604,2020-09
2020-09-14,0.0502157136797905,2020-09
2020-09-15,0.05025121569633484,2020-09
2020-09-16,0.05024242401123047,2020-09
2020-09-17,0.05043339356780052,2020-09
2020-09-18,0.0503084771335125,2020-09
2020-09-21,0.050115518271923065,2020-09
2020-09-22,0.05008161440491676,2020-09
2020-09-23,0.05018571764230728,2020-09
2020-09-24,0.05021573230624199,2020-09
2020-09-25,0.0502125546336174,2020-09
2020-09-28,0.050190337002277374,2020-09
2020-09-29,0.050187427550554276,2020-09
2020-09-30,0.05001089349389076,2020-09
2020-10-01,0.04996350407600403,2020-10
2020-10-02,0.050020426511764526,2020-10
2020-10-05,0.04998335614800453,2020-10
2020-10-06,0.04994095116853714,2020-10
2020-10-07,0.04992455989122391,2020-10
2020-10-08,0.049956273287534714,2020-10
2020-10-09,0.04985326528549194,2020-10
2020-10-12,0.049788638949394226,2020-10
2020-10-13,0.04986007511615753,2020-10
2020-10-14,0.049863602966070175,2020-10
2020-10-15,0.04981406405568123,2020-10
2020-10-16,0.04969079792499542,2020-10
2020-10-19,0.049713488668203354,2020-10
2020-10-20,0.04961293935775757,2020-10
2020-10-21,0.049611322581768036,2020-10
2020-10-22,0.04942799359560013,2020-10
2020-10-23,0.04949717968702316,2020-10
2020-10-26,0.04945490509271622,2020-10
2020-10-27,0.049347177147865295,2020-10
2020-10-28,0.04939262568950653,2020-10
2020-10-29,0.049242500215768814,2020-10
2020-10-30,0.04860636591911316,2020-10
2020-11-02,0.04869627580046654,2020-11
2020-11-03,0.048937637358903885,2020-11
2020-11-04,0.0489516481757164,2020-11
2020-11-05,0.04838446527719498,2020-11
2020-11-06,0.04869718477129936,2020-11
2020-11-09,0.04860498383641243,2020-11
2020-11-10,0.0480833537876606,2020-11
2020-11-11,0.04809749498963356,2020-11
2020-11-12,0.047971535474061966,2020-11
2020-11-13,0.04799522086977959,2020-11
2020-11-16,0.04790935665369034,2020-11
2020-11-17,0.04800794646143913,2020-11
2020-11-18,0.04787556827068329,2020-11
2020-11-19,0.047841597348451614,2020-11
2020-11-20,0.04783990606665611,2020-11
2020-11-23,0.047738250344991684,2020-11
2020-11-24,0.04771943390369415,2020-11
2020-11-25,0.047724805772304535,2020-11
2020-11-26,0.0477171428501606,2020-11
2020-11-27,0.04768628627061844,2020-11
2020-11-30,0.04768705740571022,2020-11
2020-12-01,0.04770481213927269,2020-12
2020-12-02,0.0476568229496479,2020-12
2020-12-03,0.0476333424448967,2020-12
2020-12-04,0.04763391613960266,2020-12
2020-12-07,0.04763733595609665,2020-12
2020-12-08,0.04761754721403122,2020-12
2020-12-09,0.04764851927757263,2020-12
2020-12-10,0.04762428253889084,2020-12
2020-12-11,0.04758484289050102,2020-12
2020-12-14,0.047531865537166595,2020-12
2020-12-15,0.04752045124769211,2020-12
2020-12-16,0.047563351690769196,2020-12
2020-12-17,0.0475112609565258,2020-12
2020-12-18,0.04740322381258011,2020-12
2020-12-21,0.04740122705698013,2020-12
2020-12-22,0.04741884768009186,2020-12
2020-12-23,0.04738060384988785,2020-12
2020-12-24,0.04737330973148346,2020-12
2020-12-25,0.047358304262161255,2020-12
2020-12-28,0.04734626039862633,2020-12
2020-12-29,0.04734404385089874,2020-12
2020-12-30,0.047354139387607574,2020-12
2020-12-31,0.04734499007463455,2020-12
2021-01-01,0.047337111085653305,2021-01
2021-01-04,0.04709458723664284,2021-01
2021-01-05,0.04734331741929054,2021-01
2021-01-06,0.04723215848207474,2021-01
2021-01-07,0.04733303189277649,2021-01
2021-01-08,0.04727165773510933,2021-01
2021-01-11,0.047111280262470245,2021-01
2021-01-12,0.047195639461278915,2021-01
2021-01-13,0.04719395935535431,2021-01
2021-01-14,0.04715024679899216,2021-01
2021-01-15,0.047012392431497574,2021-01
2021-01-18,0.04684627801179886,2021-01
2021-01-19,0.04697953164577484,2021-01
2021-01-20,0.04696310684084892,2021-01
2021-01-21,0.046940892934799194,2021-01
2021-01-22,0.04695477336645126,2021-01
2021-01-25,0.046922847628593445,2021-01
2021-01-26,0.046912893652915955,2021-01
2021-01-27,0.046839453279972076,2021-01
2021-01-28,0.046793777495622635,2021-01
2021-01-29,0.0467875599861145,2021-01
2021-02-01,0.04681665822863579,2021-02
2021-02-02,0.04679156839847565,2021-02
2021-02-03,0.046765636652708054,2021-02
2021-02-04,0.046626828610897064,2021-02
2021-02-05,0.04668748006224632,2021-02
2021-02-08,0.046600691974163055,2021-02
2021-02-09,0.04639945179224014,2021-02
2021-02-10,0.04639948904514313,2021-02
2021-02-11,0.04637611284852028,2021-02
2021-02-12,0.046422652900218964,2021-02
2021-02-15,0.04634566605091095,2021-02
2021-02-16,0.04635016247630119,2021-02
2021-02-17,0.046310361474752426,2021-02
2021-02-18,0.046295516192913055,2021-02
2021-02-19,0.0462939515709877,2021-02
2021-02-22,0.046169158071279526,2021-02
2021-02-23,0.046091508120298386,2021-02
2021-02-24,0.04607837274670601,2021-02
2021-02-25,0.04614882543683052,2021-02
2021-02-26,0.04606882855296135,2021-02
2021-03-01,0.046034373342990875,2021-03
2021-03-02,0.04586264118552208,2021-03
2021-03-03,0.04571545124053955,2021-03
2021-03-04,0.045713722705841064,2021-03
2021-03-05,0.04572157561779022,2021-03
2021-03-08,0.04570882394909859,2021-03
2021-03-09,0.04567861929535866,2021-03
2021-03-10,0.04564256966114044,2021-03
2021-03-11,0.04565415158867836,2021-03
2021-03-12,0.045624107122421265,2021-03
2021-03-15,0.04576931148767471,2021-03
2021-03-16,0.045633625239133835,2021-03
2021-03-17,0.04546159878373146,2021-03
2021-03-18,0.04547640308737755,2021-03
2021-03-19,0.045475173741579056,2021-03
2021-03-22,0.045405566692352295,2021-03
2021-03-23,0.045435357838869095,2021-03
2021-03-24,0.04544084891676903,2021-03
2021-03-25,0.04542174190282822,2021-03
2021-03-26,0.04547744616866112,2021-03
2021-03-29,0.04540354385972023,2021-03
2021-03-30,0.04536551237106323,2021-03
2021-03-31,0.04538951814174652,2021-03
2021-04-01,0.04538713023066521,2021-04
2021-04-02,0.04535593464970589,2021-04
2021-04-05,0.04550338163971901,2021-04
2021-04-06,0.045410238206386566,2021-04
2021-04-07,0.04531707614660263,2021-04
2021-04-08,0.04527342692017555,2021-04
2021-04-09,0.045264970511198044,2021-04
2021-04-12,0.045266713947057724,2021-04
2021-04-13,0.04517700895667076,2021-04
2021-04-14,0.04518215358257294,2021-04
2021-04-15,0.04515797272324562,2021-04
2021-04-16,0.04516549035906792,2021-04
2021-04-19,0.04510639235377312,2021-04
2021-04-20,0.045145183801651,2021-04
2021-04-21,0.04514608904719353,2021-04
2021-04-22,0.04504816234111786,2021-04
2021-04-23,0.04503631219267845,2021-04
2021-04-26,0.045155975967645645,2021-04
2021-04-27,0.045001134276390076,2021-04
2021-04-28,0.0449785515666008,2021-04
2021-04-29,0.0449727438390255,2021-04
2021-04-30,0.04494640231132507,2021-04
2021-05-03,0.0446181446313858,2021-05
2021-05-04,0.044826753437519073,2021-05
2021-05-05,0.044837769120931625,2021-05
2021-05-06,0.044812437146902084,2021-05
2021-05-07,0.04480946809053421,2021-05
2021-05-10,0.04512361064553261,2021-05
2021-05-11,0.04476144537329674,2021-05
2021-05-12,0.044717855751514435,2021-05
2021-05-13,0.04477124288678169,2021-05
2021-05-14,0.044757187366485596,2021-05
2021-05-17,0.04463045671582222,2021-05
2021-05-18,0.04461212083697319,2021-05
2021-05-19,0.04460695758461952,2021-05
2021-05-20,0.04457759112119675,2021-05
2021-05-21,0.044604867696762085,2021-05
2021-05-24,0.04456653073430061,2021-05
2021-05-25,0.04455376788973808,2021-05
2021-05-26,0.04456348717212677,2021-05
2021-05-27,0.04451613873243332,2021-05
2021-05-28,0.044547174125909805,2021-05
2021-05-31,0.04455104097723961,2021-05
2021-06-01,0.044511452317237854,2021-06
2021-06-02,0.04445026442408562,2021-06
2021-06-03,0.04441499337553978,2021-06
2021-06-04,0.04443363472819328,2021-06
2021-06-07,0.04441637173295021,2021-06
2021-06-08,0.04444066807627678,2021-06
2021-06-09,0.04444436356425285,2021-06
2021-06-10,0.0444180928170681,2021-06
2021-06-11,0.044414762407541275,2021-06
2021-06-14,0.04435510188341141,2021-06
2021-06-15,0.044367194175720215,2021-06
2021-06-16,0.04438076540827751,2021-06
2021-06-17,0.04437727481126785,2021-06
2021-06-18,0.04437321051955223,2021-06
2021-06-21,0.04436175897717476,2021-06
2021-06-22,0.044357024133205414,2021-06
2021-06-23,0.04436497762799263,2021-06
2021-06-24,0.04436541721224785,2021-06
2021-06-25,0.044364042580127716,2021-06
2021-06-28,0.04432009905576706,2021-06
2021-06-29,0.04420459270477295,2021-06
2021-06-30,0.04421442747116089,2021-06
2021-07-01,0.04420856758952141,2021-07
2021-07-02,0.04422035068273544,2021-07
2021-07-05,0.04435928538441658,2021-07
2021-07-06,0.04422169178724289,2021-07
2021-07-07,0.0442189984023571,2021-07
2021-07-08,0.04422464594244957,2021-07
2021-07-09,0.04422874376177788,2021-07
2021-07-12,0.044277843087911606,2021-07
2021-07-13,0.04421168938279152,2021-07
2021-07-14,0.04417535290122032,2021-07
2021-07-15,0.04420943558216095,2021-07
2021-07-16,0.04420346021652222,2021-07
2021-07-19,0.044255755841732025,2021-07
2021-07-20,0.044555842876434326,2021-07
2021-07-21,0.044923603534698486,2021-07
2021-07-22,0.04488474503159523,2021-07
2021-07-23,0.045267485082149506,2021-07
2021-07-26,0.0477355495095253,2021-07
2021-07-27,0.050164226442575455,2021-07
2021-07-28,0.052673690021038055,2021-07
2021-07-29,0.05226526036858559,2021-07
2021-07-30,0.05198603868484497,2021-07
2021-08-02,0.05210575461387634,2021-08
2021-08-03,0.05213190242648125,2021-08
2021-08-04,0.052170343697071075,2021-08
2021-08-05,0.052122563123703,2021-08
2021-08-06,0.05206630751490593,2021-08
2021-08-09,0.051823753863573074,2021-08
2021-08-10,0.052005965262651443,2021-08
2021-08-11,0.05198981985449791,2021-08
2021-08-12,0.05190515145659447,2021-08
2021-08-13,0.051927193999290466,2021-08
2021-08-16,0.0519232377409935,2021-08
2021-08-17,0.05274975672364235,2021-08
2021-08-18,0.05234523490071297,2021-08
2021-08-19,0.052820172160863876,2021-08
2021-08-20,0.056573353707790375,2021-08
2021-08-23,0.05828159675002098,2021-08
2021-08-24,0.059225693345069885,2021-08
2021-08-25,0.059876829385757446,2021-08
2021-08-26,0.06084195896983147,2021-08
2021-08-27,0.06104176118969917,2021-08
2021-08-30,0.06276901811361313,2021-08
2021-08-31,0.06323903053998947,2021-08
2021-09-01,0.06301231682300568,2021-09
2021-09-02,0.062467630952596664,2021-09
2021-09-03,0.06235524266958237,2021-09
2021-09-06,0.062266163527965546,2021-09
2021-09-07,0.06225210055708885,2021-09
2021-09-08,0.06218608096241951,2021-09
2021-09-09,0.061974138021469116,2021-09
2021-09-10,0.06191391870379448,2021-09
2021-09-13,0.06176561117172241,2021-09
2021-09-14,0.06160789728164673,2021-09
2021-09-15,0.06140770763158798,2021-09
2021-09-16,0.061347801238298416,2021-09
2021-09-17,0.061277296394109726,2021-09
2021-09-20,0.061192408204078674,2021-09
2021-09-21,0.0610339529812336,2021-09
2021-09-22,0.060951586812734604,2021-09
2021-09-23,0.0607573427259922,2021-09
2021-09-24,0.060566943138837814,2021-09
2021-09-27,0.06040521711111069,2021-09
2021-09-28,0.06011518836021423,2021-09
2021-09-29,0.06005305051803589,2021-09
2021-09-30,0.05990041792392731,2021-09
2021-10-01,0.05989197641611099,2021-10
2021-10-04,0.05986879765987396,2021-10
2021-10-05,0.05941325053572655,2021-10
2021-10-06,0.05899200960993767,2021-10
2021-10-07,0.058945972472429276,2021-10
2021-10-08,0.058797650039196014,2021-10
2021-10-11,0.05857399106025696,2021-10
2021-10-12,0.05874233692884445,2021-10
2021-10-13,0.05906436964869499,2021-10
2021-10-14,0.05940594524145126,2021-10
2021-10-15,0.059335317462682724,2021-10
2021-10-18,0.05832575634121895,2021-10
2021-10-19,0.0591680146753788,2021-10
2021-10-20,0.058882810175418854,2021-10
2021-10-21,0.058681901544332504,2021-10
2021-10-22,0.0587184838950634,2021-10
2021-10-25,0.058670297265052795,2021-10
2021-10-26,0.058575376868247986,2021-10
2021-10-27,0.05845869705080986,2021-10
2021-10-28,0.058211520314216614,2021-10
2021-10-29,0.05812244489789009,2021-10
2021-11-01,0.05805167928338051,2021-11
2021-11-02,0.05794581398367882,2021-11
2021-11-03,0.0578901506960392,2021-11
2021-11-04,0.05785946175456047,2021-11
2021-11-05,0.05769795551896095,2021-11
2021-11-08,0.05747577175498009,2021-11
2021-11-09,0.05750243365764618,2021-11
2021-11-10,0.0574113093316555,2021-11
2021-11-11,0.05737354978919029,2021-11
2021-11-12,0.057411082088947296,2021-11
2021-11-15,0.05733652040362358,2021-11
2021-11-16,0.05729103833436966,2021-11
2021-11-17,0.05713535472750664,2021-11
2021-11-18,0.056961312890052795,2021-11
2021-11-19,0.056912120431661606,2021-11
2021-11-22,0.05691419541835785,2021-11
2021-11-23,0.05695174261927605,2021-11
2021-11-24,0.056816067546606064,2021-11
2021-11-25,0.05659620463848114,2021-11
2021-11-26,0.05650980770587921,2021-11
2021-11-29,0.05639587342739105,2021-11
2021-11-30,0.056361377239227295,2021-11
2021-12-01,0.0562698058784008,2021-12
2021-12-02,0.056259315460920334,2021-12
2021-12-03,0.056219372898340225,2021-12
2021-12-06,0.05624065175652504,2021-12
2021-12-07,0.05689176544547081,2021-12
2021-12-08,0.05744367465376854,2021-12
2021-12-09,0.05791667103767395,2021-12
2021-12-10,0.06246232986450195,2021-12
2021-12-13,0.06264220923185349,2021-12
2021-12-14,0.06199123337864876,2021-12
2021-12-15,0.06158600375056267,2021-12
2021-12-16,0.06132953613996506,2021-12
2021-12-17,0.06117839366197586,2021-12
2021-12-20,0.06056981161236763,2021-12
2021-12-21,0.06086402386426926,2021-12
2021-12-22,0.06087079271674156,2021-12
2021-12-23,0.060640353709459305,2021-12
2021-12-24,0.06055422127246857,2021-12
2021-12-27,0.06067560240626335,2021-12
2021-12-28,0.06044203042984009,2021-12
2021-12-29,0.060361459851264954,2021-12
2021-12-30,0.060240548104047775,2021-12
2021-12-31,0.060179851949214935,2021-12
2022-01-03,0.06017119809985161,2022-01
2022-01-04,0.06013179570436478,2022-01
2022-01-05,0.059973206371068954,2022-01
2022-01-06,0.05978627875447273,2022-01
2022-01-07,0.059766221791505814,2022-01
2022-01-10,0.059779196977615356,2022-01
2022-01-11,0.05928947031497955,2022-01
2022-01-12,0.059300877153873444,2022-01
2022-01-13,0.05907493829727173,2022-01
2022-01-14,0.058519452810287476,2022-01
2022-01-17,0.05855963006615639,2022-01
2022-01-18,0.05815722420811653,2022-01
2022-01-19,0.05810823664069176,2022-01
2022-01-20,0.05794525891542435,2022-01
2022-01-21,0.05752268061041832,2022-01
2022-01-24,0.05735484138131142,2022-01
2022-01-25,0.05712750926613808,2022-01
2022-01-26,0.05680512264370918,2022-01
2022-01-27,0.05665420740842819,2022-01
2022-01-28,0.056111376732587814,2022-01
2022-01-31,0.05569687485694885,2022-01
2022-02-01,0.0553748644888401,2022-02
2022-02-02,0.055376503616571426,2022-02
2022-02-03,0.05515294149518013,2022-02
2022-02-04,0.05483050271868706,2022-02
2022-02-07,0.05457846447825432,2022-02
2022-02-08,0.054457712918519974,2022-02
2022-02-09,0.05410851910710335,2022-02
2022-02-10,0.0541083887219429,2022-02
2022-02-11,0.053647734224796295,2022-02
2022-02-14,0.053216639906167984,2022-02
2022-02-15,0.05335170403122902,2022-02
2022-02-16,0.05493539199233055,2022-02
2022-02-17,0.05591222643852234,2022-02
2022-02-18,0.05731973797082901,2022-02
2022-02-21,0.05753087252378464,2022-02
2022-02-22,0.05720806494355202,2022-02
2022-02-23,0.05685766413807869,2022-02
2022-02-24,0.05680478364229202,2022-02
2022-02-25,0.056611768901348114,2022-02
2022-02-28,0.056979596614837646,2022-02
2022-03-01,0.05647306889295578,2022-03
2022-03-02,0.05632270872592926,2022-03
2022-03-03,0.0562267042696476,2022-03
2022-03-04,0.055745892226696014,2022-03
2022-03-07,0.055476777255535126,2022-03
2022-03-08,0.055539216846227646,2022-03
2022-03-09,0.05558403208851814,2022-03
2022-03-10,0.05529876798391342,2022-03
2022-03-11,0.0551021508872509,2022-03
2022-03-14,0.05502941459417343,2022-03
2022-03-15,0.05496058240532875,2022-03
2022-03-16,0.056602589786052704,2022-03
2022-03-17,0.056504081934690475,2022-03
2022-03-18,0.056447695940732956,2022-03
2022-03-21,0.05660131946206093,2022-03
2022-03-22,0.05663708969950676,2022-03
2022-03-23,0.05686784163117409,2022-03
2022-03-24,0.05641809105873108,2022-03
2022-03-25,0.056280817836523056,2022-03
2022-03-28,0.05607280880212784,2022-03
2022-03-29,0.05601837486028671,2022-03
2022-03-30,0.055725861340761185,2022-03
2022-03-31,0.05577358603477478,2022-03
2022-04-01,0.05559110641479492,2022-04
2022-04-04,0.05582749471068382,2022-04
2022-04-05,0.0570627823472023,2022-04
2022-04-06,0.05705694109201431,2022-04
2022-04-07,0.05708838254213333,2022-04
2022-04-08,0.05713255703449249,2022-04
2022-04-11,0.05718730390071869,2022-04
2022-04-12,0.057239681482315063,2022-04
2022-04-13,0.05753449723124504,2022-04
2022-04-14,0.057603828608989716,2022-04
2022-04-15,0.05760601907968521,2022-04
2022-04-18,0.05711806192994118,2022-04
2022-04-19,0.05706944689154625,2022-04
2022-04-20,0.0575171634554863,2022-04
2022-04-21,0.05760233476758003,2022-04
2022-04-22,0.057140521705150604,2022-04
2022-04-25,0.05943838506937027,2022-04
2022-04-26,0.05924718454480171,2022-04
2022-04-27,0.05892688035964966,2022-04
2022-04-28,0.058852821588516235,2022-04
2022-04-29,0.05892276018857956,2022-04
2022-05-02,0.05890168249607086,2022-05
2022-05-03,0.05885620415210724,2022-05
2022-05-04,0.05935288965702057,2022-05
2022-05-05,0.05909202992916107,2022-05
2022-05-06,0.05890223756432533,2022-05
2022-05-09,0.05899317190051079,2022-05
2022-05-10,0.05884930491447449,2022-05
2022-05-11,0.058779601007699966,2022-05
2022-05-12,0.05885012075304985,2022-05
2022-05-13,0.05876373127102852,2022-05
2022-05-16,0.05920753628015518,2022-05
2022-05-17,0.0588856115937233,2022-05
2022-05-18,0.059028200805187225,2022-05
2022-05-19,0.05889476090669632,2022-05
2022-05-20,0.05886653810739517,2022-05
2022-05-23,0.058816105127334595,2022-05
2022-05-24,0.05854855850338936,2022-05
2022-05-25,0.0584336519241333,2022-05
2022-05-26,0.05837680771946907,2022-05
2022-05-27,0.058268703520298004,2022-05
2022-05-30,0.058251265436410904,2022-05
2022-05-31,0.058235954493284225,2022-05
2022-06-01,0.058135420083999634,2022-06
2022-06-02,0.05805401876568794,2022-06
2022-06-03,0.058402784168720245,2022-06
2022-06-06,0.058870017528533936,2022-06
2022-06-07,0.05933286249637604,2022-06
2022-06-08,0.05959593877196312,2022-06
2022-06-09,0.05944488197565079,2022-06
2022-06-10,0.05916145071387291,2022-06
2022-06-13,0.058827806264162064,2022-06
2022-06-14,0.05939799174666405,2022-06
2022-06-15,0.05935034900903702,2022-06
2022-06-16,0.0592675656080246,2022-06
2022-06-17,0.05922379344701767,2022-06
2022-06-20,0.05895598977804184,2022-06
2022-06-21,0.05912090092897415,2022-06
2022-06-22,0.05904078483581543,2022-06
2022-06-23,0.05887502804398537,2022-06
2022-06-24,0.058879900723695755,2022-06
2022-06-27,0.05880587920546532,2022-06
2022-06-28,0.05871334671974182,2022-06
2022-06-29,0.05863162875175476,2022-06
2022-06-30,0.05859028920531273,2022-06
2022-07-01,0.05937100574374199,2022-07
2022-07-04,0.06015826389193535,2022-07
2022-07-05,0.06051534414291382,2022-07
2022-07-06,0.06051546335220337,2022-07
2022-07-07,0.061522625386714935,2022-07
2022-07-08,0.06144852936267853,2022-07
2022-07-11,0.06172241270542145,2022-07
2022-07-12,0.06133171170949936,2022-07
2022-07-13,0.061295248568058014,2022-07
2022-07-14,0.06125428155064583,2022-07
2022-07-15,0.06111924722790718,2022-07
2022-07-18,0.06116588041186333,2022-07
2022-07-19,0.061071328818798065,2022-07
2022-07-20,0.06105498969554901,2022-07
2022-07-21,0.06103544309735298,2022-07
2022-07-22,0.06090390682220459,2022-07
2022-07-25,0.06113508343696594,2022-07
2022-07-26,0.06145700067281723,2022-07
2022-07-27,0.05970396101474762,2022-07
2022-07-28,0.05958930030465126,2022-07
2022-07-29,0.06142524629831314,2022-07
2022-08-01,0.061300475150346756,2022-08
2022-08-02,0.06113487109541893,2022-08
2022-08-03,0.06283707171678543,2022-08
2022-08-04,0.06259839236736298,2022-08
2022-08-05,0.062472227960824966,2022-08
2022-08-08,0.061932504177093506,2022-08
2022-08-09,0.06273829191923141,2022-08
2022-08-10,0.06236910820007324,2022-08
2022-08-11,0.06256073713302612,2022-08
2022-08-12,0.062313616275787354,2022-08
2022-08-15,0.06227238103747368,2022-08
2022-08-16,0.06225283816456795,2022-08
2022-08-17,0.06226445361971855,2022-08
2022-08-18,0.062197495251894,2022-08
2022-08-19,0.06221117079257965,2022-08
2022-08-22,0.06210879608988762,2022-08
2022-08-23,0.062190234661102295,2022-08
2022-08-24,0.06204001232981682,2022-08
2022-08-25,0.06218209117650986,2022-08
2022-08-26,0.06219744309782982,2022-08
2022-08-29,0.061800017952919006,2022-08
2022-08-30,0.06247042864561081,2022-08
2022-08-31,0.06286493688821793,2022-08
2022-09-01,0.06345180422067642,2022-09
2022-09-02,0.06554730236530304,2022-09
2022-09-05,0.06532300263643265,2022-09
2022-09-06,0.06525415182113647,2022-09
2022-09-07,0.06518955528736115,2022-09
2022-09-08,0.06501912325620651,2022-09
2022-09-09,0.06484732031822205,2022-09
2022-09-12,0.06522772461175919,2022-09
2022-09-13,0.06470847129821777,2022-09
2022-09-14,0.06464315205812454,2022-09
2022-09-15,0.06451253592967987,2022-09
2022-09-16,0.06444527208805084,2022-09
2022-09-19,0.06581956148147583,2022-09
2022-09-20,0.06414744257926941,2022-09
2022-09-21,0.06350888311862946,2022-09
2022-09-22,0.06395308673381805,2022-09
2022-09-23,0.0640653446316719,2022-09
2022-09-26,0.06230789050459862,2022-09
2022-09-27,0.06383538991212845,2022-09
2022-09-28,0.06379172205924988,2022-09
2022-09-29,0.06358595192432404,2022-09
2022-09-30,0.06358274072408676,2022-09
2022-10-03,0.06356390565633774,2022-10
2022-10-04,0.0638188049197197,2022-10
2022-10-05,0.06356870383024216,2022-10
2022-10-06,0.0633658915758133,2022-10
2022-10-07,0.06341081112623215,2022-10
2022-10-10,0.06301461160182953,2022-10
2022-10-11,0.0633903294801712,2022-10
2022-10-12,0.06336358189582825,2022-10
2022-10-13,0.06318651139736176,2022-10
2022-10-14,0.06306087970733643,2022-10
2022-10-17,0.06305059045553207,2022-10
2022-10-18,0.0629306361079216,2022-10
2022-10-19,0.06297329068183899,2022-10
2022-10-20,0.0628887265920639,2022-10
2022-10-21,0.06287375837564468,2022-10
2022-10-24,0.06347181648015976,2022-10
2022-10-25,0.06294499337673187,2022-10
2022-10-26,0.06239043176174164,2022-10
2022-10-27,0.062436651438474655,2022-10
2022-10-28,0.06220224127173424,2022-10
2022-10-31,0.06210661306977272,2022-10
2022-11-01,0.06147829443216324,2022-11
2022-11-02,0.06204729899764061,2022-11
2022-11-03,0.0618743821978569,2022-11
2022-11-04,0.06195887550711632,2022-11
2022-11-07,0.06241035833954811,2022-11
2022-11-08,0.06166878715157509,2022-11
2022-11-09,0.061528049409389496,2022-11
2022-11-10,0.06152777373790741,2022-11
2022-11-11,0.061375536024570465,2022-11
2022-11-14,0.06168268993496895,2022-11
2022-11-15,0.06099526956677437,2022-11
2022-11-16,0.06080291047692299,2022-11
2022-11-17,0.060570959001779556,2022-11
2022-11-18,0.06034161150455475,2022-11
2022-11-21,0.060226816684007645,2022-11
2022-11-22,0.06020740419626236,2022-11
2022-11-23,0.059847310185432434,2022-11
2022-11-24,0.05968613177537918,2022-11
2022-11-25,0.05935458466410637,2022-11
2022-11-28,0.05927443504333496,2022-11
2022-11-29,0.05904282256960869,2022-11
2022-11-30,0.0590045228600502,2022-11
2022-12-01,0.05862873047590256,2022-12
2022-12-02,0.058534879237413406,2022-12
2022-12-05,0.058385323733091354,2022-12
2022-12-06,0.05833369866013527,2022-12
2022-12-07,0.05804181471467018,2022-12
2022-12-08,0.05800822749733925,2022-12
2022-12-09,0.05785249546170235,2022-12
2022-12-12,0.057604704052209854,2022-12
2022-12-13,0.057529959827661514,2022-12
2022-12-14,0.05729182809591293,2022-12
2022-12-15,0.05712178349494934,2022-12
2022-12-16,0.05699427053332329,2022-12
2022-12-19,0.056489087641239166,2022-12
2022-12-20,0.056563109159469604,2022-12
2022-12-21,0.05626709386706352,2022-12
2022-12-22,0.05623045191168785,2022-12
2022-12-23,0.05623374879360199,2022-12
2022-12-26,0.05599655956029892,2022-12
2022-12-27,0.05601238086819649,2022-12
2022-12-28,0.055788394063711166,2022-12
2022-12-29,0.05570860579609871,2022-12
2022-12-30,0.05545639619231224,2022-12
2023-01-02,0.0553576685488224,2023-01
2023-01-03,0.05546323210000992,2023-01
2023-01-04,0.055364206433296204,2023-01
2023-01-05,0.055132873356342316,2023-01
2023-01-06,0.055044762790203094,2023-01
2023-01-09,0.05493571609258652,2023-01
2023-01-10,0.054812509566545486,2023-01
2023-01-11,0.05478541553020477,2023-01
2023-01-12,0.054680246859788895,2023-01
2023-01-13,0.0547100268304348,2023-01
2023-01-16,0.05474312603473663,2023-01
2023-01-17,0.05440858006477356,2023-01
2023-01-18,0.054201096296310425,2023-01
2023-01-19,0.0542982742190361,2023-01
2023-01-20,0.0536084920167923,2023-01
2023-01-23,0.05405263230204582,2023-01
2023-01-24,0.05370166525244713,2023-01
2023-01-25,0.05342061072587967,2023-01
2023-01-26,0.053260184824466705,2023-01
2023-01-27,0.053048454225063324,2023-01
2023-01-30,0.052956730127334595,2023-01
2023-01-31,0.052704036235809326,2023-01
2023-02-01,0.05269141495227814,2023-02
2023-02-02,0.05247228965163231,2023-02
2023-02-03,0.052483003586530685,2023-02
2023-02-06,0.05198461562395096,2023-02
2023-02-07,0.05243299901485443,2023-02
2023-02-08,0.052292097359895706,2023-02
2023-02-09,0.05216578021645546,2023-02
2023-02-10,0.05213151499629021,2023-02
2023-02-13,0.052080295979976654,2023-02
2023-02-14,0.05200120806694031,2023-02
2023-02-15,0.05183006450533867,2023-02
2023-02-16,0.051751624792814255,2023-02
2023-02-17,0.05165897682309151,2023-02
2023-02-20,0.05189773067831993,2023-02
2023-02-21,0.05140720680356026,2023-02
2023-02-22,0.051299940794706345,2023-02
2023-02-23,0.05116729065775871,2023-02
2023-02-24,0.050958991050720215,2023-02
2023-02-27,0.05084807053208351,2023-02
2023-02-28,0.05069036781787872,2023-02
2023-03-01,0.05063585191965103,2023-03
2023-03-02,0.05031023547053337,2023-03
2023-03-03,0.05017191171646118,2023-03
2023-03-06,0.05016735568642616,2023-03
2023-03-07,0.04981040954589844,2023-03
2023-03-08,0.049815863370895386,2023-03
2023-03-09,0.049692124128341675,2023-03
2023-03-10,0.0496634878218174,2023-03
2023-03-13,0.049864109605550766,2023-03
2023-03-14,0.04929106682538986,2023-03
2023-03-15,0.049382854253053665,2023-03
2023-03-16,0.048800934106111526,2023-03
2023-03-17,0.0488259382545948,2023-03
2023-03-20,0.04952453449368477,2023-03
2023-03-21,0.04859710484743118,2023-03
2023-03-22,0.04824329912662506,2023-03
2023-03-23,0.047950346022844315,2023-03
2023-03-24,0.047463927417993546,2023-03
2023-03-27,0.04727879539132118,2023-03
2023-03-28,0.04706938564777374,2023-03
2023-03-29,0.04717584326863289,2023-03
2023-03-30,0.0471174493432045,2023-03
2023-03-31,0.04676627367734909,2023-03
2023-04-03,0.047319285571575165,2023-04
2023-04-04,0.04845261946320534,2023-04
2023-04-05,0.04912728816270828,2023-04
2023-04-06,0.050261497497558594,2023-04
2023-04-07,0.05060207098722458,2023-04
2023-04-10,0.05097334831953049,2023-04
2023-04-11,0.05056129768490791,2023-04
2023-04-12,0.05184434354305267,2023-04
2023-04-13,0.05353432521224022,2023-04
2023-04-14,0.05401995778083801,2023-04
2023-04-17,0.055235277861356735,2023-04
2023-04-18,0.056825920939445496,2023-04
2023-04-19,0.05662212893366814,2023-04
2023-04-20,0.05768841505050659,2023-04
2023-04-21,0.057876091450452805,2023-04
2023-04-24,0.05740463361144066,2023-04
2023-04-25,0.05742010474205017,2023-04
2023-04-26,0.05689325928688049,2023-04
2023-04-27,0.0567193329334259,2023-04
2023-04-28,0.05643860995769501,2023-04
2023-05-01,0.05715569481253624,2023-05
2023-05-02,0.0565161257982254,2023-05
2023-05-03,0.056485120207071304,2023-05
2023-05-04,0.05626070499420166,2023-05
2023-05-05,0.05571604520082474,2023-05
2023-05-08,0.05570346117019653,2023-05
2023-05-09,0.055466387420892715,2023-05
2023-05-10,0.05505844205617905,2023-05
2023-05-11,0.054969869554042816,2023-05
2023-05-12,0.05487770587205887,2023-05
2023-05-15,0.0548786036670208,2023-05
2023-05-16,0.05359279364347458,2023-05
2023-05-17,0.05360756069421768,2023-05
2023-05-18,0.053982459008693695,2023-05
2023-05-19,0.05373881757259369,2023-05
2023-05-22,0.05318150296807289,2023-05
2023-05-23,0.05308573693037033,2023-05
2023-05-24,0.05243507772684097,2023-05
2023-05-25,0.052347321063280106,2023-05
2023-05-26,0.05181168019771576,2023-05
2023-05-29,0.051907457411289215,2023-05
2023-05-30,0.051814448088407516,2023-05
2023-05-31,0.05174347758293152,2023-05
2023-06-01,0.05142664536833763,2023-06
2023-06-02,0.05135984346270561,2023-06
2023-06-05,0.05066361278295517,2023-06
2023-06-06,0.050585802644491196,2023-06
2023-06-07,0.050079405307769775,2023-06
2023-06-08,0.05013728141784668,2023-06
2023-06-09,0.04980853199958801,2023-06
2023-06-12,0.04982412979006767,2023-06
2023-06-13,0.05080593749880791,2023-06
2023-06-14,0.05280650779604912,2023-06
2023-06-15,0.052684295922517776,2023-06
2023-06-16,0.05190170183777809,2023-06
2023-06-19,0.05196673423051834,2023-06
2023-06-20,0.051808349788188934,2023-06
2023-06-21,0.057545408606529236,2023-06
2023-06-22,0.05761052668094635,2023-06
2023-06-23,0.05679364129900932,2023-06
2023-06-26,0.059261370450258255,2023-06
2023-06-27,0.05883779376745224,2023-06
2023-06-28,0.0580221526324749,2023-06
2023-06-29,0.058011554181575775,2023-06
2023-06-30,0.05754896625876427,2023-06
2023-07-03,0.05717314034700394,2023-07
2023-07-04,0.05638269707560539,2023-07
2023-07-05,0.05629981681704521,2023-07
2023-07-06,0.05706644058227539,2023-07
2023-07-07,0.05477482080459595,2023-07
2023-07-10,0.05621127411723137,2023-07
2023-07-11,0.05536504462361336,2023-07
2023-07-12,0.05489035323262215,2023-07
2023-07-13,0.0550764761865139,2023-07
2023-07-14,0.054418254643678665,2023-07
2023-07-17,0.05402737855911255,2023-07
2023-07-18,0.05313919112086296,2023-07
2023-07-19,0.05301691219210625,2023-07
2023-07-20,0.05260532349348068,2023-07
2023-07-21,0.05199410766363144,2023-07
2023-07-24,0.05149881914258003,2023-07
2023-07-25,0.051631465554237366,2023-07
2023-07-26,0.05185559764504433,2023-07
2023-07-27,0.05379461869597435,2023-07
2023-07-28,0.05439301207661629,2023-07
2023-07-31,0.054180167615413666,2023-07
2023-08-01,0.053075019270181656,2023-08
2023-08-02,0.05280629172921181,2023-08
2023-08-03,0.05220336094498634,2023-08
2023-08-04,0.052171941846609116,2023-08
2023-08-07,0.05227067694067955,2023-08
2023-08-08,0.051000092178583145,2023-08
2023-08-09,0.052426908165216446,2023-08
2023-08-10,0.05310068652033806,2023-08
2023-08-11,0.05282730236649513,2023-08
2023-08-14,0.05236528441309929,2023-08
2023-08-15,0.05190860480070114,2023-08
2023-08-16,0.05146411061286926,2023-08
2023-08-17,0.05122114345431328,2023-08
2023-08-18,0.05122114345431328,2023-08
2023-08-21,0.05187169834971428,2023-08
2023-08-22,0.05137305706739426,2023-08
2023-08-23,0.05160275846719742,2023-08
2023-08-24,0.051540933549404144,2023-08
2023-08-25,0.05121002346277237,2023-08
2023-08-28,0.05078793689608574,2023-08
2023-08-29,0.05061782896518707,2023-08
2023-08-30,0.05006321892142296,2023-08
2023-08-31,0.05014490336179733,2023-08
2023-09-01,0.04967423528432846,2023-09
2023-09-04,0.049332935363054276,2023-09
2023-09-05,0.049278903752565384,2023-09
2023-09-06,0.048875290900468826,2023-09
2023-09-07,0.048751816153526306,2023-09
2023-09-08,0.048316117376089096,2023-09
2023-09-11,0.04830252379179001,2023-09
2023-09-12,0.04796759784221649,2023-09
2023-09-13,0.04777254909276962,2023-09
2023-09-14,0.04763378947973251,2023-09
2023-09-15,0.04883437976241112,2023-09
2023-09-18,0.04915266111493111,2023-09
2023-09-19,0.048720721155405045,2023-09
2023-09-20,0.04859150946140289,2023-09
2023-09-21,0.04810364171862602,2023-09
2023-09-22,0.047983139753341675,2023-09
2023-09-25,0.04806800186634064,2023-09
2023-09-26,0.047635067254304886,2023-09
2023-09-27,0.04766983166337013,2023-09
2023-09-28,0.0483112633228302,2023-09
2023-09-29,0.04823651909828186,2023-09
2023-10-02,0.047794584184885025,2023-10
2023-10-03,0.0476432666182518,2023-10
2023-10-04,0.0472591295838356,2023-10
2023-10-05,0.04726600646972656,2023-10
2023-10-06,0.04724035784602165,2023-10
2023-10-09,0.04720824584364891,2023-10
2023-10-10,0.04673368111252785,2023-10
2023-10-11,0.0467512346804142,2023-10
2023-10-12,0.04655197635293007,2023-10
2023-10-13,0.04666615650057793,2023-10
2023-10-16,0.0469772107899189,2023-10
2023-10-17,0.047093432396650314,2023-10
2023-10-18,0.046781111508607864,2023-10
2023-10-19,0.04635435342788696,2023-10
2023-10-20,0.04657510668039322,2023-10
2023-10-23,0.04647224023938179,2023-10
2023-10-24,0.046254634857177734,2023-10
2023-10-25,0.046189676970243454,2023-10
2023-10-26,0.0459134504199028,2023-10
2023-10-27,0.045703597366809845,2023-10
2023-10-30,0.045705705881118774,2023-10
2023-10-31,0.045532986521720886,2023-10
2023-11-01,0.04550984129309654,2023-11
2023-11-02,0.0453713983297348,2023-11
2023-11-03,0.04537526145577431,2023-11
2023-11-06,0.045462243258953094,2023-11
2023-11-07,0.04519675299525261,2023-11
2023-11-08,0.04462030157446861,2023-11
2023-11-09,0.044460415840148926,2023-11
2023-11-10,0.04404846206307411,2023-11
2023-11-13,0.044060442596673965,2023-11
2023-11-14,0.04390140622854233,2023-11
2023-11-15,0.04372940585017204,2023-11
2023-11-16,0.04348478093743324,2023-11
2023-11-17,0.04330425336956978,2023-11
2023-11-20,0.04335371404886246,2023-11
2023-11-21,0.04311126470565796,2023-11
2023-11-22,0.0430242158472538,2023-11
2023-11-23,0.042982619255781174,2023-11
2023-11-24,0.04283725097775459,2023-11
2023-11-27,0.04268701374530792,2023-11
2023-11-28,0.04249321296811104,2023-11
2023-11-29,0.042421795427799225,2023-11
2023-11-30,0.042198047041893005,2023-11
2023-12-01,0.04222744703292847,2023-12
2023-12-04,0.04215740039944649,2023-12
2023-12-05,0.042032502591609955,2023-12
2023-12-06,0.041794270277023315,2023-12
2023-12-07,0.04160225763916969,2023-12
2023-12-08,0.04124113917350769,2023-12
2023-12-11,0.04146188870072365,2023-12
2023-12-12,0.0411515049636364,2023-12
2023-12-13,0.04106111824512482,2023-12
2023-12-14,0.04093288630247116,2023-12
2023-12-15,0.04074114188551903,2023-12
2023-12-18,0.040058381855487823,2023-12
2023-12-19,0.04007711261510849,2023-12
2023-12-20,0.039866700768470764,2023-12
2023-12-21,0.03959669917821884,2023-12
2023-12-22,0.039573799818754196,2023-12
2023-12-25,0.039405010640621185,2023-12
2023-12-26,0.039405010640621185,2023-12
2023-12-27,0.039378535002470016,2023-12
2023-12-28,0.039249591529369354,2023-12
2023-12-29,0.0388026088476181,2023-12
2024-01-01,0.03885257616639137,2024-01
2024-01-02,0.03881743177771568,2024-01
2024-01-03,0.038931410759687424,2024-01
2024-01-04,0.0389026515185833,2024-01
2024-01-05,0.03887106105685234,2024-01
2024-01-08,0.038937706500291824,2024-01
2024-01-09,0.03861573711037636,2024-01
2024-01-10,0.038579996675252914,2024-01
2024-01-11,0.038494568318128586,2024-01
2024-01-12,0.03833990916609764,2024-01
2024-01-15,0.03839864209294319,2024-01
2024-01-16,0.038324180990457535,2024-01
2024-01-17,0.03810741752386093,2024-01
2024-01-18,0.0381266213953495,2024-01
2024-01-19,0.03799469396471977,2024-01
2024-01-22,0.03793802484869957,2024-01
2024-01-23,0.037820711731910706,2024-01
2024-01-24,0.0377122163772583,2024-01
2024-01-25,0.037484001368284225,2024-01
2024-01-26,0.03732519969344139,2024-01
2024-01-29,0.03719700127840042,2024-01
2024-01-30,0.03708397597074509,2024-01
2024-01-31,0.03700092062354088,2024-01
2024-02-01,0.03706369549036026,2024-02
2024-02-02,0.03687248378992081,2024-02
2024-02-05,0.036525383591651917,2024-02
2024-02-06,0.0368875116109848,2024-02
2024-02-07,0.036972783505916595,2024-02
2024-02-08,0.037197161465883255,2024-02
2024-02-09,0.037186216562986374,2024-02
2024-02-12,0.03723922371864319,2024-02
2024-02-13,0.03720920905470848,2024-02
2024-02-14,0.03734304755926132,2024-02
2024-02-15,0.03741247206926346,2024-02
2024-02-16,0.038070257753133774,2024-02
2024-02-19,0.04047735035419464,2024-02
2024-02-20,0.04381173104047775,2024-02
2024-02-21,0.04409126192331314,2024-02
2024-02-22,0.04390239343047142,2024-02
2024-02-23,0.04388464242219925,2024-02
2024-02-26,0.04365156218409538,2024-02
2024-02-27,0.0436226986348629,2024-02
2024-02-28,0.043202392756938934,2024-02
2024-02-29,0.04323247820138931,2024-02
2024-03-01,0.04248235002160072,2024-03
2024-03-04,0.04264191538095474,2024-03
2024-03-05,0.04230703413486481,2024-03
2024-03-06,0.04204399138689041,2024-03
2024-03-07,0.04188121110200882,2024-03
2024-03-08,0.04162729158997536,2024-03
2024-03-11,0.04150110110640526,2024-03
2024-03-12,0.0410933755338192,2024-03
2024-03-13,0.04069509357213974,2024-03
2024-03-14,0.040524717420339584,2024-03
2024-03-15,0.04022505134344101,2024-03
2024-03-18,0.03994351997971535,2024-03
2024-03-19,0.03911475092172623,2024-03
2024-03-20,0.03893923759460449,2024-03
2024-03-21,0.03874870389699936,2024-03
2024-03-22,0.03834715485572815,2024-03
2024-03-25,0.03829708322882652,2024-03
2024-03-26,0.03741975873708725,2024-03
2024-03-27,0.039392828941345215,2024-03
2024-03-28,0.039706747978925705,2024-03
2024-03-29,0.04040662944316864,2024-03
2024-04-01,0.040073830634355545,2024-04
2024-04-02,0.04003765806555748,2024-04
2024-04-03,0.040438637137413025,2024-04
2024-04-04,0.04062945023179054,2024-04
2024-04-05,0.04052647575736046,2024-04
2024-04-08,0.04070596769452095,2024-04
2024-04-09,0.040794551372528076,2024-04
2024-04-10,0.04043976590037346,2024-04
2024-04-11,0.04039549082517624,2024-04
2024-04-12,0.04011066257953644,2024-04
2024-04-15,0.04021137207746506,2024-04
2024-04-16,0.039976757019758224,2024-04
2024-04-17,0.03997461870312691,2024-04
2024-04-18,0.039745911955833435,2024-04
2024-04-19,0.03917480260133743,2024-04
2024-04-22,0.03910470008850098,2024-04
2024-04-23,0.03875960782170296,2024-04
2024-04-24,0.03876380994915962,2024-04
2024-04-25,0.038339611142873764,2024-04
2024-04-26,0.0380513072013855,2024-04
2024-04-29,0.037709224969148636,2024-04
2024-04-30,0.03759785369038582,2024-04
2024-05-01,0.03739703446626663,2024-05
2024-05-02,0.037415578961372375,2024-05
2024-05-03,0.03719412535429001,2024-05
2024-05-06,0.03720186650753021,2024-05
2024-05-07,0.03686000779271126,2024-05
2024-05-08,0.0369575060904026,2024-05
2024-05-09,0.03665018081665039,2024-05
2024-05-10,0.03658520057797432,2024-05
2024-05-13,0.03656267002224922,2024-05
2024-05-14,0.03895344212651253,2024-05
2024-05-15,0.04003838077187538,2024-05
2024-05-16,0.03909997269511223,2024-05
2024-05-17,0.03963616490364075,2024-05
2024-05-20,0.03945500776171684,2024-05
2024-05-21,0.038752809166908264,2024-05
2024-05-22,0.03878449276089668,2024-05
2024-05-23,0.038396965712308884,2024-05
2024-05-24,0.03783588483929634,2024-05
2024-05-27,0.03757616505026817,2024-05
2024-05-28,0.03741174563765526,2024-05
2024-05-29,0.03713235259056091,2024-05
2024-05-30,0.03682321682572365,2024-05
2024-05-31,0.03685964271426201,2024-05
2024-06-03,0.038894858211278915,2024-06
2024-06-04,0.03853142634034157,2024-06
2024-06-05,0.038291700184345245,2024-06
2024-06-06,0.038108181208372116,2024-06
2024-06-07,0.03818143531680107,2024-06
2024-06-10,0.03773239627480507,2024-06
2024-06-11,0.03790063038468361,2024-06
2024-06-12,0.038072552531957626,2024-06
2024-06-13,0.037767305970191956,2024-06
2024-06-14,0.037897780537605286,2024-06
2024-06-17,0.03830548748373985,2024-06
2024-06-18,0.03879984840750694,2024-06
2024-06-19,0.03878556191921234,2024-06
2024-06-20,0.039233844727277756,2024-06
2024-06-21,0.03933287039399147,2024-06
2024-06-24,0.03936487436294556,2024-06
2024-06-25,0.03932490572333336,2024-06
2024-06-26,0.038848817348480225,2024-06
2024-06-27,0.038708556443452835,2024-06
2024-06-28,0.038927413523197174,2024-06
2024-07-01,0.04174260050058365,2024-07
2024-07-02,0.041789460927248,2024-07
2024-07-03,0.04158034548163414,2024-07
2024-07-04,0.041363392025232315,2024-07
2024-07-05,0.04112755134701729,2024-07
2024-07-08,0.04081439971923828,2024-07
2024-07-09,0.040672075003385544,2024-07
2024-07-10,0.0404919870197773,2024-07
2024-07-11,0.03948613628745079,2024-07
2024-07-12,0.039482876658439636,2024-07
2024-07-15,0.03928455710411072,2024-07
2024-07-16,0.0391007661819458,2024-07
2024-07-17,0.038713544607162476,2024-07
2024-07-18,0.03843596205115318,2024-07
2024-07-19,0.03790135309100151,2024-07
2024-07-22,0.03925284743309021,2024-07
2024-07-23,0.03862868621945381,2024-07
2024-07-24,0.03866052255034447,2024-07
2024-07-25,0.03844688460230827,2024-07
2024-07-26,0.038361381739377975,2024-07
2024-07-29,0.038338690996170044,2024-07
2024-07-30,0.038260869681835175,2024-07
2024-07-31,0.03789585828781128,2024-07
2024-08-01,0.038432635366916656,2024-08
2024-08-02,0.03875049203634262,2024-08
2024-08-05,0.03906814754009247,2024-08
2024-08-06,0.03872353211045265,2024-08
2024-08-07,0.03855453431606293,2024-08
2024-08-08,0.03866325691342354,2024-08
2024-08-09,0.038422707468271255,2024-08
2024-08-12,0.03837981075048447,2024-08
2024-08-13,0.03826252371072769,2024-08
2024-08-14,0.03835504129528999,2024-08
2024-08-15,0.038198404014110565,2024-08
2024-08-16,0.037994734942913055,2024-08
2024-08-19,0.038341671228408813,2024-08
2024-08-20,0.03901456668972969,2024-08
2024-08-21,0.03896349295973778,2024-08
2024-08-22,0.03857142850756645,2024-08
2024-08-23,0.03846215084195137,2024-08
2024-08-26,0.0384577140212059,2024-08
2024-08-27,0.038084108382463455,2024-08
2024-08-28,0.03812642768025398,2024-08
2024-08-29,0.03863052278757095,2024-08
2024-08-30,0.03838472440838814,2024-08
2024-09-02,0.038361649960279465,2024-09
2024-09-03,0.038235731422901154,2024-09
2024-09-04,0.03827802091836929,2024-09
2024-09-05,0.03814731165766716,2024-09
2024-09-06,0.03809637203812599,2024-09
2024-09-09,0.038079630583524704,2024-09
2024-09-10,0.0381120927631855,2024-09
2024-09-11,0.03791225701570511,2024-09
2024-09-12,0.037918925285339355,2024-09
2024-09-13,0.03810965269804001,2024-09
2024-09-16,0.03807150200009346,2024-09
2024-09-17,0.0378885455429554,2024-09
2024-09-18,0.037843938916921616,2024-09
2024-09-19,0.03782404586672783,2024-09
2024-09-20,0.03843527287244797,2024-09
2024-09-23,0.037895433604717255,2024-09
2024-09-24,0.037790633738040924,2024-09
2024-09-25,0.03775240108370781,2024-09
2024-09-26,0.037572577595710754,2024-09
2024-09-27,0.03804625943303108,2024-09
2024-09-30,0.037882737815380096,2024-09
2024-10-01,0.037842169404029846,2024-10
2024-10-02,0.03822951763868332,2024-10
2024-10-03,0.03828664869070053,2024-10
2024-10-04,0.037948135286569595,2024-10
2024-10-07,0.03789682313799858,2024-10
2024-10-08,0.03781253099441528,2024-10
2024-10-09,0.037756118923425674,2024-10
2024-10-10,0.03790437802672386,2024-10
2024-10-11,0.037716690450906754,2024-10
2024-10-14,0.03795715421438217,2024-10
2024-10-15,0.03790060058236122,2024-10
2024-10-16,0.03789889067411423,2024-10
2024-10-17,0.03771556168794632,2024-10
2024-10-18,0.03763246536254883,2024-10
2024-10-21,0.03780369460582733,2024-10
2024-10-22,0.03756101801991463,2024-10
2024-10-23,0.037690676748752594,2024-10
2024-10-24,0.03777429461479187,2024-10
2024-10-25,0.03765387088060379,2024-10
2024-10-28,0.03775789216160774,2024-10
2024-10-29,0.037644919008016586,2024-10
2024-10-30,0.037618715316057205,2024-10
2024-10-31,0.03759228438138962,2024-10
2024-11-01,0.03743433579802513,2024-11
2024-11-04,0.037389617413282394,2024-11
2024-11-05,0.0373183935880661,2024-11
2024-11-06,0.03712650388479233,2024-11
2024-11-07,0.03696461766958237,2024-11
2024-11-08,0.03697460889816284,2024-11
2024-11-11,0.03658898547291756,2024-11
2024-11-12,0.03685646131634712,2024-11
2024-11-13,0.03677338734269142,2024-11
2024-11-14,0.03659265115857124,2024-11
2024-11-15,0.036530788987874985,2024-11
2024-11-18,0.036376338452100754,2024-11
2024-11-19,0.03649081662297249,2024-11
2024-11-20,0.03625652194023132,2024-11
2024-11-21,0.036192044615745544,2024-11
2024-11-22,0.03632786497473717,2024-11
2024-11-25,0.036272019147872925,2024-11
2024-11-26,0.03632006794214249,2024-11
2024-11-27,0.03643365576863289,2024-11
2024-11-28,0.036710333079099655,2024-11
2024-11-29,0.03714305907487869,2024-11
2024-12-02,0.03727544844150543,2024-12
2024-12-03,0.0372220054268837,2024-12
2024-12-04,0.037043821066617966,2024-12
2024-12-05,0.03697485476732254,2024-12
2024-12-06,0.03697510436177254,2024-12
2024-12-09,0.03674089536070824,2024-12
2024-12-10,0.03667303919792175,2024-12
2024-12-11,0.036373626440763474,2024-12
2024-12-12,0.036433249711990356,2024-12
2024-12-13,0.036237265914678574,2024-12
2024-12-16,0.03629282861948013,2024-12
2024-12-17,0.03615464270114899,2024-12
2024-12-18,0.036131829023361206,2024-12
2024-12-19,0.036194827407598495,2024-12
2024-12-20,0.03618989512324333,2024-12
2024-12-23,0.03634226322174072,2024-12
2024-12-24,0.03615481033921242,2024-12
2024-12-25,0.03621787577867508,2024-12
2024-12-26,0.03621787577867508,2024-12
2024-12-27,0.036254268139600754,2024-12
2024-12-30,0.036087844520807266,2024-12
2024-12-31,0.03599128872156143,2024-12
2025-01-02,0.03599128872156143,2025-01
2025-01-03,0.035998813807964325,2025-01
2025-01-06,0.03602815419435501,2025-01
2025-01-07,0.035870395600795746,2025-01
2025-01-08,0.035664357244968414,2025-01
2025-01-09,0.03577004745602608,2025-01
2025-01-10,0.03606841713190079,2025-01
2025-01-13,0.036104265600442886,2025-01
2025-01-14,0.03638145327568054,2025-01
2025-01-15,0.03608914837241173,2025-01
2025-01-16,0.036072615534067154,2025-01
2025-01-17,0.03604360297322273,2025-01
2025-01-20,0.03606726601719856,2025-01
2025-01-21,0.035983018577098846,2025-01
2025-01-22,0.036001287400722504,2025-01
2025-01-23,0.035930145531892776,2025-01
2025-01-24,0.03598124533891678,2025-01
2025-01-27,0.036132413893938065,2025-01
2025-01-28,0.03593471273779869,2025-01
2025-01-29,0.03590639680624008,2025-01
2025-01-30,0.03584839403629303,2025-01
2025-01-31,0.035860493779182434,2025-01
2025-02-03,0.03525209799408913,2025-02
2025-02-04,0.03600981459021568,2025-02
2025-02-05,0.03561917692422867,2025-02
2025-02-06,0.035731714218854904,2025-02
2025-02-07,0.03567023575305939,2025-02
2025-02-10,0.035645801573991776,2025-02
2025-02-11,0.035777702927589417,2025-02
2025-02-12,0.035816796123981476,2025-02
2025-02-13,0.035801034420728683,2025-02
2025-02-14,0.035749662667512894,2025-02
2025-02-17,0.03565581887960434,2025-02
2025-02-18,0.035614848136901855,2025-02
2025-02-19,0.03571740910410881,2025-02
2025-02-20,0.035505037754774094,2025-02
2025-02-21,0.03556318208575249,2025-02
2025-02-24,0.03554012253880501,2025-02
2025-02-25,0.03549835458397865,2025-02
2025-02-26,0.03551715612411499,2025-02
2025-02-27,0.035352062433958054,2025-02
2025-02-28,0.03525043651461601,2025-02
2025-03-03,0.03511332720518112,2025-03
2025-03-04,0.03500786051154137,2025-03
2025-03-05,0.03501677140593529,2025-03
2025-03-06,0.0349833182990551,2025-03
2025-03-07,0.03474677354097366,2025-03
2025-03-10,0.035133250057697296,2025-03
2025-03-11,0.035037312656641006,2025-03
2025-03-12,0.03503003343939781,2025-03
2025-03-13,0.035067442804574966,2025-03
2025-03-14,0.03503113240003586,2025-03
2025-03-17,0.035073213279247284,2025-03
2025-03-18,0.034908074885606766,2025-03
2025-03-19,0.034873511642217636,2025-03
2025-03-20,0.03482402116060257,2025-03
2025-03-21,0.034772325307130814,2025-03
2025-03-24,0.03476683795452118,2025-03
2025-03-25,0.034710608422756195,2025-03
2025-03-26,0.03461286425590515,2025-03
2025-03-27,0.034788742661476135,2025-03
2025-03-28,0.03486352413892746,2025-03
2025-03-31,0.03555334359407425,2025-03
2025-04-01,0.035552725195884705,2025-04
2025-04-02,0.035660311579704285,2025-04
2025-04-03,0.03594623878598213,2025-04
2025-04-04,0.03606349229812622,2025-04
2025-04-07,0.03590495139360428,2025-04
2025-04-08,0.03578802943229675,2025-04
2025-04-09,0.035972870886325836,2025-04
2025-04-10,0.03568335250020027,2025-04
2025-04-11,0.03550899401307106,2025-04
2025-04-14,0.035498153418302536,2025-04
2025-04-15,0.03536081314086914,2025-04
2025-04-16,0.035296618938446045,2025-04
2025-04-17,0.03528815507888794,2025-04
2025-04-22,0.03519336134195328,2025-04
2025-04-23,0.03517557308077812,2025-04
2025-04-24,0.035300739109516144,2025-04
2025-04-25,0.03563651815056801,2025-04
2025-04-28,0.035868577659130096,2025-04
2025-04-29,0.0358574278652668,2025-04
2025-04-30,0.03581306338310242,2025-04
2025-05-01,0.03600491210818291,2025-05
2025-05-02,0.03588642552495003,2025-05
2025-05-05,0.03600159287452698,2025-05
2025-05-06,0.03635738044977188,2025-05
2025-05-07,0.037069112062454224,2025-05
2025-05-08,0.037480708211660385,2025-05
2025-05-09,0.03780311346054077,2025-05
2025-05-12,0.03807985037565231,2025-05
2025-05-13,0.03811746835708618,2025-05
2025-05-14,0.03781649097800255,2025-05
2025-05-15,0.03757360950112343,2025-05
2025-05-16,0.03748099505901337,2025-05
2025-05-19,0.03721660375595093,2025-05
2025-05-20,0.03712373971939087,2025-05
2025-05-21,0.036968059837818146,2025-05
2025-05-22,0.03683440387248993,2025-05
2025-05-23,0.036764610558748245,2025-05
2025-05-26,0.036683231592178345,2025-05
2025-05-27,0.03625485673546791,2025-05
2025-05-28,0.03706717491149902,2025-05
2025-05-29,0.03789467737078667,2025-05
2025-05-30,0.03774094209074974,2025-05
2025-06-02,0.03770425170660019,2025-06
2025-06-03,0.03748031333088875,2025-06
2025-06-04,0.0372251495718956,2025-06
2025-06-05,0.03880507871508598,2025-06
2025-06-06,0.03841230273246765,2025-06
2025-06-09,0.04036637023091316,2025-06
2025-06-10,0.04027119651436806,2025-06
2025-06-11,0.039964158087968826,2025-06
2025-06-12,0.040421012789011,2025-06
2025-06-13,0.040772151201963425,2025-06
2025-06-16,0.041621942073106766,2025-06
2025-06-17,0.04133030027151108,2025-06
2025-06-18,0.04116547852754593,2025-06
2025-06-19,0.041804008185863495,2025-06
2025-06-20,0.04280705749988556,2025-06
2025-06-23,0.04333646595478058,2025-06
2025-06-24,0.04315163940191269,2025-06
2025-06-25,0.042822904884815216,2025-06
2025-06-26,0.04274271801114082,2025-06
2025-06-27,0.0425567664206028,2025-06
2025-06-30,0.04234548285603523,2025-06
2025-07-01,0.04195809364318848,2025-07
2025-07-02,0.04195559769868851,2025-07
2025-07-03,0.04180661588907242,2025-07
2025-07-04,0.041517797857522964,2025-07
2025-07-07,0.041354190558195114,2025-07
2025-07-08,0.04134749621152878,2025-07
2025-07-09,0.041378479450941086,2025-07
2025-07-10,0.04118489474058151,2025-07
2025-07-11,0.04273975268006325,2025-07
2025-07-14,0.04328780993819237,2025-07
2025-07-15,0.0431823693215847,2025-07
2025-07-16,0.04386449232697487,2025-07
2025-07-17,0.043932218104600906,2025-07
2025-07-18,0.042915988713502884,2025-07
2025-07-21,0.04347314313054085,2025-07
2025-07-22,0.04361380264163017,2025-07
2025-07-23,0.04332160949707031,2025-07
2025-07-24,0.04313585162162781,2025-07
2025-07-25,0.04294976964592934,2025-07
2025-07-28,0.043025340884923935,2025-07
2025-07-29,0.042703934013843536,2025-07
2025-07-30,0.04356585815548897,2025-07
2025-07-31,0.043590620160102844,2025-07
2025-08-01,0.0436273030936718,2025-08
2025-08-04,0.04448474571108818,2025-08
2025-08-05,0.043743912130594254,2025-08
2025-08-06,0.04349760711193085,2025-08
2025-08-07,0.04351196065545082,2025-08
2025-08-08,0.043167728930711746,2025-08
2025-08-11,0.04328466206789017,2025-08
2025-08-12,0.04307121783494949,2025-08
2025-08-13,0.04340968653559685,2025-08
2025-08-14,0.043485164642333984,2025-08
2025-08-15,0.04349585250020027,2025-08
2025-08-18,0.043294984847307205,2025-08
2025-08-19,0.043048370629549026,2025-08
2025-08-20,0.043035976588726044,2025-08
2025-08-21,0.042969416826963425,2025-08
2025-08-22,0.04333854094147682,2025-08
2025-08-25,0.04380534216761589,2025-08
2025-08-26,0.04303337633609772,2025-08
2025-08-27,0.042974699288606644,2025-08
2025-08-28,0.04287504032254219,2025-08
2025-08-29,0.042780689895153046,2025-08
2025-09-01,0.04254641756415367,2025-09
2025-09-02,0.04242320731282234,2025-09
2025-09-03,0.04228482022881508,2025-09
2025-09-04,0.0421285405755043,2025-09
2025-09-05,0.04208812117576599,2025-09
2025-09-08,0.0420704111456871,2025-09
2025-09-09,0.04191586747765541,2025-09
2025-09-10,0.04178226366639137,2025-09
2025-09-11,0.041445016860961914,2025-09
2025-09-12,0.04206424206495285,2025-09
2025-09-15,0.04220914840698242,2025-09
2025-09-16,0.04241936281323433,2025-09
2025-09-17,0.04283808916807175,2025-09
2025-09-18,0.04277189448475838,2025-09
2025-09-19,0.042490120977163315,2025-09
2025-09-22,0.0423160083591938,2025-09
2025-09-23,0.04215134680271149,2025-09
2025-09-24,0.04248117655515671,2025-09
2025-09-25,0.04231215640902519,2025-09
2025-09-26,0.042205605655908585,2025-09
2025-09-29,0.04242144152522087,2025-09
2025-09-30,0.04211835563182831,2025-09
2025-10-01,0.04199938848614693,2025-10
2025-10-02,0.04198557883501053,2025-10
2025-10-03,0.042135532945394516,2025-10
2025-10-06,0.04206255450844765,2025-10
2025-10-07,0.042065758258104324,2025-10
2025-10-08,0.04217130318284035,2025-10
2025-10-09,0.042222101241350174,2025-10
2025-10-10,0.043559636920690536,2025-10
2025-10-13,0.04442637413740158,2025-10
2025-10-14,0.04405800253152847,2025-10
2025-10-15,0.04437538608908653,2025-10
2025-10-16,0.044459570199251175,2025-10
2025-10-17,0.044268615543842316,2025-10
2025-10-20,0.04407018795609474,2025-10
2025-10-21,0.04425634443759918,2025-10
2025-10-22,0.04430324584245682,2025-10
2025-10-23,0.04479175806045532,2025-10
2025-10-24,0.04536091163754463,2025-10
2025-10-27,0.04545612633228302,2025-10
2025-10-28,0.04556397348642349,2025-10
2025-10-29,0.045615263283252716,2025-10
2025-10-30,0.04559659957885742,2025-10
2025-10-31,0.04536651074886322,2025-10
2025-11-03,0.045413438230752945,2025-11
2025-11-04,0.044987305998802185,2025-11
2025-11-05,0.04488125815987587,2025-11
2025-11-06,0.04474399611353874,2025-11
2025-11-07,0.04429749399423599,2025-11
2025-11-10,0.04434866085648537,2025-11
2025-11-11,0.0442654974758625,2025-11
2025-11-12,0.04449800029397011,2025-11
2025-11-13,0.044676609337329865,2025-11
2025-11-14,0.04470358416438103,2025-11
2025-11-17,0.04460195451974869,2025-11
2025-11-18,0.04418666288256645,2025-11
2025-11-19,0.04400261864066124,2025-11
2025-11-20,0.04408656805753708,2025-11
2025-11-21,0.0436021089553833,2025-11
2025-11-24,0.04345283284783363,2025-11
2025-11-25,0.04340171441435814,2025-11
2025-11-26,0.04424784705042839,2025-11
2025-11-27,0.04373582825064659,2025-11
2025-11-28,0.04356474429368973,2025-11
2025-12-01,0.04382746294140816,2025-12
2025-12-02,0.04363137483596802,2025-12
2025-12-03,0.04359433799982071,2025-12
2025-12-04,0.04360528290271759,2025-12
2025-12-05,0.04359772428870201,2025-12
2025-12-08,0.043340712785720825,2025-12
2025-12-09,0.04332192987203598,2025-12
2025-12-10,0.04329327493906021,2025-12
2025-12-11,0.043301984667778015,2025-12
2025-12-12,0.043711524456739426,2025-12
2025-12-15,0.043485745787620544,2025-12
2025-12-16,0.043242331594228745,2025-12
2025-12-17,0.043612655252218246,2025-12
2025-12-18,0.04373101145029068,2025-12
2025-12-19,0.04401145875453949,2025-12
2025-12-22,0.04427912458777428,2025-12
2025-12-23,0.04434297978878021,2025-12
2025-12-24,0.04434606060385704,2025-12
2025-12-26,0.04434606060385704,2025-12
2025-12-29,0.044375281780958176,2025-12
2025-12-30,0.04470708966255188,2025-12
2025-12-31,0.0450701080262661,2025-12
2026-01-02,0.04514884576201439,2026-01
2026-01-05,0.04534829407930374,2026-01
2026-01-06,0.04721063748002052,2026-01
2026-01-07,0.047908369451761246,2026-01
2026-01-08,0.05014464259147644,2026-01
2026-01-09,0.05053006112575531,2026-01
2026-01-12,0.05168561637401581,2026-01
2026-01-13,0.051546432077884674,2026-01
2026-01-14,0.051452260464429855,2026-01
2026-01-15,0.0508100688457489,2026-01
2026-01-16,0.050689324736595154,2026-01
2026-01-19,0.04985823109745979,2026-01
2026-01-20,0.05006175860762596,2026-01
2026-01-21,0.050069939345121384,2026-01
2026-01-22,0.04982061684131622,2026-01
2026-01-23,0.05018392205238342,2026-01
2026-01-26,0.05147974193096161,2026-01
2026-01-27,0.051409151405096054,2026-01
2026-01-28,0.050819430500268936,2026-01
