name,address,phone,category,city,url,source
Ash Trader,"hunter purra, Chambeshi, Zambia",,,chambeshi,https://www.zambiayp.com/company/16198/Ash_Trader,zambiayp.com
4mhospitals,"59, Church Road, Mogappair East , Chennai 600037, Chadiza, Zambia",,,chadiza,https://www.zambiayp.com/company/19477/4mhospitals,zambiayp.com
e-diplomatic.com,"Katlakalna 10, Riga, Latvia, Chadiza, Zambia",,,chadiza,https://www.zambiayp.com/company/16330/e_diplomaticcom,zambiayp.com
XEditpro,"46, Razzak Garden Main Rd, Ayyavoo Colony, Arumbakkam, Chennai, Tamil Nadu 600106, Chadiza, Zambia",,,chadiza,https://www.zambiayp.com/company/18485/XEditpro,zambiayp.com
Ayyab Store,"P.O.Box 4, Chadiza, Zambia",,,chadiza,https://www.zambiayp.com/company/2884/Ayyab_Store,zambiayp.com
Ayyab Stores,"Box 4, Chadiza, Zambia",,,chadiza,https://www.zambiayp.com/company/14100/Ayyab_Stores,zambiayp.com
Chadiza District Farmers Co-operative Union Ltd,"Chadiza, Zambia",,,chadiza,https://www.zambiayp.com/company/5475/Chadiza_District_Farmers_Co_operative_Union_Ltd,zambiayp.com
Chadiza District Farmers Co-operative,"Chadiza, Zambia",,,chadiza,https://www.zambiayp.com/company/7935/Chadiza_District_Farmers_Co_operative,zambiayp.com
Chadiza District Women Dev Association,"Chadiza, Zambia",,,chadiza,https://www.zambiayp.com/company/12786/Chadiza_District_Women_Dev_Association,zambiayp.com
Electoral Commission,"Chadiza, Zambia",,,chadiza,https://www.zambiayp.com/company/6336/Electoral_Commission,zambiayp.com
Farmers Inputs Zambia LTD,"Chadiza, Zambia",,,chadiza,https://www.zambiayp.com/company/13731/Farmers_Inputs_Zambia_LTD,zambiayp.com
Munshi Store,"P.O.Box 26, Chadiza, Zambia",,,chadiza,https://www.zambiayp.com/company/2833/Munshi_Store,zambiayp.com
Munshi L store,"Box 250026, Chadiza, Zambia",,,chadiza,https://www.zambiayp.com/company/14101/Munshi_L_store,zambiayp.com
Zambia National Commercial Bank Ltd,"P.O.Box 510748, Chadiza, Zambia",,,chadiza,https://www.zambiayp.com/company/7064/Zambia_National_Commercial_Bank_Ltd,zambiayp.com
Zambia Telecommunication Company LTD,"Chadiza, Zambia",,,chadiza,https://www.zambiayp.com/company/13315/Zambia_Telecommunication_Company_LTD,zambiayp.com
ZESCO LTD,"Chadiza, Zambia",,,chadiza,https://www.zambiayp.com/company/13603/ZESCO_LTD,zambiayp.com
Chadiza Basic,"Box 520009, eastern Province, Chadiza, Zambia",,,chadiza,https://www.zambiayp.com/company/9172/Chadiza_Basic,zambiayp.com
Chamandala Basic,"Box 520020, eastern Province, Chadiza, Zambia",,,chadiza,https://www.zambiayp.com/company/9173/Chamandala_Basic,zambiayp.com
Chanida Basic,"Box 520062, eastern Province, Chadiza, Zambia",,,chadiza,https://www.zambiayp.com/company/9174/Chanida_Basic,zambiayp.com
Chanjowe Basic,"Box 520097, eastern Province, Chadiza, Zambia",,,chadiza,https://www.zambiayp.com/company/9175/Chanjowe_Basic,zambiayp.com
Chankhandwe,"Box 510252, eastern Province, Chadiza, Zambia",,,chadiza,https://www.zambiayp.com/company/9190/Chankhandwe,zambiayp.com
Chilenga Basic,"Box 520080, eastern Province, Chadiza, Zambia",,,chadiza,https://www.zambiayp.com/company/9176/Chilenga_Basic,zambiayp.com
Kabvumo Basic,"Box 520059, eastern Province, Chadiza, Zambia",,,chadiza,https://www.zambiayp.com/company/9192/Kabvumo_Basic,zambiayp.com
Kadzionele Basic,"Box 520086, eastern Province, Chadiza, Zambia",,,chadiza,https://www.zambiayp.com/company/9177/Kadzionele_Basic,zambiayp.com
Kalemba Basic,"Box 520081, eastern Province, Chadiza, Zambia",,,chadiza,https://www.zambiayp.com/company/9193/Kalemba_Basic,zambiayp.com
Kapirimphika Basic,"Box 520017, eastern Province, Chadiza, Zambia",,,chadiza,https://www.zambiayp.com/company/9194/Kapirimphika_Basic,zambiayp.com
Katantha Basic,"Box 520057, eastern Province, Chadiza, Zambia",,,chadiza,https://www.zambiayp.com/company/9179/Katantha_Basic,zambiayp.com
Madziayela Basic,"Box 520045, eastern Province, Chadiza, Zambia",,,chadiza,https://www.zambiayp.com/company/9180/Madziayela_Basic,zambiayp.com
Mangwe Basic,"Box 520045, eastern Province, Chadiza, Zambia",,,chadiza,https://www.zambiayp.com/company/9181/Mangwe_Basic,zambiayp.com
Manje Basic,"Box 520100, eastern Province, Chadiza, Zambia",,,chadiza,https://www.zambiayp.com/company/9182/Manje_Basic,zambiayp.com
Mkumbuzi Basic,"Box 520017, eastern Province, Chadiza, Zambia",,,chadiza,https://www.zambiayp.com/company/9198/Mkumbuzi_Basic,zambiayp.com
Msokosela Basic,"Box 520090, eastern Province, Chadiza, Zambia",,,chadiza,https://www.zambiayp.com/company/9200/Msokosela_Basic,zambiayp.com
Mwangazi Basic,"Box 520033, eastern Province, Chadiza, Zambia",,,chadiza,https://www.zambiayp.com/company/9201/Mwangazi_Basic,zambiayp.com
Mzigawa Basic,"Box 510252, eastern Province, Chadiza, Zambia",,,chadiza,https://www.zambiayp.com/company/9202/Mzigawa_Basic,zambiayp.com
Namwela Basic,"Box 520017, eastern Province, Chadiza, Zambia",,,chadiza,https://www.zambiayp.com/company/9183/Namwela_Basic,zambiayp.com
Naviruli Basic,"Box 520093, eastern Province, Chadiza, Zambia",,,chadiza,https://www.zambiayp.com/company/9184/Naviruli_Basic,zambiayp.com
Ngala Basic,"Box 520081, eastern Province, Chadiza, Zambia",,,chadiza,https://www.zambiayp.com/company/9203/Ngala_Basic,zambiayp.com
Nsadzu Basic,"Box 520058, eastern Province, Chadiza, Zambia",,,chadiza,https://www.zambiayp.com/company/9185/Nsadzu_Basic,zambiayp.com
Nsole Basic,"P. Bag 23, eastern Province, Chadiza, Zambia",,,chadiza,https://www.zambiayp.com/company/9204/Nsole_Basic,zambiayp.com
Sinalo Basic,"Box 520027, eastern Province, Chadiza, Zambia",,,chadiza,https://www.zambiayp.com/company/9186/Sinalo_Basic,zambiayp.com
Tafelansoni Basic,"Box 520017, eastern Province, Chadiza, Zambia",,,chadiza,https://www.zambiayp.com/company/9187/Tafelansoni_Basic,zambiayp.com
Tikondane Basic,"Box 520049, eastern Province, Chadiza, Zambia",,,chadiza,https://www.zambiayp.com/company/9188/Tikondane_Basic,zambiayp.com
Zemba Basic,"Box 520049, eastern Province, Chadiza, Zambia",,,chadiza,https://www.zambiayp.com/company/9189/Zemba_Basic,zambiayp.com
Zozwe Basic,"Box 51818, eastern Province, Chadiza, Zambia",,,chadiza,https://www.zambiayp.com/company/9207/Zozwe_Basic,zambiayp.com
vebnest.com,"nil, Chama, Zambia",,,chama,https://www.zambiayp.com/company/16210/vebnestcom,zambiayp.com
Instant Bulk Smtp,"Ahuchapan hdj789, Chama, Zambia",,,chama,https://www.zambiayp.com/company/17258/instant-bulk-smtp,zambiayp.com
Great chances to make much money from HYIP website,"chama street, Zambia",,,chama,https://www.zambiayp.com/company/17422/Great_chances_to_make_much_money_from_HYIP_website,zambiayp.com
Lingstones Milling Company Limited,"Old Police, Plot Number 95, Chama, Zambia",,,chama,https://www.zambiayp.com/company/17465/Lingstones_Milling_Company_Limited,zambiayp.com
National Savings & Credit Bank,"P.O.Box 540083, Chama, Zambia",,,chama,https://www.zambiayp.com/company/7137/National_Savings_Credit_Bank,zambiayp.com
Catholic Church,"Box 540004, Chama, Zambia",,,chama,https://www.zambiayp.com/company/7968/Catholic_Church,zambiayp.com
Chama Women Development Association,"Chama, Zambia",,,chama,https://www.zambiayp.com/company/12787/Chama_Women_Development_Association,zambiayp.com
Chama District Marketing O-Operative Union LTD,"Chama, Zambia",,,chama,https://www.zambiayp.com/company/13259/Chama_District_Marketing_O_Operative_Union_LTD,zambiayp.com
Chama District Health Board,"Chama, Zambia",,,chama,https://www.zambiayp.com/company/14285/Chama_District_Health_Board,zambiayp.com
Chizya Medical Services,"P.O.Box 540050, Chama, Zambia",,,chama,https://www.zambiayp.com/company/2115/Chizya_Medical_Services,zambiayp.com
Rafik Store,"Chama, Zambia",,,chama,https://www.zambiayp.com/company/3099/Rafik_Store,zambiayp.com
Zambia Postal Corporation,"Chama, Zambia",,,chama,https://www.zambiayp.com/company/2179/Zambia_Postal_Corporation,zambiayp.com
Zambia Telecommunications Company Ltd,"P.O.Box 540185, Chama, Zambia",,,chama,https://www.zambiayp.com/company/4847/Zambia_Telecommunications_Company_Ltd,zambiayp.com
Bambanda,"P.o.box 540049, eastern Province, Chama, Zambia",,,chama,https://www.zambiayp.com/company/9208/Bambanda,zambiayp.com
Bazimu Midd. Basic,"P.o. Box 540049, eastern Province, Chama, Zambia",,,chama,https://www.zambiayp.com/company/9244/Bazimu_Midd_Basic,zambiayp.com
Bilabila,"P.o.box 540049, eastern Province, Chama, Zambia",,,chama,https://www.zambiayp.com/company/9209/Bilabila,zambiayp.com
Buli Open Day,"P.o.box 540015, eastern Province, Chama, Zambia",,,chama,https://www.zambiayp.com/company/9245/Buli_Open_Day,zambiayp.com
Chama Basic,"P.o. Box 540003, eastern Province, Chama, Zambia",,,chama,https://www.zambiayp.com/company/9210/Chama_Basic,zambiayp.com
Chibale Open Day,"P.o.box 540049, eastern Province, Chama, Zambia",,,chama,https://www.zambiayp.com/company/9211/Chibale_Open_Day,zambiayp.com
Chikontha,"P.o.box 540049, eastern Province, Chama, Zambia",,,chama,https://www.zambiayp.com/company/9212/Chikontha,zambiayp.com
Chili,"Box 540049, eastern Province, Chama, Zambia",,,chama,https://www.zambiayp.com/company/9213/Chili,zambiayp.com
Chilubanama,"P.o.box 540049, eastern Province, Chama, Zambia",,,chama,https://www.zambiayp.com/company/9214/Chilubanama,zambiayp.com
Chimilila.,"P.o.box 540049, eastern Province, Chama, Zambia",,,chama,https://www.zambiayp.com/company/9215/Chimilila,zambiayp.com
Chinji L. Basic,"P.o. Box 540049, eastern Province, Chama, Zambia",,,chama,https://www.zambiayp.com/company/9216/Chinji_L_Basic,zambiayp.com
Chifunda,"Box 540049, eastern Province, Chama, Zambia",,,chama,https://www.zambiayp.com/company/9246/Chifunda,zambiayp.com
Chigoma Midd. Basic,"Box 540049, eastern Province, Chama, Zambia",,,chama,https://www.zambiayp.com/company/9247/Chigoma_Midd_Basic,zambiayp.com
Chimphamba,"P.o. Box 540036, eastern Province, Chama, Zambia",,,chama,https://www.zambiayp.com/company/9249/Chimphamba,zambiayp.com
Chingozi Open Basic,"Box 540049, eastern Province, Chama, Zambia",,,chama,https://www.zambiayp.com/company/9250/Chingozi_Open_Basic,zambiayp.com
Chitheba Basic,"P.o. Box 540019, eastern Province, Chama, Zambia",,,chama,https://www.zambiayp.com/company/9251/Chitheba_Basic,zambiayp.com
Chitukula Mb,"Box 540027, eastern Province, Chama, Zambia",,,chama,https://www.zambiayp.com/company/9252/Chitukula_Mb,zambiayp.com
Dungulungu,"P.o. Box 540012, eastern Province, Chama, Zambia",,,chama,https://www.zambiayp.com/company/9217/Dungulungu,zambiayp.com
Gombe Lower Basic,"P.o.box 540049, eastern Province, Chama, Zambia",,,chama,https://www.zambiayp.com/company/9218/Gombe_Lower_Basic,zambiayp.com
Kabanjira,"P.o. Box 540049, eastern Province, Chama, Zambia",,,chama,https://www.zambiayp.com/company/9219/Kabanjira,zambiayp.com
Kabele Middle,"Box 540049, eastern Province, Chama, Zambia",,,chama,https://www.zambiayp.com/company/9253/Kabele_Middle,zambiayp.com
Kakoma Midd. Basic,"P.o.box 540049, eastern Province, Chama, Zambia",,,chama,https://www.zambiayp.com/company/9220/Kakoma_Midd_Basic,zambiayp.com
Kalasa,"Box 540049, eastern Province, Chama, Zambia",,,chama,https://www.zambiayp.com/company/9254/Kalasa,zambiayp.com
Kalovya,"P.o.box 540039, eastern Province, Chama, Zambia",,,chama,https://www.zambiayp.com/company/9255/Kalovya,zambiayp.com
Kambombo Basic,"P.o. Box 540064, eastern Province, Chama, Zambia",,,chama,https://www.zambiayp.com/company/9221/Kambombo_Basic,zambiayp.com
Kambowe,"Box 540049, eastern Province, Chama, Zambia",,,chama,https://www.zambiayp.com/company/9222/Kambowe,zambiayp.com
Kamfutu,"Box 540049, eastern Province, Chama, Zambia",,,chama,https://www.zambiayp.com/company/9223/Kamfutu,zambiayp.com
Kamphemba,"P.o.box 540049, eastern Province, Chama, Zambia",,,chama,https://www.zambiayp.com/company/9224/Kamphemba,zambiayp.com
Kapalankonje,"Box 540014, eastern Province, Chama, Zambia",,,chama,https://www.zambiayp.com/company/9225/Kapalankonje,zambiayp.com
Kapembe,"Box 540049, eastern Province, Chama, Zambia",,,chama,https://www.zambiayp.com/company/9226/Kapembe,zambiayp.com
Kapichila-senga,"P.o. Box 540094, eastern Province, Chama, Zambia",,,chama,https://www.zambiayp.com/company/9256/Kapichila_senga,zambiayp.com
Kasangani,"P.o.box 540049, eastern Province, Chama, Zambia",,,chama,https://www.zambiayp.com/company/9227/Kasangani,zambiayp.com
Kasempwe,"P.o. Box 540049, eastern Province, Chama, Zambia",,,chama,https://www.zambiayp.com/company/9228/Kasempwe,zambiayp.com
Katangalika.,"P.o.box 540013, eastern Province, Chama, Zambia",,,chama,https://www.zambiayp.com/company/9229/Katangalika,zambiayp.com
Katete,"P.o.box 540049, eastern Province, Chama, Zambia",,,chama,https://www.zambiayp.com/company/9230/Katete,zambiayp.com
Kombazi,"P.o. Box 540049, eastern Province, Chama, Zambia",,,chama,https://www.zambiayp.com/company/9231/Kombazi,zambiayp.com
Lindu,"P.o. Box 540049, eastern Province, Chama, Zambia",,,chama,https://www.zambiayp.com/company/9232/Lindu,zambiayp.com
Luvila,"Box 540049, eastern Province, Chama, Zambia",,,chama,https://www.zambiayp.com/company/9259/Luvila,zambiayp.com
Mabinga Midd Basic,"P.o. Box 540020, eastern Province, Chama, Zambia",,,chama,https://www.zambiayp.com/company/9260/Mabinga_Midd_Basic,zambiayp.com
Manthepa,"P.o. Box 540086, eastern Province, Chama, Zambia",,,chama,https://www.zambiayp.com/company/9233/Manthepa,zambiayp.com
Mangwere,"P.o. Box 540049, eastern Province, Chama, Zambia",,,chama,https://www.zambiayp.com/company/9262/Mangwere,zambiayp.com
Mphyana Kunda,"Box 540049, eastern Province, Chama, Zambia",,,chama,https://www.zambiayp.com/company/9234/Mphyana_Kunda,zambiayp.com
Mulilo,"P.o.box 540049, eastern Province, Chama, Zambia",,,chama,https://www.zambiayp.com/company/9235/Mulilo,zambiayp.com
Mundalanga,"P.o.box 540016, eastern Province, Chama, Zambia",,,chama,https://www.zambiayp.com/company/9263/Mundalanga,zambiayp.com
Mutembwa,"P.o.box 540049, eastern Province, Chama, Zambia",,,chama,https://www.zambiayp.com/company/9264/Mutembwa,zambiayp.com
Mwalala,"P.o.box 540087, eastern Province, Chama, Zambia",,,chama,https://www.zambiayp.com/company/9236/Mwalala,zambiayp.com
Mwanda,"P.o.box 540049, eastern Province, Chama, Zambia",,,chama,https://www.zambiayp.com/company/9237/Mwanda,zambiayp.com
Mwimba Lower Basic,"P.o.box 540049, eastern Province, Chama, Zambia",,,chama,https://www.zambiayp.com/company/9238/Mwimba_Lower_Basic,zambiayp.com
N'ganjo,"P.o.box 540049, eastern Province, Chama, Zambia",,,chama,https://www.zambiayp.com/company/9240/Nganjo,zambiayp.com
Nkhanga Lower,"Box 540049, eastern Province, Chama, Zambia",,,chama,https://www.zambiayp.com/company/9241/Nkhanga_Lower,zambiayp.com
Nkhoka,"Box 540018, eastern Province, Chama, Zambia",,,chama,https://www.zambiayp.com/company/9265/Nkhoka,zambiayp.com
Nthonkho,"P.o. Box 540046, eastern Province, Chama, Zambia",,,chama,https://www.zambiayp.com/company/9242/Nthonkho,zambiayp.com
Pondo Midd Basic,"P.o. Box 540049, eastern Province, Chama, Zambia",,,chama,https://www.zambiayp.com/company/9266/Pondo_Midd_Basic,zambiayp.com
Sitwe Midd. Basic,"P.o.box 540048, eastern Province, Chama, Zambia",,,chama,https://www.zambiayp.com/company/9243/Sitwe_Midd_Basic,zambiayp.com
Zebe Midd Basic,"Box 540049, eastern Province, Chama, Zambia",,,chama,https://www.zambiayp.com/company/9267/Zebe_Midd_Basic,zambiayp.com
Zoole,"P.o. Box 540045, eastern Province, Chama, Zambia",,,chama,https://www.zambiayp.com/company/9268/Zoole,zambiayp.com
Mass Mail Servers,"Missouri, Saint Louis, United States Of America,, Chibombo, Zambia",,,chibombo,https://www.zambiayp.com/company/18534/Mass_Mail_Servers,zambiayp.com
MUNDUSIMA FARMS LIMITED,"CHIBOMBO, CENTRAL PROVINCE, Zambia",,,chibombo,https://www.zambiayp.com/company/18844/MUNDUSIMA_FARMS_LIMITED,zambiayp.com
Pharmaco company ltd,"choma, Chibombo, Zambia",,,chibombo,https://www.zambiayp.com/company/17602/pharmaco_company_ltd,zambiayp.com
Fungai Education Centre,"Lot 21988/M Kabangwe East,P.O.Box 330030,Lusaka., Chibombo, Zambia",,,chibombo,https://www.zambiayp.com/company/18670/Fungai_Education_Centre,zambiayp.com
Kafushi High School,"Box 80849, Kabwe, Chibombo, Zambia",,,chibombo,https://www.zambiayp.com/company/7507/Kafushi_High_School,zambiayp.com
Chibombo District Council,"Chibombo, Zambia",,,chibombo,https://www.zambiayp.com/company/13529/Chibombo_District_Council,zambiayp.com
Chibombo Hardware,"Chibombo, Zambia",,,chibombo,https://www.zambiayp.com/company/6626/Chibombo_Hardware,zambiayp.com
MT Zion Christian Academy,"Chibombo, Zambia",,,chibombo,https://www.zambiayp.com/company/13192/MT_Zion_Christian_Academy,zambiayp.com
Pac Investments,"Chibombo, Zambia",,,chibombo,https://www.zambiayp.com/company/1236/Pac_Investments,zambiayp.com
Pac Guest House,"Chibombo, Zambia",,,chibombo,https://www.zambiayp.com/company/3612/Pac_Guest_House,zambiayp.com
World Vision Keembe (ADP),"Chibombo, Zambia",,,chibombo,https://www.zambiayp.com/company/13193/World_Vision_Keembe_ADP,zambiayp.com
Banani Primary,"Box 3 Fringilla, Central Province, Chibombo, Zambia",,,chibombo,https://www.zambiayp.com/company/8364/Banani_Primary,zambiayp.com
Chilochabalenje,"Box 80246, lusaka Province, Chibombo, Zambia",,,chibombo,https://www.zambiayp.com/company/8405/Chilochabalenje,zambiayp.com
Chibombo Basi,"Box 49, lusaka Province, Chibombo, Zambia",,,chibombo,https://www.zambiayp.com/company/8430/Chibombo_Basi,zambiayp.com
Kabangwe,"Box 820029, Central Province, Chibombo, Zambia",,,chibombo,https://www.zambiayp.com/company/12631/Kabangwe,zambiayp.com
Kalebuka,"P.o. Box 50, central Province, Chibombo, Zambia",,,chibombo,https://www.zambiayp.com/company/12624/Kalebuka,zambiayp.com
Kamulobwe,"Co Kalwelwe, Box 80064, Central Province, Chibombo, Zambia",,,chibombo,https://www.zambiayp.com/company/12625/Kamulobwe,zambiayp.com
Lyansa Community,"Box 49, Central Province, Chibombo, Zambia",,,chibombo,https://www.zambiayp.com/company/12626/Lyansa_Community,zambiayp.com
Malombe,"Box 71, central Province, Chibombo, Zambia",,,chibombo,https://www.zambiayp.com/company/8389/Malombe,zambiayp.com
Muamuyamba,"Box 76, Central Province, Chibombo, Zambia",,,chibombo,https://www.zambiayp.com/company/12628/Muamuyamba,zambiayp.com
Mufwambe,"Box 36, lusaka Province, Chibombo, Zambia",,,chibombo,https://www.zambiayp.com/company/8449/Mufwambe,zambiayp.com
Mukalashi,"Box 70, lusaka Provine, Chibombo, Zambia",,,chibombo,https://www.zambiayp.com/company/8450/Mukalashi,zambiayp.com
Mululu,"Box 55 Fringilla, Central Province, Chibombo, Zambia",,,chibombo,https://www.zambiayp.com/company/12629/Mululu,zambiayp.com
Muswishi Agro,"Box 247, central Province, Chibombo, Zambia",,,chibombo,https://www.zambiayp.com/company/8398/Muswishi_Agro,zambiayp.com
Nachiyaba,"Box 93, lusaka Province, Chibombo, Zambia",,,chibombo,https://www.zambiayp.com/company/8456/Nachiyaba,zambiayp.com
Nkala Community,"Box 80246, Central Province, Chibombo, Zambia",,,chibombo,https://www.zambiayp.com/company/12630/Nkala_Community,zambiayp.com
Shampande,"Box 72, lusaka Province, Chibombo, Zambia",,,chibombo,https://www.zambiayp.com/company/8461/Shampande,zambiayp.com
Shimukuni M.b,"Pb2, lusaka Province, Chibombo, Zambia",,,chibombo,https://www.zambiayp.com/company/8463/Shimukuni_Mb,zambiayp.com
1croreprojects,"vadapalani, chennai, Chiengi, Zambia",,,chiengi,https://www.zambiayp.com/company/17448/1croreprojects,zambiayp.com
Edville Investments Limited,"Plot 4080 Chingola Central, Zambia",,,chingola,https://www.zambiayp.com/company/17814/Edville_Investments_Limited,zambiayp.com
Ntanda Ventures Ltd,"plot 18, Musenga, Chingola, Zambia",,,chingola,https://www.zambiayp.com/company/17537/Ntanda_Ventures_Ltd,zambiayp.com
eXplosion1,"Kitwe/Chingola & Solwezi. Main Branch 106 Bwafwano House, Kwacha Street, Town Centre, Zambia",,,chingola,https://www.zambiayp.com/company/16281/eXplosion1,zambiayp.com
Rehoboth Youth Organisation,"83 Dominic Moomba Ave, Stage 3, Lulamba T/Ship, Chingola, Zambia",,,chingola,https://www.zambiayp.com/company/17953/Rehoboth_Youth_Organisation,zambiayp.com
KopalaJamz Dot Com,"Sichula Road, Chingola, Zambia",,,chingola,https://www.zambiayp.com/company/18137/KopalaJamz_Dot_Com,zambiayp.com
Revorozambia,"57 muluwe, kabundi south, Chingola, Zambia",,,chingola,https://www.zambiayp.com/company/18443/Revorozambia,zambiayp.com
Zambia National Commercial Bank Chingola Branch,"Kwacha St, Mimbula, P.O.Box 11255, Chingola, Zambia",,,chingola,https://www.zambiayp.com/company/7102/Zambia_National_Commercial_Bank_Chingola_Branch,zambiayp.com
Ideal Mining Services Ltd,"788/M/E, Kalilo Turn Off, Off Solwezi Road, Chingola - Copper Belt Province, Zambia - 500 009",,,chingola,https://www.zambiayp.com/company/18487/Ideal_Mining_Services_Ltd,zambiayp.com
Kcm  Nchanga Trust,"Box 11244, c/belt Province, Chingola, Zambia",,,chingola,https://www.zambiayp.com/company/8862/Kcm_Nchanga_Trust,zambiayp.com
Konkola Copper Mines PLC Nchanga Mine,"Stand M/1408, Fern Avenue, 1 Fern Ave, Chingola, Zambia",,,chingola,https://www.zambiayp.com/company/8334/Konkola_Copper_Mines_PLC_Nchanga_Mine,zambiayp.com
DL media Zambia,"9 ntanda street k East, Chingola, Zambia",,,chingola,https://www.zambiayp.com/company/18819/DL_media_Zambia,zambiayp.com
IBUTE TUTU DRIVING SCHOOL,"ROOM 5 FIRST FLOOR PUMA FILLING STATION BIULDING, Chingola, Zambia",,,chingola,https://www.zambiayp.com/company/18259/IBUTE_TUTU_DRIVING_SCHOOL,zambiayp.com
Up-Front limited Group,"Town center 1653 second floor., Chingola, Zambia",,,chingola,https://www.zambiayp.com/company/17938/Up_Front_limited_Group,zambiayp.com
Apollo Agricultural Holdings Ltd,"P.O.Box 101110, Chingola, Zambia",,,chingola,https://www.zambiayp.com/company/885/Apollo_Agricultural_Holdings_Ltd,zambiayp.com
Bloe Fabrics Zambia,"1361/1 FS  Musonda BLDG Chingola, Zambia",,,chingola,https://www.zambiayp.com/company/18317/Bloe_Fabrics_Zambia,zambiayp.com
FLAGELLUM GEN. SUPPLIERS & CONTRACTORS LTD,"10th street , Chingola, Zambia",,,chingola,https://www.zambiayp.com/company/18757/FLAGELLUM_GEN_SUPPLIERS_CONTRACTORS_LTD,zambiayp.com
Status Hi-tech (z) Ltd,"Plot 4178 9 Solwezi Rd Industrial Area, P.O.Box 11757, Chingola, Zambia",,,chingola,https://www.zambiayp.com/company/5133/Status_Hi_tech_z_Ltd,zambiayp.com
Bulk Mining Explosives,"River Side, Chingola, Zambia",,,chingola,https://www.zambiayp.com/company/4285/Bulk_Mining_Explosives,zambiayp.com
VCG SOFTWARE INK,"Zambia, chingola road nchanga south 1733 station road",,,chingola,https://www.zambiayp.com/company/17524/VCG_SOFTWARE_INK,zambiayp.com
Baba Drilling And Exploration Company Ltd,"Chingola, Zambia",,,chingola,https://www.zambiayp.com/company/6952/Baba_Drilling_And_Exploration_Company_Ltd,zambiayp.com
CCTV ZAMBIA - STEFANTON ELECTRIC,"Chingola, Zambia",,,chingola,https://www.zambiayp.com/company/17973/CCTV_ZAMBIA_STEFANTON_ELECTRIC,zambiayp.com
ZAMBIA INSTITUTE OF MANAGEMENT (ACCOUNTANCY TRAINING COLLEGE),"3RD ST CHINGOLA, Zambia",,,chingola,https://www.zambiayp.com/company/15868/ZAMBIA_INSTITUTE_OF_MANAGEMENT_ACCOUNTANCY_TRAINING_COLLEGE,zambiayp.com
Buffalo Bicycles,"Plot#566, Kabundi North Extension Malile street.Chingola., Plot 566, Kabundi North Extensuon, Malile Street, Zambia",,,chingola,https://www.zambiayp.com/company/17003/Buffalo_Bicycles,zambiayp.com
Data-Core Zambia Limited,"Nchanga North, Chingola, Zambia",,,chingola,https://www.zambiayp.com/company/18021/Data_Core_Zambia_Limited,zambiayp.com
Ibis Solutions,"10th Street Nchanga South, Chingola, Zambia",,,chingola,https://www.zambiayp.com/company/18713/Ibis_Solutions,zambiayp.com
Mercury Couriers Ltd,"Chingola, Zambia",,,chingola,https://www.zambiayp.com/company/1760/Mercury_Couriers_Ltd,zambiayp.com
Sydville Investments LTD,"Nchanga South Town Centre, Chingola, Zambia",,,chingola,https://www.zambiayp.com/company/17609/Sydville_Investments_LTD,zambiayp.com
United Machining Works Ltd,"1869 Solwezi Rd, Light Ind Area, Chingola, Zambia",,,chingola,https://www.zambiayp.com/company/1875/United_Machining_Works_Ltd,zambiayp.com
Rock Anchors Zambia Limited,"82 6th Street, Nchanga South , Chingola, Zambia",,,chingola,https://www.zambiayp.com/company/16353/Rock_Anchors_Zambia_Limited,zambiayp.com
Unified Merchants Ltd,"43 katutwa ,Nchanga Central, Chingola, Zambia",,,chingola,https://www.zambiayp.com/company/1395/Mopani_Copper_Mines_Plc,zambiayp.com
Safari Hive Investment Ltd Company,"74 Muluwe Street, Kabundi South, Chingola, Zambia",,,chingola,https://www.zambiayp.com/company/16387/Safari_Hive_Investment_Ltd_Company,zambiayp.com
Atheneon Limited,"1346/2, Kwacha Street, Chingola, Zambia",,,chingola,https://www.zambiayp.com/company/3271/Atheneon_Ltd,zambiayp.com
Atheneon Engineering Ltd,"Plot 5139, Solwezi Rd, Industrial Area, P.O.Box 10313, Chingola, Zambia",,,chingola,https://www.zambiayp.com/company/6956/Atheneon_Engineering_Ltd,zambiayp.com
Group Five Zambia Limited,"Plot 540 David Kaunda Rd, Light Ind Area, P.O.Box 11294, Chingola, Zambia",,,chingola,https://www.zambiayp.com/company/6923/Group_Five_Zambia_Limited,zambiayp.com
Don Bosco Youth Centre,"Box 11069, Chingola, Zambia",,,chingola,https://www.zambiayp.com/company/15233/Don_Bosco_Youth_Centre,zambiayp.com
Tyre Technocrats Zambia Ltd,"KCM, Chingola, Zambia",,,chingola,https://www.zambiayp.com/company/16267/Tyre_Technocrats_Zambia_Ltd,zambiayp.com
F S Musonda Trading Ltd,"Kwacha St Town Ctr, P.O.Box 10508, Chingola, Zambia",,,chingola,https://www.zambiayp.com/company/2972/F_S_Musonda_Trading_Ltd,zambiayp.com
K & P Business Solution LTD,"Computer systems, software, Chingola, Zambia",,,chingola,https://www.zambiayp.com/company/14429/K_P_Business_Solution_LTD,zambiayp.com
Mukwa Lodge  - Chingola,"73 Mkushi Road, Chingola, Zambia",,,chingola,https://www.zambiayp.com/company/16631/Mukwa_Lodge_Chingola,zambiayp.com
Ntanda Ventures,"33/35 Katutwa Road, P.O. Box: 11014, Chingola, Zambia",,,chingola,https://www.zambiayp.com/company/16897/Ntanda_Ventures,zambiayp.com
Sulzer Zambia Limited,"Station Rd Industrial Area, P.O.Box 10472, Chingola, Zambia",,,chingola,https://www.zambiayp.com/company/5339/Sulzer_Zambia_Limited,zambiayp.com
D H L International (zambia) Ltd,"Shop 3 Proton Bldg Cnr Independence Ave & Kabundi Rd, Chingola, Zambia",,,chingola,https://www.zambiayp.com/company/1756/D_H_L_International_zambia_Ltd,zambiayp.com
Imzaba Bamazi Construction Ltd,"Plot 5102; Chingola; P.O.Box 11654, Zambia",,,chingola,https://www.zambiayp.com/company/6414/Imzaba_Bamazi_Construction_Ltd,zambiayp.com
J. C. Bousfield LTD,"Station Rd, Box 10357, Heavy Haulage, Chingola, Zambia",,,chingola,https://www.zambiayp.com/company/15041/Jc_Bousfield_LTD,zambiayp.com
Lusanga Technical Service,"Plot 1864 Solwezi Road, Chingola, Zambia",,,chingola,https://www.zambiayp.com/company/2426/Lusanga_Technical_Service,zambiayp.com
Mulonga Water & Sewerage Co Ltd,"Chingola, Zambia",,,chingola,https://www.zambiayp.com/company/2453/Mulonga_Water_Sewerage_Co_Ltd,zambiayp.com
Standard Chartered Bank Zambia Plc,"P.O.Box 10136, Chingola, Zambia",,,chingola,https://www.zambiayp.com/company/7063/Standard_Chartered_Bank_Zambia_Plc,zambiayp.com
DHL International(Z) LTD,"Chingola, Zambia",,,chingola,https://www.zambiayp.com/company/13484/DHL_InternationalZ_LTD,zambiayp.com
global satellite television,"[email protected], Chingola, Zambia",,,chingola,https://www.zambiayp.com/company/16239/global_satellite_television,zambiayp.com
J C Bousfield Ltd,"Station Rd, Chingola, Zambia",,,chingola,https://www.zambiayp.com/company/5269/J_C_Bousfield_Ltd,zambiayp.com
Lima Motel Limited,"1902 Kitwe Road, Chingola, Zambia",,,chingola,https://www.zambiayp.com/company/556/Lima_Motel_Limited,zambiayp.com
Stanbic Bank Zambia Limited,"P.O.Box 11275, Chingola, Zambia",,,chingola,https://www.zambiayp.com/company/7108/Stanbic_Bank_Zambia_Limited,zambiayp.com
Beanal Import & Export & General Merchants,"Plot 6966 Station Rd, P.O.Box 11058, Chingola, Zambia",,,chingola,https://www.zambiayp.com/company/3204/Beanal_Import_Export_General_Merchants,zambiayp.com
Bresmar Investment Ltd,"P.O.Box 11204, Chingola, Zambia",,,chingola,https://www.zambiayp.com/company/1134/Bresmar_Investment_Ltd,zambiayp.com
Britalmin Limited,"Stand 1393 Station Rd, P.O.Box 10254, Chingola, Zambia",,,chingola,https://www.zambiayp.com/company/3912/Britalmin_Limited,zambiayp.com
Chingola Brickfields Ltd,"Chingola, Zambia",,,chingola,https://www.zambiayp.com/company/3668/Chingola_Brickfields_Ltd,zambiayp.com
Chingola Wholesale Market / Zamseed,"Plot 537, David Kaunda Rd, Chikola A, P.O.Box 11270, Chingola, Zambia",,,chingola,https://www.zambiayp.com/company/4600/Chingola_Wholesale_Market__Zamseed,zambiayp.com
Energy Tech Zambia Ltd,"Plot 1410, Senama Rd, Industrial Area, P.O.Box 10840, Chingola, Zambia",,,chingola,https://www.zambiayp.com/company/5033/Energy_Tech_Zambia_Ltd,zambiayp.com
Leopard Transport Limited,"Plot No. 244 Off Prison Rd, Chingola, Zambia",,,chingola,https://www.zambiayp.com/company/1538/Leopard_Transport_Limited,zambiayp.com
Mokorro Grill & Lodge,"Plot 657, Zimbabwe Rd, Industrial Area, P.O.Box 10365, Chingola, Zambia",,,chingola,https://www.zambiayp.com/company/351/Mokorro_Grill_Lodge,zambiayp.com
National Building Supplies (1975) Ltd,"P.O.Box 10612, Chingola, Zambia",,,chingola,https://www.zambiayp.com/company/6517/National_Building_Supplies_1975_Ltd,zambiayp.com
Nzipile Executive Guest House,"Plot 43, Eighth St, P.O.Box 10023, Chingola, Zambia",,,chingola,https://www.zambiayp.com/company/3622/Nzipile_Executive_Guest_House,zambiayp.com
Sherwood Industries Ltd,"P.O.Box 12030, Chingola, Zambia",,,chingola,https://www.zambiayp.com/company/5129/Sherwood_Industries_Ltd,zambiayp.com
Travel International Air Charters,"P.O.Box 10724, Chingola, Zambia",,,chingola,https://www.zambiayp.com/company/1570/Travel_International_Air_Charters,zambiayp.com
Zamseed Daehnfeldt,"Plot, 537 David Kaunda Rd, Chikola A, P.O.Box 11270, Chingola, Zambia",,,chingola,https://www.zambiayp.com/company/6646/Zamseed_Daehnfeldt,zambiayp.com
Atheneon Wholesalers Ltd,"P.O.Box 11268, Chingola, Zambia",,,chingola,https://www.zambiayp.com/company/6685/Atheneon_Wholesalers_Ltd,zambiayp.com
Automotive Clinic (cb) Limited,"Chingola, Zambia",,,chingola,https://www.zambiayp.com/company/6241/Automotive_Clinic_cb_Limited,zambiayp.com
Cetzam Financial Services Limited,"Plot 513 Kwacha Rd, P.O.Box 11230, Chingola, Zambia",,,chingola,https://www.zambiayp.com/company/1998/Cetzam_Financial_Services_Limited,zambiayp.com
Chimfunshi Wildlife Orphanage,"Box 11190, Wildlife Trust, Chingola, Zambia",,,chingola,https://www.zambiayp.com/company/15214/Chimfunshi_Wildlife_Orphanage,zambiayp.com
Delta Force Security Team,"Chingola, Zambia",,,chingola,https://www.zambiayp.com/company/2355/Delta_Force_Security_Team,zambiayp.com
L M Engineering Ltd,"Plot 1824, Solwezi Rd, P.O.Box 10232, Chingola, Zambia",,,chingola,https://www.zambiayp.com/company/6960/L_M_Engineering_Ltd,zambiayp.com
Miombo Limited,"Station Rd, Industrial Area, P.O.Box 11201, Chingola, Zambia",,,chingola,https://www.zambiayp.com/company/4299/Miombo_Limited,zambiayp.com
Panial Enterprises Limited,"Plot 531 /2, David Kaunda Rd, Chikola A, P.O.Box 10395, Chingola, Zambia",,,chingola,https://www.zambiayp.com/company/6990/Panial_Enterprises_Limited,zambiayp.com
Power Construction (1968) Ltd,"Chingola, Zambia",,,chingola,https://www.zambiayp.com/company/4650/Power_Construction_1968_Ltd,zambiayp.com
Protea Hotel Chingola,"Chingola, Zambia",,,chingola,https://www.zambiayp.com/company/9/Protea_Hotel_Chingola,zambiayp.com
Ray Mordt Hydraulics (z) Ltd,"1414 Station Rd, Industrial Area, Chingola, Zambia",,,chingola,https://www.zambiayp.com/company/5340/Ray_Mordt_Hydraulics_z_Ltd,zambiayp.com
Rekay's Farming And Building Supplies Ltd,"1866 Kwacha St, Town Centre, P.O.Box 10836, Chingola, Zambia",,,chingola,https://www.zambiayp.com/company/5387/Rekays_Farming_And_Building_Supplies_Ltd,zambiayp.com
Sibembo Enterprises Ltd,"Plot 545 Station Rd Mwaiseni, P.O.Box 11773, Chingola, Zambia",,,chingola,https://www.zambiayp.com/company/5913/Sibembo_Enterprises_Ltd,zambiayp.com
Suria Industries Limited,"P.O.Box 10687, Chingola, Zambia",,,chingola,https://www.zambiayp.com/company/4548/Suria_Industries_Limited,zambiayp.com
Vinue Craft,"Kabundi Rd, Chingola Central, P.O.Box 10591, Zambia",,,chingola,https://www.zambiayp.com/company/6872/Vinue_Craft,zambiayp.com
Zalawi Haulage Ltd,"620 Zimbabwe Rd, Industrial Area, P.O.Box 11087, Chingola, Zambia",,,chingola,https://www.zambiayp.com/company/4764/Zalawi_Haulage_Ltd,zambiayp.com
C Stubbs Chemist,"Chingola, Zambia",,,chingola,https://www.zambiayp.com/company/7738/C_Stubbs_Chemist,zambiayp.com
Kazenene Timbers Limited,"P.O.Box 10232, Chingola, Zambia",,,chingola,https://www.zambiayp.com/company/6653/Kazenene_Timbers_Limited,zambiayp.com
Lumpongo Lodge,"Protea Ave, Chingola, Zambia",,,chingola,https://www.zambiayp.com/company/352/Lumpongo_Lodge,zambiayp.com
Milano Opticians,"Shop no 9,The Park mall, Chingola, Zambia",,,chingola,https://www.zambiayp.com/company/17720/Milano_Opticians,zambiayp.com
Night Sight Zambia,"Chingola, Zambia",,,chingola,https://www.zambiayp.com/company/2060/Night_Sight_Zambia,zambiayp.com
Rotex Machine Engineering Ltd,"P.O.Box 11187, Chingola, Zambia",,,chingola,https://www.zambiayp.com/company/3208/Rotex_Machine_Engineering_Ltd,zambiayp.com
The Busy Bee Guest Lodge,"Plot 4156/4157 Chingola Ctr Riverside, P.O.Box 10474, Zambia",,,chingola,https://www.zambiayp.com/company/76/The_Busy_Bee_Guest_Lodge,zambiayp.com
Sacred Heart Convent School,"P.O.Box 10081, Chingola, Zambia",,,chingola,https://www.zambiayp.com/company/2264/Sacred_Heart_Convent_School,zambiayp.com
Silicon Electronics Ltd,"Chingola, Zambia",,,chingola,https://www.zambiayp.com/company/2045/Silicon_Electronics_Ltd,zambiayp.com
Zambeef Products,"Chingola, Zambia",,,chingola,https://www.zambiayp.com/company/3932/Zambeef_Products,zambiayp.com
Atlas Copco Zambia Limited - Head Office,"210 Kabundi Rd Town Centre, P.O.Box 11291, Chingola, Zambia",,,chingola,https://www.zambiayp.com/company/1734/Atlas_Copco_Zambia_LimitedHead_Office,zambiayp.com
Teal (zambia) Limited / Konnoco Zambia Limited,"Plot 655, Zimbabwe Rd, P.O.Box 11215, Chingola, Zambia",,,chingola,https://www.zambiayp.com/company/1370/Teal_zambia_Limited__Konnoco_Zambia_Limited,zambiayp.com
Allen Engineering Limited,"Along Solwezi Road Opposite Tony's Bakery, Chingola, Zambia",,,chingola,https://www.zambiayp.com/company/3216/Allen_Engineering_Limited,zambiayp.com
J L M Recycling Ltd,"Chingola, Zambia",,,chingola,https://www.zambiayp.com/company/6521/J_L_M_Recycling_Ltd,zambiayp.com
Atlas Copco (zambia) Ltd,"Plot 210 Kabundi Rd, P.O.Box 11291, Chingola, Zambia",,,chingola,https://www.zambiayp.com/company/4319/Atlas_Copco_zambia_Ltd,zambiayp.com
ENERGIEN-AUFBAU-LTD. 1968,"STATION ROAD. INDUSTRIAL AREA CHINGOLA, Zambia",,,chingola,https://www.zambiayp.com/company/15582/ENERGIEN_AUFBAU_LTD_1968,zambiayp.com
Frabec Engineering Ltd,"Plot 212, Kabundi Rd, Chingola Central, P.O.Box 11008, Zambia",,,chingola,https://www.zambiayp.com/company/3236/Frabec_Engineering_Ltd,zambiayp.com
K B Davies & Co (z) Ltd,"Chingola, Zambia",,,chingola,https://www.zambiayp.com/company/2577/K_B_Davies_Co_z_Ltd,zambiayp.com
Manica Zambia Ltd,"Chingola, Zambia",,,chingola,https://www.zambiayp.com/company/5746/Manica_Zambia_Ltd,zambiayp.com
MARUNOUCHI MANUFACTURING  DISTRIBUTORS DOWN TOWN MOTORS DIVISION:,"STATION ROAD. HEAVY IND SITES CHINGOLA, Zambia",,,chingola,https://www.zambiayp.com/company/15667/MARUNOUCHI_MANUFACTURING_DISTRIBUTORS_DOWN_TOWN_MOTORS_DIVISION_,zambiayp.com
MATTY AUTO SERVICES,"SOLWEZI ROAD CHINGOLA, Zambia",,,chingola,https://www.zambiayp.com/company/15669/MATTY_AUTO_SERVICES,zambiayp.com
Mining Haulage,"Chingola, Zambia",,,chingola,https://www.zambiayp.com/company/5268/Mining_Haulage,zambiayp.com
Mo Pre-primary School,"Chatulinga Cres Nchanga North, P.O.Box 10493, Chingola, Zambia",,,chingola,https://www.zambiayp.com/company/7476/Mo_Pre_primary_School,zambiayp.com
New Capital Bank Plc Chingola Branch,"P.O.Box 11202, Chingola, Zambia",,,chingola,https://www.zambiayp.com/company/7095/New_Capital_Bank_Plc_Chingola_Branch,zambiayp.com
R M P Engineering Limited,"Station Rd Heavy Ind Area, P.O.Box 11913, Chingola, Zambia",,,chingola,https://www.zambiayp.com/company/5022/R_M_P_Engineering_Limited,zambiayp.com
TAMBA MILLING COMPANY LTD,"DAVID KAUNDA ROAD. INDUSTRIAL AREA CHINGOLA, Zambia",,,chingola,https://www.zambiayp.com/company/15811/TAMBA_MILLING_COMPANY_LTD,zambiayp.com
Tandara Limited,"Plot 314, David Kaunda Rd, Chikola A, P.O.Box 11246, Chingola, Zambia",,,chingola,https://www.zambiayp.com/company/4763/Tandara_Limited,zambiayp.com
The Plush Executive Lodge,"Riverside Dve, Chingola East, P.O.Box 0455, Zambia",,,chingola,https://www.zambiayp.com/company/268/The_Plush_Executive_Lodge,zambiayp.com
T I A C,"KANJARA ROAD CHINGOLA, Zambia",,,chingola,https://www.zambiayp.com/company/15805/T_I_A_C,zambiayp.com
Tops Trading Company Limited,"Katanga Rd, Chiwempala, P.O.Box 10722, Chingola, Zambia",,,chingola,https://www.zambiayp.com/company/6703/Tops_Trading_Company_Limited,zambiayp.com
Toppers Fashions,"Chingola, Zambia",,,chingola,https://www.zambiayp.com/company/7621/Toppers_Fashions,zambiayp.com
Voyagers Travel & Tours / Car Rental,"66 Fourteenth St, P.O.Box 10107, Chingola, Zambia",,,chingola,https://www.zambiayp.com/company/804/Voyagers_Travel_Tours__Car_Rental,zambiayp.com
W J Engineering Limited,"Plot 310, Chiwempala Rd, Chikola A, P.O.Box 10662, Chingola, Zambia",,,chingola,https://www.zambiayp.com/company/6957/W_J_Engineering_Limited,zambiayp.com
Zambezi Snack Bar Ltd,"P.O.Box 10609, Chingola, Zambia",,,chingola,https://www.zambiayp.com/company/641/Zambezi_Snack_Bar_Ltd,zambiayp.com
Zambia Revenue Authority (customs And Excise),"P.O.Box 11217, Chingola, Zambia",,,chingola,https://www.zambiayp.com/company/5779/Zambia_Revenue_Authority_customs_And_Excise,zambiayp.com
Zambia National Building Society,"3 Freedom Ave, Chingola Central, Zambia",,,chingola,https://www.zambiayp.com/company/6440/Zambia_National_Building_Society,zambiayp.com
Z S B Agricultural Supplies Ltd,"Plot 617, Kwacha St, P.O.Box 10609, Chingola, Zambia",,,chingola,https://www.zambiayp.com/company/5444/Z_S_B_Agricultural_Supplies_Ltd,zambiayp.com
A B Autofix Services Ltd,"Chingola, Zambia",,,chingola,https://www.zambiayp.com/company/2683/A_B_Autofix_Services_Ltd,zambiayp.com
A H C Mining Municipal Services,"Chingola, Zambia",,,chingola,https://www.zambiayp.com/company/1389/A_H_C_Mining_Municipal_Services,zambiayp.com
A M I (z) Ltd,"P.O.Box 30131, Chingola, Zambia",,,chingola,https://www.zambiayp.com/company/5742/A_M_I_z_Ltd,zambiayp.com
Anglican Church,"Box 10017, Chingola, Zambia",,,chingola,https://www.zambiayp.com/company/7972/Anglican_Church,zambiayp.com
Apollo Mining Ltd,"P.O.Box 10110, Chingola, Zambia",,,chingola,https://www.zambiayp.com/company/1366/Apollo_Mining_Ltd,zambiayp.com
Associated Fire Service Limited,"Chingola, Zambia",,,chingola,https://www.zambiayp.com/company/2006/Associated_Fire_Service_Limited,zambiayp.com
Athenon Engineering LTD,"Box 10313, Chingola, Zambia",,,chingola,https://www.zambiayp.com/company/12997/Athenon_Engineering_LTD,zambiayp.com
Automotive Clinic(CB)Limited,"Chingola, Zambia",,,chingola,https://www.zambiayp.com/company/14040/Automotive_ClinicCBLimited,zambiayp.com
B And G Engineering Ltd,"Chingola, Zambia",,,chingola,https://www.zambiayp.com/company/4683/B_And_G_Engineering_Ltd,zambiayp.com
Banzgolimu General Dealers LTD,"Box 10809, Chingola, Zambia",,,chingola,https://www.zambiayp.com/company/14103/Banzgolimu_General_Dealers_LTD,zambiayp.com
Banda Dr MB,"Box 10063, , Chingola, Zambia",,,chingola,https://www.zambiayp.com/company/14682/Banda_Dr_MB,zambiayp.com
BANCROFT AUFBAU-CO LTD.,"SENAMA ROAD CHINGOLA, Zambia",,,chingola,https://www.zambiayp.com/company/15533/BANCROFT_AUFBAU_CO_LTD,zambiayp.com
Baptist Church of North Mine Pastor(RES),"Box 10987, Chingola, Zambia",,,chingola,https://www.zambiayp.com/company/7973/Baptist_Church_of_North_Mine_PastorRES,zambiayp.com
Baptist Union Church,"Chingola, Zambia",,,chingola,https://www.zambiayp.com/company/7974/Baptist_Union_Church,zambiayp.com
B C L Import & Export Limited,"Chingola, Zambia",,,chingola,https://www.zambiayp.com/company/5704/B_C_L_Import_Export_Limited,zambiayp.com
B & D Greens Investments Ltd,"P.O.Box 11859, Chingola, Zambia",,,chingola,https://www.zambiayp.com/company/1070/B_D_Greens_Investments_Ltd,zambiayp.com
Benzgolimu General Dealers Ltd,"P.O.Box 10809, Chingola, Zambia",,,chingola,https://www.zambiayp.com/company/3077/Benzgolimu_General_Dealers_Ltd,zambiayp.com
Bethel Chapel Nursery School,"Chingola, Zambia",,,chingola,https://www.zambiayp.com/company/7353/Bethel_Chapel_Nursery_School,zambiayp.com
B & G Engineering LTD,"Chingola, Zambia",,,chingola,https://www.zambiayp.com/company/13663/B_G_Engineering_LTD,zambiayp.com
B H Wholesalers,"P.O.Box 10322, Chingola, Zambia",,,chingola,https://www.zambiayp.com/company/6682/B_H_Wholesalers,zambiayp.com
Big Blue Marble Nursery School,"Chingola, Zambia",,,chingola,https://www.zambiayp.com/company/7362/Big_Blue_Marble_Nursery_School,zambiayp.com
BLC Import & Export Limited,"Chingola, Zambia",,,chingola,https://www.zambiayp.com/company/14407/BLC_Import_Export_Limited,zambiayp.com
B & S Agencies (1976) Ltd,"P.O.Box 10642, Chingola, Zambia",,,chingola,https://www.zambiayp.com/company/3868/B_S_Agencies_1976_Ltd,zambiayp.com
Cartek Body & Spray Ltd,"Chingola, Zambia",,,chingola,https://www.zambiayp.com/company/2540/Cartek_Body_Spray_Ltd,zambiayp.com
Central baptist Church,"Chingola, Zambia",,,chingola,https://www.zambiayp.com/company/7975/Central_baptist_Church,zambiayp.com
Chandika Secretarial,"P.O.Box 10196, Chingola, Zambia",,,chingola,https://www.zambiayp.com/company/2391/Chandika_Secretarial,zambiayp.com
Chady Motor Industries,"Chingola, Zambia",,,chingola,https://www.zambiayp.com/company/2515/Chady_Motor_Industries,zambiayp.com
Chapel Industries Ltd,"P.O.Box 10226, Chingola, Zambia",,,chingola,https://www.zambiayp.com/company/4648/Chapel_Industries_Ltd,zambiayp.com
Checkmate Investments Limited,"Chingola, Zambia",,,chingola,https://www.zambiayp.com/company/1133/Checkmate_Investments_Limited,zambiayp.com
Chingola Hindu Society,"P.O.Box 10687, Chingola, Zambia",,,chingola,https://www.zambiayp.com/company/2255/Chingola_Hindu_Society,zambiayp.com
Chingola Neighbourhood Watch,"P.O.Box 10465, Chingola, Zambia",,,chingola,https://www.zambiayp.com/company/2308/Chingola_Neighbourhood_Watch,zambiayp.com
Chingola Local Produce,"Plot 313, David Kaunda Rd, Chikola A, P.O.Box 10370, Chingola, Zambia",,,chingola,https://www.zambiayp.com/company/2786/Chingola_Local_Produce,zambiayp.com
Chiyangasha General Dealers Ltd,"Chingola, Zambia",,,chingola,https://www.zambiayp.com/company/3078/Chiyangasha_General_Dealers_Ltd,zambiayp.com
Chingola Motel,"Chingola, Zambia",,,chingola,https://www.zambiayp.com/company/3652/Chingola_Motel,zambiayp.com
Chingola (a) Filling Station,"P.O.Box 70371, Chingola, Zambia",,,chingola,https://www.zambiayp.com/company/6244/Chingola_a_Filling_Station,zambiayp.com
Chingola Nursery School,"459 Seventh St, Chingola, Zambia",,,chingola,https://www.zambiayp.com/company/7354/Chingola_Nursery_School,zambiayp.com
Chingola Bible Centre,"Chingola, Zambia",,,chingola,https://www.zambiayp.com/company/7542/Chingola_Bible_Centre,zambiayp.com
Chingola District Business Association,"Chingola, Zambia",,,chingola,https://www.zambiayp.com/company/12789/Chingola_District_Business_Association,zambiayp.com
Chingola(A)Filling Station,"Box 70371, Chingola, Zambia",,,chingola,https://www.zambiayp.com/company/14041/ChingolaAFilling_Station,zambiayp.com
Chingola Campus,"Chingola, Zambia",,,chingola,https://www.zambiayp.com/company/14478/Chingola_Campus,zambiayp.com
Chingola Business Management And Services Ltd,"17 CHANDI ROAD, Chingola, Zambia",,,chingola,https://www.zambiayp.com/company/15380/Chingola_Business_Management_And_Services_Ltd,zambiayp.com
Chingola Furniture Ltd,"KWACHA ST, Chingola, Zambia",,,chingola,https://www.zambiayp.com/company/15421/Chingola_Furniture_Ltd,zambiayp.com
Christian Enterprise Trust Of Zambia (cetzam),"Town Centre, Chingola, Zambia",,,chingola,https://www.zambiayp.com/company/1524/Christian_Enterprise_Trust_Of_Zambia_cetzam,zambiayp.com
Christian Enterprise Trust of Zambia,"Trust Companies, Chingola, Zambia",,,chingola,https://www.zambiayp.com/company/15061/Christian_Enterprise_Trust_of_Zambia,zambiayp.com
Cine World LTD,"Chingola, Zambia",,,chingola,https://www.zambiayp.com/company/13208/Cine_World_LTD,zambiayp.com
Consolidated Tyre Services Ltd,"Chingola, Zambia",,,chingola,https://www.zambiayp.com/company/3302/Consolidated_Tyre_Services_Ltd,zambiayp.com
Conveyor Engineering & Equipment (z) Limited,"Chingola, Zambia",,,chingola,https://www.zambiayp.com/company/6981/Conveyor_Engineering_Equipment_z_Limited,zambiayp.com
Copperbelt Minerals LTD,"Minerals, Chingola, Zambia",,,chingola,https://www.zambiayp.com/company/8319/Copperbelt_Minerals_LTD,zambiayp.com
Covenant Community School,"Chingola, Zambia",,,chingola,https://www.zambiayp.com/company/7438/Covenant_Community_School,zambiayp.com
C T Furnishers Ltd,"1856 Kwacha St, Mimbula, P.O.Box 10802, Chingola, Zambia",,,chingola,https://www.zambiayp.com/company/2797/C_T_Furnishers_Ltd,zambiayp.com
Darmco Gen Eng & Sales Ltd,"Plot 244 Esco Bldg, Solwezi Rd, P.O.Box 10812, Chingola, Zambia",,,chingola,https://www.zambiayp.com/company/3215/Darmco_Gen_Eng_Sales_Ltd,zambiayp.com
DARMCO GENERAL ENGINEERING AND SALES LTD,"SOLWEZI ROAD. LIGHT IND AREA CHINGOLA, Zambia",,,chingola,https://www.zambiayp.com/company/15565/DARMCO_GENERAL_ENGINEERING_AND_SALES_LTD,zambiayp.com
Datta Dhira Dr,"Box 10029, , Chingola, Zambia",,,chingola,https://www.zambiayp.com/company/14683/Datta_Dhira_Dr,zambiayp.com
Datta's Surgery,"Box 10029, , Chingola, Zambia",,,chingola,https://www.zambiayp.com/company/14684/Dattas_Surgery,zambiayp.com
Decent Distributor Limited,"Chingola, Zambia",,,chingola,https://www.zambiayp.com/company/6761/Decent_Distributor_Limited,zambiayp.com
Desbro Enterprises,"P.O.Box 10854, Chingola, Zambia",,,chingola,https://www.zambiayp.com/company/3881/Desbro_Enterprises,zambiayp.com
Devmin Investments,"Chingola, Zambia",,,chingola,https://www.zambiayp.com/company/1216/Devmin_Investments,zambiayp.com
Dhruv Carriers Limited,"Chingola, Zambia",,,chingola,https://www.zambiayp.com/company/4796/Dhruv_Carriers_Limited,zambiayp.com
Digitech Electronics,"Box 11622, Chingola, Zambia",,,chingola,https://www.zambiayp.com/company/13611/Digitech_Electronics,zambiayp.com
Dikamba JM Dr,"Chingola, Zambia",,,chingola,https://www.zambiayp.com/company/14685/Dikamba_JM_Dr,zambiayp.com
Down Town Motors Division Of Marounichi,"P.O.Box 10139, Chingola, Zambia",,,chingola,https://www.zambiayp.com/company/6167/Down_Town_Motors_Division_Of_Marounichi,zambiayp.com
Down Town General Distributors,"Chingola, Zambia",,,chingola,https://www.zambiayp.com/company/6683/Down_Town_General_Distributors,zambiayp.com
Downtown General Distributors,"Wholesale Merchants, Chingola, Zambia",,,chingola,https://www.zambiayp.com/company/15197/Downtown_General_Distributors,zambiayp.com
Early Bird Nursery School,"Chingola, Zambia",,,chingola,https://www.zambiayp.com/company/7367/Early_Bird_Nursery_School,zambiayp.com
Electrifix (z) Ltd,"P.O.Box 10581, Chingola, Zambia",,,chingola,https://www.zambiayp.com/company/5050/Electrifix_z_Ltd,zambiayp.com
E M Building And General Contractors,"P.O.Box 11546, Chingola, Zambia",,,chingola,https://www.zambiayp.com/company/6387/E_M_Building_And_General_Contractors,zambiayp.com
E M Building & General Contractors,"Box 11546, Building Contractors, Chingola, Zambia",,,chingola,https://www.zambiayp.com/company/13032/E_M_Building_General_Contractors,zambiayp.com
Es Co De Engineering Co Ltd,"Light Ind Area, P.O.Box 11220, Chingola, Zambia",,,chingola,https://www.zambiayp.com/company/940/Es_Co_De_Engineering_Co_Ltd,zambiayp.com
Evangelical Church in Zambia,"Box 10749, Chingola, Zambia",,,chingola,https://www.zambiayp.com/company/7976/Evangelical_Church_in_Zambia,zambiayp.com
Fabric Plaza,"Chingola, Zambia",,,chingola,https://www.zambiayp.com/company/13721/Fabric_Plaza,zambiayp.com
Faros Bakery LTD,"Bakers & Confectioners, Chingola, Zambia",,,chingola,https://www.zambiayp.com/company/12891/Faros_Bakery_LTD,zambiayp.com
Fees Timber Merchants Limited,"Chingola, Zambia",,,chingola,https://www.zambiayp.com/company/6661/Fees_Timber_Merchants_Limited,zambiayp.com
Felita Investments,"Chingola, Zambia",,,chingola,https://www.zambiayp.com/company/1132/Felita_Investments,zambiayp.com
FIRE BAPTISED CHURCH,"NATIONAL HQ OFFICE CHINGOLA, Zambia",,,chingola,https://www.zambiayp.com/company/15593/FIRE_BAPTISED_CHURCH,zambiayp.com
Fowl Place Ltd,"626 Kabundi Rd, Chingola East, P.O.Box 10985, Zambia",,,chingola,https://www.zambiayp.com/company/659/Fowl_Place_Ltd,zambiayp.com
FS Musonda Trading LTD-mickey Supermarket,"Box 10508, Chingola, Zambia",,,chingola,https://www.zambiayp.com/company/14104/FS_Musonda_Trading_LTD_mickey_Supermarket,zambiayp.com
G F MOTOR SPARES LTD,"48 KABUNDI ROAD CHINGOLA, Zambia",,,chingola,https://www.zambiayp.com/company/15599/G_F_MOTOR_SPARES_LTD,zambiayp.com
Gleb Investment Limited,"Chingola, Zambia",,,chingola,https://www.zambiayp.com/company/1224/Gleb_Investment_Limited,zambiayp.com
Gora Mining Solution Limited,"Chingola, Zambia",,,chingola,https://www.zambiayp.com/company/4334/Gora_Mining_Solution_Limited,zambiayp.com
Gora Mining Solutions LTD,"Mining, Chingola, Zambia",,,chingola,https://www.zambiayp.com/company/8327/Gora_Mining_Solutions_LTD,zambiayp.com
Gryn Mining Drilling & Engineering,"Chingola, Zambia",,,chingola,https://www.zambiayp.com/company/4335/Gryn_Mining_Drilling_Engineering,zambiayp.com
Gwab Butchery,"Chingola, Zambia",,,chingola,https://www.zambiayp.com/company/13073/Gwab_Butchery,zambiayp.com
Happy Day Nursery School,"Chingola, Zambia",,,chingola,https://www.zambiayp.com/company/7366/Happy_Day_Nursery_School,zambiayp.com
Harmony Investments Ltd,"Chingola, Zambia",,,chingola,https://www.zambiayp.com/company/1215/Harmony_Investments_Ltd,zambiayp.com
Harvest Steel Company Limited,"P.O.Box 10072, Chingola, Zambia",,,chingola,https://www.zambiayp.com/company/7293/Harvest_Steel_Company_Limited,zambiayp.com
Hema Wholesale Ltd,"P.O.Box 10652, Chingola, Zambia",,,chingola,https://www.zambiayp.com/company/6684/Hema_Wholesale_Ltd,zambiayp.com
Hema Wholesale,"Chingola, Zambia",,,chingola,https://www.zambiayp.com/company/6856/Hema_Wholesale,zambiayp.com
Hire Services Ltd,"Chingola, Zambia",,,chingola,https://www.zambiayp.com/company/2016/Hire_Services_Ltd,zambiayp.com
Hodgson Motors Ltd,"P.O.Box 10504, Chingola, Zambia",,,chingola,https://www.zambiayp.com/company/6133/Hodgson_Motors_Ltd,zambiayp.com
H S Electrical Ltd,"P.O.Box 10731, Chingola, Zambia",,,chingola,https://www.zambiayp.com/company/4986/H_S_Electrical_Ltd,zambiayp.com
HS Electrical LTD,"Box 10731, Chingola, Zambia",,,chingola,https://www.zambiayp.com/company/13583/HS_Electrical_LTD,zambiayp.com
Immanuel Congregation,"Chingola, Zambia",,,chingola,https://www.zambiayp.com/company/7977/Immanuel_Congregation,zambiayp.com
Industrial Consortium Exploration Limited,"Chingola, Zambia",,,chingola,https://www.zambiayp.com/company/980/Industrial_Consortium_Exploration_Limited,zambiayp.com
Itakenya Welding & General,"Chingola, Zambia",,,chingola,https://www.zambiayp.com/company/15139/Itakenya_Welding_General,zambiayp.com
Jacaranda Junior School,"P.O.Box 10361, Chingola, Zambia",,,chingola,https://www.zambiayp.com/company/7424/Jacaranda_Junior_School,zambiayp.com
JACK AND JILL NURSERY SCHOOL,"MUKUSHI ROAD CHINGOLA, Zambia",,,chingola,https://www.zambiayp.com/company/15618/JACK_AND_JILL_NURSERY_SCHOOL,zambiayp.com
Jagruti Wholesale,"P.O.Box 10302, Chingola, Zambia",,,chingola,https://www.zambiayp.com/company/6737/Jagruti_Wholesale,zambiayp.com
Jambo Electrical Services,"Chingola, Zambia",,,chingola,https://www.zambiayp.com/company/5016/Jambo_Electrical_Services,zambiayp.com
JLM  Recycling LTD,"Chingola, Zambia",,,chingola,https://www.zambiayp.com/company/14256/JLM_Recycling_LTD,zambiayp.com
Joshi Tm T/a Tops Trading Co,"P.O.Box 10722, Chingola, Zambia",,,chingola,https://www.zambiayp.com/company/2934/Joshi_Tm_Ta_Tops_Trading_Co,zambiayp.com
Kanzatu Enterprises Ltd,"Chingola, Zambia",,,chingola,https://www.zambiayp.com/company/926/Kanzatu_Enterprises_Ltd,zambiayp.com
Kanflex Technical Services Limited,"Chingola, Zambia",,,chingola,https://www.zambiayp.com/company/2422/Kanflex_Technical_Services_Limited,zambiayp.com
Kapisha Development Network,"P.O.Box 10242, Chingola, Zambia",,,chingola,https://www.zambiayp.com/company/4258/Kapisha_Development_Network,zambiayp.com
Kaufman/Kauftec (Zambia) LTD,"Box 11088, , Chingola, Zambia",,,chingola,https://www.zambiayp.com/company/14668/KaufmanKauftec_Zambia_LTD,zambiayp.com
Kazantu Enterprises LTD,"Building Construction, Chingola, Zambia",,,chingola,https://www.zambiayp.com/company/13031/Kazantu_Enterprises_LTD,zambiayp.com
K B Davies & Co Ltd Guest House,"Chingola, Zambia",,,chingola,https://www.zambiayp.com/company/3575/K_B_Davies_Co_Ltd_Guest_House,zambiayp.com
KB Devies & co (Z) LTD,"Chingola, Zambia",,,chingola,https://www.zambiayp.com/company/13690/KB_Devies_co_Z_LTD,zambiayp.com
KB davies & co LTD Guest House,"Chingola, Zambia",,,chingola,https://www.zambiayp.com/company/14222/KB_davies_co_LTD_Guest_House,zambiayp.com
KB Davies & co  (Z) LTD,"Chingola, Zambia",,,chingola,https://www.zambiayp.com/company/14395/KB_Davies_co_Z_LTD,zambiayp.com
Khayalami Household LTD,"Box 10605, Chingola, Zambia",,,chingola,https://www.zambiayp.com/company/14385/Khayalami_Household_LTD,zambiayp.com
Kunda Jemmy Contractors Limited,"Chingola, Zambia",,,chingola,https://www.zambiayp.com/company/6424/Kunda_Jemmy_Contractors_Limited,zambiayp.com
LM Engineering LTD,"Box 10232, Chingola, Zambia",,,chingola,https://www.zambiayp.com/company/13673/LM_Engineering_LTD,zambiayp.com
Loricc Enterprises Limited,"Chingola, Zambia",,,chingola,https://www.zambiayp.com/company/4280/Loricc_Enterprises_Limited,zambiayp.com
Lovivia General Dealers,"Chingola, Zambia",,,chingola,https://www.zambiayp.com/company/3120/Lovivia_General_Dealers,zambiayp.com
Lubuto Pre-school,"Chingola, Zambia",,,chingola,https://www.zambiayp.com/company/7368/Lubuto_Pre_school,zambiayp.com
Lungu Gideon Shadrich Dr,"Chingola, Zambia",,,chingola,https://www.zambiayp.com/company/14686/Lungu_Gideon_Shadrich_Dr,zambiayp.com
Lwenga Internet & Business Centre,"Chingola, Zambia",,,chingola,https://www.zambiayp.com/company/6120/Lwenga_Internet_Business_Centre,zambiayp.com
Madison Insurance Company (zambia) Ltd,"Chilolo Bldg, Mulemena Rd, Chingola, Zambia",,,chingola,https://www.zambiayp.com/company/5845/Madison_Insurance_Company_zambia_Ltd,zambiayp.com
Madison Insurance Company (Z) LTD,"Chingola, Zambia",,,chingola,https://www.zambiayp.com/company/14492/Madison_Insurance_Company_Z_LTD,zambiayp.com
MAHAGAONKAR HEMANT,"11 OPPENHEIMER CHINGOLA, Zambia",,,chingola,https://www.zambiayp.com/company/15664/MAHAGAONKAR_HEMANT,zambiayp.com
Mangal Mining Ltd,"Chingola, Zambia",,,chingola,https://www.zambiayp.com/company/1390/Mangal_Mining_Ltd,zambiayp.com
Mandi Craft And African Kitchen,"Kabundi Rd, Chingola Central, P.O.Box 10624, Zambia",,,chingola,https://www.zambiayp.com/company/6886/Mandi_Craft_And_African_Kitchen,zambiayp.com
Marist Brothers,"P.O.Box 11439, Chingola, Zambia",,,chingola,https://www.zambiayp.com/company/2267/Marist_Brothers,zambiayp.com
Marunouchi Manufacturing & Distributors Co Ltd,"Chingola, Zambia",,,chingola,https://www.zambiayp.com/company/3950/Marunouchi_Manufacturing_Distributors_Co_Ltd,zambiayp.com
Marunouchi Manufacturing Co LTD,"Manufacturers & Distributors, Chingola, Zambia",,,chingola,https://www.zambiayp.com/company/14657/Marunouchi_Manufacturing_Co_LTD,zambiayp.com
Master Drilling (z) Ltd,"P.O.Box 10443, Chingola, Zambia",,,chingola,https://www.zambiayp.com/company/6936/Master_Drilling_z_Ltd,zambiayp.com
Matty Investment LTD,"Box 10625, Chingola, Zambia",,,chingola,https://www.zambiayp.com/company/12972/Matty_Investment_LTD,zambiayp.com
Maureen Trading Ltd,"P.O.Box 10504, Chingola, Zambia",,,chingola,https://www.zambiayp.com/company/2869/Maureen_Trading_Ltd,zambiayp.com
Mbomena Rm General Electrical Repairs Ltd,"P.O.Box 11847, Chingola, Zambia",,,chingola,https://www.zambiayp.com/company/5006/Mbomena_Rm_General_Electrical_Repairs_Ltd,zambiayp.com
Meanwood Finance Corp Limited,"Chingola, Zambia",,,chingola,https://www.zambiayp.com/company/1023/Meanwood_Finance_Corp_Limited,zambiayp.com
Meconah Investments,"Chingola, Zambia",,,chingola,https://www.zambiayp.com/company/1223/Meconah_Investments,zambiayp.com
Mechrite Car Hire Ltd,"Chingola, Zambia",,,chingola,https://www.zambiayp.com/company/1615/Mechrite_Car_Hire_Ltd,zambiayp.com
Merryvale Properties Ltd,"Chingola, Zambia",,,chingola,https://www.zambiayp.com/company/6018/Merryvale_Properties_Ltd,zambiayp.com
Mercy Drug Store,"Chingola, Zambia",,,chingola,https://www.zambiayp.com/company/7771/Mercy_Drug_Store,zambiayp.com
Mets Engineering & Technical Services Ltd,"Chingola, Zambia",,,chingola,https://www.zambiayp.com/company/3260/Mets_Engineering_Technical_Services_Ltd,zambiayp.com
Microfin,"House No. 43 3rd Street Nchanga, Chingola, Zambia",,,chingola,https://www.zambiayp.com/company/1031/Microfin,zambiayp.com
Mochi Dr M Arvind,"Box 10888, , Chingola, Zambia",,,chingola,https://www.zambiayp.com/company/14687/Mochi_Dr_M_Arvind,zambiayp.com
Mona Lisa Pizzaria Takeaway,"Chingola, Zambia",,,chingola,https://www.zambiayp.com/company/527/Mona_Lisa_Pizzaria_Takeaway,zambiayp.com
Motor Vehicle,"Chingola, Zambia",,,chingola,https://www.zambiayp.com/company/14258/Motor_Vehicle,zambiayp.com
Mukwa Lodge Limited,"Chingola, Zambia",,,chingola,https://www.zambiayp.com/company/312/Mukwa_Lodge_Limited,zambiayp.com
Mulonga Water And Sewerage Company Limited,"Chingola, Zambia",,,chingola,https://www.zambiayp.com/company/2450/Mulonga_Water_And_Sewerage_Company_Limited,zambiayp.com
Multipro Limited,"Box 10155, Chingola, Zambia",,,chingola,https://www.zambiayp.com/company/13363/Multipro_Limited,zambiayp.com
Munar Insurance Agency,"Town Centre, Chingola, Zambia",,,chingola,https://www.zambiayp.com/company/5709/Munar_Insurance_Agency,zambiayp.com
Musonda SC Dr,"Chingola, Zambia",,,chingola,https://www.zambiayp.com/company/14688/Musonda_SC_Dr,zambiayp.com
MUTENDE WALELO GROCERY,"31 LUAPULA ROAD CHINGOLA, Zambia",,,chingola,https://www.zambiayp.com/company/15704/MUTENDE_WALELO_GROCERY,zambiayp.com
Mwansa Grocery,"Chingola, Zambia",,,chingola,https://www.zambiayp.com/company/6508/Mwansa_Grocery,zambiayp.com
Mwale Ec,"3 Chiwaya St, Chingola, Zambia",,,chingola,https://www.zambiayp.com/company/7672/Mwale_Ec,zambiayp.com
Mwale EC 3,"Chingola, Zambia",,,chingola,https://www.zambiayp.com/company/13231/Mwale_EC_3,zambiayp.com
Nakatindi Basic School,"Kabundi Rd, Chingola East, Zambia",,,chingola,https://www.zambiayp.com/company/7530/Nakatindi_Basic_School,zambiayp.com
National Pension Scheme Authority-napsa,"Clem Bldg, P.O.Box 10324, Chingola, Zambia",,,chingola,https://www.zambiayp.com/company/5982/National_Pension_Scheme_Authority_napsa,zambiayp.com
Natty Auto Garage Pco,"Chingola, Zambia",,,chingola,https://www.zambiayp.com/company/6201/Natty_Auto_Garage_Pco,zambiayp.com
National Union of Miners,"Box 10884, Trade Unions, Chingola, Zambia",,,chingola,https://www.zambiayp.com/company/15004/National_Union_of_Miners,zambiayp.com
Nchanga Hotel,"Plot 208, Kabundi Rd, Chingola Central, P.O.Box 10003, Zambia",,,chingola,https://www.zambiayp.com/company/611/Nchanga_Hotel,zambiayp.com
Nchanga Golf Club,"Box 10387, Chingola, Zambia",,,chingola,https://www.zambiayp.com/company/13273/Nchanga_Golf_Club,zambiayp.com
Nchanga Mine Recreation Club,"Box 10063, Chingola, Zambia",,,chingola,https://www.zambiayp.com/company/13274/Nchanga_Mine_Recreation_Club,zambiayp.com
Nchanga  North Trust hHspital,"Box 10063, Chingola, Zambia",,,chingola,https://www.zambiayp.com/company/14330/Nchanga_North_Trust_hHspital,zambiayp.com
Nchanga Library,"Chingola, Zambia",,,chingola,https://www.zambiayp.com/company/14577/Nchanga_Library,zambiayp.com
N D Enterprises,"P.O.Box 11123, Chingola, Zambia",,,chingola,https://www.zambiayp.com/company/3880/N_D_Enterprises,zambiayp.com
N E I (zambia) Ltd,"P.O.Box 10743, Chingola, Zambia",,,chingola,https://www.zambiayp.com/company/5318/N_E_I_zambia_Ltd,zambiayp.com
Neverland Mining Solutions Ltd,"Chingola, Zambia",,,chingola,https://www.zambiayp.com/company/1417/Neverland_Mining_Solutions_Ltd,zambiayp.com
New Chimpeni Boutique,"SHOP 12 PERMANENT HSE KWACHA ST, Chingola, Zambia",,,chingola,https://www.zambiayp.com/company/15443/New_Chimpeni_Boutique,zambiayp.com
Nuage Mining & General Contractors Limited,"Chingola, Zambia",,,chingola,https://www.zambiayp.com/company/4273/Nuage_Mining_General_Contractors_Limited,zambiayp.com
P & H Minepro Services Ltd,"Chingola, Zambia",,,chingola,https://www.zambiayp.com/company/1384/P_H_Minepro_Services_Ltd,zambiayp.com
Pie City,"Bwafwano Hse, Kwacha St, Chingola, Zambia",,,chingola,https://www.zambiayp.com/company/630/Pie_City,zambiayp.com
Pigott Maskew Ltd,"P.O.Box 11282, Chingola, Zambia",,,chingola,https://www.zambiayp.com/company/2721/Pigott_Maskew_Ltd,zambiayp.com
Pittsburgh Eng Ltd,"Chingola, Zambia",,,chingola,https://www.zambiayp.com/company/3250/Pittsburgh_Eng_Ltd,zambiayp.com
Plywood Manufacturers Ltd,"609 STATION ROAD, Chingola, Zambia",,,chingola,https://www.zambiayp.com/company/15291/Plywood_Manufacturers_Ltd,zambiayp.com
Postnet Zambia Limited,"Chingola, Zambia",,,chingola,https://www.zambiayp.com/company/2205/Postnet_Zambia_Limited,zambiayp.com
PrinceS Bakery LTD,"Bakers & Confectioners, Chingola, Zambia",,,chingola,https://www.zambiayp.com/company/12892/PrinceS_Bakery_LTD,zambiayp.com
Professional Cleaning Services,"P.O.Box 10611, Chingola, Zambia",,,chingola,https://www.zambiayp.com/company/1725/Professional_Cleaning_Services,zambiayp.com
Professional Cleaning service,"Box 10611, Chingola, Zambia",,,chingola,https://www.zambiayp.com/company/13216/Professional_Cleaning_service,zambiayp.com
Railcorm (z) Ltd,"P.O.Box 10020, Chingola, Zambia",,,chingola,https://www.zambiayp.com/company/7037/Railcorm_z_Ltd,zambiayp.com
Rajan Arvind Dr,"Chingola, Zambia",,,chingola,https://www.zambiayp.com/company/14689/Rajan_Arvind_Dr,zambiayp.com
RAJAN ARVIND,"75 MUKUSHI ROAD CHINGOLA, Zambia",,,chingola,https://www.zambiayp.com/company/15752/RAJAN_ARVIND,zambiayp.com
Rama Enterprises Ltd,"P.O.Box 10652, Chingola, Zambia",,,chingola,https://www.zambiayp.com/company/3913/Rama_Enterprises_Ltd,zambiayp.com
Raob Lodge,"P.O.Box 10046, Chingola, Zambia",,,chingola,https://www.zambiayp.com/company/81/Raob_Lodge,zambiayp.com
Raubex Construction Zambia Ltd,"Chingola, Zambia",,,chingola,https://www.zambiayp.com/company/1738/Raubex_Construction_Zambia_Ltd,zambiayp.com
Raymond Hydraulic  (Z) LTD,"Chingola, Zambia",,,chingola,https://www.zambiayp.com/company/14398/Raymond_Hydraulic_Z_LTD,zambiayp.com
Rotex Machine Engineering (1972) Ltd/holt Auto Spares & Accessories Ltd,"DAVID KAUNDA ROAD. INDUSTRIAL AREA, Chingola, Zambia",,,chingola,https://www.zambiayp.com/company/15477/Rotex_Machine_Engineering_1972_Ltdholt_Auto_Spares_Accessories_Ltd,zambiayp.com
Sabadth Investments Limited,"Chingola, Zambia",,,chingola,https://www.zambiayp.com/company/1233/Sabadth_Investments_Limited,zambiayp.com
Sacred Heart Sisters,"P.O.Box 10889, Chingola, Zambia",,,chingola,https://www.zambiayp.com/company/2265/Sacred_Heart_Sisters,zambiayp.com
"Master packing machinery co.,ltd","chembe, Zambia",,,chembe,https://www.zambiayp.com/company/17186/Master_packing_machinery_co_ltd,zambiayp.com
Mibinde Basic,"Box 710454, luapula Province, Chembe, Zambia",,,chembe,https://www.zambiayp.com/company/9876/Mibinde_Basic,zambiayp.com
Loozap Zambia,"102 Nokf Love, Chavuma, Zambia",,,chavuma,https://www.zambiayp.com/company/18330/Loozap_Zambia,zambiayp.com
Chinwandumba,"Box 22, north Western Province, Chavuma, Zambia",,,chavuma,https://www.zambiayp.com/company/10338/Chinwandumba,zambiayp.com
Chiyeke Basic,"Box 3, north Western Province, Chavuma, Zambia",,,chavuma,https://www.zambiayp.com/company/10339/Chiyeke_Basic,zambiayp.com
Kahokola Lower,"Box 49, north Western Province, Chavuma, Zambia",,,chavuma,https://www.zambiayp.com/company/10340/Kahokola_Lower,zambiayp.com
Kakhoma Basic,"Box 87, north Western Province, Chavuma, Zambia",,,chavuma,https://www.zambiayp.com/company/10341/Kakhoma_Basic,zambiayp.com
Kalombo Basic,"Box 49, north Western Province, Chavuma, Zambia",,,chavuma,https://www.zambiayp.com/company/10342/Kalombo_Basic,zambiayp.com
Kambuya Basic,"Box 49, north Western Province, Chavuma, Zambia",,,chavuma,https://www.zambiayp.com/company/10343/Kambuya_Basic,zambiayp.com
Kayinda Basic,"Box 49, north Western Province, Chavuma, Zambia",,,chavuma,https://www.zambiayp.com/company/10344/Kayinda_Basic,zambiayp.com
Lihukwa,"Box 49, north Western Province, Chavuma, Zambia",,,chavuma,https://www.zambiayp.com/company/10345/Lihukwa,zambiayp.com
Lingelingenda,"Box 49, north Western Province, Chavuma, Zambia",,,chavuma,https://www.zambiayp.com/company/10347/Lingelingenda,zambiayp.com
Lingundu Basic,"Box 49, north Western Province, Chavuma, Zambia",,,chavuma,https://www.zambiayp.com/company/10348/Lingundu_Basic,zambiayp.com
Lukolwe Basic,"Box 48, north Western Province, Chavuma, Zambia",,,chavuma,https://www.zambiayp.com/company/10350/Lukolwe_Basic,zambiayp.com
Luzu Basic,"Box 49, north Western Province, Chavuma, Zambia",,,chavuma,https://www.zambiayp.com/company/10351/Luzu_Basic,zambiayp.com
Mandalo Basic,"Box 49, north Western Province, Chavuma, Zambia",,,chavuma,https://www.zambiayp.com/company/10352/Mandalo_Basic,zambiayp.com
Mavili Lower Basic,"Box 49, north Western Province, Chavuma, Zambia",,,chavuma,https://www.zambiayp.com/company/10353/Mavili_Lower_Basic,zambiayp.com
Mbalango Basic,"Box 49, north Western Province, Chavuma, Zambia",,,chavuma,https://www.zambiayp.com/company/10354/Mbalango_Basic,zambiayp.com
Moses Luneta,"Box 49, north Western Province, Chavuma, Zambia",,,chavuma,https://www.zambiayp.com/company/10355/Moses_Luneta,zambiayp.com
Mukelangombe,"Box 78, north Western Province, Chavuma, Zambia",,,chavuma,https://www.zambiayp.com/company/10356/Mukelangombe,zambiayp.com
Mukhuku Basic,"Box 49, north Western Province, Chavuma, Zambia",,,chavuma,https://www.zambiayp.com/company/10357/Mukhuku_Basic,zambiayp.com
Musunga Basic,"Box 49, north Western Province, Chavuma, Zambia",,,chavuma,https://www.zambiayp.com/company/10358/Musunga_Basic,zambiayp.com
Nguvu Basic,"Box 49, north Western Province, Chavuma, Zambia",,,chavuma,https://www.zambiayp.com/company/10359/Nguvu_Basic,zambiayp.com
Nyanthanda Basic,"Box 49, north Western Province, Chavuma, Zambia",,,chavuma,https://www.zambiayp.com/company/10360/Nyanthanda_Basic,zambiayp.com
Sanjongo Basic,"Box 98, north Western Province, Chavuma, Zambia",,,chavuma,https://www.zambiayp.com/company/10361/Sanjongo_Basic,zambiayp.com
Sewe Basic,"Box 49, north Western Province, Chavuma, Zambia",,,chavuma,https://www.zambiayp.com/company/10362/Sewe_Basic,zambiayp.com
Nsanje Hills Training Institute,"Farm 669/50 off Mumbwa road, Chilanga, Zambia",,,chilanga,https://www.zambiayp.com/company/19170/Nsanje_Hills_Training_Institute,zambiayp.com
National Milling Co Ltd,"Lilayi Road, Chilanga, Zambia",,,chilanga,https://www.zambiayp.com/company/1332/National_Milling_Co_Ltd,zambiayp.com
Sanctuary Of The Blood Of Jesus Church SOTBOJ,"Plot 14/17 Linda Compound, Lusaka Zambia, Chilanga",,,chilanga,https://www.zambiayp.com/company/17718/Sanctuary_Of_The_Blood_Of_Jesus_Church_SOTBOJ,zambiayp.com
Zambia Institute of Management,"Chilanga Campus PO Box 31735, Zambia",,,chilanga,https://www.zambiayp.com/company/14435/Zambia_Institute_of_Management,zambiayp.com
Sally auto,"Private Bag 21 Kasungu, Chilanga, Zambia",,,chilanga,https://www.zambiayp.com/company/17928/sally_auto,zambiayp.com
Chilanga Cement Plc,"P.O.Box 32639, Chilanga, Zambia",,,chilanga,https://www.zambiayp.com/company/3719/Chilanga_Cement_Plc,zambiayp.com
Tap (zambia) Limited,"Off Kafue Rd, P.O.Box 31522, Chilanga, Zambia",,,chilanga,https://www.zambiayp.com/company/4182/Tap_zambia_Limited,zambiayp.com
Anina's Executive Lodge,"Plot 29B Lilayi Road, Lilayi, P.O. Box: 50987, Chilanga, Zambia",,,chilanga,https://www.zambiayp.com/company/261/Aninas_Executive_Lodge,zambiayp.com
Pilates with a View,"Farm 38A, P.O. Box: 350043, Chilanga, Zambia",,,chilanga,https://www.zambiayp.com/company/16931/Pilates_with_a_View,zambiayp.com
Chilanga Cement Plc,"P.O.Box 89, Chilanga, Zambia",,,chilanga,https://www.zambiayp.com/company/4151/Chilanga_Cement_Plc,zambiayp.com
La Farge Cement,"Kafue Rd, P.O.Box 32639, Chilanga, Zambia",,,chilanga,https://www.zambiayp.com/company/3716/La_Farge_Cement,zambiayp.com
T A P Building Products Ltd,"Kafue Rd, P.O.Box 31522, Chilanga, Zambia",,,chilanga,https://www.zambiayp.com/company/5379/T_A_P_Building_Products_Ltd,zambiayp.com
Indo - Zambia Bank Limited,"Chilanga, Zambia",,,chilanga,https://www.zambiayp.com/company/7085/IndoZambia_Bank_Limited,zambiayp.com
La Farge Cement (z),"Chilanga, Zambia",,,chilanga,https://www.zambiayp.com/company/3765/La_Farge_Cement_z,zambiayp.com
Zambia National Commercial Bank Ltd,"P.O.Box 33611, Chilanga, Zambia",,,chilanga,https://www.zambiayp.com/company/7180/Zambia_National_Commercial_Bank_Ltd,zambiayp.com
Chilanga Lodge,"Chilanga, Zambia",,,chilanga,https://www.zambiayp.com/company/541/Chilanga_Lodge,zambiayp.com
Chilanga Service Station,"Chilanga, Zambia",,,chilanga,https://www.zambiayp.com/company/6176/Chilanga_Service_Station,zambiayp.com
Chilanga Millenium 2000 Bar,"Chilanga, Zambia",,,chilanga,https://www.zambiayp.com/company/12877/Chilanga_Millenium_2000_Bar,zambiayp.com
Chilanga Bazaar,"Box 834, Chilanga, Zambia",,,chilanga,https://www.zambiayp.com/company/14102/Chilanga_Bazaar,zambiayp.com
Christian Marching Church,"Chilanga, Zambia",,,chilanga,https://www.zambiayp.com/company/7969/Christian_Marching_Church,zambiayp.com
Dupas Butchery LTD,"Chilanga, Zambia",,,chilanga,https://www.zambiayp.com/company/13072/Dupas_Butchery_LTD,zambiayp.com
Ediley's Enterprise,"Chilanga, Zambia",,,chilanga,https://www.zambiayp.com/company/3872/Edileys_Enterprise,zambiayp.com
FAO Farms Project,"Chilanga, Zambia",,,chilanga,https://www.zambiayp.com/company/13734/FAO_Farms_Project,zambiayp.com
F A O Fisheries,"Chilanga, Zambia",,,chilanga,https://www.zambiayp.com/company/13912/F_A_O_Fisheries,zambiayp.com
Farming Systems Association of Zambia,"Chilanga, Zambia",,,chilanga,https://www.zambiayp.com/company/12788/Farming_Systems_Association_of_Zambia,zambiayp.com
Food Crop Diversification Programme,"Chilanga, Zambia",,,chilanga,https://www.zambiayp.com/company/5473/Food_Crop_Diversification_Programme,zambiayp.com
Hendum Exports Ltd,"Chilanga, Zambia",,,chilanga,https://www.zambiayp.com/company/5644/Hendum_Exports_Ltd,zambiayp.com
Holly Mining Services Ltd,"Chilanga, Zambia",,,chilanga,https://www.zambiayp.com/company/2131/Holly_Mining_Services_Ltd,zambiayp.com
Kula-manga Construction & Maintenance,"Chilanga, Zambia",,,chilanga,https://www.zambiayp.com/company/7034/Kula_manga_Construction_Maintenance,zambiayp.com
Kula-Manga Construction,"Chilanga, Zambia",,,chilanga,https://www.zambiayp.com/company/14645/Kula_Manga_Construction,zambiayp.com
Meat Zone,"Chilanga, Zambia",,,chilanga,https://www.zambiayp.com/company/3945/Meat_Zone,zambiayp.com
Muyeko Farm,"Chilanga, Zambia",,,chilanga,https://www.zambiayp.com/company/13735/Muyeko_Farm,zambiayp.com
Nangweshi Farms LTD,"Chilanga, Zambia",,,chilanga,https://www.zambiayp.com/company/13736/Nangweshi_Farms_LTD,zambiayp.com
NATIONAL COUNCIL FOR SCIENTIFIC RESEARCH,"MT MAKULU CHILANGA, Zambia",,,chilanga,https://www.zambiayp.com/company/15710/NATIONAL_COUNCIL_FOR_SCIENTIFIC_RESEARCH,zambiayp.com
Satrone Digitech Investments,"Chilanga, Zambia",,,chilanga,https://www.zambiayp.com/company/5123/Satrone_Digitech_Investments,zambiayp.com
Sianangama Dr Pharaoh C,"Chilanga, Zambia",,,chilanga,https://www.zambiayp.com/company/14680/Sianangama_Dr_Pharaoh_C,zambiayp.com
Sisters Of St Charles Barromed,"Chilanga, Zambia",,,chilanga,https://www.zambiayp.com/company/2237/Sisters_Of_St_Charles_Barromed,zambiayp.com
Specialised Systems Ltd,"Chilanga, Zambia",,,chilanga,https://www.zambiayp.com/company/4869/Specialised_Systems_Ltd,zambiayp.com
S S Mulenga Trade Investments Ltd,"P.O.Box 35668, Chilanga, Zambia",,,chilanga,https://www.zambiayp.com/company/1057/S_S_Mulenga_Trade_Investments_Ltd,zambiayp.com
St mary's Catholic Church,"Chilanga, Zambia",,,chilanga,https://www.zambiayp.com/company/7970/St_marys_Catholic_Church,zambiayp.com
Supa Tyre Ltd,"Chilanga, Zambia",,,chilanga,https://www.zambiayp.com/company/3314/Supa_Tyre_Ltd,zambiayp.com
Tap Building Products,"Chilanga, Zambia",,,chilanga,https://www.zambiayp.com/company/5388/Tap_Building_Products,zambiayp.com
Thandiwe Farms Co Ltd,"Chilanga, Zambia",,,chilanga,https://www.zambiayp.com/company/5469/Thandiwe_Farms_Co_Ltd,zambiayp.com
Turners Asbestos Products,"Chilanga, Zambia",,,chilanga,https://www.zambiayp.com/company/1373/Turners_Asbestos_Products,zambiayp.com
UCZ chilanga Congregation,"Chilanga, Zambia",,,chilanga,https://www.zambiayp.com/company/13386/UCZ_chilanga_Congregation,zambiayp.com
World Bank Fisheries Development Project,"Chilanga, Zambia",,,chilanga,https://www.zambiayp.com/company/7069/World_Bank_Fisheries_Development_Project,zambiayp.com
Zambia TelecommunicationC ompany LTD,"Chilanga, Zambia",,,chilanga,https://www.zambiayp.com/company/13316/Zambia_TelecommunicationC_ompany_LTD,zambiayp.com
Zambia Council for the Handicapped,"Chilanga, Zambia",,,chilanga,https://www.zambiayp.com/company/15145/Zambia_Council_for_the_Handicapped,zambiayp.com
Zambia World-life Association,"Chilanga, Zambia",,,chilanga,https://www.zambiayp.com/company/15212/Zambia_World_life_Association,zambiayp.com
Zambia World-life Authority,"Chilanga, Zambia",,,chilanga,https://www.zambiayp.com/company/15213/Zambia_World_life_Authority,zambiayp.com
Sunshine Seedlings,"Farm 1084, Great North Road, Chisamba, Zambia",,,chisamba,https://www.zambiayp.com/company/313/Sunshine_Seedlings,zambiayp.com
HTC ZAMBIA,"Great North Road 634A, Frangilla, Chisamba, Zambia",,,chisamba,https://www.zambiayp.com/company/16459/HTC_ZAMBIA,zambiayp.com
Protea Hotel Chisamba Safari Lodge,"Plot 1887 Kamaila Road, Chisamba, Zambia",,,chisamba,https://www.zambiayp.com/company/87/Protea_Hotel_Chisamba_Safari_Lodge,zambiayp.com
Fringilla Farm Lodge,"Great North Road, P.O. Box: 1, Chisamba, Zambia",,,chisamba,https://www.zambiayp.com/company/16567/Fringilla_Farm_Lodge,zambiayp.com
Fringilla Farm,"Great North Road, P.O. Box: 1, Chisamba, Zambia",,,chisamba,https://www.zambiayp.com/company/16996/Fringilla_Farm,zambiayp.com
Hortil Limited,"P.O.Box 2, Chisamba, Zambia",,,chisamba,https://www.zambiayp.com/company/4057/Hortil_Limited,zambiayp.com
Calves Ltd,"P.O.Box 50223, Chisamba, Zambia",,,chisamba,https://www.zambiayp.com/company/880/Calves_Ltd,zambiayp.com
FRINGILLA BUTCHERY,"GREAT NORTH ROAD CHISAMBA, Zambia",,,chisamba,https://www.zambiayp.com/company/15597/FRINGILLA_BUTCHERY,zambiayp.com
Ibis Garden / Tuskers,"Chisamba, Zambia",,,chisamba,https://www.zambiayp.com/company/190/Ibis_Garden__Tuskers,zambiayp.com
Alense Agricultural Co Ltd,"Chisamba, Zambia",,,chisamba,https://www.zambiayp.com/company/883/Alense_Agricultural_Co_Ltd,zambiayp.com
Chisamba Catholic Church,"Chisamba, Zambia",,,chisamba,https://www.zambiayp.com/company/7993/Chisamba_Catholic_Church,zambiayp.com
Chisamba Station Farm LTD,"Chisamba, Zambia",,,chisamba,https://www.zambiayp.com/company/13740/Chisamba_Station_Farm_LTD,zambiayp.com
Chisamba Curry House,"Chisamba, Zambia",,,chisamba,https://www.zambiayp.com/company/14935/Chisamba_Curry_House,zambiayp.com
Huntley Take Away,"Chisamba, Zambia",,,chisamba,https://www.zambiayp.com/company/14936/Huntley_Take_Away,zambiayp.com
Kembe Tannery,"Chisamba, Zambia",,,chisamba,https://www.zambiayp.com/company/14948/Kembe_Tannery,zambiayp.com
Lloyds Service Station,"Chisamba, Zambia",,,chisamba,https://www.zambiayp.com/company/14042/Lloyds_Service_Station,zambiayp.com
Mkuyu Farm LTD,"Box 35170, , Chisamba, Zambia",,,chisamba,https://www.zambiayp.com/company/13837/Mkuyu_Farm_LTD,zambiayp.com
Mwanawasa Patrick T/A Ntenga Stores,"Box 28, Chisamba, Zambia",,,chisamba,https://www.zambiayp.com/company/14111/Mwanawasa_Patrick_TA_Ntenga_Stores,zambiayp.com
Nkhata Paul C Dr,"Chisamba, Zambia",,,chisamba,https://www.zambiayp.com/company/14695/Nkhata_Paul_C_Dr,zambiayp.com
Zambia Postal Service,"P.O.Box 52, Chisamba, Zambia",,,chisamba,https://www.zambiayp.com/company/2164/Zambia_Postal_Service,zambiayp.com
Zambia Telecommunications Company Ltd (exchange),"P.O.Box 39, Chisamba, Zambia",,,chisamba,https://www.zambiayp.com/company/4855/Zambia_Telecommunications_Company_Ltd_exchange,zambiayp.com
Zambia Telecommunication Company LTD(exchange),"Box 39, Chisamba, Zambia",,,chisamba,https://www.zambiayp.com/company/13319/Zambia_Telecommunication_Company_LTDexchange,zambiayp.com
Chabusha Basic,"Box 820082, Central Province, Chisamba, Zambia",,,chisamba,https://www.zambiayp.com/company/8367/Chabusha_Basic,zambiayp.com
Chamuka,"Box 820053, Central Province, Chisamba, Zambia",,,chisamba,https://www.zambiayp.com/company/8368/Chamuka,zambiayp.com
Chipembi,"Box 820038, Central Province, Chisamba, Zambia",,,chisamba,https://www.zambiayp.com/company/8370/Chipembi,zambiayp.com
Chisamba Nasic,"Box 820003, Central Province, Chisamba, Zambia",,,chisamba,https://www.zambiayp.com/company/8371/Chisamba_Nasic,zambiayp.com
Kalangwa,"Box 820009, Central Province, Chisamba, Zambia",,,chisamba,https://www.zambiayp.com/company/8377/Kalangwa,zambiayp.com
Kamano,"Box 820051, Central Province, Chisamba, Zambia",,,chisamba,https://www.zambiayp.com/company/8379/Kamano,zambiayp.com
Kampekete,"Box 35, central Province, Chisamba, Zambia",,,chisamba,https://www.zambiayp.com/company/8380/Kampekete,zambiayp.com
Kaputi,"Box 820062, central Province, Chisamba, Zambia",,,chisamba,https://www.zambiayp.com/company/8382/Kaputi,zambiayp.com
Kasamba,"Box 80246, central Province, Chisamba, Zambia",,,chisamba,https://www.zambiayp.com/company/8383/Kasamba,zambiayp.com
Momboshi,"Box 820033, central Province, Chisamba, Zambia",,,chisamba,https://www.zambiayp.com/company/8390/Momboshi,zambiayp.com
Moombe Primary,"Box 820074, central Province, Chisamba, Zambia",,,chisamba,https://www.zambiayp.com/company/8391/Moombe_Primary,zambiayp.com
Munano Primary,"Box 820083, central Province, Chisamba, Zambia",,,chisamba,https://www.zambiayp.com/company/8393/Munano_Primary,zambiayp.com
Mwantanya,"Box 820053, Central Province, Chisamba, Zambia",,,chisamba,https://www.zambiayp.com/company/12621/Mwantanya,zambiayp.com
Mweemba School,"Box 820021, central Province, Chisamba, Zambia",,,chisamba,https://www.zambiayp.com/company/8401/Mweemba_School,zambiayp.com
Nalufwi,"Box 4, central Province, Chisamba, Zambia",,,chisamba,https://www.zambiayp.com/company/8402/Nalufwi,zambiayp.com
Nkongolo,"Box 820006, central Province, Chisamba, Zambia",,,chisamba,https://www.zambiayp.com/company/8403/Nkongolo,zambiayp.com
Eco Computers,"Shop No. 4 Neo Park Shopping Complex, Choma, Zambia",,,choma,https://www.zambiayp.com/company/18096/Eco_Computers,zambiayp.com
GreySoft Technology,"Plot 98, Choma - Zambia",,,choma,https://www.zambiayp.com/company/17768/GreySoft_Technology,zambiayp.com
Kozo Lodge Choma,"Livingstone Road, P.O. Box: 630817, Choma, Zambia",,,choma,https://www.zambiayp.com/company/16579/Kozo_Lodge_Choma,zambiayp.com
Salem Real Estate and Properties,"Stand number 674A matepeta Street shampande , Choma, Zambia",,,choma,https://www.zambiayp.com/company/18847/Salem_Real_Estate_and_Properties,zambiayp.com
Choma trades Training Institute,"Box 630001, Choma, Zambia",,,choma,https://www.zambiayp.com/company/14436/Choma_Trades_Training_Institute,zambiayp.com
ENLITEN LTD,"394 Livingstone road , Choma, Zambia",,,choma,https://www.zambiayp.com/company/18807/ENLITEN_LTD,zambiayp.com
St Marks,"Box 2, southern Province, Choma, Zambia",,,choma,https://www.zambiayp.com/company/12559/St_Marks,zambiayp.com
Choma Chemist Ltd,"79a/A Livingstone Road (Chobro masaka), Choma, Zambia",,,choma,https://www.zambiayp.com/company/16232/Choma_Chemist_Ltd,zambiayp.com
Southern Water & Sewerage Company Limited,"P.O.Box 630617, Choma, Zambia",,,choma,https://www.zambiayp.com/company/2445/Southern_Water_Sewerage_Company_Limited,zambiayp.com
Spar Choma,"Stand 38 Livingstone road , Choma, Zambia",,,choma,https://www.zambiayp.com/company/3526/Spar_Choma,zambiayp.com
Gateway Christian School,"Plot 1187 Showgrounds , Choma, Zambia",,,choma,https://www.zambiayp.com/company/19198/Gateway_Christian_School,zambiayp.com
Choma Secondary,"Box 630139, Southern Province, Choma, Zambia",,,choma,https://www.zambiayp.com/company/12553/Choma_Secondary,zambiayp.com
Masuku Secondary,"Box 630583, Southern Province, Choma, Zambia",,,choma,https://www.zambiayp.com/company/12554/Masuku_Secondary,zambiayp.com
Seedco Zambia Limited,"Plot 4047, Livingstone Rd, P.O.Box 630184, Choma, Zambia",,,choma,https://www.zambiayp.com/company/4608/Seedco_Zambia_Limited,zambiayp.com
Dunavant (z) Ltd,"Plot 268, Singani Rd, P.O.Box 630192, Choma, Zambia",,,choma,https://www.zambiayp.com/company/4136/Dunavant_z_Ltd,zambiayp.com
Maamba Mine Basic,"Box 21 Maamba, Southern Province, Choma, Zambia",,,choma,https://www.zambiayp.com/company/11991/Maamba_Mine_Basic,zambiayp.com
Mukasa Seminary,"Box 630195, Southern Province, Choma, Zambia",,,choma,https://www.zambiayp.com/company/12555/Mukasa_Seminary,zambiayp.com
Star Butchery,"P.O.Box 630655, Choma, Zambia",,,choma,https://www.zambiayp.com/company/13077/Star_Butchery,zambiayp.com
Njase Girls Sec School,"M11, Choma, Zambia",,,choma,https://www.zambiayp.com/company/7425/Njase_Girls_Sec_School,zambiayp.com
Racheal's Lodge,"Choma, Zambia",,,choma,https://www.zambiayp.com/company/308/Racheals_Lodge,zambiayp.com
Reachel's Lodge,"Choma, Zambia",,,choma,https://www.zambiayp.com/company/14599/Reachels_Lodge,zambiayp.com
Momba Farms Ltd,"10Kms off Livingstone Rd, P.O.Box 630022, Choma, Zambia",,,choma,https://www.zambiayp.com/company/3937/Momba_Farms_Ltd,zambiayp.com
PMB Snacklite,"Choma Museum, Zambia",,,choma,https://www.zambiayp.com/company/16817/PMB_Snacklite,zambiayp.com
Sikalongo,"Box 630502, Southern Province, Choma, Zambia",,,choma,https://www.zambiayp.com/company/12562/Sikalongo,zambiayp.com
Standard Sales Company Limited,"ME46, Livingstone Rd, P.O.Box 630275, Choma, Zambia",,,choma,https://www.zambiayp.com/company/5597/Standard_Sales_Company_Limited,zambiayp.com
Zongwe Fishing Co. Ltd,"P.O.Box 630214, Choma, Zambia",,,choma,https://www.zambiayp.com/company/1037/Zongwe_Fishing_Co_Ltd,zambiayp.com
Njase Girls,"Box 630181, Southern Province, Choma, Zambia",,,choma,https://www.zambiayp.com/company/12556/Njase_Girls,zambiayp.com
Macha Secondary,"Box 630316, southern Province, Choma, Zambia",,,choma,https://www.zambiayp.com/company/12558/Macha_Secondary,zambiayp.com
Riverside Lodge,"Choma, Zambia",,,choma,https://www.zambiayp.com/company/262/Riverside_Lodge,zambiayp.com
Arupee Service Station,"337 Livingstone Rd, P.O.Box 630132, Choma, Zambia",,,choma,https://www.zambiayp.com/company/6196/Arupee_Service_Station,zambiayp.com
Barclays Bank Zambia Plc,"Main Rd, P.O.Box 630018, Choma, Zambia",,,choma,https://www.zambiayp.com/company/7121/Barclays_Bank_Zambia_Plc,zambiayp.com
Beam Insurance Brokers Ltd,"Butala Hse, Pioneer St, P.O.Box 630430, Choma, Zambia",,,choma,https://www.zambiayp.com/company/5818/Beam_Insurance_Brokers_Ltd,zambiayp.com
CHILUMBWE AGRIFEED AND FOODS LTD,"SINGANI ROAD CHOMA, Zambia",,,choma,https://www.zambiayp.com/company/15548/CHILUMBWE_AGRIFEED_AND_FOODS_LTD,zambiayp.com
Choma Garage Ltd,"Choma, Zambia",,,choma,https://www.zambiayp.com/company/6255/Choma_Garage_Ltd,zambiayp.com
Coratom Drilling Company Ltd,"Star Hse, Livingstone Rd, P.O.Box 630534, Choma, Zambia",,,choma,https://www.zambiayp.com/company/6926/Coratom_Drilling_Company_Ltd,zambiayp.com
Fedex,"Emporium next to Barclays Bank Livingstone Rd, Choma, Zambia",,,choma,https://www.zambiayp.com/company/1785/Fedex,zambiayp.com
HARSHAD BAZAARS,"LIVINGSTONE ROAD. TOWN CENTRE CHOMA, Zambia",,,choma,https://www.zambiayp.com/company/15605/HARSHAD_BAZAARS,zambiayp.com
Kara Counselling & Training Trust,"Choma, Zambia",,,choma,https://www.zambiayp.com/company/1718/Kara_Counselling_Training_Trust,zambiayp.com
Microfin,"Hse No. 424 Mochipapa Rd, Choma, Zambia",,,choma,https://www.zambiayp.com/company/1009/Microfin,zambiayp.com
Standard Chartered Bank Zambia Plc,"P.O.Box 630070, Choma, Zambia",,,choma,https://www.zambiayp.com/company/7051/Standard_Chartered_Bank_Zambia_Plc,zambiayp.com
Zambia State Insurance Corporation Limited The,"Butala Hse, Pioneer St, P.O.Box 630443, Choma, Zambia",,,choma,https://www.zambiayp.com/company/1294/Zambia_State_Insurance_Corporation_Limited_The,zambiayp.com
Adastra Basic School,"Choma, Zambia",,,choma,https://www.zambiayp.com/company/7515/Adastra_Basic_School,zambiayp.com
Agro-chemicals Ats Limited,"Choma, Zambia",,,choma,https://www.zambiayp.com/company/5439/Agro_chemicals_Ats_Limited,zambiayp.com
Alex Muloongo T/a M Welding Services & Hardware,"P.O.Box 630085, Choma, Zambia",,,choma,https://www.zambiayp.com/company/6620/Alex_Muloongo_Ta_M_Welding_Services_Hardware,zambiayp.com
Alex Muloongo T/A M welding Service & Hardware,"Box 630085, Choma, Zambia",,,choma,https://www.zambiayp.com/company/14275/Alex_Muloongo_TA_M_welding_Service_Hardware,zambiayp.com
Anpee Down South Filling Station,"Choma, Zambia",,,choma,https://www.zambiayp.com/company/6245/Anpee_Down_South_Filling_Station,zambiayp.com
Anpee Sown South Filling Station,"Choma, Zambia",,,choma,https://www.zambiayp.com/company/14043/Anpee_Sown_South_Filling_Station,zambiayp.com
Antioch Lodge,"Choma, Zambia",,,choma,https://www.zambiayp.com/company/122/Antioch_Lodge,zambiayp.com
Bantu Lodge,"Choma, Zambia",,,choma,https://www.zambiayp.com/company/263/Bantu_Lodge,zambiayp.com
Brethren In Christ Church,"Box 630115, Choma, Zambia",,,choma,https://www.zambiayp.com/company/7994/Brethren_In_Christ_Church,zambiayp.com
Chenga Farm,"Choma, Zambia",,,choma,https://www.zambiayp.com/company/13741/Chenga_Farm,zambiayp.com
Chibuye David Dr,"Choma, Zambia",,,choma,https://www.zambiayp.com/company/14696/Chibuye_David_Dr,zambiayp.com
Choma Lodge,"P.O.Box 630148, Choma, Zambia",,,choma,https://www.zambiayp.com/company/535/Choma_Lodge,zambiayp.com
Choma Diesel Service,"Choma, Zambia",,,choma,https://www.zambiayp.com/company/1863/Choma_Diesel_Service,zambiayp.com
Choma Trading,"P.O.Box 630197, Choma, Zambia",,,choma,https://www.zambiayp.com/company/2832/Choma_Trading,zambiayp.com
Choma Garage & Hardware,"Choma, Zambia",,,choma,https://www.zambiayp.com/company/5329/Choma_Garage_Hardware,zambiayp.com
Choma Satellite Centre,"P.O.Box 630139, Choma, Zambia",,,choma,https://www.zambiayp.com/company/6268/Choma_Satellite_Centre,zambiayp.com
Choma Environmental Conservation,"Choma, Zambia",,,choma,https://www.zambiayp.com/company/6343/Choma_Environmental_Conservation,zambiayp.com
Choma Bakery,"Bakers & Confectioners, Choma, Zambia",,,choma,https://www.zambiayp.com/company/12899/Choma_Bakery,zambiayp.com
Chomil Breweries LTD,"Choma, Zambia",,,choma,https://www.zambiayp.com/company/12999/Chomil_Breweries_LTD,zambiayp.com
Choma Enviromental Conservation,"Choma, Zambia",,,choma,https://www.zambiayp.com/company/13696/Choma_Enviromental_Conservation,zambiayp.com
Chrinovis General Dealers,"Choma, Zambia",,,choma,https://www.zambiayp.com/company/3169/Chrinovis_General_Dealers,zambiayp.com
Clachi Auto Spares,"Choma, Zambia",,,choma,https://www.zambiayp.com/company/2610/Clachi_Auto_Spares,zambiayp.com
Crystal Lodge,"Choma, Zambia",,,choma,https://www.zambiayp.com/company/548/Crystal_Lodge,zambiayp.com
C & Z Tractor Hire Ltd,"Choma, Zambia",,,choma,https://www.zambiayp.com/company/1660/C_Z_Tractor_Hire_Ltd,zambiayp.com
C & Z Tractor Hire Company,"Tractor Hire, Choma, Zambia",,,choma,https://www.zambiayp.com/company/15001/C_Z_Tractor_Hire_Company,zambiayp.com
Delta Prime Butchery,"Box 630183, Choma, Zambia",,,choma,https://www.zambiayp.com/company/13075/Delta_Prime_Butchery,zambiayp.com
District Women's Development,"Choma, Zambia",,,choma,https://www.zambiayp.com/company/15216/District_Womens_Development,zambiayp.com
E-communications Systems,"Choma, Zambia",,,choma,https://www.zambiayp.com/company/4890/E_communications_Systems,zambiayp.com
E-communications Systems (telecentre),"Choma, Zambia",,,choma,https://www.zambiayp.com/company/4894/E_communications_Systems_telecentre,zambiayp.com
E-communication Systems,"Choma, Zambia",,,choma,https://www.zambiayp.com/company/13320/E_communication_Systems,zambiayp.com
Eltmus Lodge,"Choma, Zambia",,,choma,https://www.zambiayp.com/company/568/Eltmus_Lodge,zambiayp.com
Engineering Services Corporation,"P.O.Box 630034, Choma, Zambia",,,choma,https://www.zambiayp.com/company/3222/Engineering_Services_Corporation,zambiayp.com
Faithwood Christian School,"Choma, Zambia",,,choma,https://www.zambiayp.com/company/2290/Faithwood_Christian_School,zambiayp.com
Fedility labour Consultants,"Choma, Zambia",,,choma,https://www.zambiayp.com/company/14555/Fedility_labour_Consultants,zambiayp.com
Fidelity Labour Consultants,"Choma, Zambia",,,choma,https://www.zambiayp.com/company/5950/Fidelity_Labour_Consultants,zambiayp.com
Finance Bank Zambia Ltd,"P.O.Box 630133, Choma, Zambia",,,choma,https://www.zambiayp.com/company/7062/Finance_Bank_Zambia_Ltd,zambiayp.com
Food & Agriculture Organisation,"Choma, Zambia",,,choma,https://www.zambiayp.com/company/5471/Food_Agriculture_Organisation,zambiayp.com
Gan-Gtz Food Relief Programme,"Choma, Zambia",,,choma,https://www.zambiayp.com/company/15151/Gan_Gtz_Food_Relief_Programme,zambiayp.com
Gautam Kumar Jain Dr,"Choma, Zambia",,,choma,https://www.zambiayp.com/company/14697/Gautam_Kumar_Jain_Dr,zambiayp.com
Genesis Chemists,"Choma, Zambia",,,choma,https://www.zambiayp.com/company/7744/Genesis_Chemists,zambiayp.com
Greenbelt Agro & Hardware Centre Ltd,"Choma, Zambia",,,choma,https://www.zambiayp.com/company/6570/Greenbelt_Agro_Hardware_Centre_Ltd,zambiayp.com
Jones Transport,"P.O.Box 630157, Choma, Zambia",,,choma,https://www.zambiayp.com/company/4755/Jones_Transport,zambiayp.com
Kakompe Star Butchery,"Choma, Zambia",,,choma,https://www.zambiayp.com/company/13076/Kakompe_Star_Butchery,zambiayp.com
Kalumgula Fountain Lodge 2,"Choma, Zambia",,,choma,https://www.zambiayp.com/company/309/Kalumgula_Fountain_Lodge_2,zambiayp.com
Kalumgula Fountain Lodge,"Choma, Zambia",,,choma,https://www.zambiayp.com/company/14597/Kalumgula_Fountain_Lodge,zambiayp.com
Kamuboola Lodge,"Livingstone Rd, Choma, Zambia",,,choma,https://www.zambiayp.com/company/338/Kamuboola_Lodge,zambiayp.com
Kara Counselling & Trianing Trust,"Choma, Zambia",,,choma,https://www.zambiayp.com/company/13483/Kara_Counselling_Trianing_Trust,zambiayp.com
Kayi Graphics,"Choma, Zambia",,,choma,https://www.zambiayp.com/company/14220/Kayi_Graphics,zambiayp.com
Kings Centre General Dealers,"P.O.Box 630712, Choma, Zambia",,,choma,https://www.zambiayp.com/company/3122/Kings_Centre_General_Dealers,zambiayp.com
Laxmi Electricals,"P.O.Box 630797, Choma, Zambia",,,choma,https://www.zambiayp.com/company/5008/Laxmi_Electricals,zambiayp.com
Leons Lodge,"Choma, Zambia",,,choma,https://www.zambiayp.com/company/310/Leons_Lodge,zambiayp.com
Macos Farm,"Choma, Zambia",,,choma,https://www.zambiayp.com/company/13742/Macos_Farm,zambiayp.com
Manila Clothing Factory,"P.O.Box 630167, Choma, Zambia",,,choma,https://www.zambiayp.com/company/3726/Manila_Clothing_Factory,zambiayp.com
Mandandiko Wigganson Dr,"Choma, Zambia",,,choma,https://www.zambiayp.com/company/14698/Mandandiko_Wigganson_Dr,zambiayp.com
Masuku Lodge,"P.O.Box 630025, Choma, Zambia",,,choma,https://www.zambiayp.com/company/265/Masuku_Lodge,zambiayp.com
Masuku Terminal Maamba Collieries,"Box 630307, Choma, Zambia",,,choma,https://www.zambiayp.com/company/13297/Masuku_Terminal_Maamba_Collieries,zambiayp.com
Mbuyoti Lodge,"Choma, Zambia",,,choma,https://www.zambiayp.com/company/127/Mbuyoti_Lodge,zambiayp.com
Mbuyoti Oodge,"Choma, Zambia",,,choma,https://www.zambiayp.com/company/14598/Mbuyoti_Oodge,zambiayp.com
Mize Lodge,"Choma, Zambia",,,choma,https://www.zambiayp.com/company/284/Mize_Lodge,zambiayp.com
M K Centre,"Choma, Zambia",,,choma,https://www.zambiayp.com/company/4428/M_K_Centre,zambiayp.com
M & S Builders & Suppliers,"Choma, Zambia",,,choma,https://www.zambiayp.com/company/5393/M_S_Builders_Suppliers,zambiayp.com
Mukasa Convent,"Choma, Zambia",,,choma,https://www.zambiayp.com/company/7995/Mukasa_Convent,zambiayp.com
Munzhi Lodge,"Choma, Zambia",,,choma,https://www.zambiayp.com/company/320/Munzhi_Lodge,zambiayp.com
Mutupa Processing Ltd,"P.O.Box 630265, Choma, Zambia",,,choma,https://www.zambiayp.com/company/3229/Mutupa_Processing_Ltd,zambiayp.com
Nahumba Mission,"Box 630289, Choma, Zambia",,,choma,https://www.zambiayp.com/company/7996/Nahumba_Mission,zambiayp.com
Nampeyo Lodge,"Choma, Zambia",,,choma,https://www.zambiayp.com/company/120/Nampeyo_Lodge,zambiayp.com
National Milling Corporation,"Choma, Zambia",,,choma,https://www.zambiayp.com/company/1341/National_Milling_Corporation,zambiayp.com
Natural Family Planning,"Choma, Zambia",,,choma,https://www.zambiayp.com/company/4363/Natural_Family_Planning,zambiayp.com
Nelly's Lodge,"Choma, Zambia",,,choma,https://www.zambiayp.com/company/123/Nellys_Lodge,zambiayp.com
New Accra Farms,"Choma, Zambia",,,choma,https://www.zambiayp.com/company/13743/New_Accra_Farms,zambiayp.com
Njase Secondary School,"Choma, Zambia",,,choma,https://www.zambiayp.com/company/7552/Njase_Secondary_School,zambiayp.com
N P Stores,"P.O.Box 630792, Choma, Zambia",,,choma,https://www.zambiayp.com/company/2838/N_P_Stores,zambiayp.com
NP Stores,"Box 630792, Choma, Zambia",,,choma,https://www.zambiayp.com/company/14112/NP_Stores,zambiayp.com
Nymann-Jorgensen / Mutumbi Farm,"Choma, Zambia",,,choma,https://www.zambiayp.com/company/13838/Nymann_Jorgensen__Mutumbi_Farm,zambiayp.com
Pannar Seed (z) Ltd,"Choma Main, Zambia",,,choma,https://www.zambiayp.com/company/4612/Pannar_Seed_z_Ltd,zambiayp.com
Pentecostal Assemblies Of God,"Choma, Zambia",,,choma,https://www.zambiayp.com/company/7997/Pentecostal_Assemblies_Of_God,zambiayp.com
Pep Stores,"P.O.Box 34403, Choma, Zambia",,,choma,https://www.zambiayp.com/company/6786/Pep_Stores,zambiayp.com
Pilgrim W Holiness Church H/quarters,"Box 630103, Choma, Zambia",,,choma,https://www.zambiayp.com/company/7998/Pilgrim_W_Holiness_Church_Hquarters,zambiayp.com
Popota Training College,"Box 630351, Choma, Zambia",,,choma,https://www.zambiayp.com/company/14437/Popota_Training_College,zambiayp.com
Prafull Trading Co,"P.O.Box 630792, Choma, Zambia",,,choma,https://www.zambiayp.com/company/2893/Prafull_Trading_Co,zambiayp.com
Pride Zambia,"250 Singani Rd, Choma, Zambia",,,choma,https://www.zambiayp.com/company/1985/Pride_Zambia,zambiayp.com
Radian Stores,"Next to Arupee Filling Station, Choma, Zambia",,,choma,https://www.zambiayp.com/company/2779/Radian_Stores,zambiayp.com
Reeves Enterprises (auto Spares & Electronics),"Choma, Zambia",,,choma,https://www.zambiayp.com/company/2669/Reeves_Enterprises_auto_Spares_Electronics,zambiayp.com
Reeves Enterprises,"Choma, Zambia",,,choma,https://www.zambiayp.com/company/14896/Reeves_Enterprises,zambiayp.com
Rhema Enterprises- Hardware & Contractors,"Choma, Zambia",,,choma,https://www.zambiayp.com/company/6571/Rhema_EnterprisesHardware_Contractors,zambiayp.com
R M Farms,"Choma, Zambia",,,choma,https://www.zambiayp.com/company/13744/R_M_Farms,zambiayp.com
Ruthen Engineering Co Ltd,"P.O.Box 630296, Choma, Zambia",,,choma,https://www.zambiayp.com/company/6959/Ruthen_Engineering_Co_Ltd,zambiayp.com
R V Furniture Limited,"Choma, Zambia",,,choma,https://www.zambiayp.com/company/2806/R_V_Furniture_Limited,zambiayp.com
R V Furnitures Limited,"Choma, Zambia",,,choma,https://www.zambiayp.com/company/2823/R_V_Furnitures_Limited,zambiayp.com
Siba Security Services Ltd,"Choma, Zambia",,,choma,https://www.zambiayp.com/company/2302/Siba_Security_Services_Ltd,zambiayp.com
Sisters of Holy spirit,"Box 630322, Choma, Zambia",,,choma,https://www.zambiayp.com/company/7999/Sisters_of_Holy_spirit,zambiayp.com
Sisters of The Sacred Heart of Mary,"Box 630322, Choma, Zambia",,,choma,https://www.zambiayp.com/company/8000/Sisters_of_The_Sacred_Heart_of_Mary,zambiayp.com
Southern Lodge,"Choma, Zambia",,,choma,https://www.zambiayp.com/company/132/Southern_Lodge,zambiayp.com
Southern Insurance Brokers,"Choma, Zambia",,,choma,https://www.zambiayp.com/company/1276/Southern_Insurance_Brokers,zambiayp.com
Southern Tobacco Growers Association,"Choma, Zambia",,,choma,https://www.zambiayp.com/company/12792/Southern_Tobacco_Growers_Association,zambiayp.com
Southern Water & Sewerage Co,"Box 630617, , Choma, Zambia",,,choma,https://www.zambiayp.com/company/15115/Southern_Water_Sewerage_Co,zambiayp.com
Standard Sales Supermarket,"Choma, Zambia",,,choma,https://www.zambiayp.com/company/3511/Standard_Sales_Supermarket,zambiayp.com
Stancom Tobacco Services (z) Ltd,"P.O.Box 630406, Choma, Zambia",,,choma,https://www.zambiayp.com/company/4121/Stancom_Tobacco_Services_z_Ltd,zambiayp.com
St Mulumba Special School,"P.O.Box 630822, Choma, Zambia",,,choma,https://www.zambiayp.com/company/7538/St_Mulumba_Special_School,zambiayp.com
Struggling Restaurant The,"P.O.Box 630210, Choma, Zambia",,,choma,https://www.zambiayp.com/company/376/Struggling_Restaurant_The,zambiayp.com
Super Store (pco),"Choma, Zambia",,,choma,https://www.zambiayp.com/company/2904/Super_Store_pco,zambiayp.com
Super Store(PCO),"Choma, Zambia",,,choma,https://www.zambiayp.com/company/14113/Super_StorePCO,zambiayp.com
Surya Minerals LTD,"Minerals, Choma, Zambia",,,choma,https://www.zambiayp.com/company/8320/Surya_Minerals_LTD,zambiayp.com
Tortoise Electrical,"Choma, Zambia",,,choma,https://www.zambiayp.com/company/4999/Tortoise_Electrical,zambiayp.com
Town & Country Planning,"P.O.Box 630355, Choma, Zambia",,,choma,https://www.zambiayp.com/company/6368/Town_Country_Planning,zambiayp.com
Tusoleke Store,"Choma, Zambia",,,choma,https://www.zambiayp.com/company/2905/Tusoleke_Store,zambiayp.com
UCZ St Stephene's Songregation,"Choma, Zambia",,,choma,https://www.zambiayp.com/company/13388/UCZ_St_Stephenes_Songregation,zambiayp.com
Ven Hen Auto Spares,"Choma, Zambia",,,choma,https://www.zambiayp.com/company/4707/Ven_Hen_Auto_Spares,zambiayp.com
Wonga School,"Choma, Zambia",,,choma,https://www.zambiayp.com/company/7477/Wonga_School,zambiayp.com
World Vision Zambia Twachiyanda,"Choma, Zambia",,,choma,https://www.zambiayp.com/company/13195/World_Vision_Zambia_Twachiyanda,zambiayp.com
World Vision Zambia Relief,"Choma, Zambia",,,choma,https://www.zambiayp.com/company/15152/World_Vision_Zambia_Relief,zambiayp.com
Yatin Nayee T/a Choma Garage,"Choma, Zambia",,,choma,https://www.zambiayp.com/company/6253/Yatin_Nayee_Ta_Choma_Garage,zambiayp.com
Zambia Weights And Measures Agency,"P.O.Box 630621, Choma, Zambia",,,choma,https://www.zambiayp.com/company/5174/Zambia_Weights_And_Measures_Agency,zambiayp.com
Zambia Education Publishing House,"P.O.Box 630276, Choma, Zambia",,,choma,https://www.zambiayp.com/company/6076/Zambia_Education_Publishing_House,zambiayp.com
Zambia Library Service,"Choma, Zambia",,,choma,https://www.zambiayp.com/company/14578/Zambia_Library_Service,zambiayp.com
Zongwe Fishing Co LTD,"Box 630214, Fishing Companies, Choma, Zambia",,,choma,https://www.zambiayp.com/company/13923/Zongwe_Fishing_Co_LTD,zambiayp.com
Bbombo Primary,"Box 63035, Southern Province, Choma, Zambia",,,choma,https://www.zambiayp.com/company/11498/Bbombo_Primary,zambiayp.com
Bulanda,"Box 630035, Southern Province, Choma, Zambia",,,choma,https://www.zambiayp.com/company/11499/Bulanda,zambiayp.com
Bulyambeba,"Box 630692, Southern Province, Choma, Zambia",,,choma,https://www.zambiayp.com/company/11590/Bulyambeba,zambiayp.com
Chazangwe,"Box 630015, Southern Province, Choma, Zambia",,,choma,https://www.zambiayp.com/company/11463/Chazangwe,zambiayp.com
Chipande,"Box 63035, Southern Province, Choma, Zambia",,,choma,https://www.zambiayp.com/company/11502/Chipande,zambiayp.com
Chikanta,"Box 630713, Southern Province, Choma, Zambia",,,choma,https://www.zambiayp.com/company/11592/Chikanta,zambiayp.com
Chilala P School,"Box 630404, Southern Province, Choma, Zambia",,,choma,https://www.zambiayp.com/company/11593/Chilala_P_School,zambiayp.com
Chibomboma,"Box 622, Southern Province, Choma, Zambia",,,choma,https://www.zambiayp.com/company/11628/Chibomboma,zambiayp.com
Chifusa Basic,"Box 630263, Southern Province, Choma, Zambia",,,choma,https://www.zambiayp.com/company/11629/Chifusa_Basic,zambiayp.com
Chuulu,"Box 630035, Southern Province, Choma, Zambia",,,choma,https://www.zambiayp.com/company/11432/Chuulu,zambiayp.com
Dongo Primary,"Box 630480, Southern Province, Choma, Zambia",,,choma,https://www.zambiayp.com/company/11595/Dongo_Primary,zambiayp.com
Habeenzu,"Box 630035, Southern Province, Choma, Zambia",,,choma,https://www.zambiayp.com/company/11505/Habeenzu,zambiayp.com
Habulile Primary,"Box 630463, Southern Province, Choma, Zambia",,,choma,https://www.zambiayp.com/company/11597/Habulile_Primary,zambiayp.com
Hajamba Primary,"Box 630035, Southern Province, Choma, Zambia",,,choma,https://www.zambiayp.com/company/11506/Hajamba_Primary,zambiayp.com
Halumba Primary,"Box 630009, Southern Province, Choma, Zambia",,,choma,https://www.zambiayp.com/company/11466/Halumba_Primary,zambiayp.com
Hamoonde,"Box 630055, Southern Province, Choma, Zambia",,,choma,https://www.zambiayp.com/company/11467/Hamoonde,zambiayp.com
Hapuya,"Box 620141choma, Southern Province, Zambia",,,choma,https://www.zambiayp.com/company/11599/Hapuya,zambiayp.com
Harmony,"Box 630090, Southern Province, Choma, Zambia",,,choma,https://www.zambiayp.com/company/11507/Harmony,zambiayp.com
Kabulamwanda,"Box, Southern Province, Choma, Zambia",,,choma,https://www.zambiayp.com/company/11925/Kabulamwanda,zambiayp.com
Kalemu Primary,"Box 544, Southern Province, Choma, Zambia",,,choma,https://www.zambiayp.com/company/11601/Kalemu_Primary,zambiayp.com
Kasukwe,"Box 630796, Southern Province, Choma, Zambia",,,choma,https://www.zambiayp.com/company/11602/Kasukwe,zambiayp.com
Kasenga Junior,"3pb 10xc, southern Province, Choma, Zambia",,,choma,https://www.zambiayp.com/company/12585/Kasenga_Junior,zambiayp.com
Kauba,"Box 630035, Southern Province, Choma, Zambia",,,choma,https://www.zambiayp.com/company/11516/Kauba,zambiayp.com
Kazimaulu,"Box 630035, Southern Province, Choma, Zambia",,,choma,https://www.zambiayp.com/company/11517/Kazimaulu,zambiayp.com
Lupata Primary,"Box 630563, Southern Province, Choma, Zambia",,,choma,https://www.zambiayp.com/company/11473/Lupata_Primary,zambiayp.com
Mabwe-atuba,"Box 630340, Southern Province, Choma, Zambia",,,choma,https://www.zambiayp.com/company/11475/Mabwe_atuba,zambiayp.com
Mabombo,"P O Box 630641, Southern Province, Choma, Zambia",,,choma,https://www.zambiayp.com/company/11605/Mabombo,zambiayp.com
Macha Central,"Box 630606, Southern Province, Choma, Zambia",,,choma,https://www.zambiayp.com/company/11476/Macha_Central,zambiayp.com
Macha Mission Prim.,"Postal Agency, Southern Province, Choma, Zambia",,,choma,https://www.zambiayp.com/company/11477/Macha_Mission_Prim,zambiayp.com
Mamvu Lower,"P/b 10xc, Southern Province, Choma, Zambia",,,choma,https://www.zambiayp.com/company/11936/Mamvu_Lower,zambiayp.com
Mangunza,"Box 63007, Southern Province, Choma, Zambia",,,choma,https://www.zambiayp.com/company/11480/Mangunza,zambiayp.com
Masuku Mine Primary,"Box 630219, Southern Province, Choma, Zambia",,,choma,https://www.zambiayp.com/company/11433/Masuku_Mine_Primary,zambiayp.com
Masuku Primary,"Box 630035, Southern Province, Choma, Zambia",,,choma,https://www.zambiayp.com/company/11434/Masuku_Primary,zambiayp.com
Masopo,"Box 630257, Southern Province, Choma, Zambia",,,choma,https://www.zambiayp.com/company/11521/Masopo,zambiayp.com
Maumbwe,"Box 630132, Southern Province, Choma, Zambia",,,choma,https://www.zambiayp.com/company/11639/Maumbwe,zambiayp.com
Mbila Primary,"Box 630437, Southern Province, Choma, Zambia",,,choma,https://www.zambiayp.com/company/11581/Mbila_Primary,zambiayp.com
Mboole Primary,"Box 630297, Southern Province, Choma, Zambia",,,choma,https://www.zambiayp.com/company/11523/Mboole_Primary,zambiayp.com
Moomba M. Basic,"Box 630035, Southern Province, Choma, Zambia",,,choma,https://www.zambiayp.com/company/11435/Moomba_M_Basic,zambiayp.com
Moyo,"Box 630035, Southern Province, Choma, Zambia",,,choma,https://www.zambiayp.com/company/11525/Moyo,zambiayp.com
Muchila Middle Basic,"Box 630300, Southern Province, Choma, Zambia",,,choma,https://www.zambiayp.com/company/11942/Muchila_Middle_Basic,zambiayp.com
Mudukula Primary,"Box 630035, Southern Province, Choma, Zambia",,,choma,https://www.zambiayp.com/company/11526/Mudukula_Primary,zambiayp.com
Mufungu Primary,"Box 630035, Southern Province, Choma, Zambia",,,choma,https://www.zambiayp.com/company/11436/Mufungu_Primary,zambiayp.com
Munyeke Basic,"Box 630363, Southern Province, Choma, Zambia",,,choma,https://www.zambiayp.com/company/11608/Munyeke_Basic,zambiayp.com
Mutandalike,"Box 630575, Southern Province, Choma, Zambia",,,choma,https://www.zambiayp.com/company/11437/Mutandalike,zambiayp.com
Muzoka Primary,"Box 630035, Southern Province, Choma, Zambia",,,choma,https://www.zambiayp.com/company/11530/Muzoka_Primary,zambiayp.com
Mwanacilenga,"Box 630176, Southern Province, Choma, Zambia",,,choma,https://www.zambiayp.com/company/11438/Mwanacilenga,zambiayp.com
Mweebo,"Box 630699, Southern Province, Choma, Zambia",,,choma,https://www.zambiayp.com/company/11609/Mweebo,zambiayp.com
Nachibanga,"Box 630035, Southern Province, Choma, Zambia",,,choma,https://www.zambiayp.com/company/11531/Nachibanga,zambiayp.com
Nahumba B.i.c Sch.,"Box 630289, Southern Province, Choma, Zambia",,,choma,https://www.zambiayp.com/company/11439/Nahumba_Bic_Sch,zambiayp.com
Nakeempa Primary,"Box 630035, Southern Province, Choma, Zambia",,,choma,https://www.zambiayp.com/company/11440/Nakeempa_Primary,zambiayp.com
Nakatala Mid Basic,"Box 630344, Southern Province, Choma, Zambia",,,choma,https://www.zambiayp.com/company/11612/Nakatala_Mid_Basic,zambiayp.com
Nakabanga,"Box 630471, Southern Province, Choma, Zambia",,,choma,https://www.zambiayp.com/company/11682/Nakabanga,zambiayp.com
Nalituba,"Box 650035, Southern Province, Choma, Zambia",,,choma,https://www.zambiayp.com/company/11490/Nalituba,zambiayp.com
Naluja,"Box 630608, Southern Province, Choma, Zambia",,,choma,https://www.zambiayp.com/company/11613/Naluja,zambiayp.com
Namaanza,"Box 630035, Southern Province, Choma, Zambia",,,choma,https://www.zambiayp.com/company/11441/Namaanza,zambiayp.com
Namuswa Priamry,"Box 35, Southern Province, Choma, Zambia",,,choma,https://www.zambiayp.com/company/11442/Namuswa_Priamry,zambiayp.com
Namusonde,"P/b 14xc, Southern Province, Choma, Zambia",,,choma,https://www.zambiayp.com/company/11946/Namusonde,zambiayp.com
Ndema Primary,"Box 660310, Southern Province, Choma, Zambia",,,choma,https://www.zambiayp.com/company/11947/Ndema_Primary,zambiayp.com
New Kachenje,"Box 630220, Southern Province, Choma, Zambia",,,choma,https://www.zambiayp.com/company/11443/New_Kachenje,zambiayp.com
Njezya,"Box 630432, Southern Province, Choma, Zambia",,,choma,https://www.zambiayp.com/company/11649/Njezya,zambiayp.com
Nkomba Primary,"Box 630727, Southern Province, Choma, Zambia",,,choma,https://www.zambiayp.com/company/11949/Nkomba_Primary,zambiayp.com
Omba Middle Basic,"Box 630532, Southern Province, Choma, Zambia",,,choma,https://www.zambiayp.com/company/11618/Omba_Middle_Basic,zambiayp.com
Patasi Primary,"Box 630035, Southern Province, Choma, Zambia",,,choma,https://www.zambiayp.com/company/11444/Patasi_Primary,zambiayp.com
Popota,"Box 630391, Southern Province, Choma, Zambia",,,choma,https://www.zambiayp.com/company/11445/Popota,zambiayp.com
Shampande Basic,"Box 630402, Southern Province, Choma, Zambia",,,choma,https://www.zambiayp.com/company/11446/Shampande_Basic,zambiayp.com
Shambala,"Box 630437, Southern Province, Choma, Zambia",,,choma,https://www.zambiayp.com/company/11587/Shambala,zambiayp.com
Siachonga Primary,"Box 630035, Southern Province, Choma, Zambia",,,choma,https://www.zambiayp.com/company/11447/Siachonga_Primary,zambiayp.com
Siamakando,"Box 630483, Southern Province, Choma, Zambia",,,choma,https://www.zambiayp.com/company/11448/Siamakando,zambiayp.com
Siamaluba Primary,"Box 630035, Southern Province, Choma, Zambia",,,choma,https://www.zambiayp.com/company/11449/Siamaluba_Primary,zambiayp.com
Siamambo,"Box 630448, Southern Province, Choma, Zambia",,,choma,https://www.zambiayp.com/company/11450/Siamambo,zambiayp.com
Siamvula L. Basic,"Box 630035, Southern Province, Choma, Zambia",,,choma,https://www.zambiayp.com/company/11451/Siamvula_L_Basic,zambiayp.com
Siankope,"Box 630035, Southern Province, Choma, Zambia",,,choma,https://www.zambiayp.com/company/11452/Siankope,zambiayp.com
Siabunkululu,"Box 35, Southern Province, Choma, Zambia",,,choma,https://www.zambiayp.com/company/11535/Siabunkululu,zambiayp.com
Siachidinta,"Box 630035, Southern Province, Choma, Zambia",,,choma,https://www.zambiayp.com/company/11536/Siachidinta,zambiayp.com
Siamabbonka Prim.,"Box 630510, Southern Province, Choma, Zambia",,,choma,https://www.zambiayp.com/company/11537/Siamabbonka_Prim,zambiayp.com
Siatembo,"Box 630035, Southern Province, Choma, Zambia",,,choma,https://www.zambiayp.com/company/11538/Siatembo,zambiayp.com
Siazwela,"Box 630332, Southern Province, Choma, Zambia",,,choma,https://www.zambiayp.com/company/11539/Siazwela,zambiayp.com
Siachitema Basic,"Box 630432, Southern Province, Choma, Zambia",,,choma,https://www.zambiayp.com/company/11650/Siachitema_Basic,zambiayp.com
Sibanyati M. Basic,"Box 630471, Southern Province, Choma, Zambia",,,choma,https://www.zambiayp.com/company/11453/Sibanyati_M_Basic,zambiayp.com
Sichikali,"Box 630237, Southern Province, Choma, Zambia",,,choma,https://www.zambiayp.com/company/11541/Sichikali,zambiayp.com
Sichimbwali,"Box 630611, Southern Province, Choma, Zambia",,,choma,https://www.zambiayp.com/company/11623/Sichimbwali,zambiayp.com
Sikalongo Primary,"Box 630035., Southern Province, Choma, Zambia",,,choma,https://www.zambiayp.com/company/11454/Sikalongo_Primary,zambiayp.com
Sikatumba Primary,"Box 630035, Southern Province, Choma, Zambia",,,choma,https://www.zambiayp.com/company/11542/Sikatumba_Primary,zambiayp.com
Silukwiya Primary,"Box 630625, Southern Province, Choma, Zambia",,,choma,https://www.zambiayp.com/company/11494/Silukwiya_Primary,zambiayp.com
Simpweze,"Po Box 630035, Southern Province, Choma, Zambia",,,choma,https://www.zambiayp.com/company/11455/Simpweze,zambiayp.com
Simukanka Primary,"Box 630634, Southern Province, Choma, Zambia",,,choma,https://www.zambiayp.com/company/11456/Simukanka_Primary,zambiayp.com
Singani Lower,"Box 63076, Southern Province, Choma, Zambia",,,choma,https://www.zambiayp.com/company/11457/Singani_Lower,zambiayp.com
Singani Upper,"Box 630035, Southern Province, Choma, Zambia",,,choma,https://www.zambiayp.com/company/11458/Singani_Upper,zambiayp.com
St. Mulumba,"Box 630822, Southern Province, Choma, Zambia",,,choma,https://www.zambiayp.com/company/11459/St_Mulumba,zambiayp.com
St. Patrick's Basic,"Box 630250, Southern Province, Choma, Zambia",,,choma,https://www.zambiayp.com/company/11460/St_Patricks_Basic,zambiayp.com
Swan Primary,"Box 630403, Southern Province, Choma, Zambia",,,choma,https://www.zambiayp.com/company/11461/Swan_Primary,zambiayp.com
ZNS,"Box 630072, Southern Province, Choma, Zambia",,,choma,https://www.zambiayp.com/company/11462/ZNS,zambiayp.com
Southern knotch Security Service limited,"Cm/b006 chirundu main market, Zambia",,,chirundu,https://www.zambiayp.com/company/18064/Southern_knotch_Security_Service_limited,zambiayp.com
Optinvest Cargo and Logistics  Ltd.,"Plot # 131 old Zesco Street Medium Cost Chirundu Border., Zambia",,,chirundu,https://www.zambiayp.com/company/18701/Optinvest_Cargo_and_Logistics_Ltd,zambiayp.com
FRAMTEM1 BUSINESS CENTRE,"Cmb006 chirundu main market, Zambia",,,chirundu,https://www.zambiayp.com/company/17798/FRAMTEM1_BUSINESS_CENTRE,zambiayp.com
ZAVKOM Industries,"Russia, Tambov, Sovetskaya str., 51, Postcode 392000, Chirundu, Zambia",,,chirundu,https://www.zambiayp.com/company/16291/ZAVKOM_Industries,zambiayp.com
Cargo into Africa logistics,"Plot 2166, Chirundu, Zambia",,,chirundu,https://www.zambiayp.com/company/17908/Cargo_into_Africa_logistics,zambiayp.com
Kanyemba Lodge,"Lower Zambezi National Park, P.O. Box: 38837, Chirundu, Zambia",,,chirundu,https://www.zambiayp.com/company/193/Kanyemba_Lodge,zambiayp.com
Daylight School,"Plot 263 Chirundu, P.O.Box 35030, Zambia",,,chirundu,https://www.zambiayp.com/company/7469/Daylight_School,zambiayp.com
Mtendere Mission Hospital,"Chirundu, Zambia",,,chirundu,https://www.zambiayp.com/company/14331/Mtendere_Mission_Hospital,zambiayp.com
Grand Insurance Brokers Limited,"Chirundu, Zambia",,,chirundu,https://www.zambiayp.com/company/5831/Grand_Insurance_Brokers_Limited,zambiayp.com
Mitchell Cotts Freight Zambia Limited,"Main Rd, Chirundu, Zambia",,,chirundu,https://www.zambiayp.com/company/1925/Mitchell_Cotts_Freight_Zambia_Limited,zambiayp.com
Alumbwe Boarding And Daylight School,"Chirundu, Zambia",,,chirundu,https://www.zambiayp.com/company/7329/Alumbwe_Boarding_And_Daylight_School,zambiayp.com
Alumbwe Boarding School,"Chirundu, Zambia",,,chirundu,https://www.zambiayp.com/company/7961/Alumbwe_Boarding_School,zambiayp.com
Border Post Bakery,"Bakers & Confectioners, Chirundu, Zambia",,,chirundu,https://www.zambiayp.com/company/12898/Border_Post_Bakery,zambiayp.com
Bwendo Inn,"Chirundu, Zambia",,,chirundu,https://www.zambiayp.com/company/3635/Bwendo_Inn,zambiayp.com
Celtic Bank,"Chirundu, Zambia",,,chirundu,https://www.zambiayp.com/company/7157/Celtic_Bank,zambiayp.com
Chakanaka Store,"Chirundu, Zambia",,,chirundu,https://www.zambiayp.com/company/3072/Chakanaka_Store,zambiayp.com
Chakanaka Ctores,"Chirundu, Zambia",,,chirundu,https://www.zambiayp.com/company/14108/Chakanaka_Ctores,zambiayp.com
Chikaye Freight,"Chirundu, Zambia",,,chirundu,https://www.zambiayp.com/company/1922/Chikaye_Freight,zambiayp.com
Chirundu High School,"Chirundu, Zambia",,,chirundu,https://www.zambiayp.com/company/7473/Chirundu_High_School,zambiayp.com
Customised Clearing & Forwarding,"Chirundu, Zambia",,,chirundu,https://www.zambiayp.com/company/5769/Customised_Clearing_Forwarding,zambiayp.com
Customized Clearing & Forwarding LTD,"Chirundu, Zambia",,,chirundu,https://www.zambiayp.com/company/13516/Customized_Clearing_Forwarding_LTD,zambiayp.com
Geofreight Ltd,"Chirundu, Zambia",,,chirundu,https://www.zambiayp.com/company/1923/Geofreight_Ltd,zambiayp.com
Global Logistics Clearing,"Chirundu, Zambia",,,chirundu,https://www.zambiayp.com/company/15111/Global_Logistics_Clearing,zambiayp.com
Gwabi Lodge,"Chirundu, Zambia",,,chirundu,https://www.zambiayp.com/company/119/Gwabi_Lodge,zambiayp.com
Kumulonga Classic Lodges,"F/10081 Lusaka Highway, P.O.Box 35050, Chirundu, Zambia",,,chirundu,https://www.zambiayp.com/company/329/Kumulonga_Classic_Lodges,zambiayp.com
Machembele Bar (PCO),"Chirundu, Zambia",,,chirundu,https://www.zambiayp.com/company/12879/Machembele_Bar_PCO,zambiayp.com
Magnet Freight Services,"Chirundu, Zambia",,,chirundu,https://www.zambiayp.com/company/1924/Magnet_Freight_Services,zambiayp.com
Mandenga Basic School,"Chirundu, Zambia",,,chirundu,https://www.zambiayp.com/company/7474/Mandenga_Basic_School,zambiayp.com
Met Weld,"Chirundu, Zambia",,,chirundu,https://www.zambiayp.com/company/15140/Met_Weld,zambiayp.com
Mitchell Cotts Freight Services (Z) LTD,"Chirundu, Zambia",,,chirundu,https://www.zambiayp.com/company/14000/Mitchell_Cotts_Freight_Services_Z_LTD,zambiayp.com
Mtendele Mission Hospital,"Box 287, Chirundu, Zambia",,,chirundu,https://www.zambiayp.com/company/14324/Mtendele_Mission_Hospital,zambiayp.com
Mwankangala J Grocery,"Chirundu, Zambia",,,chirundu,https://www.zambiayp.com/company/3073/Mwankangala_J_Grocery,zambiayp.com
Naku Freight (knvl),"Chirundu, Zambia",,,chirundu,https://www.zambiayp.com/company/1926/Naku_Freight_knvl,zambiayp.com
Nkulabuchebuche General Dealers,"Chirundu, Zambia",,,chirundu,https://www.zambiayp.com/company/3074/Nkulabuchebuche_General_Dealers,zambiayp.com
Nkulabuchebuhe General Dealers,"Chirundu, Zambia",,,chirundu,https://www.zambiayp.com/company/14109/Nkulabuchebuhe_General_Dealers,zambiayp.com
Nkulabuchebuche Deneral Dealers,"Chirundu, Zambia",,,chirundu,https://www.zambiayp.com/company/14110/Nkulabuchebuche_Deneral_Dealers,zambiayp.com
Quick Freight Ltd,"Chirundu, Zambia",,,chirundu,https://www.zambiayp.com/company/1927/Quick_Freight_Ltd,zambiayp.com
Tigers Insurance Brokers,"Chirundu, Zambia",,,chirundu,https://www.zambiayp.com/company/5832/Tigers_Insurance_Brokers,zambiayp.com
U T I,"Chirundu, Zambia",,,chirundu,https://www.zambiayp.com/company/1774/U_T_I,zambiayp.com
UTI,"Chirundu, Zambia",,,chirundu,https://www.zambiayp.com/company/13485/UTI,zambiayp.com
Westline Freight,"Chirundu, Zambia",,,chirundu,https://www.zambiayp.com/company/1928/Westline_Freight,zambiayp.com
Zamtel (td),"Chirundu, Zambia",,,chirundu,https://www.zambiayp.com/company/4892/Zamtel_td,zambiayp.com
Zamtel (technician In Charge),"Chirundu, Zambia",,,chirundu,https://www.zambiayp.com/company/4893/Zamtel_technician_In_Charge,zambiayp.com
Zamtel(TD),"Chirundu, Zambia",,,chirundu,https://www.zambiayp.com/company/13317/ZamtelTD,zambiayp.com
Zamtel(Techinician in charge),"Chirundu, Zambia",,,chirundu,https://www.zambiayp.com/company/13318/ZamtelTechinician_in_charge,zambiayp.com
Mafungautsi Basic,"P/b 55, lusaka Province, Chirundu, Zambia",,,chirundu,https://www.zambiayp.com/company/10185/Mafungautsi_Basic,zambiayp.com
Dunavant (z) Ltd,"P.O.Box 50, Gwembe, Zambia",,,gwembe,https://www.zambiayp.com/company/4141/Dunavant_z_Ltd,zambiayp.com
Chipepo Secondary,"Box 650092, Chisekesi, Southern Province, Gwembe, Zambia",,,gwembe,https://www.zambiayp.com/company/12563/Chipepo_Secondary,zambiayp.com
Sichone Dick T/a Sichone Stores,"P.O.Box 52, Gwembe, Zambia",,,gwembe,https://www.zambiayp.com/company/2845/Sichone_Dick_Ta_Sichone_Stores,zambiayp.com
Chisangano,"Box 14, Southern Province, Gwembe, Zambia",,,gwembe,https://www.zambiayp.com/company/11549/Chisangano,zambiayp.com
Kalelezhi,"Bx 14, Southern Province, Gwembe, Zambia",,,gwembe,https://www.zambiayp.com/company/11553/Kalelezhi,zambiayp.com
Kkutwa,"Po Box 14, Southern Province, Gwembe, Zambia",,,gwembe,https://www.zambiayp.com/company/11556/Kkutwa,zambiayp.com
Ntanga,"Box 650014, Southern Province, Gwembe, Zambia",,,gwembe,https://www.zambiayp.com/company/11562/Ntanga,zambiayp.com
RF MASONRY,"51a Victoria St W, Auckland 0604 New Zealand, Isoka, Zambia",,,isoka,https://www.zambiayp.com/company/18081/RF_MASONRY,zambiayp.com
Lucknow Tiles Wale,"Gomti Nagar , Isoka, Zambia",,,isoka,https://www.zambiayp.com/company/19219/Lucknow_Tiles_Wale,zambiayp.com
Anchies Services Station,"Isoka, Zambia",,,isoka,https://www.zambiayp.com/company/6190/Anchies_Services_Station,zambiayp.com
Anchies Service Station,"Isoka, Zambia",,,isoka,https://www.zambiayp.com/company/14044/Anchies_Service_Station,zambiayp.com
Finance Bank Zambia Ltd,"P.O.Box 440170, Isoka, Zambia",,,isoka,https://www.zambiayp.com/company/7114/Finance_Bank_Zambia_Ltd,zambiayp.com
Irish Aid To Zambia,"Isoka, Zambia",,,isoka,https://www.zambiayp.com/company/15153/Irish_Aid_To_Zambia,zambiayp.com
Kasama Urban Clinic,"Isoka, Zambia",,,isoka,https://www.zambiayp.com/company/7692/Kasama_Urban_Clinic,zambiayp.com
Zambia Telecommunications Company Ltd,"P.O.Box 96, Isoka, Zambia",,,isoka,https://www.zambiayp.com/company/4836/Zambia_Telecommunications_Company_Ltd,zambiayp.com
Bwinambo Primary,"Box 480133, northern Province, Isoka, Zambia",,,isoka,https://www.zambiayp.com/company/10744/Bwinambo_Primary,zambiayp.com
Chaswata Basic,"Box 440071, northern Province, Isoka, Zambia",,,isoka,https://www.zambiayp.com/company/10841/Chaswata_Basic,zambiayp.com
Chilunda Primary,"Box 440106, northern Province, Isoka, Zambia",,,isoka,https://www.zambiayp.com/company/10751/Chilunda_Primary,zambiayp.com
Chipokoso Basic,"Box 440042, northern Province, Isoka, Zambia",,,isoka,https://www.zambiayp.com/company/10878/Chipokoso_Basic,zambiayp.com
Chiwanda Basic,"Box 440037, northern Province, Isoka, Zambia",,,isoka,https://www.zambiayp.com/company/10879/Chiwanda_Basic,zambiayp.com
Choma Basic,"Private Bag, northern Province, Isoka, Zambia",,,isoka,https://www.zambiayp.com/company/10845/Choma_Basic,zambiayp.com
Kakoko Basic,"Box 440071, northern Province, Isoka, Zambia",,,isoka,https://www.zambiayp.com/company/10880/Kakoko_Basic,zambiayp.com
Kalungu Basic,"Box 440132, northern Province, Isoka, Zambia",,,isoka,https://www.zambiayp.com/company/10881/Kalungu_Basic,zambiayp.com
Kamekela Basic,"Box 440116, northern Province, Isoka, Zambia",,,isoka,https://www.zambiayp.com/company/10882/Kamekela_Basic,zambiayp.com
Kapendamaji Basic,"Box 11, muyombe, northern Province, Isoka, Zambia",,,isoka,https://www.zambiayp.com/company/10850/Kapendamaji_Basic,zambiayp.com
Kapililonga Basic,"Box 440042, northern Province, Isoka, Zambia",,,isoka,https://www.zambiayp.com/company/10885/Kapililonga_Basic,zambiayp.com
Katyetye Basic,"Box 440182, northern Province, Isoka, Zambia",,,isoka,https://www.zambiayp.com/company/10886/Katyetye_Basic,zambiayp.com
Khuyu Basic,"Box 91, muyombe, northern Province, Isoka, Zambia",,,isoka,https://www.zambiayp.com/company/10853/Khuyu_Basic,zambiayp.com
Londamaka Basic,"Box 440199, northern Province, Isoka, Zambia",,,isoka,https://www.zambiayp.com/company/10887/Londamaka_Basic,zambiayp.com
Longwe School,"Box 440187, northern Province, Isoka, Zambia",,,isoka,https://www.zambiayp.com/company/10888/Longwe_School,zambiayp.com
Lualizi Basic,"Box 440071, northern Province, Isoka, Zambia",,,isoka,https://www.zambiayp.com/company/10889/Lualizi_Basic,zambiayp.com
Malale Basic,"Box 440071, northern Province, Isoka, Zambia",,,isoka,https://www.zambiayp.com/company/10890/Malale_Basic,zambiayp.com
Malango,"Box 440147, northern Province, Isoka, Zambia",,,isoka,https://www.zambiayp.com/company/10891/Malango,zambiayp.com
Mulamba Basic,"P.agency Kampumbu, northern Province, Isoka, Zambia",,,isoka,https://www.zambiayp.com/company/10894/Mulamba_Basic,zambiayp.com
Mulungwizi Basic,"Box 440116, northern Province, Isoka, Zambia",,,isoka,https://www.zambiayp.com/company/10895/Mulungwizi_Basic,zambiayp.com
Mupeka Primary,"Box 440044, northern Province, Isoka, Zambia",,,isoka,https://www.zambiayp.com/company/10776/Mupeka_Primary,zambiayp.com
Musanta Basic,"Box 2, Muyombe, northern Province, Isoka, Zambia",,,isoka,https://www.zambiayp.com/company/10859/Musanta_Basic,zambiayp.com
Musundano Basic,"Box 44071, northern Province, Isoka, Zambia",,,isoka,https://www.zambiayp.com/company/10896/Musundano_Basic,zambiayp.com
Mutonda Basic,"Box 440159, northern Province, Isoka, Zambia",,,isoka,https://www.zambiayp.com/company/10897/Mutonda_Basic,zambiayp.com
Mweniwisi Basic,"P.bag, kampumbu, northern Province, Isoka, Zambia",,,isoka,https://www.zambiayp.com/company/10864/Mweniwisi_Basic,zambiayp.com
Mwenikombe Basic,"Box 440042, northern Province, Isoka, Zambia",,,isoka,https://www.zambiayp.com/company/10899/Mwenikombe_Basic,zambiayp.com
Mwenitawa Basic,"Box 440036, northern Province, Isoka, Zambia",,,isoka,https://www.zambiayp.com/company/10900/Mwenitawa_Basic,zambiayp.com
Mwenya Basic,"Box 440099, northern Province, Isoka, Zambia",,,isoka,https://www.zambiayp.com/company/10901/Mwenya_Basic,zambiayp.com
Nachisungu Basic,"Box 440071, northern Province, Isoka, Zambia",,,isoka,https://www.zambiayp.com/company/10903/Nachisungu_Basic,zambiayp.com
Nalutete Basic,"Po Box 44007, northern Province, Isoka, Zambia",,,isoka,https://www.zambiayp.com/company/10866/Nalutete_Basic,zambiayp.com
Namwenya School,"Box 440163, northern Province, Isoka, Zambia",,,isoka,https://www.zambiayp.com/company/10781/Namwenya_School,zambiayp.com
Nazareth Basic,"Box 440071, northern Province, Isoka, Zambia",,,isoka,https://www.zambiayp.com/company/10904/Nazareth_Basic,zambiayp.com
Ndande Basic,"Box 440042, northern Province, Isoka, Zambia",,,isoka,https://www.zambiayp.com/company/10867/Ndande_Basic,zambiayp.com
Ntipo Basic,"Box 440041, northern Province, Isoka, Zambia",,,isoka,https://www.zambiayp.com/company/10905/Ntipo_Basic,zambiayp.com
Nzoche Basic,"Box 440071, northern Province, Isoka, Zambia",,,isoka,https://www.zambiayp.com/company/10906/Nzoche_Basic,zambiayp.com
Peleka Basic,"P.agency Thendele, northern Province, Isoka, Zambia",,,isoka,https://www.zambiayp.com/company/10869/Peleka_Basic,zambiayp.com
Sansamwenje,"Box 440116, northern Province, Isoka, Zambia",,,isoka,https://www.zambiayp.com/company/10907/Sansamwenje,zambiayp.com
Misuku Lodge,"Stand 206/207 Marshal St,  Town Center , P.O.Box 80158, Kabwe, Zambia",,,kabwe,https://www.zambiayp.com/company/168/Misuku_Lodge,zambiayp.com
SuperSmart Tech Solutions,"52220 Mimosa Street, Luangwa, Kabwe, Zambia",,,kabwe,https://www.zambiayp.com/company/18112/SuperSmart_Tech_Solutions,zambiayp.com
Mwanyike Transport Logistics,"247Ndola road , Kabwe, Zambia",,,kabwe,https://www.zambiayp.com/company/19103/Mwanyike_Transport_Logistics,zambiayp.com
Webfreelancerzambia,"freedom way,kabwe 10101, Zambia",,,kabwe,https://www.zambiayp.com/company/18155/webfreelancerzambia,zambiayp.com
Africana Woman,"2626 New Mpima, Kabwe, Zambia",,,kabwe,https://www.zambiayp.com/company/18552/Africana_Woman,zambiayp.com
Luangwa Safari Lodge,"7 Godetia Street, Kabwe, Zambia",,,kabwe,https://www.zambiayp.com/company/17636/Luangwa_Safari_Lodge,zambiayp.com
Nalikwanda Guest House,"19 Bombesheni Street,New Buyantashi, Kabwe, Zambia",,,kabwe,https://www.zambiayp.com/company/15495/Nalikwanda_Guest_House,zambiayp.com
Realtech Solutions Limited,"Namz Complex shop number B 8, Kabwe, Zambia",,,kabwe,https://www.zambiayp.com/company/17406/Realtech_Solutions_Limited,zambiayp.com
"Mulungushi University, Courses, Student Portal, Application Form","The Registrar, P O Box 80415, Kabwe, Zambia",,,kabwe,https://www.zambiayp.com/company/15090/Mulungushi_University,zambiayp.com
Nuwet Mercantile,"439 New Market, Kabwe, Zambia",,,kabwe,https://www.zambiayp.com/company/18845/Nuwet_Mercantile,zambiayp.com
Zambia Prisons Service,"Kabwe, Zambia",,,kabwe,https://www.zambiayp.com/company/2217/Zambia_Prisons_Service,zambiayp.com
Indo Zambia Bank,"Independence Ave, Kabwe, Zambia",,,kabwe,https://www.zambiayp.com/company/6125/Indo_Zambia_Bank,zambiayp.com
Furncity Exclusive Furnishers,"700 Independence Ave, Kabwe, Zambia",,,kabwe,https://www.zambiayp.com/company/2819/Furncity_Exclusive_Furnishers,zambiayp.com
Aca-handy,"HC4V+XMV, Kabwe, Zambia",,,kabwe,https://www.zambiayp.com/company/18488/Aca_handy,zambiayp.com
BOWAS ACADEMY,"KAT66/77B, NKRUMAH EXTENSION, KATONDO, KABWE., Zambia",,,kabwe,https://www.zambiayp.com/company/18927/BOWAS_ACADEMY,zambiayp.com
Wachi's Kitchen,"Buntungwa Street, Kabwe, Zambia",,,kabwe,https://www.zambiayp.com/company/18345/Wachis_Kitchen,zambiayp.com
DIMA DELIVERY,"51B, new Chirwa, Kabwe, Zambia",,,kabwe,https://www.zambiayp.com/company/19437/DIMA_DELIVERY,zambiayp.com
Loandisk,"Buntungwa St, Town Centre,Kabwe, Zambia",,,kabwe,https://www.zambiayp.com/company/17435/Loandisk,zambiayp.com
Sharp Edge Security Limited,"Branch office Kabwe, Zambia",,,kabwe,https://www.zambiayp.com/company/19445/Sharp_Edge_Security_Limited,zambiayp.com
Zambia Postal Services Corporation,"Kabwe, Zambia",,,kabwe,https://www.zambiayp.com/company/2166/Zambia_Postal_Services_Corporation,zambiayp.com
ZESCO LTD-Conveter Sub Station,"Kabwe, Zambia",,,kabwe,https://www.zambiayp.com/company/13605/ZESCO_LTD_Conveter_Sub_Station,zambiayp.com
Miss Central Province Beauty Pageant,"Kabwe, Zambia",,,kabwe,https://www.zambiayp.com/company/18473/Miss_Central_Province_Beauty_Pageant,zambiayp.com
Railway Systems Of Zambia,"Kafue River Road 80935, Kabwe, Zambia",,,kabwe,https://www.zambiayp.com/company/5247/Railway_Systems_Of_Zambia,zambiayp.com
Kwame Nkrumah University KNU,"Plot No. 000 Munkoyo Street Road  Kabwe, P.O. Box 80404  Zambia",,,kabwe,https://www.zambiayp.com/company/17933/Kwame_Nkrumah_University_KNU,zambiayp.com
St Pauls Secondary School,"Off Mukonchi road.P.O.Box 80904 , Kabwe, Zambia",,,kabwe,https://www.zambiayp.com/company/7460/St_Pauls_Secondary_School,zambiayp.com
Walusungu Guest House,"56 Independence Ave, Town Centre, Kabwe, Zambia",,,kabwe,https://www.zambiayp.com/company/128/Walusungu_Guest_House,zambiayp.com
ZNS Training School,"Z.N.S CAMP, Kabwe, Zambia",,,kabwe,https://www.zambiayp.com/company/14439/ZNS_Training_School,zambiayp.com
Kabwe Skills Training Institute,"1535 Munkoyo St, Highridge, P.O.Box 80228, Kabwe, Zambia",,,kabwe,https://www.zambiayp.com/company/2427/Kabwe_Skills_Training_Institute,zambiayp.com
Kechas General Dealers Ltd,"Plot No 5871 Chilubi Island Ave, Kabwe, Zambia",,,kabwe,https://www.zambiayp.com/company/3200/Kechas_General_Dealers_Ltd,zambiayp.com
Zambia National Commercial Bank Ltd - Kabwe Branch,"P.O.Box 80211, Kabwe, Zambia",,,kabwe,https://www.zambiayp.com/company/7101/Zambia_National_Commercial_Bank_LtdKabwe_Branch,zambiayp.com
Kabwe Lodge Government Hostel,"Kabwe, Zambia",,,kabwe,https://www.zambiayp.com/company/83/Kabwe_Lodge_Government_Hostel,zambiayp.com
Mulungushi Textiles,"Kabwe, Zambia",,,kabwe,https://www.zambiayp.com/company/14970/Mulungushi_Textiles,zambiayp.com
Zambezi Source Lodge,"Natuseko Rd, Kabwe, Zambia",,,kabwe,https://www.zambiayp.com/company/94/Zambezi_Source_Lodge,zambiayp.com
Frallen Investments Ltd,"Plot 645, Freedom Rd, Kasanda, P.O.Box 80827, Kabwe, Zambia",,,kabwe,https://www.zambiayp.com/company/6595/Frallen_Investments_Ltd,zambiayp.com
African Life Assurance Company (z) Ltd,"1 Chitanda Hse, Buntungwa St, Town Centre, Kabwe, Zambia",,,kabwe,https://www.zambiayp.com/company/1270/African_Life_Assurance_Company_z_Ltd,zambiayp.com
Central Province Agriculture Equipment & Spares Supplies Limited,"Kabwe, Zambia",,,kabwe,https://www.zambiayp.com/company/5382/Central_Province_Agriculture_Equipment_Spares_Supplies_Limited,zambiayp.com
Chankwakwa,"Great North Road, 25 KM out of Kabwe, along the Mulungushi River, P.O. Box: 80721, Zambia",,,kabwe,https://www.zambiayp.com/company/17077/Chankwakwa,zambiayp.com
Elite Insurance Brokers Ltd,"P.O.Box 81050, Kabwe, Zambia",,,kabwe,https://www.zambiayp.com/company/5798/Elite_Insurance_Brokers_Ltd,zambiayp.com
Fig Tree Café,"Lusaka Road, 7 km from Kabwe, P.O. Box: 80662, Zambia",,,kabwe,https://www.zambiayp.com/company/16847/Fig_Tree_Café,zambiayp.com
Kifco Packaging,"Plot 1582, Buntungwa St, Town Centre, P.O.Box 80922, Kabwe, Zambia",,,kabwe,https://www.zambiayp.com/company/3974/Kifco_Packaging,zambiayp.com
Sable Zinc Kabwe,"GCRP+MWC, Kabwe, Zambia",,,kabwe,https://www.zambiayp.com/company/19275/Sable_Zinc_Kabwe,zambiayp.com
Senady Lodge,"10 Jameson St, Kabwe, Zambia",,,kabwe,https://www.zambiayp.com/company/255/Senady_Lodge,zambiayp.com
Stephen Luwisha,"P.O.Box  80352, Central Province, Kabwe, Zambia",,,kabwe,https://www.zambiayp.com/company/8496/Stephen_Luwisha,zambiayp.com
Greenbelt Fertilisers LTD,"Kabwe, Zambia",,,kabwe,https://www.zambiayp.com/company/13873/Greenbelt_Fertilisers_LTD,zambiayp.com
Kabwe Motel,"5864 Luampa Mission St, Railway, Kabwe, Zambia",,,kabwe,https://www.zambiayp.com/company/3631/Kabwe_Motel,zambiayp.com
Mint Master Security Zambia Ltd,"Kabwe, Zambia",,,kabwe,https://www.zambiayp.com/company/2329/Mint_Master_Security_Zambia_Ltd,zambiayp.com
Tuskers Hotel,"Kabwe, Zambia",,,kabwe,https://www.zambiayp.com/company/591/Tuskers_Hotel,zambiayp.com
Centenary Enterprises Ltd,"82B INDEPENDENCE WAY, Kabwe, Zambia",,,kabwe,https://www.zambiayp.com/company/15356/Centenary_Enterprises_Ltd,zambiayp.com
Lukanga Store,"P.O.Box 81189, Kabwe, Zambia",,,kabwe,https://www.zambiayp.com/company/3028/Lukanga_Store,zambiayp.com
Lukanga Stores,"Box 81189, Kabwe, Zambia",,,kabwe,https://www.zambiayp.com/company/14116/Lukanga_Stores,zambiayp.com
SavePlus,"Shop #2 Marshall Ave., Kabwe, Zambia",,,kabwe,https://www.zambiayp.com/company/15507/SavePlus,zambiayp.com
Supa oil Zambia Limited,"Unnamed Road, Box 81151, Kabwe, Zambia",,,kabwe,https://www.zambiayp.com/company/13570/Supa_oil_Zambia_Limited,zambiayp.com
Lunsemfwa Hydro Power Company Limited,"Box 80237, Kabwe, Zambia",,,kabwe,https://www.zambiayp.com/company/13604/Lunsemfwa_Hydro_Power_Company_Limited,zambiayp.com
National Savings & Credit Bank,"P.O.Box 81070, Kabwe, Zambia",,,kabwe,https://www.zambiayp.com/company/7158/National_Savings_Credit_Bank,zambiayp.com
Secondary School Teachers Union Of Zambia (sestuz),"Kabwe, Zambia",,,kabwe,https://www.zambiayp.com/company/7440/Secondary_School_Teachers_Union_Of_Zambia_sestuz,zambiayp.com
Munyama,"Box 80423 central Province, Kabwe, Zambia",,,kabwe,https://www.zambiayp.com/company/8473/Munyama,zambiayp.com
Ellensmere School,"Kapiri Mposhi, P.O.Box 81475, Kabwe, Zambia",,,kabwe,https://www.zambiayp.com/company/7495/Ellensmere_School,zambiayp.com
Horizon Hotel,"Plot 52 Buntungwa St, P.O.Box 80458, Kabwe, Zambia",,,kabwe,https://www.zambiayp.com/company/610/Horizon_Hotel,zambiayp.com
Autoworld Kabwe,"Kabwe, Zambia",,,kabwe,https://www.zambiayp.com/company/4347/Autoworld_Kabwe,zambiayp.com
Broken Hill Lodge,"Plot 778 Great North Rd Dallas, Kabwe, Zambia",,,kabwe,https://www.zambiayp.com/company/271/Broken_Hill_Lodge,zambiayp.com
Diakonia Centre,"Kabwe, Zambia",,,kabwe,https://www.zambiayp.com/company/581/Diakonia_Centre,zambiayp.com
Express Line Transport Ltd,"P.O.Box 81393, Kabwe, Zambia",,,kabwe,https://www.zambiayp.com/company/5297/Express_Line_Transport_Ltd,zambiayp.com
Just Steel,"Kabwe, Zambia",,,kabwe,https://www.zambiayp.com/company/6470/Just_Steel,zambiayp.com
Kabwe Motors,"85 Independence Way, P.O.Box 80310, Kabwe, Zambia",,,kabwe,https://www.zambiayp.com/company/6144/Kabwe_Motors,zambiayp.com
Kabesha & Co,"Mukuni Hse, Independence Ave, Town Centre, P.O.Box 81484, Kabwe, Zambia",,,kabwe,https://www.zambiayp.com/company/7840/Kabesha_Co,zambiayp.com
KABESHA AND COMPANY,"MUKUNI HSE. INDEPENDENCE WAY KABWE, Zambia",,,kabwe,https://www.zambiayp.com/company/15619/KABESHA_AND_COMPANY,zambiayp.com
Microfin,"Room 203/205 Chitanda Hse, Kabwe, Zambia",,,kabwe,https://www.zambiayp.com/company/1033/Microfin,zambiayp.com
Namukuyu Executive Lodge,"Fox Glove, P.O.Box 81052, Kabwe, Zambia",,,kabwe,https://www.zambiayp.com/company/93/Namukuyu_Executive_Lodge,zambiayp.com
Only For You Trading,"71 Freedom Way, Kabwe, Zambia",,,kabwe,https://www.zambiayp.com/company/3029/Only_For_You_Trading,zambiayp.com
Sunsilk Guest House,"43 Uganda Ave, Town Centre, P.O.Box 81437, Kabwe, Zambia",,,kabwe,https://www.zambiayp.com/company/3605/Sunsilk_Guest_House,zambiayp.com
TABA TECHNOLOGIES LTD,"INDEPENDENCE WAY. TOWN CENTRE KABWE, Zambia",,,kabwe,https://www.zambiayp.com/company/15808/TABA_TECHNOLOGIES_LTD,zambiayp.com
V K Garden Motel,"Great North Rd / Kabwe Rd, P.O.Box 80088, Zambia",,,kabwe,https://www.zambiayp.com/company/3553/V_K_Garden_Motel,zambiayp.com
Zambia State Insurance Corporation,"Mukuni Hse, Independence Ave, Town Centre, P.O.Box 80438, Kabwe, Zambia",,,kabwe,https://www.zambiayp.com/company/1245/Zambia_State_Insurance_Corporation,zambiayp.com
Zambia State Insurance Corporation Limited The,"Mukuni Hse, Independence Ave, Town Centre, P.O.Box 80203, Kabwe, Zambia",,,kabwe,https://www.zambiayp.com/company/1295/Zambia_State_Insurance_Corporation_Limited_The,zambiayp.com
African Missions S M A Fathers,"P.O.Box 80692, Kabwe, Zambia",,,kabwe,https://www.zambiayp.com/company/2261/African_Missions_S_M_A_Fathers,zambiayp.com
Agasye General Dealers,"Kabwe, Zambia",,,kabwe,https://www.zambiayp.com/company/2982/Agasye_General_Dealers,zambiayp.com
Aljee Enterprise Ltd,"P.O.Box 80960, Kabwe, Zambia",,,kabwe,https://www.zambiayp.com/company/3879/Aljee_Enterprise_Ltd,zambiayp.com
Amaka Cotton Ginneries,"Kabwe, Zambia",,,kabwe,https://www.zambiayp.com/company/6499/Amaka_Cotton_Ginneries,zambiayp.com
Anderson Security Systems Ltd,"P.O.Box 81193, Kabwe, Zambia",,,kabwe,https://www.zambiayp.com/company/4942/Anderson_Security_Systems_Ltd,zambiayp.com
ANGLICAN CHURCH HOUSE,"CHOMA ST KABWE, Zambia",,,kabwe,https://www.zambiayp.com/company/15524/ANGLICAN_CHURCH_HOUSE,zambiayp.com
Apostolic Church in Zambia,"Kabwe, Zambia",,,kabwe,https://www.zambiayp.com/company/8008/Apostolic_Church_in_Zambia,zambiayp.com
Avon Guest House,"Buntungwa St, Mwalala, P.O.Box 80676, Kabwe, Zambia",,,kabwe,https://www.zambiayp.com/company/3546/Avon_Guest_House,zambiayp.com
Baluba Building Construction,"Kabwe, Zambia",,,kabwe,https://www.zambiayp.com/company/6425/Baluba_Building_Construction,zambiayp.com
Baluba Construction LTD,"Building Contractors, Kabwe, Zambia",,,kabwe,https://www.zambiayp.com/company/13033/Baluba_Construction_LTD,zambiayp.com
B.m Distributors,"Flat 1, 80 Freedom Rd, Kasanda, P.O.Box 80546, Kabwe, Zambia",,,kabwe,https://www.zambiayp.com/company/6454/Bm_Distributors,zambiayp.com
Boccs Schools - Open Christian Community School,"Kabwe, Zambia",,,kabwe,https://www.zambiayp.com/company/7436/Boccs_SchoolsOpen_Christian_Community_School,zambiayp.com
Bread of life International Church,"Box 80397, Kabwe, Zambia",,,kabwe,https://www.zambiayp.com/company/8009/Bread_of_life_International_Church,zambiayp.com
B R M Technical Services,"Kabwe, Zambia",,,kabwe,https://www.zambiayp.com/company/2421/B_R_M_Technical_Services,zambiayp.com
Brothers of The Sacred Heart,"Box 80405, Kabwe, Zambia",,,kabwe,https://www.zambiayp.com/company/8010/Brothers_of_The_Sacred_Heart,zambiayp.com
Cavmont Merchant Bank Ltd,"P.O.Box 80878, Kabwe, Zambia",,,kabwe,https://www.zambiayp.com/company/7250/Cavmont_Merchant_Bank_Ltd,zambiayp.com
Central Province Eight Centres Water Supply Project,"P.O.Box 80424, Kabwe, Zambia",,,kabwe,https://www.zambiayp.com/company/2442/Central_Province_Eight_Centres_Water_Supply_Project,zambiayp.com
Central Province Agriculture Equipment,"Building Materials, Kabwe, Zambia",,,kabwe,https://www.zambiayp.com/company/13043/Central_Province_Agriculture_Equipment,zambiayp.com
Central Province Eight Centres,"Box 80424, Water Services, Kabwe, Zambia",,,kabwe,https://www.zambiayp.com/company/15125/Central_Province_Eight_Centres,zambiayp.com
Central Province Agriculture Equipment And Spares Supplies Ltd,"LUSITO ST, Kabwe, Zambia",,,kabwe,https://www.zambiayp.com/company/15436/Central_Province_Agriculture_Equipment_And_Spares_Supplies_Ltd,zambiayp.com
Chalumbe Food & Stationery Suppliers,"Kabwe, Zambia",,,kabwe,https://www.zambiayp.com/company/2731/Chalumbe_Food_Stationery_Suppliers,zambiayp.com
Chalumbe Food & Stationery Supplies,"Kabwe, Zambia",,,kabwe,https://www.zambiayp.com/company/12983/Chalumbe_Food_Stationery_Supplies,zambiayp.com
Chakubamba Farms,"Kabwe, Zambia",,,kabwe,https://www.zambiayp.com/company/13746/Chakubamba_Farms,zambiayp.com
Chirwa Welders,"Box 81609, , Kabwe, Zambia",,,kabwe,https://www.zambiayp.com/company/15141/Chirwa_Welders,zambiayp.com
Cloth Junction Ltd,"P.O.Box 81091, Kabwe, Zambia",,,kabwe,https://www.zambiayp.com/company/4097/Cloth_Junction_Ltd,zambiayp.com
Daughters of Redeemer,"Box 80087, Kabwe, Zambia",,,kabwe,https://www.zambiayp.com/company/8011/Daughters_of_Redeemer,zambiayp.com
Deere Farms,"Kabwe, Zambia",,,kabwe,https://www.zambiayp.com/company/13747/Deere_Farms,zambiayp.com
Deven Enterprises,"P.O.Box 80206, Kabwe, Zambia",,,kabwe,https://www.zambiayp.com/company/3882/Deven_Enterprises,zambiayp.com
Dikonia Centre,"Kabwe, Zambia",,,kabwe,https://www.zambiayp.com/company/7900/Dikonia_Centre,zambiayp.com
Divine Word Postulancy House,"Kabwe, Zambia",,,kabwe,https://www.zambiayp.com/company/8012/Divine_Word_Postulancy_House,zambiayp.com
Dumela Farms,"Kabwe, Zambia",,,kabwe,https://www.zambiayp.com/company/13748/Dumela_Farms,zambiayp.com
Dunavant Zambia Limited,"Kabwe, Zambia",,,kabwe,https://www.zambiayp.com/company/4143/Dunavant_Zambia_Limited,zambiayp.com
Ebenzer Tabernacle Pentecostal Assemblies(res),"Kabwe, Zambia",,,kabwe,https://www.zambiayp.com/company/8013/Ebenzer_Tabernacle_Pentecostal_Assembliesres,zambiayp.com
Ebony Farm LTD,"Kabwe, Zambia",,,kabwe,https://www.zambiayp.com/company/13749/Ebony_Farm_LTD,zambiayp.com
Elephant's Head Hotel,"1226 Buntungwa St, Mwalala, P.O.Box 80410, Kabwe, Zambia",,,kabwe,https://www.zambiayp.com/company/42/Elephants_Head_Hotel,zambiayp.com
Ellensmere School,"Kabwe, Zambia",,,kabwe,https://www.zambiayp.com/company/7461/Ellensmere_School,zambiayp.com
El-shaddai Mission School,"Kabwe, Zambia",,,kabwe,https://www.zambiayp.com/company/7487/El_shaddai_Mission_School,zambiayp.com
Excellence Christian Academy,"P.O.Box 80846, Kabwe, Zambia",,,kabwe,https://www.zambiayp.com/company/7332/Excellence_Christian_Academy,zambiayp.com
Executive Lodge,"Kabwe, Zambia",,,kabwe,https://www.zambiayp.com/company/92/Executive_Lodge,zambiayp.com
Expressline Transport Ltd,"Kabwe, Zambia",,,kabwe,https://www.zambiayp.com/company/5306/Expressline_Transport_Ltd,zambiayp.com
Family Health International,"Kabwe, Zambia",,,kabwe,https://www.zambiayp.com/company/14286/Family_Health_International,zambiayp.com
Finance Bank Zambia Ltd,"P.O.Box 80933, Kabwe, Zambia",,,kabwe,https://www.zambiayp.com/company/7100/Finance_Bank_Zambia_Ltd,zambiayp.com
Finance Bank Zambia Limited,"57 Independence Ave, Town Centre, P.O.Box 80933, Kabwe, Zambia",,,kabwe,https://www.zambiayp.com/company/7185/Finance_Bank_Zambia_Limited,zambiayp.com
Flaming Fire of God Ministries,"Box 81387, Kabwe, Zambia",,,kabwe,https://www.zambiayp.com/company/8014/Flaming_Fire_of_God_Ministries,zambiayp.com
Fowill Farming LTD,"Kabwe, Zambia",,,kabwe,https://www.zambiayp.com/company/13750/Fowill_Farming_LTD,zambiayp.com
Fred's Guest House,"Kabwe, Zambia",,,kabwe,https://www.zambiayp.com/company/3574/Freds_Guest_House,zambiayp.com
Gayatra Stores,"Kabwe, Zambia",,,kabwe,https://www.zambiayp.com/company/2908/Gayatra_Stores,zambiayp.com
Gayatra Grocery,"Kabwe, Zambia",,,kabwe,https://www.zambiayp.com/company/6700/Gayatra_Grocery,zambiayp.com
Gem Engineering & Publishers,"Kabwe, Zambia",,,kabwe,https://www.zambiayp.com/company/3274/Gem_Engineering_Publishers,zambiayp.com
Good Samaritan Centre,"Kabwe, Zambia",,,kabwe,https://www.zambiayp.com/company/8015/Good_Samaritan_Centre,zambiayp.com
Grace Church of Zambia,"Kabwe, Zambia",,,kabwe,https://www.zambiayp.com/company/8016/Grace_Church_of_Zambia,zambiayp.com
Hema Guest House,"P.O.Box 80932, Kabwe, Zambia",,,kabwe,https://www.zambiayp.com/company/3607/Hema_Guest_House,zambiayp.com
Holy Family Sisters/Novitiate,"Kabwe, Zambia",,,kabwe,https://www.zambiayp.com/company/8017/Holy_Family_SistersNovitiate,zambiayp.com
Home Management & Leadership Centre,"P.O.Box 80479, Kabwe, Zambia",,,kabwe,https://www.zambiayp.com/company/2092/Home_Management_Leadership_Centre,zambiayp.com
Hunt DV & HD Mutuwila Farms,"Kabwe, Zambia",,,kabwe,https://www.zambiayp.com/company/13751/Hunt_DV_HD_Mutuwila_Farms,zambiayp.com
Inyatsi Construction,"Kabwe, Zambia",,,kabwe,https://www.zambiayp.com/company/7027/Inyatsi_Construction,zambiayp.com
Jaya Agricultural Marketing,"Kabwe, Zambia",,,kabwe,https://www.zambiayp.com/company/5482/Jaya_Agricultural_Marketing,zambiayp.com
Jigry Auto Works Ltd,"P.O.Box 80701, Kabwe, Zambia",,,kabwe,https://www.zambiayp.com/company/6145/Jigry_Auto_Works_Ltd,zambiayp.com
J K M Internet Cafe & Business,"Kabwe, Zambia",,,kabwe,https://www.zambiayp.com/company/6113/J_K_M_Internet_Cafe_Business,zambiayp.com
JMK Internet Café & Business,"Kabwe, Zambia",,,kabwe,https://www.zambiayp.com/company/14514/JMK_Internet_Café_Business,zambiayp.com
Kabwe Hindu Samaj,"P.O.Box 80053, Kabwe, Zambia",,,kabwe,https://www.zambiayp.com/company/2244/Kabwe_Hindu_Samaj,zambiayp.com
Kabwe Auto Spares,"56 Independence Way, P.O.Box 80165, Kabwe, Zambia",,,kabwe,https://www.zambiayp.com/company/2666/Kabwe_Auto_Spares,zambiayp.com
Kabwe Dorcas Family Health,"P.O.Box 80214, Kabwe, Zambia",,,kabwe,https://www.zambiayp.com/company/4361/Kabwe_Dorcas_Family_Health,zambiayp.com
Kabwe Textiles (z) Ltd,"P.O.Box 81091, Kabwe, Zambia",,,kabwe,https://www.zambiayp.com/company/6490/Kabwe_Textiles_z_Ltd,zambiayp.com
Kabwe Outfitters,"P.O.Box 81514, Kabwe, Zambia",,,kabwe,https://www.zambiayp.com/company/6779/Kabwe_Outfitters,zambiayp.com
Kabwe Chapel,"Box 80418, Kabwe, Zambia",,,kabwe,https://www.zambiayp.com/company/8018/Kabwe_Chapel,zambiayp.com
Kabwe Industrial Fabrics LTD,"Kabwe, Zambia",,,kabwe,https://www.zambiayp.com/company/13722/Kabwe_Industrial_Fabrics_LTD,zambiayp.com
Kabwe Milling Co (1978) LTD,"Box 80697, , Kabwe, Zambia",,,kabwe,https://www.zambiayp.com/company/14884/Kabwe_Milling_Co_1978_LTD,zambiayp.com
Kaps Investments Limited,"Kabwe, Zambia",,,kabwe,https://www.zambiayp.com/company/1071/Kaps_Investments_Limited,zambiayp.com
Karibu Lodge,"Kabwe, Zambia",,,kabwe,https://www.zambiayp.com/company/107/Karibu_Lodge,zambiayp.com
Kasmac General Dealers,"Kabwe, Zambia",,,kabwe,https://www.zambiayp.com/company/3104/Kasmac_General_Dealers,zambiayp.com
Kasavasa Health Centre,"P.O.Box 80935, Kabwe, Zambia",,,kabwe,https://www.zambiayp.com/company/4376/Kasavasa_Health_Centre,zambiayp.com
Kepmil Civil & General Dealers,"Kabwe, Zambia",,,kabwe,https://www.zambiayp.com/company/3194/Kepmil_Civil_General_Dealers,zambiayp.com
Kifco Recreation Club,"Kabwe, Zambia",,,kabwe,https://www.zambiayp.com/company/13275/Kifco_Recreation_Club,zambiayp.com
Komtech Computer Centre,"Kabwe, Zambia",,,kabwe,https://www.zambiayp.com/company/4542/Komtech_Computer_Centre,zambiayp.com
Kwasha A Mukwenu Grocery,"Kabwe, Zambia",,,kabwe,https://www.zambiayp.com/company/2870/Kwasha_A_Mukwenu_Grocery,zambiayp.com
Kwaps Stationery Hardware & General Trading,"Kabwe, Zambia",,,kabwe,https://www.zambiayp.com/company/6541/Kwaps_Stationery_Hardware_General_Trading,zambiayp.com
Kwasha Mukwenu Grocery,"Kabwe, Zambia",,,kabwe,https://www.zambiayp.com/company/14115/Kwasha_Mukwenu_Grocery,zambiayp.com
Lermonton Paulo Dr,"Kabwe, Zambia",,,kabwe,https://www.zambiayp.com/company/14700/Lermonton_Paulo_Dr,zambiayp.com
Lilyvale Farms,"Box 80267, Kabwe, Zambia",,,kabwe,https://www.zambiayp.com/company/13752/Lilyvale_Farms,zambiayp.com
Luangwa Enterprises Ltd,"Freedom Rd, Kasanda, P.O.Box 80567, Kabwe, Zambia",,,kabwe,https://www.zambiayp.com/company/3883/Luangwa_Enterprises_Ltd,zambiayp.com
Luchindashi Enterprises,"5060 MAIN MINE ROAD, Kabwe, Zambia",,,kabwe,https://www.zambiayp.com/company/15331/Luchindashi_Enterprises,zambiayp.com
Malambanyama Baptist Mission,"Box 81409, Kabwe, Zambia",,,kabwe,https://www.zambiayp.com/company/8019/Malambanyama_Baptist_Mission,zambiayp.com
Maple Trust School,"Kabwe, Zambia",,,kabwe,https://www.zambiayp.com/company/7426/Maple_Trust_School,zambiayp.com
Maplehurst School,"Kabwe, Zambia",,,kabwe,https://www.zambiayp.com/company/7498/Maplehurst_School,zambiayp.com
Maseko Circle & General Dealer,"Kabwe, Zambia",,,kabwe,https://www.zambiayp.com/company/2983/Maseko_Circle_General_Dealer,zambiayp.com
Maugan Electrical & Supplies Ltd,"Kabwe, Zambia",,,kabwe,https://www.zambiayp.com/company/5031/Maugan_Electrical_Supplies_Ltd,zambiayp.com
Medpharm,"Kabwe, Zambia",,,kabwe,https://www.zambiayp.com/company/7745/Medpharm,zambiayp.com
Moldies Inn,"Box 80682, Kabwe, Zambia",,,kabwe,https://www.zambiayp.com/company/14223/Moldies_Inn,zambiayp.com
Mormaz General Dealers,"Kabwe, Zambia",,,kabwe,https://www.zambiayp.com/company/3131/Mormaz_General_Dealers,zambiayp.com
Mukonch Wholesalers Ltd,"P.O.Box 80361, Kabwe, Zambia",,,kabwe,https://www.zambiayp.com/company/6721/Mukonch_Wholesalers_Ltd,zambiayp.com
Mukonchi Parish,"Kabwe, Zambia",,,kabwe,https://www.zambiayp.com/company/8020/Mukonchi_Parish,zambiayp.com
Mukumwanji Farms LTD,"Kabwe, Zambia",,,kabwe,https://www.zambiayp.com/company/13839/Mukumwanji_Farms_LTD,zambiayp.com
Mulubila Lodge,"Kabwe, Zambia",,,kabwe,https://www.zambiayp.com/company/97/Mulubila_Lodge,zambiayp.com
Mulungushi Cotton & Cooking Oil Co Ltd,"Kabwe, Zambia",,,kabwe,https://www.zambiayp.com/company/1449/Mulungushi_Cotton_Cooking_Oil_Co_Ltd,zambiayp.com
Mulimansofu Co Ltd,"P.O.Box 80878, Kabwe, Zambia",,,kabwe,https://www.zambiayp.com/company/4653/Mulimansofu_Co_Ltd,zambiayp.com
Munyanga Dr MJ,"Box 80121, , Kabwe, Zambia",,,kabwe,https://www.zambiayp.com/company/14701/Munyanga_Dr_MJ,zambiayp.com
Muselele Farms,"Kabwe, Zambia",,,kabwe,https://www.zambiayp.com/company/13753/Muselele_Farms,zambiayp.com
Muyangana Joseph Dr,"Kabwe, Zambia",,,kabwe,https://www.zambiayp.com/company/14702/Muyangana_Joseph_Dr,zambiayp.com
N A P Marketing Ltd,"Kabwe, Zambia",,,kabwe,https://www.zambiayp.com/company/5559/N_A_P_Marketing_Ltd,zambiayp.com
Narandas N,"Box 80459, Kabwe, Zambia",,,kabwe,https://www.zambiayp.com/company/14534/Narandas_N,zambiayp.com
National College for Managment & Dev Studies,"Box 80415, Kabwe, Zambia",,,kabwe,https://www.zambiayp.com/company/8293/National_College_for_Managment_Dev_Studies,zambiayp.com
National Breweries LTD,"Box 80541, Kabwe, Zambia",,,kabwe,https://www.zambiayp.com/company/13000/National_Breweries_LTD,zambiayp.com
National Union of Industrial Workers,"Box 80529, Trade Unions, Kabwe, Zambia",,,kabwe,https://www.zambiayp.com/company/15005/National_Union_of_Industrial_Workers,zambiayp.com
Nchila Farms LTD,"Kabwe, Zambia",,,kabwe,https://www.zambiayp.com/company/13754/Nchila_Farms_LTD,zambiayp.com
Nebious Trading,"Kabwe, Zambia",,,kabwe,https://www.zambiayp.com/company/3125/Nebious_Trading,zambiayp.com
Ngungu Catholic Church,"Box 80683, Kabwe, Zambia",,,kabwe,https://www.zambiayp.com/company/8021/Ngungu_Catholic_Church,zambiayp.com
Niki's Service Station,"Kabwe, Zambia",,,kabwe,https://www.zambiayp.com/company/6203/Nikis_Service_Station,zambiayp.com
Nkana Water & Sewerage Company,"1545 Gwembe Rd, Highridge, P.O.Box 81745, Kabwe, Zambia",,,kabwe,https://www.zambiayp.com/company/7003/Nkana_Water_Sewerage_Company,zambiayp.com
Northern Baptist Association,"Kabwe, Zambia",,,kabwe,https://www.zambiayp.com/company/12793/Northern_Baptist_Association,zambiayp.com
Nortje Jonathan Mutuwila Farm,"Kabwe, Zambia",,,kabwe,https://www.zambiayp.com/company/13755/Nortje_Jonathan_Mutuwila_Farm,zambiayp.com
Novotel Apartment House,"Kabwe, Zambia",,,kabwe,https://www.zambiayp.com/company/74/Novotel_Apartment_House,zambiayp.com
Only for your Trading,"Kabwe, Zambia",,,kabwe,https://www.zambiayp.com/company/14117/Only_for_your_Trading,zambiayp.com
Pabs Spares & Hardware Supplies,"P.O.Box 81584, Kabwe, Zambia",,,kabwe,https://www.zambiayp.com/company/6525/Pabs_Spares_Hardware_Supplies,zambiayp.com
Paidesa-pan African Institute for development east & Southern Africa,"Box 80448, Kabwe, Zambia",,,kabwe,https://www.zambiayp.com/company/14438/Paidesa_pan_African_Institute_for_development_east_Southern_Africa,zambiayp.com
PAREKH,"KATEBE CHILUFYA ST KABWE, Zambia",,,kabwe,https://www.zambiayp.com/company/15733/PAREKH,zambiayp.com
Patel's Estate,"Lusaka Rd, P.O.Box 81130, Kabwe, Zambia",,,kabwe,https://www.zambiayp.com/company/5611/Patels_Estate,zambiayp.com
Pilgrims Downtown Lodge,"Kabwe, Zambia",,,kabwe,https://www.zambiayp.com/company/294/Pilgrims_Downtown_Lodge,zambiayp.com
Pilgrims Motel,"Kabwe, Zambia",,,kabwe,https://www.zambiayp.com/company/3639/Pilgrims_Motel,zambiayp.com
Professional Insurance Corporation Ltd,"Kabwe, Zambia",,,kabwe,https://www.zambiayp.com/company/1275/Professional_Insurance_Corporation_Ltd,zambiayp.com
Providence Medical Centre,"P.O.Box 80121, Kabwe, Zambia",,,kabwe,https://www.zambiayp.com/company/4383/Providence_Medical_Centre,zambiayp.com
Quality Tooling Acc & Suppliers,"Kabwe, Zambia",,,kabwe,https://www.zambiayp.com/company/4615/Quality_Tooling_Acc_Suppliers,zambiayp.com
Quality Tooling Acc & Supplies,"Tool Suppliers, Kabwe, Zambia",,,kabwe,https://www.zambiayp.com/company/14980/Quality_Tooling_Acc_Supplies,zambiayp.com
Railway Systems Of Zambia,"ZRL Bldg Cnr Buntungwa & Ghana Sts, Kabwe, Zambia",,,kabwe,https://www.zambiayp.com/company/5255/Railway_Systems_Of_Zambia,zambiayp.com
Railways Workers Union of Zambia,"Kabwe, Zambia",,,kabwe,https://www.zambiayp.com/company/15079/Railways_Workers_Union_of_Zambia,zambiayp.com
Raj Fashions,"P.O.Box 80900, Kabwe, Zambia",,,kabwe,https://www.zambiayp.com/company/6816/Raj_Fashions,zambiayp.com
Ramonga Lodge,"Kabwe, Zambia",,,kabwe,https://www.zambiayp.com/company/14600/Ramonga_Lodge,zambiayp.com
Reformed Church of Zambia,"Box 81171, Kabwe, Zambia",,,kabwe,https://www.zambiayp.com/company/8022/Reformed_Church_of_Zambia,zambiayp.com
Romonga Lodge,"5 Main Mine Rd, Kabwe, Zambia",,,kabwe,https://www.zambiayp.com/company/266/Romonga_Lodge,zambiayp.com
Sacred Heart Parish,"Kabwe, Zambia",,,kabwe,https://www.zambiayp.com/company/8023/Sacred_Heart_Parish,zambiayp.com
Sadza Milling,"Kabwe, Zambia",,,kabwe,https://www.zambiayp.com/company/1329/Sadza_Milling,zambiayp.com
Sai Fabric Centre,"P.O.Box 81425, Kabwe, Zambia",,,kabwe,https://www.zambiayp.com/company/6489/Sai_Fabric_Centre,zambiayp.com
Securicor Gray,"P.O.Box 80912, Kabwe, Zambia",,,kabwe,https://www.zambiayp.com/company/2304/Securicor_Gray,zambiayp.com
Sheila's,"Freedom Rd, Kasanda, P.O.Box 80133, Kabwe, Zambia",,,kabwe,https://www.zambiayp.com/company/2794/Sheilas,zambiayp.com
SHIWA ESTATES (HARVEY),"MUBANGA FARM KABWE, Zambia",,,kabwe,https://www.zambiayp.com/company/15781/SHIWA_ESTATES_HARVEY,zambiayp.com
Sirag Marketing Ltd,"Kabwe, Zambia",,,kabwe,https://www.zambiayp.com/company/5558/Sirag_Marketing_Ltd,zambiayp.com
Sister's Servants of Mary,"Box 10, Kabwe, Zambia",,,kabwe,https://www.zambiayp.com/company/8024/Sisters_Servants_of_Mary,zambiayp.com
Stancom Tobacco Services (z) Ltd,"Kabwe, Zambia",,,kabwe,https://www.zambiayp.com/company/4116/Stancom_Tobacco_Services_z_Ltd,zambiayp.com
St Columbus Nursery School,"P.O.Box 80744, Kabwe, Zambia",,,kabwe,https://www.zambiayp.com/company/7352/St_Columbus_Nursery_School,zambiayp.com
ST Mary's Catholic Parish,"Selesian Fathers, Kabwe, Zambia",,,kabwe,https://www.zambiayp.com/company/8025/ST_Marys_Catholic_Parish,zambiayp.com
Super Metal Industries,"P.O.Box 80232, Kabwe, Zambia",,,kabwe,https://www.zambiayp.com/company/4199/Super_Metal_Industries,zambiayp.com
Tony's Bargain Centre,"P.O.Box 80312, Kabwe, Zambia",,,kabwe,https://www.zambiayp.com/company/2890/Tonys_Bargain_Centre,zambiayp.com
Total Zambia,"Kabwe, Zambia",,,kabwe,https://www.zambiayp.com/company/1450/Total_Zambia,zambiayp.com
Trinity Broadcasting Network,"P.O.Box 80118, Kabwe, Zambia",,,kabwe,https://www.zambiayp.com/company/1504/Trinity_Broadcasting_Network,zambiayp.com
Tshimpanga Dr Anaclet,"Kabwe, Zambia",,,kabwe,https://www.zambiayp.com/company/14703/Tshimpanga_Dr_Anaclet,zambiayp.com
Tulime Agro Marketing,"P.O.Box 80060, Kabwe, Zambia",,,kabwe,https://www.zambiayp.com/company/5574/Tulime_Agro_Marketing,zambiayp.com
Upper Crust Bakery,"Bakers & Confectioners, Kabwe, Zambia",,,kabwe,https://www.zambiayp.com/company/12900/Upper_Crust_Bakery,zambiayp.com
Vilpassons Multi Marketing,"Kabwe, Zambia",,,kabwe,https://www.zambiayp.com/company/5568/Vilpassons_Multi_Marketing,zambiayp.com
VK garden Motel & Guest House,"Box 80088, Kabwe, Zambia",,,kabwe,https://www.zambiayp.com/company/14224/VK_garden_Motel_Guest_House,zambiayp.com
Walusungu Lodge,"Box 84321, Kabwe, Zambia",,,kabwe,https://www.zambiayp.com/company/14225/Walusungu_Lodge,zambiayp.com
Widecare International,"Kabwe, Zambia",,,kabwe,https://www.zambiayp.com/company/15154/Widecare_International,zambiayp.com
Yielding Tree Milling Limited,"Kabwe, Zambia",,,kabwe,https://www.zambiayp.com/company/1359/Yielding_Tree_Milling_Limited,zambiayp.com
Y M C A Central Region,"P.O.Box 80407, Kabwe, Zambia",,,kabwe,https://www.zambiayp.com/company/2287/Y_M_C_A_Central_Region,zambiayp.com
Zamnet Lodge,"Kabwe, Zambia",,,kabwe,https://www.zambiayp.com/company/280/Zamnet_Lodge,zambiayp.com
Zambia National Blood Transfusion Service,"Kabwe General Hospital, P.O.Box 80017, Zambia",,,kabwe,https://www.zambiayp.com/company/1692/Zambia_National_Blood_Transfusion_Service,zambiayp.com
Zampostal,"Kabwe, Zambia",,,kabwe,https://www.zambiayp.com/company/2203/Zampostal,zambiayp.com
Zambia Post Services Corporation,"7 Marshall Ave, Town Centre, Kabwe, Zambia",,,kabwe,https://www.zambiayp.com/company/2207/Zambia_Post_Services_Corporation,zambiayp.com
Zambia National Building Society,"Freedom Rd, Kasanda, P.O.Box 80403, Kabwe, Zambia",,,kabwe,https://www.zambiayp.com/company/6436/Zambia_National_Building_Society,zambiayp.com
Zambia National Blood Transfusion,"Box 80017, Kabwe, Zambia",,,kabwe,https://www.zambiayp.com/company/12976/Zambia_National_Blood_Transfusion,zambiayp.com
Zambia Forestry & Forest Industry,"Box 81540, Kabwe, Zambia",,,kabwe,https://www.zambiayp.com/company/13978/Zambia_Forestry_Forest_Industry,zambiayp.com
Chankomo M B,"Box 810278central Province, Kabwe, Zambia",,,kabwe,https://www.zambiayp.com/company/8497/Chankomo_M_B,zambiayp.com
Chamilonga,"Box 810063, Central Province, Kabwe, Zambia",,,kabwe,https://www.zambiayp.com/company/12637/Chamilonga,zambiayp.com
Chipeso,"Box 80246, central Province, Kabwe, Zambia",,,kabwe,https://www.zambiayp.com/company/8406/Chipeso,zambiayp.com
Chipili Primary,"Box 80246, central Province, Kabwe, Zambia",,,kabwe,https://www.zambiayp.com/company/8435/Chipili_Primary,zambiayp.com
Chititi Middle Basic,"Box 80246, Central Province, Kabwe, Zambia",,,kabwe,https://www.zambiayp.com/company/8437/Chititi_Middle_Basic,zambiayp.com
Chindwin A Basic,"Box 80443 central Province, Kabwe, Zambia",,,kabwe,https://www.zambiayp.com/company/8478/Chindwin_A_Basic,zambiayp.com
Chindwin B Upper Bas,"Box 80947 central Province, Kabwe, Zambia",,,kabwe,https://www.zambiayp.com/company/8479/Chindwin_B_Upper_Bas,zambiayp.com
Chief Mboshya,"Pb 80 12xk, central Province, Kabwe, Zambia",,,kabwe,https://www.zambiayp.com/company/8637/Chief_Mboshya,zambiayp.com
Chisolo,"Co Box 81558, Central Province, Kabwe, Zambia",,,kabwe,https://www.zambiayp.com/company/12618/Chisolo,zambiayp.com
Chola,"Box 810063, Central Province, Kabwe, Zambia",,,kabwe,https://www.zambiayp.com/company/12640/Chola,zambiayp.com
Chunga,"Box 80736, Central Province, Kabwe, Zambia",,,kabwe,https://www.zambiayp.com/company/8374/Chunga,zambiayp.com
David Ramushu,"Box 80363 central Province, Kabwe, Zambia",,,kabwe,https://www.zambiayp.com/company/8480/David_Ramushu,zambiayp.com
Domingo,"Box 80904 Kabwe, Central Province, Zambia",,,kabwe,https://www.zambiayp.com/company/12641/Domingo,zambiayp.com
Hilltop Iri,"Box 810000, Central Province, Kabwe, Zambia",,,kabwe,https://www.zambiayp.com/company/12643/Hilltop_Iri,zambiayp.com
Jacaranda Trust,"Box 80639 central Province, Kabwe, Zambia",,,kabwe,https://www.zambiayp.com/company/8481/Jacaranda_Trust,zambiayp.com
Kabakombo,"Box 80246, Central Province, Kabwe, Zambia",,,kabwe,https://www.zambiayp.com/company/8375/Kabakombo,zambiayp.com
Kabwe  Basic,"Box 80728 central Province, Kabwe, Zambia",,,kabwe,https://www.zambiayp.com/company/8482/Kabwe_Basic,zambiayp.com
Kafulamase,"Box 80423central Province, Kabwe, Zambia",,,kabwe,https://www.zambiayp.com/company/8483/Kafulamase,zambiayp.com
Kamishishi M. Basic,"Box 80352, central Province, Kabwe, Zambia",,,kabwe,https://www.zambiayp.com/company/8442/Kamishishi_M_Basic,zambiayp.com
Kantupu,"Box 80246, Central Province, Kabwe, Zambia",,,kabwe,https://www.zambiayp.com/company/8443/Kantupu,zambiayp.com
Kasosolo,"Box 80246, central Province, zmbia, Kabwe, Zambia",,,kabwe,https://www.zambiayp.com/company/8384/Kasosolo,zambiayp.com
Kasandamalombe,"Box 80640 central Province, Kabwe, Zambia",,,kabwe,https://www.zambiayp.com/company/8484/Kasandamalombe,zambiayp.com
Katondo Middle,"Box 80082 central Province, Kabwe, Zambia",,,kabwe,https://www.zambiayp.com/company/8485/Katondo_Middle,zambiayp.com
Kizito M.basic,"Box 81436, central Province, Kabwe, Zambia",,,kabwe,https://www.zambiayp.com/company/8385/Kizito_Mbasic,zambiayp.com
Lifwambula,"Box 80246, central Province, zmbia, Kabwe, Zambia",,,kabwe,https://www.zambiayp.com/company/8386/Lifwambula,zambiayp.com
Lombwa,"Box 80246, central Province, zmbia, Kabwe, Zambia",,,kabwe,https://www.zambiayp.com/company/8387/Lombwa,zambiayp.com
Lukoshi,"Box 80246, central Province, zmbia, Kabwe, Zambia",,,kabwe,https://www.zambiayp.com/company/8388/Lukoshi,zambiayp.com
Lukanga Basic,"Box 80006 central Province, Kabwe, Zambia",,,kabwe,https://www.zambiayp.com/company/8486/Lukanga_Basic,zambiayp.com
Lupani School,"Box 80246, central Province, Kabwe, Zambia",,,kabwe,https://www.zambiayp.com/company/8420/Lupani_School,zambiayp.com
Manwankalamu,"Box 80246, Central Province, Kabwe, Zambia",,,kabwe,https://www.zambiayp.com/company/12627/Manwankalamu,zambiayp.com
Mapalo,"Box 80170 central Province, Kabwe, Zambia",,,kabwe,https://www.zambiayp.com/company/8487/Mapalo,zambiayp.com
Mashikili,"Box 80246, central Province, Kabwe, Zambia",,,kabwe,https://www.zambiayp.com/company/8446/Mashikili,zambiayp.com
Miracle Open,"Box 45, Central Province, Kabwe, Zambia",,,kabwe,https://www.zambiayp.com/company/12636/Miracle_Open,zambiayp.com
Mpima Prison,"Box 80423 central Province, Kabwe, Zambia",,,kabwe,https://www.zambiayp.com/company/8488/Mpima_Prison,zambiayp.com
Mulungushi Agro,"Box 80045, central Province, Kabwe, Zambia",,,kabwe,https://www.zambiayp.com/company/8392/Mulungushi_Agro,zambiayp.com
Munema,"Box 80246, central Province, zmbia, Kabwe, Zambia",,,kabwe,https://www.zambiayp.com/company/8394/Munema,zambiayp.com
Mupelekese,"Box 80246, central Province, zmbia, Kabwe, Zambia",,,kabwe,https://www.zambiayp.com/company/8396/Mupelekese,zambiayp.com
Muswishi,"Box 81458, central Province, Kabwe, Zambia",,,kabwe,https://www.zambiayp.com/company/8397/Muswishi,zambiayp.com
Mututu,"Box 80247, central Province, Kabwe, Zambia",,,kabwe,https://www.zambiayp.com/company/8399/Mututu,zambiayp.com
Mutakwa,"Box 80246, central Province, zmbia, Kabwe, Zambia",,,kabwe,https://www.zambiayp.com/company/8426/Mutakwa,zambiayp.com
Mwashi Upper Basic,"Box 80475 central Province, Kabwe, Zambia",,,kabwe,https://www.zambiayp.com/company/8489/Mwashi_Upper_Basic,zambiayp.com
Nabusanga,"Box 80410central Province, Kabwe, Zambia",,,kabwe,https://www.zambiayp.com/company/8490/Nabusanga,zambiayp.com
Nansenga Primary,"central Province, Kabwe, Zambia",,,kabwe,https://www.zambiayp.com/company/8562/Nansenga_Primary,zambiayp.com
Natuseko,"Box 80428 central Province, Kabwe, Zambia",,,kabwe,https://www.zambiayp.com/company/8491/Natuseko,zambiayp.com
Neemtree Upper,"Box 80209 central Province, Kabwe, Zambia",,,kabwe,https://www.zambiayp.com/company/8492/Neemtree_Upper,zambiayp.com
New Mpima M Basic,"P O Box 80423 central Province, Kabwe, Zambia",,,kabwe,https://www.zambiayp.com/company/8493/New_Mpima_M_Basic,zambiayp.com
Ngungu Basic,"Box 80984 central Province, Kabwe, Zambia",,,kabwe,https://www.zambiayp.com/company/8474/Ngungu_Basic,zambiayp.com
Nkonje Community,"Box 80558, Central Province, Kabwe, Zambia",,,kabwe,https://www.zambiayp.com/company/12634/Nkonje_Community,zambiayp.com
Rama Community,"Box 81499, Central Province, Kabwe, Zambia",,,kabwe,https://www.zambiayp.com/company/12653/Rama_Community,zambiayp.com
Sacred Heart,"Box 80539, central Province, Kabwe, Zambia",,,kabwe,https://www.zambiayp.com/company/8494/Sacred_Heart,zambiayp.com
Shiyala,"Box 80246, central Province, Kabwe, Zambia",,,kabwe,https://www.zambiayp.com/company/8464/Shiyala,zambiayp.com
Shikita Community,"Box 81558, Central Province, Kabwe, Zambia",,,kabwe,https://www.zambiayp.com/company/12635/Shikita_Community,zambiayp.com
Special Educa,"Box 80423 central Province, Kabwe, Zambia",,,kabwe,https://www.zambiayp.com/company/8476/Special_Educa,zambiayp.com
St Marys Upper,"Box 80856 central Province, Kabwe, Zambia",,,kabwe,https://www.zambiayp.com/company/8495/St_Marys_Upper,zambiayp.com
Zambia Telecommunications Company Ltd Kabwe Area Office,"P.O.Box 80122, Kabwe, Zambia",,,kabwe,https://www.zambiayp.com/company/4917/Zambia_Telecommunications_Company_Ltd_Kabwe_Area_Office,zambiayp.com
KIAMBI SAFARIS,"PO BOX 360073, Kafue, Zambia",,,kafue,https://www.zambiayp.com/company/17776/KIAMBI_SAFARIS,zambiayp.com
Zambika Bakery,"5 Buyantashi Road, Kafue, Zambia",,,kafue,https://www.zambiayp.com/company/3491/Zambika_Bakery,zambiayp.com
Zambia National Commercial Bank Kafue Branch,"P.O.Box 34, Kafue, Zambia",,,kafue,https://www.zambiayp.com/company/7073/Zambia_National_Commercial_Bank_Kafue_Branch,zambiayp.com
Kiambi Safaris,"Chiawa Lower Zambezi, P.O.Box 360073, Kafue, Zambia",,,kafue,https://www.zambiayp.com/company/674/Kiambi_Safaris,zambiayp.com
Riverside Farm Institute,"P.O.Box 360053, Kafue, Zambia",,,kafue,https://www.zambiayp.com/company/5470/Riverside_Farm_Institute,zambiayp.com
Nitrogen Chemicals (z) Ltd,"P.O.Box 360226, Kafue, Zambia",,,kafue,https://www.zambiayp.com/company/3699/Nitrogen_Chemicals_z_Ltd,zambiayp.com
Riverview wellness Centre,"Kafue River, Mazabuka District, Southern Province, P.O. Box: 53, Zambia",,,kafue,https://www.zambiayp.com/company/14296/Riverview_wellness_Centre,zambiayp.com
Malundu School,"65JM+VJQ, Kafue, Zambia",,,kafue,https://www.zambiayp.com/company/7520/Malundu_School,zambiayp.com
Rako Agencies,"Stand 1 Buyantanshi Rd, P.O.Box 360020, Kafue, Zambia",,,kafue,https://www.zambiayp.com/company/5391/Rako_Agencies,zambiayp.com
River Motel Limited,"Great North Rd, P.O.Box 373, Kafue, Zambia",,,kafue,https://www.zambiayp.com/company/3642/River_Motel_Limited,zambiayp.com
House Of Excellence,"P.O.Box 370262, Kafue, Zambia",,,kafue,https://www.zambiayp.com/company/3604/House_Of_Excellence,zambiayp.com
Kafue Wholesalers & Distributors Ltd,"P.O.Box 360166, Kafue, Zambia",,,kafue,https://www.zambiayp.com/company/3162/Kafue_Wholesalers_Distributors_Ltd,zambiayp.com
Mano Products Zambia Ltd,"P.O.Box 37554, Kafue, Zambia",,,kafue,https://www.zambiayp.com/company/3953/Mano_Products_Zambia_Ltd,zambiayp.com
Otter Bay Lodge,"Kafue Gorge, Kafue River, P.O. Box: 36518, Zambia",,,kafue,https://www.zambiayp.com/company/16708/Otter_Bay_Lodge,zambiayp.com
Pumulani Renewable Energy Centre,"PO Box 360389, P.O. Box: 360389, Kafue, Zambia",,,kafue,https://www.zambiayp.com/company/16929/Pumulani_Renewable_Energy_Centre,zambiayp.com
Lee Yeast (z) Ltd,"Kafue, Zambia",,,kafue,https://www.zambiayp.com/company/4132/Lee_Yeast_z_Ltd,zambiayp.com
Kafue Textiles Of Zambia Ltd,"Plot 1052M President Ave, Kafue Estates, P.O.Box 360131, Zambia",,,kafue,https://www.zambiayp.com/company/4099/Kafue_Textiles_Of_Zambia_Ltd,zambiayp.com
Kafue District Council,"Kafue, Zambia",,,kafue,https://www.zambiayp.com/company/13531/Kafue_District_Council,zambiayp.com
G L Carriers Ltd,"14 Buyantanshi Rd, Kafue, Zambia",,,kafue,https://www.zambiayp.com/company/4761/G_L_Carriers_Ltd,zambiayp.com
Kabvinira Enterprises,"Kafue, Zambia",,,kafue,https://www.zambiayp.com/company/3749/Kabvinira_Enterprises,zambiayp.com
Marvin Motors & Transport Ltd,"Kafue, Zambia",,,kafue,https://www.zambiayp.com/company/5271/Marvin_Motors_Transport_Ltd,zambiayp.com
Hippo Lodge,"Kafue, Zambia",,,kafue,https://www.zambiayp.com/company/223/Hippo_Lodge,zambiayp.com
Indeco Estates Development Limited,"Luangwa Dve, P.O.Box 143, Kafue, Zambia",,,kafue,https://www.zambiayp.com/company/4242/Indeco_Estates_Development_Limited,zambiayp.com
Infraset (z) Ltd,"Kafue, Zambia",,,kafue,https://www.zambiayp.com/company/4157/Infraset_z_Ltd,zambiayp.com
Kafue Chemicals Limited,"Plot 593, Luapula St, Kafue Estates, P.O.Box 370066, Zambia",,,kafue,https://www.zambiayp.com/company/3697/Kafue_Chemicals_Limited,zambiayp.com
The Divine Guest House,"Kafue, Zambia",,,kafue,https://www.zambiayp.com/company/180/The_Divine_Guest_House,zambiayp.com
ZAMBIA CONCRETE LIMITED,"PLOT 163A OFF GREAT NORTH ROAD INDUSTRIAL AREA KAFUE, Zambia",,,kafue,https://www.zambiayp.com/company/15865/ZAMBIA_CONCRETE_LIMITED,zambiayp.com
African Textiles (z) Ltd,"Kafue, Zambia",,,kafue,https://www.zambiayp.com/company/6858/African_Textiles_z_Ltd,zambiayp.com
Agip (Z) LTD,"Kafue, Zambia",,,kafue,https://www.zambiayp.com/company/14636/Agip_Z_LTD,zambiayp.com
A & S Construction Limited,"Kafue, Zambia",,,kafue,https://www.zambiayp.com/company/6421/A_S_Construction_Limited,zambiayp.com
Bayi Motel,"Kafue, Zambia",,,kafue,https://www.zambiayp.com/company/3644/Bayi_Motel,zambiayp.com
B P Motors,"Kafue, Zambia",,,kafue,https://www.zambiayp.com/company/6162/B_P_Motors,zambiayp.com
BP Motors,"Kafue, Zambia",,,kafue,https://www.zambiayp.com/company/14045/BP_Motors,zambiayp.com
Bridge Investments Ltd,"P.O.Box 360141, Kafue, Zambia",,,kafue,https://www.zambiayp.com/company/1044/Bridge_Investments_Ltd,zambiayp.com
Centro Orientamento Education,"Kafue, Zambia",,,kafue,https://www.zambiayp.com/company/7575/Centro_Orientamento_Education,zambiayp.com
Centro Orientmento Education,"Kafue, Zambia",,,kafue,https://www.zambiayp.com/company/13576/Centro_Orientmento_Education,zambiayp.com
Chemicals And Engineering Supplies Ltd,"P.O.Box 370062, Kafue, Zambia",,,kafue,https://www.zambiayp.com/company/3214/Chemicals_And_Engineering_Supplies_Ltd,zambiayp.com
Euco Trading,"Kafue, Zambia",,,kafue,https://www.zambiayp.com/company/2969/Euco_Trading,zambiayp.com
Falila Motors,"Kafue, Zambia",,,kafue,https://www.zambiayp.com/company/6141/Falila_Motors,zambiayp.com
Fao Project,"Kafue, Zambia",,,kafue,https://www.zambiayp.com/company/6361/Fao_Project,zambiayp.com
G L A S S Bp-guffer Latif Auto Services Station,"BUYANTANSHI ROAD, Kafue, Zambia",,,kafue,https://www.zambiayp.com/company/15379/G_L_A_S_S_Bp_guffer_Latif_Auto_Services_Station,zambiayp.com
GL Carriers LTD,"Kafue, Zambia",,,kafue,https://www.zambiayp.com/company/13133/GL_Carriers_LTD,zambiayp.com
Gospel Foundation Education Trust,"Kafue, Zambia",,,kafue,https://www.zambiayp.com/company/1521/Gospel_Foundation_Education_Trust,zambiayp.com
Highway Park Lodge,"Kafue, Zambia",,,kafue,https://www.zambiayp.com/company/222/Highway_Park_Lodge,zambiayp.com
Indeco Estate Dev Co Ltd,"Kafue, Zambia",,,kafue,https://www.zambiayp.com/company/4260/Indeco_Estate_Dev_Co_Ltd,zambiayp.com
Infraset(Z) LTD,"Kafue, Zambia",,,kafue,https://www.zambiayp.com/company/13385/InfrasetZ_LTD,zambiayp.com
Jada Stores,"Kafue, Zambia",,,kafue,https://www.zambiayp.com/company/2850/Jada_Stores,zambiayp.com
Kafue Radio Communication,"Kafue, Zambia",,,kafue,https://www.zambiayp.com/company/4876/Kafue_Radio_Communication,zambiayp.com
Kafue Real Estate Agency,"Kafue, Zambia",,,kafue,https://www.zambiayp.com/company/5785/Kafue_Real_Estate_Agency,zambiayp.com
Kafula Teresa Dr,"Kafue, Zambia",,,kafue,https://www.zambiayp.com/company/14704/Kafula_Teresa_Dr,zambiayp.com
Kafue Social Sciences,"Kafue, Zambia",,,kafue,https://www.zambiayp.com/company/15155/Kafue_Social_Sciences,zambiayp.com
Keleanor Investments,"Kafue, Zambia",,,kafue,https://www.zambiayp.com/company/1172/Keleanor_Investments,zambiayp.com
King Quality Products LTD,"Kafue, Zambia",,,kafue,https://www.zambiayp.com/company/14949/King_Quality_Products_LTD,zambiayp.com
Lunat Outfitters,"Kafue Estates Shop, P.O.Box 360134, Zambia",,,kafue,https://www.zambiayp.com/company/6776/Lunat_Outfitters,zambiayp.com
Lundazi District Health,"Kafue, Zambia",,,kafue,https://www.zambiayp.com/company/14287/Lundazi_District_Health,zambiayp.com
Makeway Investments,"Kafue, Zambia",,,kafue,https://www.zambiayp.com/company/6590/Makeway_Investments,zambiayp.com
Ma Na Pa Internet Cafe,"Kafue, Zambia",,,kafue,https://www.zambiayp.com/company/6103/Ma_Na_Pa_Internet_Cafe,zambiayp.com
Mano Products (Z) LTD,"Box 37554, Manufacturers & Distributors, Kafue, Zambia",,,kafue,https://www.zambiayp.com/company/14658/Mano_Products_Z_LTD,zambiayp.com
May Flower Stationers,"Kafue, Zambia",,,kafue,https://www.zambiayp.com/company/2752/May_Flower_Stationers,zambiayp.com
Mulundu School,"P.O.Box 114, Kafue, Zambia",,,kafue,https://www.zambiayp.com/company/7411/Mulundu_School,zambiayp.com
Mundia Samsom Kasuka Dr,"Kafue, Zambia",,,kafue,https://www.zambiayp.com/company/14705/Mundia_Samsom_Kasuka_Dr,zambiayp.com
Mwize Kindergarten Primary & Training,"Kafue, Zambia",,,kafue,https://www.zambiayp.com/company/7492/Mwize_Kindergarten_Primary_Training,zambiayp.com
New Foundation Apostolic Church,"Kafue, Zambia",,,kafue,https://www.zambiayp.com/company/8026/New_Foundation_Apostolic_Church,zambiayp.com
Nkhosi Breweries,"Kafue, Zambia",,,kafue,https://www.zambiayp.com/company/13001/Nkhosi_Breweries,zambiayp.com
Nkwazi Manufacturing Co Ltd,"4555 Chibuku Rd, P.O.Box 360106, Kafue, Zambia",,,kafue,https://www.zambiayp.com/company/3954/Nkwazi_Manufacturing_Co_Ltd,zambiayp.com
Omar Service Station Ltd,"Kafue, Zambia",,,kafue,https://www.zambiayp.com/company/6263/Omar_Service_Station_Ltd,zambiayp.com
Prav Wholesalers,"P.O.Box 670048, Kafue, Zambia",,,kafue,https://www.zambiayp.com/company/6699/Prav_Wholesalers,zambiayp.com
Puku Camp,"Kafue, Zambia",,,kafue,https://www.zambiayp.com/company/241/Puku_Camp,zambiayp.com
Radian Stores,"Buyantanshi Rd, Kafue, Zambia",,,kafue,https://www.zambiayp.com/company/2781/Radian_Stores,zambiayp.com
Securicor Gray,"P.O.Box 360189, Kafue, Zambia",,,kafue,https://www.zambiayp.com/company/2307/Securicor_Gray,zambiayp.com
Sting Security Ltd,"Kafue, Zambia",,,kafue,https://www.zambiayp.com/company/2337/Sting_Security_Ltd,zambiayp.com
St John The Baptist Community School,"Kafue, Zambia",,,kafue,https://www.zambiayp.com/company/7519/St_John_The_Baptist_Community_School,zambiayp.com
Sussi Lodge,"Kafue, Zambia",,,kafue,https://www.zambiayp.com/company/197/Sussi_Lodge,zambiayp.com
Tinarwo Furniture,"Kafue, Zambia",,,kafue,https://www.zambiayp.com/company/2800/Tinarwo_Furniture,zambiayp.com
Total Filling Station,"Kafue, Zambia",,,kafue,https://www.zambiayp.com/company/6163/Total_Filling_Station,zambiayp.com
Uncle Wilsons Inn & General,"Kafue, Zambia",,,kafue,https://www.zambiayp.com/company/2989/Uncle_Wilsons_Inn_General,zambiayp.com
Uncle wilson Inn & general,"Kafue, Zambia",,,kafue,https://www.zambiayp.com/company/14118/Uncle_wilson_Inn_general,zambiayp.com
Universal Mining,"Kafue, Zambia",,,kafue,https://www.zambiayp.com/company/4330/Universal_Mining,zambiayp.com
Universal Mining & Chemical Industry,"Kafue, Zambia",,,kafue,https://www.zambiayp.com/company/4331/Universal_Mining_Chemical_Industry,zambiayp.com
Wrinkles Mfg Co Ltd,"Kafue, Zambia",,,kafue,https://www.zambiayp.com/company/3908/Wrinkles_Mfg_Co_Ltd,zambiayp.com
Zampost / Western Union,"Kafue, Zambia",,,kafue,https://www.zambiayp.com/company/2231/Zampost__Western_Union,zambiayp.com
Zeeman Electrical Contractors,"Kafue, Zambia",,,kafue,https://www.zambiayp.com/company/2695/Zeeman_Electrical_Contractors,zambiayp.com
Chanyanya Primary,"Box 360296, lusaka Province, Kafue, Zambia",,,kafue,https://www.zambiayp.com/company/10173/Chanyanya_Primary,zambiayp.com
Chiawa Basic,"Box 330, lusaka Province, Kafue, Zambia",,,kafue,https://www.zambiayp.com/company/10174/Chiawa_Basic,zambiayp.com
Chikupi Basic,"Box 360296, lusaka Province, Kafue, Zambia",,,kafue,https://www.zambiayp.com/company/10175/Chikupi_Basic,zambiayp.com
Gota-gota Basic,"Box 363330, lusaka Province, Kafue, Zambia",,,kafue,https://www.zambiayp.com/company/10180/Gota_gota_Basic,zambiayp.com
Kabweza Basic,"Box 360296, lusaka Province, Kafue, Zambia",,,kafue,https://www.zambiayp.com/company/10182/Kabweza_Basic,zambiayp.com
Kacheta   Basic,"Box 360296, lusaka Province, Kafue, Zambia",,,kafue,https://www.zambiayp.com/company/10157/Kacheta_Basic,zambiayp.com
Kapongo Basic,"Box 360296, lusaka Province, Kafue, Zambia",,,kafue,https://www.zambiayp.com/company/10183/Kapongo_Basic,zambiayp.com
Lishiko  Primary,"Box 360296, lusaka Province, Kafue, Zambia",,,kafue,https://www.zambiayp.com/company/10184/Lishiko_Primary,zambiayp.com
Mpamba  Basic,"Box 39552, lusaka Province, Kafue, Zambia",,,kafue,https://www.zambiayp.com/company/10160/Mpamba_Basic,zambiayp.com
Mukuyu Private,"Box 350087, lusaka Province, Kafue, Zambia",,,kafue,https://www.zambiayp.com/company/10162/Mukuyu_Private,zambiayp.com
N C Z  School,"Box 360226, lusaka Province, Kafue, Zambia",,,kafue,https://www.zambiayp.com/company/10197/N_C_Z_School,zambiayp.com
Shimabala (hetty,"Box 360219, lusaka Province, Kafue, Zambia",,,kafue,https://www.zambiayp.com/company/10193/Shimabala_hetty,zambiayp.com
Veca,"Box 38342, lusaka Province, Kafue, Zambia",,,kafue,https://www.zambiayp.com/company/10168/Veca,zambiayp.com
Health Naturo,"3571 Lyon Avenue, Kalabo, Zambia",,,kalabo,https://www.zambiayp.com/company/18758/Health_Naturo,zambiayp.com
Comboni Missionary Sisters,"Box 930014, Kalabo, Zambia",,,kalabo,https://www.zambiayp.com/company/8027/Comboni_Missionary_Sisters,zambiayp.com
Department Of Social Welfare,"Kalabo, Zambia",,,kalabo,https://www.zambiayp.com/company/2456/Department_Of_Social_Welfare,zambiayp.com
Franciscan Sisters,"Box 930014, Kalabo, Zambia",,,kalabo,https://www.zambiayp.com/company/8028/Franciscan_Sisters,zambiayp.com
Kaliomwa High School,"Kalabo, Zambia",,,kalabo,https://www.zambiayp.com/company/7500/Kaliomwa_High_School,zambiayp.com
Lilamono Shop & Hardware,"Kalabo, Zambia",,,kalabo,https://www.zambiayp.com/company/6557/Lilamono_Shop_Hardware,zambiayp.com
Nalionwa Catholic Church,"Box 930099, Kalabo, Zambia",,,kalabo,https://www.zambiayp.com/company/8029/Nalionwa_Catholic_Church,zambiayp.com
Honge,"Box 930100, Western Province, Kalabo, Zambia",,,kalabo,https://www.zambiayp.com/company/12067/Honge,zambiayp.com
Ikatulamwa Primary,"Box 930100, Western Province, Kalabo, Zambia",,,kalabo,https://www.zambiayp.com/company/12048/Ikatulamwa_Primary,zambiayp.com
Imilangu,"Box 930100, Western Province, Kalabo, Zambia",,,kalabo,https://www.zambiayp.com/company/12019/Imilangu,zambiayp.com
Ituya Primary,"Box 930100, Western Province, Kalabo, Zambia",,,kalabo,https://www.zambiayp.com/company/12020/Ituya_Primary,zambiayp.com
Kakonge,"Box 930100, Western Province, Kalabo, Zambia",,,kalabo,https://www.zambiayp.com/company/12068/Kakonge,zambiayp.com
Kalabo Basic,"Box 930097, Western Province, Kalabo, Zambia",,,kalabo,https://www.zambiayp.com/company/12021/Kalabo_Basic,zambiayp.com
Kalabo Hospital T U,"Box 930005, Western Province, Kalabo, Zambia",,,kalabo,https://www.zambiayp.com/company/12022/Kalabo_Hospital_T_U,zambiayp.com
Kalenga,"Box 930100, Western Province, Kalabo, Zambia",,,kalabo,https://www.zambiayp.com/company/12023/Kalenga,zambiayp.com
Kalumbu Primary,"Box 930100, Western Province, Kalabo, Zambia",,,kalabo,https://www.zambiayp.com/company/12049/Kalumbu_Primary,zambiayp.com
Kaluwe,"Box 930100, Western Province, Kalabo, Zambia",,,kalabo,https://www.zambiayp.com/company/12069/Kaluwe,zambiayp.com
Kalabo Secondary,"Box 930096, western Province, Kalabo, Zambia",,,kalabo,https://www.zambiayp.com/company/12590/Kalabo_Secondary,zambiayp.com
Kanchumwa,"Box 930100, Western Province, Kalabo, Zambia",,,kalabo,https://www.zambiayp.com/company/12024/Kanchumwa,zambiayp.com
Katondwana,"Box 930100, Western Province, Kalabo, Zambia",,,kalabo,https://www.zambiayp.com/company/12070/Katondwana,zambiayp.com
GEOTECNICKS LIMITED,"658 Steve Biko Road, Kalulushi, Zambia",,,kalulushi,https://www.zambiayp.com/company/17421/GEOTECNICKS_LIMITED,zambiayp.com
Kalulushi Trust School,"Plot 702 Farm 1937 Kamfinsa Dve, P.O.Box 260303, Kalulushi, Zambia",,,kalulushi,https://www.zambiayp.com/company/7455/Kalulushi_Trust_School,zambiayp.com
Vyeta Digital Solutions,"4010 North Kalengwa, Kalulushi, Zambia",,,kalulushi,https://www.zambiayp.com/company/19493/Vyeta_Digital_Solutions,zambiayp.com
ElectPower Technologies (Z) Ltd,"02 Kansanshi House, Mwambashi Road, Kalulushi, Zambia",,,kalulushi,https://www.zambiayp.com/company/17312/ElectPower_Technologies_Z_Ltd,zambiayp.com
Cleverland School,"Plot 2457, Kalengwa East, Kalulushi, Zambia",,,kalulushi,https://www.zambiayp.com/company/17909/Cleverland_School,zambiayp.com
Lecarena Institute,"Kalulushi Tooshaft Mine Area, Zambia",,,kalulushi,https://www.zambiayp.com/company/17669/Lecarena_Institute,zambiayp.com
Chasi Academy school,"3328 Vera Chiluba N/Kalengwa, Kalulushi, Zambia",,,kalulushi,https://www.zambiayp.com/company/19126/Chasi_Academy_school,zambiayp.com
Natures Energy,"Plot 266 President Avenue- Approx. 150M from the Zambia Catholic University, Kalulushi",,,kalulushi,https://www.zambiayp.com/company/17247/Natures_Energy,zambiayp.com
Kalulushi Clay Bricks Ltd,"P.O.Box 33940, Kalulushi, Zambia",,,kalulushi,https://www.zambiayp.com/company/3670/Kalulushi_Clay_Bricks_Ltd,zambiayp.com
Marcellin's High School,"Kalulushi, Zambia",,,kalulushi,https://www.zambiayp.com/company/7494/Marcellins_High_School,zambiayp.com
S G S Inspection Services Ltd,"2nd Shaft Chibuluma Business Park, P.O.Box 260396, Kalulushi, Zambia",,,kalulushi,https://www.zambiayp.com/company/2068/S_G_S_Inspection_Services_Ltd,zambiayp.com
Bell Equipment Zambia Ltd,"Business Park, P.O.Box 20367, Kalulushi, Zambia",,,kalulushi,https://www.zambiayp.com/company/4300/Bell_Equipment_Zambia_Ltd,zambiayp.com
Gora Enterprises Ltd,"Kalulushi, Zambia",,,kalulushi,https://www.zambiayp.com/company/4261/Gora_Enterprises_Ltd,zambiayp.com
Shekinah Consultancy Services Ltd,"P.O.Box 260575, Kalulushi, Zambia",,,kalulushi,https://www.zambiayp.com/company/2151/Shekinah_Consultancy_Services_Ltd,zambiayp.com
Siemens Zambia,"Chibuluma Industrial Complex Chibuluma Mines PLC, Kalulushi, Zambia",,,kalulushi,https://www.zambiayp.com/company/4871/Siemens_Zambia,zambiayp.com
Affs Guest House,"Kalulushi, Zambia",,,kalulushi,https://www.zambiayp.com/company/3573/Affs_Guest_House,zambiayp.com
Bell Equipment (z) Ltd,"Kalulushi, Zambia",,,kalulushi,https://www.zambiayp.com/company/5114/Bell_Equipment_z_Ltd,zambiayp.com
Bell Equipment Zambia Limited,"Kalulushi, Zambia",,,kalulushi,https://www.zambiayp.com/company/5128/Bell_Equipment_Zambia_Limited,zambiayp.com
Chikwanda B Heefard Mini Mart,"Kalulushi, Zambia",,,kalulushi,https://www.zambiayp.com/company/3467/Chikwanda_B_Heefard_Mini_Mart,zambiayp.com
Figgery Bakery,"Kalulushi, Zambia",,,kalulushi,https://www.zambiayp.com/company/660/Figgery_Bakery,zambiayp.com
Fintukupelwa Bar,"Box 26380, Kalulushi, Zambia",,,kalulushi,https://www.zambiayp.com/company/12880/Fintukupelwa_Bar,zambiayp.com
Golden Rose Threetees Liquor Wholesalers,"Kalulushi, Zambia",,,kalulushi,https://www.zambiayp.com/company/622/Golden_Rose_Threetees_Liquor_Wholesalers,zambiayp.com
Kalulushi General Concrete Building Ltd,"P.O.Box 260486, Kalulushi, Zambia",,,kalulushi,https://www.zambiayp.com/company/6393/Kalulushi_General_Concrete_Building_Ltd,zambiayp.com
Kalulushi Township Clinic,"Kalulushi, Zambia",,,kalulushi,https://www.zambiayp.com/company/7719/Kalulushi_Township_Clinic,zambiayp.com
Kalulushi Meat Market,"Box 260036, Kalulushi, Zambia",,,kalulushi,https://www.zambiayp.com/company/13078/Kalulushi_Meat_Market,zambiayp.com
Kalulushi Modern Stars Football Club,"Box 260220, Kalulushi, Zambia",,,kalulushi,https://www.zambiayp.com/company/13276/Kalulushi_Modern_Stars_Football_Club,zambiayp.com
Kalulushi District Council Civic Centre,"Kalulushi, Zambia",,,kalulushi,https://www.zambiayp.com/company/13532/Kalulushi_District_Council_Civic_Centre,zambiayp.com
Kawesha Christopher Dr,"Box 260449, , Kalulushi, Zambia",,,kalulushi,https://www.zambiayp.com/company/14706/Kawesha_Christopher_Dr,zambiayp.com
MAYONGO BUTCHERY AND BAR,"113 MUSENGA ROAD KALULUSHI, Zambia",,,kalulushi,https://www.zambiayp.com/company/15671/MAYONGO_BUTCHERY_AND_BAR,zambiayp.com
Muluza J T/a Mal Furniture Ltd,"P.O.Box 260247, Kalulushi, Zambia",,,kalulushi,https://www.zambiayp.com/company/3806/Muluza_J_Ta_Mal_Furniture_Ltd,zambiayp.com
Muyendekwa Mwangala Dr,"Kalulushi, Zambia",,,kalulushi,https://www.zambiayp.com/company/14707/Muyendekwa_Mwangala_Dr,zambiayp.com
MWEEMBA,"BALUBA HSE. KALULUSHI, Zambia",,,kalulushi,https://www.zambiayp.com/company/15706/MWEEMBA,zambiayp.com
Niraj oils Limited,"Box 21541, Kalulushi, Zambia",,,kalulushi,https://www.zambiayp.com/company/13571/Niraj_oils_Limited,zambiayp.com
Nkana General Dealers Ltd,"P.O.Box 260241, Kalulushi, Zambia",,,kalulushi,https://www.zambiayp.com/company/2846/Nkana_General_Dealers_Ltd,zambiayp.com
Nkana Water & Sewerage,"Kalulushi, Zambia",,,kalulushi,https://www.zambiayp.com/company/7000/Nkana_Water_Sewerage,zambiayp.com
Olive Bakery,"Bakers & Confectioners, Kalulushi, Zambia",,,kalulushi,https://www.zambiayp.com/company/12901/Olive_Bakery,zambiayp.com
Petas M Investment,"Kalulushi, Zambia",,,kalulushi,https://www.zambiayp.com/company/1229/Petas_M_Investment,zambiayp.com
Reformed Church in Zambia,"Kalulushi, Zambia",,,kalulushi,https://www.zambiayp.com/company/8031/Reformed_Church_in_Zambia,zambiayp.com
SGS Inspection Service Limited,"Kalulushi, Zambia",,,kalulushi,https://www.zambiayp.com/company/14433/SGS_Inspection_Service_Limited,zambiayp.com
Sisters of the Child Jesus,"Kalulushi, Zambia",,,kalulushi,https://www.zambiayp.com/company/8033/Sisters_of_the_Child_Jesus,zambiayp.com
Siyaram Investments Limited,"Kalulushi, Zambia",,,kalulushi,https://www.zambiayp.com/company/1230/Siyaram_Investments_Limited,zambiayp.com
ST Francis Catholic Church,"Kalulushi, Zambia",,,kalulushi,https://www.zambiayp.com/company/8032/ST_Francis_Catholic_Church,zambiayp.com
THOPPIL,"KANSANSHI FLTS. KALULUSHI, Zambia",,,kalulushi,https://www.zambiayp.com/company/15817/THOPPIL,zambiayp.com
Total Buseko Filling Station,"P.O.Box 260026, Kalulushi, Zambia",,,kalulushi,https://www.zambiayp.com/company/6158/Total_Buseko_Filling_Station,zambiayp.com
Tunnel Support Systems & Mining Construction Ltd,"Kalulushi, Zambia",,,kalulushi,https://www.zambiayp.com/company/4276/Tunnel_Support_Systems_Mining_Construction_Ltd,zambiayp.com
Zambia Police Service Officer In Charge,"P.O.Box 260150, Kalulushi, Zambia",,,kalulushi,https://www.zambiayp.com/company/2227/Zambia_Police_Service_Officer_In_Charge,zambiayp.com
ZAMBIA ELECTRICITY SUPPLY CORPORATION LTD (ZESCO),"KAMFINSA ROAD KALULUSHI, Zambia",,,kalulushi,https://www.zambiayp.com/company/15866/ZAMBIA_ELECTRICITY_SUPPLY_CORPORATION_LTD_ZESCO,zambiayp.com
Chiwembashi,"Box 260171, c/belt Province, Kalulushi, Zambia",,,kalulushi,https://www.zambiayp.com/company/8896/Chiwembashi,zambiayp.com
Chiwempala,"Box 260171, c/belt Province, Kalulushi, Zambia",,,kalulushi,https://www.zambiayp.com/company/8897/Chiwempala,zambiayp.com
Chinemu,"Box 260495, c/belt Province, Kalulushi, Zambia",,,kalulushi,https://www.zambiayp.com/company/9018/Chinemu,zambiayp.com
Denovah M. Basic,"Box 260171, c/belt Province, Kalulushi, Zambia",,,kalulushi,https://www.zambiayp.com/company/8899/Denovah_M_Basic,zambiayp.com
Fumbwe Mid Basic,"Box 260495, c/belt Province, Kalulushi, Zambia",,,kalulushi,https://www.zambiayp.com/company/9019/Fumbwe_Mid_Basic,zambiayp.com
Funda Mid Basic,"Box 260495, c/belt Province, Kalulushi, Zambia",,,kalulushi,https://www.zambiayp.com/company/9020/Funda_Mid_Basic,zambiayp.com
Fungulwe Basic,"Box 260495, c/belt Province, Kalulushi, Zambia",,,kalulushi,https://www.zambiayp.com/company/9021/Fungulwe_Basic,zambiayp.com
Kafubu Depot Basic,"Box 260139, c/belt Province, Kalulushi, Zambia",,,kalulushi,https://www.zambiayp.com/company/8902/Kafubu_Depot_Basic,zambiayp.com
Kansanta Primary,"Box 260495, c/belt Province, Kalulushi, Zambia",,,kalulushi,https://www.zambiayp.com/company/9023/Kansanta_Primary,zambiayp.com
Kansoka Basic,"Box 260495, c/belt Province, Kalulushi, Zambia",,,kalulushi,https://www.zambiayp.com/company/9024/Kansoka_Basic,zambiayp.com
Kantende,"Box 260495, c/belt Province, Kalulushi, Zambia",,,kalulushi,https://www.zambiayp.com/company/9025/Kantende,zambiayp.com
Kaputula,"Box 260171, c/belt Province, Kalulushi, Zambia",,,kalulushi,https://www.zambiayp.com/company/8918/Kaputula,zambiayp.com
Kapilamikwa,"Box 260495, c/belt Province, Kalulushi, Zambia",,,kalulushi,https://www.zambiayp.com/company/9026/Kapilamikwa,zambiayp.com
Kawama M. Basic,"Box 260171, c/belt Province, Kalulushi, Zambia",,,kalulushi,https://www.zambiayp.com/company/8906/Kawama_M_Basic,zambiayp.com
Lionking Primary,"Box 2600088, c/belt Province, Kalulushi, Zambia",,,kalulushi,https://www.zambiayp.com/company/8919/Lionking_Primary,zambiayp.com
Lumanto,"Box 260495, c/belt Province, Kalulushi, Zambia",,,kalulushi,https://www.zambiayp.com/company/9028/Lumanto,zambiayp.com
Lumpuma Basic,"Box 260495, c/belt Province, Kalulushi, Zambia",,,kalulushi,https://www.zambiayp.com/company/9029/Lumpuma_Basic,zambiayp.com
Lushimba M. Basic,"Box 260171, c/belt Province, Kalulushi, Zambia",,,kalulushi,https://www.zambiayp.com/company/8907/Lushimba_M_Basic,zambiayp.com
Mibenge Mid Basic,"Box 260495, c/belt Province, Kalulushi, Zambia",,,kalulushi,https://www.zambiayp.com/company/9031/Mibenge_Mid_Basic,zambiayp.com
Milulu Basic,"Box 260495, c/belt Province, Kalulushi, Zambia",,,kalulushi,https://www.zambiayp.com/company/9033/Milulu_Basic,zambiayp.com
Misenga M. Basic,"Box 260171, c/belt Province, Kalulushi, Zambia",,,kalulushi,https://www.zambiayp.com/company/8920/Misenga_M_Basic,zambiayp.com
Mukombo,"Box 260495, c/belt Province, Kalulushi, Zambia",,,kalulushi,https://www.zambiayp.com/company/9035/Mukombo,zambiayp.com
Nchakwa,"Box 260495, c/belt Province, Kalulushi, Zambia",,,kalulushi,https://www.zambiayp.com/company/9038/Nchakwa,zambiayp.com
Nkana Basic School,"Box 260168, c/belt Province, Kalulushi, Zambia",,,kalulushi,https://www.zambiayp.com/company/9039/Nkana_Basic_School,zambiayp.com
Shibuchinga,"Box 260495, c/belt Province, Kalulushi, Zambia",,,kalulushi,https://www.zambiayp.com/company/9040/Shibuchinga,zambiayp.com
Shimukunami Basic,"Box 260495, c/belt Province, Kalulushi, Zambia",,,kalulushi,https://www.zambiayp.com/company/9041/Shimukunami_Basic,zambiayp.com
St.joseph's Basic,"Box 260185, c/belt Province, Kalulushi, Zambia",,,kalulushi,https://www.zambiayp.com/company/9043/Stjosephs_Basic,zambiayp.com
Twikatane M.basic,"Box 260171, c/belt Province, Kalulushi, Zambia",,,kalulushi,https://www.zambiayp.com/company/8921/Twikatane_Mbasic,zambiayp.com
EUREKA TECH ZAMBIA,"127 Kalungwishi, Kitwe, Zambia",,,kitwe,https://www.zambiayp.com/company/18072/EUREKA_TECH_ZAMBIA,zambiayp.com
Lunte Lodge,"Plot 29 Pamo Ave Central Town, P.O.Box 22993, Kitwe, Zambia",,,kitwe,https://www.zambiayp.com/company/354/Lunte_Lodge,zambiayp.com
Stefanton Electric Limited,"Off Kabelenge Avenue, Behind Kachema Meats, Town Centre, Kitwe, Zambia",,,kitwe,https://www.zambiayp.com/company/17389/Stefanton_Electric_Limited,zambiayp.com
T K Business Ventures,"3045 NKANA EAST MWAISENE , Kitwe, Zambia",,,kitwe,https://www.zambiayp.com/company/17546/T_K_BUSINESS_VENTURES,zambiayp.com
AABrick Zambia Limited,"Plot No 1411G. Off Ndola-Kitwe Dual Carriage Way,  , Zambia",,,kitwe,https://www.zambiayp.com/company/19468/AABrick_Zambia_Limited,zambiayp.com
BRIGHT HAND INNOATION,"Kopa St, Kitwe, Zambia",,,kitwe,https://www.zambiayp.com/company/19469/BRIGHT_HAND_INNOATION,zambiayp.com
PESA Consulting & Investigations,"3808 Jacaranda Drive Buyantashi, Kitwe, Zambia",,,kitwe,https://www.zambiayp.com/company/17508/PESA_Consulting_INvestigations,zambiayp.com
Reeken Civils and Logistics Limited,"Nkana East , Kitwe, Zambia",,,kitwe,https://www.zambiayp.com/company/19494/Reeken_Civils_and_Logistics_Limited,zambiayp.com
iO Myra Africa,"Y632 Chimwemwe North, Kitwe, Zambia",,,kitwe,https://www.zambiayp.com/company/17903/iO_Myra_Africa,zambiayp.com
Fusion Sounds Media Africa,"Plot No. 3115 Ghandi close, off Ponsettia Drive Buyantanshi, Kitwe., Zambia",,,kitwe,https://www.zambiayp.com/company/17716/Fusion_Sounds_Media_Africa,zambiayp.com
SAVVY ENTERPRISES LTD,"1080 LANGASHA STREET, Kitwe, Zambia",,,kitwe,https://www.zambiayp.com/company/17561/SAVVY_ENTERPRISES_LTD,zambiayp.com
Consolidated Engineering And Tools Ltd,"Plot 1256 Zomba Road, Light Industrial Area, Kitwe, Zambia",,,kitwe,https://www.zambiayp.com/company/16202/Consolidated_Engineering_And_Tools_Ltd,zambiayp.com
Mikeormichael photography,"7 Kikubi street, riverside extension , Kitwe, Zambia",,,kitwe,https://www.zambiayp.com/company/18353/Mikeormichael_photography,zambiayp.com
Direct Systems International Ltd,"Plot 4984 YMCA MEF KITWE , Zambia",,,kitwe,https://www.zambiayp.com/company/19476/Direct_Systems_International_Ltd,zambiayp.com
Bee-utiful Photography,"Musapas Farm, Kamfinsa, Kitwe, Zambia",,,kitwe,https://www.zambiayp.com/company/17614/Bee_utiful_Photography,zambiayp.com
BitPro Mining Services,"Room 1, 3rd Floor, Katilungu House, Kitwe, Zambia",,,kitwe,https://www.zambiayp.com/company/16314/BitPro_Mining_Services,zambiayp.com
CCTV ZAMBIA - STEFANTON ELECTRIC,"4 MWENDA STREET, NKANA EAST, Kitwe, Zambia",,,kitwe,https://www.zambiayp.com/company/16349/CCTV_ZAMBIA,zambiayp.com
CCTV ZAMBIA,"PLOT 4967 LYONENO ROAD, Kitwe, Zambia",,,kitwe,https://www.zambiayp.com/company/17855/CCTV_ZAMBIA,zambiayp.com
GREEN ZONE ZAMBIA LTD,"Plot No 340, Opposite wimphy filling station,Freetown Road ,kitwe, Zambia",,,kitwe,https://www.zambiayp.com/company/17976/GREEN_ZONE_ZAMBIA_LTD,zambiayp.com
Invo-Chem Limited Zambia,"27 freedom avenue, Kitwe, Zambia",,,kitwe,https://www.zambiayp.com/company/19227/invo_chem_limited_zambia,zambiayp.com
iOTV Africa,"Miseshi Road, Cha Cha Cha, Kitwe, Zambia",,,kitwe,https://www.zambiayp.com/company/18391/iOTV_Africa,zambiayp.com
OthaCop Africa,"Kitwe Town Centre, Off independence Road, Zambia",,,kitwe,https://www.zambiayp.com/company/18983/OthaCop_Africa,zambiayp.com
Thasilum Technologies (z) Ltd,"Suite 101, 1st Floor, Zctu Building, Oxford Road, Kitwe, Zambia",,,kitwe,https://www.zambiayp.com/company/17354/Thasilum_Technologies_z_Ltd,zambiayp.com
Unique Park Lodge,"Plot No. 2027 Sub E, Government Rd., Kitwe, Zambia",,,kitwe,https://www.zambiayp.com/company/17911/Unique_Park_Lodge,zambiayp.com
Wideway International (Zambia) Ltd,"Plot 839, First Street, Nkana west, Kitwe, Zambia",,,kitwe,https://www.zambiayp.com/company/18595/Wideway_International_Zambia_Ltd,zambiayp.com
Bullseye Limited Zambia,"Opposite Kamfinsa Junction, Off Ndola-Kitwe Road., Zambia",,,kitwe,https://www.zambiayp.com/company/18978/Bullseye_Limited_Zambia,zambiayp.com
COMPUZONE LTD,"Sanlam Building, COMPUZONE LTD, Oxford Rd, Kitwe, Zambia",,,kitwe,https://www.zambiayp.com/company/18644/COMPUZONE_LTD,zambiayp.com
KXZ Technology,"Nkana West Kitwe 7th House No. 18, Zambia",,,kitwe,https://www.zambiayp.com/company/18484/KXZ_Technology,zambiayp.com
Palmsoft Computer Applications Ltd,"Second Floor, Suite 324, Mukuba Pension House, President Avenue, Kitwe, Zambia",,,kitwe,https://www.zambiayp.com/company/16472/Palmsoft_Computer_Applications_Ltd,zambiayp.com
Visualize Solutions Ltd,"3rd Floor, ECL Business Park, Freedom Avenue, Parklands, Kitwe, Copperbelt, Zambia",,,kitwe,https://www.zambiayp.com/company/17623/Visualize_Solutions_Ltd,zambiayp.com
Beaming Horse Media,"96 Luela Street, Nkana East., Kitwe, Zambia",,,kitwe,https://www.zambiayp.com/company/18282/Beaming_Horse_Media,zambiayp.com
Compuzone Limited,Sanlam building oxford road kitwe zambia,,,kitwe,https://www.zambiayp.com/company/13364/Compuzone_Limited,zambiayp.com
Mopani Copper Mines Plc,"5th Ave Nkana West Central Street,  P O Box 22000, Kitwe, Zambia",,,kitwe,https://www.zambiayp.com/company/1365/Mopani_Copper_Mines_Plc,zambiayp.com
Relux Zambia Chinese Medical Massage Parlor,"Plot 5420 Kuomboka Drive, Parklands, Kitwe, Zambia",,,kitwe,https://www.zambiayp.com/company/18049/Relux_Zambia_Chinese_Medical_Massage_Parlor,zambiayp.com
TenEx Creatives,14 Kantanta St. P.O Box 21196 Kitwe Zambia,,,kitwe,https://www.zambiayp.com/company/18756/TenEx_Creatives,zambiayp.com
Mobrin Solutions Colour Drop,"Plot Number 34 , 3rd Street Nkana West , Kitwe, Zambia",,,kitwe,https://www.zambiayp.com/company/18060/Mobrin_Solutions_Colour_Drop,zambiayp.com
Shepco Industrial Supplies Limited,"Plot 680, Itimpi - Along Kitwe - Chingola Road, Zambia",,,kitwe,https://www.zambiayp.com/company/17449/Shepco_Industrial_Supplies_Limited,zambiayp.com
Siglo Operators Training Centre Limited,"Kitwe Chambers, Room 25, Zambia",,,kitwe,https://www.zambiayp.com/company/17518/Siglo_Operators_Training_Centre_Limited,zambiayp.com
Tagnet IT Solutions,"15th Chibote Avenu, Parklands, Kitwe, Zambia",,,kitwe,https://www.zambiayp.com/company/18741/Tagnet_IT_Solutions,zambiayp.com
Track Industrial Services Limited,"P. O. Box 20271, Copperbelt Province , Kitwe, Zambia",,,kitwe,https://www.zambiayp.com/company/18834/Track_Industrial_Services_Limited,zambiayp.com
Afrope Zambia Ltd,"Natwange Rd, Kitwe, Zambia",,,kitwe,https://www.zambiayp.com/company/4077/Afrope_Zambia_Ltd,zambiayp.com
Alfred H Knight Ltd,"Off Mindola Rd, Nkana West, P.O.Box 20303, Kitwe, Zambia",,,kitwe,https://www.zambiayp.com/company/2406/Alfred_H_Knight_Ltd,zambiayp.com
Athol Plastics Ltd,"Plot 4112, Off Government Rd, Kitwe, Zambia",,,kitwe,https://www.zambiayp.com/company/4015/Athol_Plastics_Ltd,zambiayp.com
EchoMusicBlog.com,"Kitwe, Zambia",,,kitwe,https://www.zambiayp.com/company/17893/EchoMusicBlogcom,zambiayp.com
Graphitto  Print and supplies,"27 republic road Bordeaux, Kitwe, Zambia",,,kitwe,https://www.zambiayp.com/company/17189/Graphitto_Print_and_supplies,zambiayp.com
Green Square Computers,"16 Kanyanta, Parklands, Kitwe, Zambia",,,kitwe,https://www.zambiayp.com/company/17221/Green_Square_Computers,zambiayp.com
iO Myra Africa Cleaning & Property Services,"Kitwe Town Center, Zambia",,,kitwe,https://www.zambiayp.com/company/18212/iO_Myra_Africa_Cleaning_Property_Services,zambiayp.com
Kobra Security,"42 second street, Nkana West, Kitwe, Zambia",,,kitwe,https://www.zambiayp.com/company/2311/Kobra_Security,zambiayp.com
Mimel Auto Spares,"Shop Number 8, Pempula House, Freetown Road, Kitwe, Zambia",,,kitwe,https://www.zambiayp.com/company/18781/Mimel_Auto_Spares,zambiayp.com
Richbel Car Hire & Tours,"O811 new kwacha malambo road, Kitwe, Zambia",,,kitwe,https://www.zambiayp.com/company/1613/Richbel_Car_Hire_Tours,zambiayp.com
SPELIA MAGAZINE,"3 bath crescent Parklands, Kitwe, Zambia",,,kitwe,https://www.zambiayp.com/company/18522/SPELIA_MAGAZINE,zambiayp.com
StradaTrack,"Shop 5 Lubambe Center, Kuomboka Drive, Parklands, Kitwe, Zambia",,,kitwe,https://www.zambiayp.com/company/17511/StradaTrack,zambiayp.com
Tri-pump & Engineering Ltd,"Plot 5032 Mutentemuko Rd Heavy Industrial Area, P.O. Box  21560, Kitwe, Zambia",,,kitwe,https://www.zambiayp.com/company/5211/Tri_pump_Engineering,zambiayp.com
Truckmec Limited,"Plot No. 4169, Prescott Road, Light Industrial Area, Kitwe, Zambia",,,kitwe,https://www.zambiayp.com/company/1641/Truckmec_Limited,zambiayp.com
Waco Africa (pty) Ltd,"Eleventh Ave, Kitwe, Zambia",,,kitwe,https://www.zambiayp.com/company/1656/Waco_Africa_pty_Ltd,zambiayp.com
ZTech,"3808 Jacaranda drive Buyantanshi Township, Kitwe, Zambia",,,kitwe,https://www.zambiayp.com/company/18467/ZTech,zambiayp.com
Accurate Sheet Metal Ltd.,"Shop No. 5, Plot No. 1256/D, Zomba Road, Light Industrial Area, Next to NBS, Kitwe, Zambia",,,kitwe,https://www.zambiayp.com/company/18771/Accurate_Sheet_Metal_Ltd,zambiayp.com
ADSource Zambia,"Plot 19/16, Chimamba Crescent, Riverside, Kitwe, Zambia",,,kitwe,https://www.zambiayp.com/company/18228/ADSource_Zambia,zambiayp.com
Bansak Engineering Enterprises Limited,"Plot No. 6357, kafulafuta Road, Heavy industrial area, Kitwe, Zambia",,,kitwe,https://www.zambiayp.com/company/18336/Bansak_Engineering_Enterprises_Limited,zambiayp.com
Bayport Financial Services,"Obote Ave, P.O.Box 21280, Kitwe, Zambia",,,kitwe,https://www.zambiayp.com/company/1988/Bayport_Financial_Services,zambiayp.com
"betPawa Zambia, Login, Sign up, Registration","Zambia, Kitwe",,,kitwe,https://www.zambiayp.com/company/17885/betPawa,zambiayp.com
Central Africa Baptist University,"PO Box 21891, Kitwe, Zambia",,,kitwe,https://www.zambiayp.com/company/13307/Central_Africa_Baptist_College,zambiayp.com
CHINGA INDUSTRIES LIMITED,"8066 KAFUBU ROAD LIGHT INDUSTRIAL AREA, Kitwe, Zambia",,,kitwe,https://www.zambiayp.com/company/17343/CHINGA_INDUSTRIES_LIMITED,zambiayp.com
Copperbelt Energy Corporation Plc,"23rd Ave Nkana East, P.O.Box 20819, Kitwe, Zambia",,,kitwe,https://www.zambiayp.com/company/5120/Copperbelt_Energy_Corporation_Plc,zambiayp.com
"Copperbelt University CBU - Student Portal, Login","Jambo Drive, Riverside, KITWE.  Postal Address : Post Office Box 21692, Zambia",,,kitwe,https://www.zambiayp.com/company/17930/Copperbelt_University_CBU_Student_Portal_Login,zambiayp.com
Davis & Shirtliff (z) Ltd,"Plot 1225, Independence road, Kitwe, Zambia",,,kitwe,https://www.zambiayp.com/company/5226/Davis_Shirtliff_z_Ltd,zambiayp.com
STEFANTON ELECTRIC,"4 MWENDA STREET, NKANA EAST, Kitwe, Zambia",,,kitwe,https://www.zambiayp.com/company/16324/DOMINION_TECHNOLOGY_SYSTEMS,zambiayp.com
Everyseal Valves & Gaskets Zambia Limited,"Plot No.2503 independence avenue, Kitwe, Zambia",,,kitwe,https://www.zambiayp.com/company/18786/Everyseal_Valves_Gaskets_Zambia_Limited,zambiayp.com
Four Pages Enterprise,"5 - 15th Avenue Nkana East, Kitwe, Zambia",,,kitwe,https://www.zambiayp.com/company/18472/Four_Pages_Enterprise,zambiayp.com
Kitwe Vocational Training Centre,"Government Rd, Kitwe, Zambia",,,kitwe,https://www.zambiayp.com/company/4450/Kitwe_Vocational_Training_Centre,zambiayp.com
Krutec Investments Limited,"174 MN Mukuba Natwange P O Box 22927, Kitwe, Zambia",,,kitwe,https://www.zambiayp.com/company/8306/Citizens_Economic_Empowerment_Commission,zambiayp.com
Macsteel Zambia Limited,"4077, Lilongwe Rd, Light Ind Area, P.O.Box 20565, Kitwe, Zambia",,,kitwe,https://www.zambiayp.com/company/4220/Macsteel_Zambia_Limited,zambiayp.com
Mwana Wanga Zambia Limited,"Kitwe, Zambia",,,kitwe,https://www.zambiayp.com/company/15499/Mwana_Wanga_Zambia_Limited,zambiayp.com
NELREB ENTERPRISES LIMITED,"PLOT No.839 NKANA WEST, Kitwe, Zambia",,,kitwe,https://www.zambiayp.com/company/17646/NELREB_ENTERPRISES_LIMITED,zambiayp.com
Quattro Co Ltd,"Plot 1537, Kafulafuta Rd, Mindolo, P.O.Box 22463, Kitwe, Zambia",,,kitwe,https://www.zambiayp.com/company/5295/Quattro_Co_Ltd,zambiayp.com
Savanna Solutions Ltd,"No. 50, 7th Avenue, Nkana West, Kitwe. Zambia",,,kitwe,https://www.zambiayp.com/company/3167/Savanna_Solutions,zambiayp.com
VARIDINE RESTAURANT,"in CBU next to ECO Bank, Kitwe, Zambia",,,kitwe,https://www.zambiayp.com/company/17901/VARIDINE_RESTAURANT,zambiayp.com
Zed Axis Precision Woodwork,"Riverside, Kitwe, Zambia",,,kitwe,https://www.zambiayp.com/company/18942/Zed_Axis_Precision_Woodwork,zambiayp.com
Acton Investments Ltd,"Plot 4109 Govt. Rd Kitwe North Industrial Area Opp. New Nakadoli Mkt Chimwemwe, Zambia",,,kitwe,https://www.zambiayp.com/company/4024/Acton_Investments_Ltd,zambiayp.com
A T Computers Limited,"19 Zambia Way, Kitwe",,,kitwe,https://www.zambiayp.com/company/4496/A_T_Computers_Limited,zambiayp.com
Blackwater Mining Limited,"STAND NO.4683 ALMALIK STREET RIVERSIDE, Kitwe, Zambia",,,kitwe,https://www.zambiayp.com/company/19423/Blackwater_Mining_Limited,zambiayp.com
Copperfields Mining Services Ltd,"Dr Aggrey Ave, Kitwe, Zambia",,,kitwe,https://www.zambiayp.com/company/2133/Copperfields_Mining_Services_Ltd,zambiayp.com
Courtnet Zambia Limited,"Riverside, Kitwe., Zambia",,,kitwe,https://www.zambiayp.com/company/19451/Courtnet_Zambia_Limited,zambiayp.com
Elim School,"21 PAMO AVENUE,PARKLANDS, P.O BOX 22667, Kitwe, Zambia",,,kitwe,https://www.zambiayp.com/company/7531/Elim_School,zambiayp.com
Eliyam Cleaning Services Limited,"150 Zebra Street, Nkana East, Kitwe, Zambia",,,kitwe,https://www.zambiayp.com/company/19458/Eliyam_Cleaning_Services_Limited,zambiayp.com
Indo Zambia Bank,"Zambia Way, Kitwe",,,kitwe,https://www.zambiayp.com/company/6124/Indo_Zambia_Bank,zambiayp.com
Jan Japan (Jan Africa Investments Limited),"Plot # 213 Independence Ave Next to Petroda Filling Station, Buchi Kitwe 096 9225555, Zambia",,,kitwe,https://www.zambiayp.com/company/17272/jan-japan-jan-africa-investments-limited,zambiayp.com
Key Management Solutions Consultancy Ltd,"33  Ebenezer Centre Independence , Kitwe, Zambia",,,kitwe,https://www.zambiayp.com/company/19448/Key_Management_Solutions_Consultancy_Ltd,zambiayp.com
Reeken Civils & Logistics Limited,"Room No. 8, Obote avenue, town center, Kitwe, Zambia",,,kitwe,https://www.zambiayp.com/company/19218/Reeken_Civils_Logistics_Limited,zambiayp.com
Slaps General Dealers,"230 Katilungu street, Chimwemwe , Kitwe, Zambia",,,kitwe,https://www.zambiayp.com/company/19421/Slaps_General_Dealers,zambiayp.com
Synapse Technologies Zambia Limited,"1545 Kafulafuta Road, Heavy Ind.Area, Kitwe, Zambia",,,kitwe,https://www.zambiayp.com/company/17426/Synapse_Technologies_Zambia_Limited,zambiayp.com
The Print Guy Zambia,"ECL Mall Shop No. 8B, Parklands, Kitwe, Zambia",,,kitwe,https://www.zambiayp.com/company/19400/The_Print_Guy_Zambia,zambiayp.com
Turnpan Zambia Limited,"2507 Independence Ave, P.O.Box 20457, Kitwe, Zambia",,,kitwe,https://www.zambiayp.com/company/3337/Turnpan_Zambia_Limited,zambiayp.com
Copperbelt University,"Jambo Dr, P.O.Box 21696, Kitwe, Zambia",,,kitwe,https://www.zambiayp.com/company/7570/Copperbelt_University,zambiayp.com
E C Mining Ltd,"Plot 5293 / 5294 Tanganyika Rd off Mutentemuko Rd, Heavy Ind Area, Kitwe, Zambia",,,kitwe,https://www.zambiayp.com/company/1374/E_C_Mining_Ltd,zambiayp.com
Five Point Zero Investments Zambia Limited,"Plot 374 Chamboli Kitwe, Zambia",,,kitwe,https://www.zambiayp.com/company/18219/Five_Point_Zero_Investments_Zambia_Limited,zambiayp.com
HIRE ALL LIMITED,"1299 NDANJI RD, HEAVY INDUSTRIAL AREA, Kitwe, Zambia",,,kitwe,https://www.zambiayp.com/company/16225/HIRE_ALL_LIMITED,zambiayp.com
Katcon Investment Ltd,"PLOT 1083, EX-LEGAL BUILDING (ZISC BUILDING) OPPOSITE KITWE CITY LIBRARY 5TH FLOOR ROOM 507., Zambia",,,kitwe,https://www.zambiayp.com/company/18018/Katcon_Investment_Ltd,zambiayp.com
Kitwe Hardware Ltd,"1042 Accra Road, Kitwe, Zambia",,,kitwe,https://www.zambiayp.com/company/6564/Kitwe_Hardware_Ltd,zambiayp.com
Mpelembe Secondary School,"Kitwe, Zambia",,,kitwe,https://www.zambiayp.com/company/7462/Mpelembe_Secondary_School,zambiayp.com
Mpongwe Milling Ltd,"Stand no. 5385, Off Mutentemuko Road, Heavy Industrial Area, P.O.Box 21337, Kitwe, Zambia",,,kitwe,https://www.zambiayp.com/company/1350/Mpongwe_Milling_Ltd,zambiayp.com
Saturnia Regna Pension Trust Limited,"P.O.Box 22090, Kitwe, Zambia",,,kitwe,https://www.zambiayp.com/company/5990/Saturnia_Regna_Pension_Trust_Limited,zambiayp.com
SULWATI EMPIRE SPARES LIMTED,"3853 , KARIBA ROAD , INDUSTRIAL AREA., Kitwe, Zambia",,,kitwe,https://www.zambiayp.com/company/18856/SULWATI_EMPIRE_SPARES_LIMTED,zambiayp.com
Swinney Enterprises Ltd,"55, LANGASHI ROAD, OPPOSITE OCCUPATIONAL HEALTH, NEAR SKF ROUND ABOUT, Kitwe, Zambia",,,kitwe,https://www.zambiayp.com/company/5497/Swinney_Enterprises_Ltd,zambiayp.com
Turnpan Zambia Limited (WELDING DIVISION),"Plot 2503, Independence Ave, Kitwe, Zambia",,,kitwe,https://www.zambiayp.com/company/2428/Turnpan_Zambia_Limited,zambiayp.com
Tyre King,"Plot 1170 Accra Rd Light Industrial Area, P.O.Box 20546, Kitwe, Zambia",,,kitwe,https://www.zambiayp.com/company/3327/Tyre_King,zambiayp.com
Zambian Entrepreneur Connect,"Phase IV, Riverside, Kitwe, Zambia",,,kitwe,https://www.zambiayp.com/company/18128/Zambian_Entrepreneur_Connect,zambiayp.com
KONI AGENCIES LIMITED,"NYERERE ROAD. LIGHT IND AREA KITWE, Zambia",,,kitwe,https://www.zambiayp.com/company/15629/KONI_AGENCIES_LIMITED,zambiayp.com
Perfect Auto Engineering Ltd,"Light Industry Area, Plot 840, off, Plot 840 Nyerere Rd, Kitwe, Zambia",,,kitwe,https://www.zambiayp.com/company/4634/Perfect_Auto_Engineering_Ltd,zambiayp.com
Scaw (Z) LTD,"1316 Dr Aggrey Ave, Kitwe, Zambia",,,kitwe,https://www.zambiayp.com/company/13995/Scaw_Z_LTD,zambiayp.com
SEVLON COMPUTERS,"Shop No. 6 Chisone Avenue, Kitwe, Zambia",,,kitwe,https://www.zambiayp.com/company/18489/SEVLON_COMPUTERS,zambiayp.com
Toyota Zambia,"Chingola Road, P.O. Box 22595, Kitwe, Zambia",,,kitwe,https://www.zambiayp.com/company/2642/Toyota_Zambia,zambiayp.com
Ambex Supplies Company limited,"paragon center behind Telcel, Kitwe, Zambia",,,kitwe,https://www.zambiayp.com/company/18730/Ambex_Supplies_Company_limited,zambiayp.com
CHIPMAX MEDIA LIMITED,"60 Kalungwishi, Nkana East, Kitwe, Zambia",,,kitwe,https://www.zambiayp.com/company/18464/CHIPMAX_MEDIA_LIMITED,zambiayp.com
DOMINION TECHNOLOGY SYSTEMS,"4 MWENDA STREET, NKANA EAST, Kitwe, Zambia",,,kitwe,https://www.zambiayp.com/company/16363/DOMINION_TECHNOLOGY_SYSTEMS,zambiayp.com
Industrial supplies,"CHIBTE AVENUE, PARKLANDS, Kitwe, Zambia",,,kitwe,https://www.zambiayp.com/company/17664/Industrial_supplies,zambiayp.com
Kano Dental Clinic,"Plot 65 Musolo Trading Ctr Kwacha Rd, Buchi, P.O.Box 21954, Kitwe, Zambia",,,kitwe,https://www.zambiayp.com/company/7723/Kano_Dental_Clinic,zambiayp.com
Progress Medical Centre Ltd,"Plot 6600, Northumberland Close, Parkland Kitwe, Zambia",,,kitwe,https://www.zambiayp.com/company/4406/Progress_Medical_Centre_Ltd,zambiayp.com
Stockbrokers Zambia,"32 Lubu Rd, Lusaka, Kitwe, Zambia",,,kitwe,https://www.zambiayp.com/company/19366/Stockbrokers_Zambia,zambiayp.com
Yucca Investments Limited,"Town Center along Oxford road, Kitwe, Zambia",,,kitwe,https://www.zambiayp.com/company/19235/Yucca_Investments_Limited,zambiayp.com
Kaoma Secondary,"Western Province, Kaoma, Zambia",,,kaoma,https://www.zambiayp.com/company/12593/Kaoma_Secondary,zambiayp.com
Dunavant (z) Ltd,"Kaoma, Zambia",,,kaoma,https://www.zambiayp.com/company/4140/Dunavant_z_Ltd,zambiayp.com
Finance Bank Zambia Ltd,"Std539, Freedom Way, P.O.Box 940048, Kaoma, Zambia",,,kaoma,https://www.zambiayp.com/company/7144/Finance_Bank_Zambia_Ltd,zambiayp.com
Kalumwange,"Box 940034, Western Province, Kaoma, Zambia",,,kaoma,https://www.zambiayp.com/company/12105/Kalumwange,zambiayp.com
A P G Milling Company Ltd,"Kaoma, Zambia",,,kaoma,https://www.zambiayp.com/company/1336/A_P_G_Milling_Company_Ltd,zambiayp.com
B P (z) Plc,"P.O.Box 340230, Kaoma, Zambia",,,kaoma,https://www.zambiayp.com/company/6159/B_P_z_Plc,zambiayp.com
BP (Z)PLC,"Box 340230, Kaoma, Zambia",,,kaoma,https://www.zambiayp.com/company/14046/BP_ZPLC,zambiayp.com
Catholic Presbytery,"Box 940013, Kaoma, Zambia",,,kaoma,https://www.zambiayp.com/company/8034/Catholic_Presbytery,zambiayp.com
C K Cash & Carry,"Kaoma, Zambia",,,kaoma,https://www.zambiayp.com/company/3062/C_K_Cash_Carry,zambiayp.com
CK Cash & Carry,"Kaoma, Zambia",,,kaoma,https://www.zambiayp.com/company/14120/CK_Cash_Carry,zambiayp.com
Kaoma General Dealers,"Kaoma, Zambia",,,kaoma,https://www.zambiayp.com/company/2931/Kaoma_General_Dealers,zambiayp.com
Kaoma General Dealer,"Kaoma, Zambia",,,kaoma,https://www.zambiayp.com/company/14121/Kaoma_General_Dealer,zambiayp.com
Manduka Investments Pco,"Kaoma, Zambia",,,kaoma,https://www.zambiayp.com/company/1060/Manduka_Investments_Pco,zambiayp.com
Muchima Grocery Pco,"Kaoma, Zambia",,,kaoma,https://www.zambiayp.com/company/2932/Muchima_Grocery_Pco,zambiayp.com
Presentation Sisters,"Box 940013, Kaoma, Zambia",,,kaoma,https://www.zambiayp.com/company/8035/Presentation_Sisters,zambiayp.com
Quick Service Restaurant,"Kaoma, Zambia",,,kaoma,https://www.zambiayp.com/company/400/Quick_Service_Restaurant,zambiayp.com
Chacha,"Box 940021, Western Province, Kaoma, Zambia",,,kaoma,https://www.zambiayp.com/company/12133/Chacha,zambiayp.com
Chibuli,"Box 940277, Western Province, Kaoma, Zambia",,,kaoma,https://www.zambiayp.com/company/12179/Chibuli,zambiayp.com
Inkunikila Primary,"P.o. Box 910021, Western Province, Kaoma, Zambia",,,kaoma,https://www.zambiayp.com/company/12134/Inkunikila_Primary,zambiayp.com
Kaaba Hill Prim Sch,"Box 940021, Western Province, Kaoma, Zambia",,,kaoma,https://www.zambiayp.com/company/12154/Kaaba_Hill_Prim_Sch,zambiayp.com
Kafwasonyi,"Box 940021, Western Province, Kaoma, Zambia",,,kaoma,https://www.zambiayp.com/company/12155/Kafwasonyi,zambiayp.com
Kahare,"Box 940021, Western Province, Kaoma, Zambia",,,kaoma,https://www.zambiayp.com/company/12103/Kahare,zambiayp.com
Kalale Primary,"Box 940021, Western Province, Kaoma, Zambia",,,kaoma,https://www.zambiayp.com/company/12104/Kalale_Primary,zambiayp.com
Kalukundwe,"Box 940021, Western Province, Kaoma, Zambia",,,kaoma,https://www.zambiayp.com/company/12156/Kalukundwe,zambiayp.com
Kalumbelo,"Box 94002, Western Province, Kaoma, Zambia",,,kaoma,https://www.zambiayp.com/company/12157/Kalumbelo,zambiayp.com
Kalwalo,"Box 940021, Western Province, Kaoma, Zambia",,,kaoma,https://www.zambiayp.com/company/12158/Kalwalo,zambiayp.com
Kambwize,"Box 940283, Western Province, Kaoma, Zambia",,,kaoma,https://www.zambiayp.com/company/12107/Kambwize,zambiayp.com
Kamuni Mid Basic,"Box 940021, Western Province, Kaoma, Zambia",,,kaoma,https://www.zambiayp.com/company/12108/Kamuni_Mid_Basic,zambiayp.com
Kandende School,"P.o. Box 940021, Western Province, Kaoma, Zambia",,,kaoma,https://www.zambiayp.com/company/12110/Kandende_School,zambiayp.com
Kangolongolo,"P.o. Box 940021, Western Province, Kaoma, Zambia",,,kaoma,https://www.zambiayp.com/company/12111/Kangolongolo,zambiayp.com
Kankwanda,"Box 940243, Western Province, Kaoma, Zambia",,,kaoma,https://www.zambiayp.com/company/12112/Kankwanda,zambiayp.com
Kanyenze Primary,"Box 940021, Western Province, Kaoma, Zambia",,,kaoma,https://www.zambiayp.com/company/12135/Kanyenze_Primary,zambiayp.com
Kaoma Community,"Box 940133, Western Province, Kaoma, Zambia",,,kaoma,https://www.zambiayp.com/company/12113/Kaoma_Community,zambiayp.com
Kaoma Hosp,"Box 940009, Western Province, Kaoma, Zambia",,,kaoma,https://www.zambiayp.com/company/12114/Kaoma_Hosp,zambiayp.com
Kaoma,"Box 940191, Western Province, Kaoma, Zambia",,,kaoma,https://www.zambiayp.com/company/12136/Kaoma,zambiayp.com
Kapili Mid Basic,"Box 940021, Western Province, Kaoma, Zambia",,,kaoma,https://www.zambiayp.com/company/12159/Kapili_Mid_Basic,zambiayp.com
Kashamu Mid Basic,"Box 940021, Western Province, Kaoma, Zambia",,,kaoma,https://www.zambiayp.com/company/12115/Kashamu_Mid_Basic,zambiayp.com
Kashokoto Mid,"Box 940021, Western Province, Kaoma, Zambia",,,kaoma,https://www.zambiayp.com/company/12137/Kashokoto_Mid,zambiayp.com
Katoya,"Box 740272, Western Province, Kaoma, Zambia",,,kaoma,https://www.zambiayp.com/company/12116/Katoya,zambiayp.com
Katunda,"Box 940021, Western Province, Kaoma, Zambia",,,kaoma,https://www.zambiayp.com/company/12138/Katunda,zambiayp.com
Kazabami,"Box 940021, Western Province, Kaoma, Zambia",,,kaoma,https://www.zambiayp.com/company/12160/Kazabami,zambiayp.com
Lalafuta Basic,"Box 130032, north Western Province, Kaoma, Zambia",,,kaoma,https://www.zambiayp.com/company/10479/Lalafuta_Basic,zambiayp.com
Lemvu Mid Basic,"Box 940021, Western Province, Kaoma, Zambia",,,kaoma,https://www.zambiayp.com/company/12139/Lemvu_Mid_Basic,zambiayp.com
Likolomani,"Box 940021, Western Province, Kaoma, Zambia",,,kaoma,https://www.zambiayp.com/company/12161/Likolomani,zambiayp.com
Limbotwa Mid Basic,"Box 940021, Western Province, Kaoma, Zambia",,,kaoma,https://www.zambiayp.com/company/12162/Limbotwa_Mid_Basic,zambiayp.com
Longe,"Box 940021, Western Province, Kaoma, Zambia",,,kaoma,https://www.zambiayp.com/company/12117/Longe,zambiayp.com
Luambuwa,"Box 940207, Western Province, Kaoma, Zambia",,,kaoma,https://www.zambiayp.com/company/12163/Luambuwa,zambiayp.com
Luampa High School,"Box 940021, western Province, Kaoma, Zambia",,,kaoma,https://www.zambiayp.com/company/12594/Luampa_High_School,zambiayp.com
Lububa Primary,"Box 940027, Western Province, Kaoma, Zambia",,,kaoma,https://www.zambiayp.com/company/12141/Lububa_Primary,zambiayp.com
Lui Primary,"Box 940260, Western Province, Kaoma, Zambia",,,kaoma,https://www.zambiayp.com/company/12142/Lui_Primary,zambiayp.com
Lukute Prim,"Box 940021, Western Province, Kaoma, Zambia",,,kaoma,https://www.zambiayp.com/company/12164/Lukute_Prim,zambiayp.com
Lunyati,"Box 940021, Western Province, Kaoma, Zambia",,,kaoma,https://www.zambiayp.com/company/12119/Lunyati,zambiayp.com
Lyamunale Mid Basic,"Box 940021, Western Province, Kaoma, Zambia",,,kaoma,https://www.zambiayp.com/company/12165/Lyamunale_Mid_Basic,zambiayp.com
Mahilo,"Box 940189, Western Province, Kaoma, Zambia",,,kaoma,https://www.zambiayp.com/company/12143/Mahilo,zambiayp.com
Makembu,"Box 940021, Western Province, Kaoma, Zambia",,,kaoma,https://www.zambiayp.com/company/12166/Makembu,zambiayp.com
Mangongi Mid Basic,"Box 940021, Western Province, Kaoma, Zambia",,,kaoma,https://www.zambiayp.com/company/12120/Mangongi_Mid_Basic,zambiayp.com
Mangango Day,"Box 940019, western Province, Kaoma, Zambia",,,kaoma,https://www.zambiayp.com/company/12595/Mangango_Day,zambiayp.com
Mawilo,"Box 940021, Western Province, Kaoma, Zambia",,,kaoma,https://www.zambiayp.com/company/12121/Mawilo,zambiayp.com
Mbale,"Box 940021, Western Province, Kaoma, Zambia",,,kaoma,https://www.zambiayp.com/company/12169/Mbale,zambiayp.com
Milumbwa Prim Sch,"Box 21, Western Province, Kaoma, Zambia",,,kaoma,https://www.zambiayp.com/company/12145/Milumbwa_Prim_Sch,zambiayp.com
Mimpongo,"Box 940021, Western Province, Kaoma, Zambia",,,kaoma,https://www.zambiayp.com/company/12122/Mimpongo,zambiayp.com
Mulalila Upper,"Box 94009, Western Province, Kaoma, Zambia",,,kaoma,https://www.zambiayp.com/company/12123/Mulalila_Upper,zambiayp.com
Mulamatila Basic,"Box 940194, Western Province, Kaoma, Zambia",,,kaoma,https://www.zambiayp.com/company/12124/Mulamatila_Basic,zambiayp.com
Mulwa Primary,"Box 940260, Western Province, Kaoma, Zambia",,,kaoma,https://www.zambiayp.com/company/12147/Mulwa_Primary,zambiayp.com
Mungulungwa,"Box 940021, Western Province, Kaoma, Zambia",,,kaoma,https://www.zambiayp.com/company/12125/Mungulungwa,zambiayp.com
Munkuye Mid Basic,"Box 940185, Western Province, Kaoma, Zambia",,,kaoma,https://www.zambiayp.com/company/12126/Munkuye_Mid_Basic,zambiayp.com
Mushwala,"Box 940021, Western Province, Kaoma, Zambia",,,kaoma,https://www.zambiayp.com/company/12170/Mushwala,zambiayp.com
Mwandasengo,"Box 940021, Western Province, Kaoma, Zambia",,,kaoma,https://www.zambiayp.com/company/12148/Mwandasengo,zambiayp.com
Mwangalesha,"Box 940021, Western Province, Kaoma, Zambia",,,kaoma,https://www.zambiayp.com/company/12149/Mwangalesha,zambiayp.com
Nakayembe,"Box 940260, Western Province, Kaoma, Zambia",,,kaoma,https://www.zambiayp.com/company/12150/Nakayembe,zambiayp.com
Nalumino Mundia,"Box 940141, Western Province, Kaoma, Zambia",,,kaoma,https://www.zambiayp.com/company/12128/Nalumino_Mundia,zambiayp.com
Nalibako,"Box 940092, Western Province, Kaoma, Zambia",,,kaoma,https://www.zambiayp.com/company/12171/Nalibako,zambiayp.com
Nalulembwe,"Box 940021, Western Province, Kaoma, Zambia",,,kaoma,https://www.zambiayp.com/company/12172/Nalulembwe,zambiayp.com
Namasheshe,"Box 940021, Western Province, Kaoma, Zambia",,,kaoma,https://www.zambiayp.com/company/12151/Namasheshe,zambiayp.com
Namaloba Mid,"Box 941092, Western Province, Kaoma, Zambia",,,kaoma,https://www.zambiayp.com/company/12173/Namaloba_Mid,zambiayp.com
Namimbwe,"Box 941092, Western Province, Kaoma, Zambia",,,kaoma,https://www.zambiayp.com/company/12174/Namimbwe,zambiayp.com
Namishakasha,"Box 940090, Western Province, Kaoma, Zambia",,,kaoma,https://www.zambiayp.com/company/12175/Namishakasha,zambiayp.com
Nkeyema Basic,"Box 940065, Western Province, Kaoma, Zambia",,,kaoma,https://www.zambiayp.com/company/12129/Nkeyema_Basic,zambiayp.com
Nkenga,"Box 940021, Western Province, Kaoma, Zambia",,,kaoma,https://www.zambiayp.com/company/12152/Nkenga,zambiayp.com
Nkeyema,"Box 940021, western Province, Kaoma, Zambia",,,kaoma,https://www.zambiayp.com/company/12596/Nkeyema,zambiayp.com
Nyambi Primary,"Box 940021, Western Province, Kaoma, Zambia",,,kaoma,https://www.zambiayp.com/company/12153/Nyambi_Primary,zambiayp.com
Nyango,"Box 940197, Western Province, Kaoma, Zambia",,,kaoma,https://www.zambiayp.com/company/12176/Nyango,zambiayp.com
Road Camp Primary,"Box 940197, Western Province, Kaoma, Zambia",,,kaoma,https://www.zambiayp.com/company/12177/Road_Camp_Primary,zambiayp.com
Shimano Basic,"Box 940087, Western Province, Kaoma, Zambia",,,kaoma,https://www.zambiayp.com/company/12130/Shimano_Basic,zambiayp.com
Shishamba,"Box 940280, Western Province, Kaoma, Zambia",,,kaoma,https://www.zambiayp.com/company/12131/Shishamba,zambiayp.com
Sipalo,"Box 940021, Western Province, Kaoma, Zambia",,,kaoma,https://www.zambiayp.com/company/12132/Sipalo,zambiayp.com
Vector Systems,"Kace Street, Kasama, Zambia",,,kasama,https://www.zambiayp.com/company/19484/Vector_Systems,zambiayp.com
Kizya executive lodge,"P.O Box 410180 Kasama, Town centre., Zambia",,,kasama,https://www.zambiayp.com/company/17398/Kizya_executive_lodge,zambiayp.com
JomwibyTranslators - Zambia,"P.O. Box 410933, Kasama, Zambia",,,kasama,https://www.zambiayp.com/company/17932/JomwibyTranslators_Zambia,zambiayp.com
St Theresa Girls Secondary School Chilubula Mission,"Chilubula Mission, P.O. box 410275, Kasama, Zambia",,,kasama,https://www.zambiayp.com/company/7401/St_Theresa_Girls_Secondary_School_Chilubula_Mission,zambiayp.com
CHAMBESHI WATER SUPPLY AND SANITATION COMPANY,"690A MUBANGA CHIPOYA ROAD, Kasama, Zambia",,,kasama,https://www.zambiayp.com/company/18194/CHAMBESHI_WATER_SUPPLY_AND_SANITATION_COMPANY,zambiayp.com
Rite Way Houston Towing,"8145 higway 6 S suite 138 Houston, TX, Kasama, Zambia",,,kasama,https://www.zambiayp.com/company/19461/Rite_Way_Houston_Towing,zambiayp.com
S G C Investments Limited,"Plot 3066 Zambia Way Industrial Area, P.O.Box 230135, Kasama",,,kasama,https://www.zambiayp.com/company/1179/S_G_C_Investments_Limited,zambiayp.com
Infinity Optical Net-Solutions,"Along Luwingu Road, Opposite Zesco Kasama, Zambia",,,kasama,https://www.zambiayp.com/company/18427/Infinity_Optical_Net_Solutions,zambiayp.com
Sichivula business center,"410295 kasama, Zambia",,,kasama,https://www.zambiayp.com/company/17621/sichivula_business_center,zambiayp.com
Zambia National Commercial Bank Ltd,"P.O.Box 410566, Kasama, Zambia",,,kasama,https://www.zambiayp.com/company/7047/Zambia_National_Commercial_Bank_Ltd,zambiayp.com
Triace Technologies,"30 N GOULD ST STE 6325 SHERIDAN, WY 82801, Kasama, Zambia",,,kasama,https://www.zambiayp.com/company/19443/Triace_Technologies,zambiayp.com
Gifra Enterprises & General Dealers,"4584 Mubanga Chipoya Road Kasama, Zambia",,,kasama,https://www.zambiayp.com/company/18629/Gifra_Enterprises_General_Dealers,zambiayp.com
SangTech Networks (Z) Ltd,"P.O.BOX 410944 Plot 81 mukulumpe Road Kasama., Zambia",,,kasama,https://www.zambiayp.com/company/16505/SangTech_Networks_Z_Ltd,zambiayp.com
Kasembo Farms LTD shop,"PO Box 410040, Kasama, Zambia",,,kasama,https://www.zambiayp.com/company/14099/Kasembo_Farms_LTD_shop,zambiayp.com
Project OSCAR,"Project OSCAR Community Services Society, P.O. Box: 410150, Kasama, Zambia",,,kasama,https://www.zambiayp.com/company/17179/Project_OSCAR,zambiayp.com
National milling cooperation limited,"National milling around, Kasama, Zambia",,,kasama,https://www.zambiayp.com/company/18453/National_milling_cooperation_limited,zambiayp.com
Shoprite Kasama,"Plot 7, Mbala Road, Kasama, Zambia",,,kasama,https://www.zambiayp.com/company/3512/Shoprite_Kasama,zambiayp.com
Soft Katongo,"Box 410352, northern Province, Kasama, Zambia",,,kasama,https://www.zambiayp.com/company/11008/Soft_Katongo,zambiayp.com
Henry Kapata,"P.O.Box 410120, Northern Province, Kasama, Zambia",,,kasama,https://www.zambiayp.com/company/10963/Henry_Kapata,zambiayp.com
Microfin,"Room 2 Cheweco Bldg, P.O.Box 410071, Kasama, Zambia",,,kasama,https://www.zambiayp.com/company/1032/Microfin,zambiayp.com
Daksha Marketing And Distributors Ltd,"9 Independence Rd, P.O.Box 410420, Kasama, Zambia",,,kasama,https://www.zambiayp.com/company/6697/Daksha_Marketing_And_Distributors_Ltd,zambiayp.com
Kasembo Farms Ltd,"Shop, Kasama, Zambia",,,kasama,https://www.zambiayp.com/company/2889/Kasembo_Farms_Ltd,zambiayp.com
National Savings & Credit Bank Of Zambia,"P.O.Box 410529, Kasama, Zambia",,,kasama,https://www.zambiayp.com/company/7117/National_Savings_Credit_Bank_Of_Zambia,zambiayp.com
Shoppers Centre Ltd,"3 Mubanga Chipoya Rd, P.O.Box 410420, Kasama, Zambia",,,kasama,https://www.zambiayp.com/company/2902/Shoppers_Centre_Ltd,zambiayp.com
Standard Chartered Bank Zambia Plc,"P.O.Box 410060, Kasama, Zambia",,,kasama,https://www.zambiayp.com/company/7046/Standard_Chartered_Bank_Zambia_Plc,zambiayp.com
Zambia State Insurance Corporation Limited The,"Findeco Hse, Luwingu Rd, P.O.Box 410368, Kasama, Zambia",,,kasama,https://www.zambiayp.com/company/1262/Zambia_State_Insurance_Corporation_Limited_The,zambiayp.com
Adoka General Dealers,"Kasama, Zambia",,,kasama,https://www.zambiayp.com/company/2992/Adoka_General_Dealers,zambiayp.com
African Plantations Co LTD,"Kasama, Zambia",,,kasama,https://www.zambiayp.com/company/13979/African_Plantations_Co_LTD,zambiayp.com
Amos General Trading & Manufacturing,"Kasama, Zambia",,,kasama,https://www.zambiayp.com/company/3911/Amos_General_Trading_Manufacturing,zambiayp.com
Armaguard Security,"Kasama, Zambia",,,kasama,https://www.zambiayp.com/company/2342/Armaguard_Security,zambiayp.com
Benjala's Refrigeration And Electrical Engineering,"Kasama, Zambia",,,kasama,https://www.zambiayp.com/company/5345/Benjalas_Refrigeration_And_Electrical_Engineering,zambiayp.com
Bwafwano Savings & Credit Society,"Kasama, Zambia",,,kasama,https://www.zambiayp.com/company/7109/Bwafwano_Savings_Credit_Society,zambiayp.com
Cheweco Import & Export Enterprise,"Kasama, Zambia",,,kasama,https://www.zambiayp.com/company/5642/Cheweco_Import_Export_Enterprise,zambiayp.com
Chisulo General Dealers,"Kasama, Zambia",,,kasama,https://www.zambiayp.com/company/2994/Chisulo_General_Dealers,zambiayp.com
Chinchi's Nest Guest House,"Kasama, Zambia",,,kasama,https://www.zambiayp.com/company/3539/Chinchis_Nest_Guest_House,zambiayp.com
Chiti Primary & Secondary School,"Kasama, Zambia",,,kasama,https://www.zambiayp.com/company/7435/Chiti_Primary_Secondary_School,zambiayp.com
Chilubula Mission,"Box 254, Kasama, Zambia",,,kasama,https://www.zambiayp.com/company/8037/Chilubula_Mission,zambiayp.com
Daksha Marketing & Distributors LTD,"Box 410420, Wholesale Merchants, Kasama, Zambia",,,kasama,https://www.zambiayp.com/company/15198/Daksha_Marketing_Distributors_LTD,zambiayp.com
Delaiah Contractors & General Dealers,"P.O.Box 410251, Kasama, Zambia",,,kasama,https://www.zambiayp.com/company/3106/Delaiah_Contractors_General_Dealers,zambiayp.com
Delaiah Contractors & General dealer,"Box 410251, Kasama, Zambia",,,kasama,https://www.zambiayp.com/company/14122/Delaiah_Contractors_General_dealer,zambiayp.com
D H L International (z) Ltd,"Kasama, Zambia",,,kasama,https://www.zambiayp.com/company/1759/D_H_L_International_z_Ltd,zambiayp.com
Dominican Sisters,"Box 410412, Kasama, Zambia",,,kasama,https://www.zambiayp.com/company/8038/Dominican_Sisters,zambiayp.com
Dru Hills Guest House,"Kasama, Zambia",,,kasama,https://www.zambiayp.com/company/3557/Dru_Hills_Guest_House,zambiayp.com
Finance Bank,"Kasama, Zambia",,,kasama,https://www.zambiayp.com/company/7166/Finance_Bank,zambiayp.com
Golf Club Pco,"Box 67, Kasama, Zambia",,,kasama,https://www.zambiayp.com/company/14214/Golf_Club_Pco,zambiayp.com
Good Milile Restaurant,"AKABOMBA AKABYE KAMUNDA, Kasama, Zambia",,,kasama,https://www.zambiayp.com/company/15464/Good_Milile_Restaurant,zambiayp.com
Ituna Drugstore And Chemist,"P.O.Box 410507, Kasama, Zambia",,,kasama,https://www.zambiayp.com/company/7742/Ituna_Drugstore_And_Chemist,zambiayp.com
Jamcho Trading Co,"Kasama, Zambia",,,kasama,https://www.zambiayp.com/company/2970/Jamcho_Trading_Co,zambiayp.com
J Bwemya & Sons General Dealers,"Kasama, Zambia",,,kasama,https://www.zambiayp.com/company/2933/J_Bwemya_Sons_General_Dealers,zambiayp.com
Kapembwa Cy General Dealers,"Kasama, Zambia",,,kasama,https://www.zambiayp.com/company/2993/Kapembwa_Cy_General_Dealers,zambiayp.com
Kapoma Chanda Dr,"Kasama, Zambia",,,kasama,https://www.zambiayp.com/company/14710/Kapoma_Chanda_Dr,zambiayp.com
Kasama Lodge,"Kasama, Zambia",,,kasama,https://www.zambiayp.com/company/108/Kasama_Lodge,zambiayp.com
Kasama Christian Resources Centre,"Kasama, Zambia",,,kasama,https://www.zambiayp.com/company/2278/Kasama_Christian_Resources_Centre,zambiayp.com
Kasama Development Co,"Kasama, Zambia",,,kasama,https://www.zambiayp.com/company/4247/Kasama_Development_Co,zambiayp.com
Kasama Bakery,"Bakers & Confectioners, Kasama, Zambia",,,kasama,https://www.zambiayp.com/company/12902/Kasama_Bakery,zambiayp.com
Kasama Butchery,"Kasama, Zambia",,,kasama,https://www.zambiayp.com/company/13079/Kasama_Butchery,zambiayp.com
Kateshi Plantation,"Kasama, Zambia",,,kasama,https://www.zambiayp.com/company/13980/Kateshi_Plantation,zambiayp.com
Laura Centre,"Box 410093, Selesian Sisters, Kasama, Zambia",,,kasama,https://www.zambiayp.com/company/8039/Laura_Centre,zambiayp.com
Location Clinic,"Kasama, Zambia",,,kasama,https://www.zambiayp.com/company/7684/Location_Clinic,zambiayp.com
Midland Corporate Services,"Kasama, Zambia",,,kasama,https://www.zambiayp.com/company/8294/Midland_Corporate_Services,zambiayp.com
Mpulungu Harbour Management Ltd,"Kasama, Zambia",,,kasama,https://www.zambiayp.com/company/2013/Mpulungu_Harbour_Management_Ltd,zambiayp.com
Mutondo Breweries,"Kasama, Zambia",,,kasama,https://www.zambiayp.com/company/13002/Mutondo_Breweries,zambiayp.com
National Pension Scheme Authority,"P.O.Box 410125, Kasama, Zambia",,,kasama,https://www.zambiayp.com/company/5984/National_Pension_Scheme_Authority,zambiayp.com
Nella's Minimart And Bottle Store,"P.O.Box 97, Kasama, Zambia",,,kasama,https://www.zambiayp.com/company/5083/Nellas_Minimart_And_Bottle_Store,zambiayp.com
Nella's Minimart & Bottle Store,"Box 97, Bottle Stores & Off Sale Retails, Kasama, Zambia",,,kasama,https://www.zambiayp.com/company/12993/Nellas_Minimart_Bottle_Store,zambiayp.com
Omars General Dealers,"P.O.Box 410217, Kasama, Zambia",,,kasama,https://www.zambiayp.com/company/2980/Omars_General_Dealers,zambiayp.com
Omas General Dealers,"Kasama, Zambia",,,kasama,https://www.zambiayp.com/company/14123/Omas_General_Dealers,zambiayp.com
Osman Transport,"Kasama, Zambia",,,kasama,https://www.zambiayp.com/company/5287/Osman_Transport,zambiayp.com
Osman Transport Co,"Kasama, Zambia",,,kasama,https://www.zambiayp.com/company/5292/Osman_Transport_Co,zambiayp.com
Pastoral Centre,"Mubanga Chipoya Rd, P.O.Box 410143, Kasama, Zambia",,,kasama,https://www.zambiayp.com/company/596/Pastoral_Centre,zambiayp.com
Premier Paints,"Kasama, Zambia",,,kasama,https://www.zambiayp.com/company/4029/Premier_Paints,zambiayp.com
Proflight Zambia,"Kasama, Zambia",,,kasama,https://www.zambiayp.com/company/924/Proflight_Zambia,zambiayp.com
Sable Tarcon Constructions,"Kasama, Zambia",,,kasama,https://www.zambiayp.com/company/943/Sable_Tarcon_Constructions,zambiayp.com
Shoppers Center LTD,"Box 410420, Kasama, Zambia",,,kasama,https://www.zambiayp.com/company/14124/Shoppers_Center_LTD,zambiayp.com
Sinkamba Ackim T/a Twesha General Dealers,"Kasama, Zambia",,,kasama,https://www.zambiayp.com/company/3031/Sinkamba_Ackim_Ta_Twesha_General_Dealers,zambiayp.com
Thorn Tree Guest House,"Plot 612 Rd, P.O.Box 410694, Kasama, Zambia",,,kasama,https://www.zambiayp.com/company/595/Thorn_Tree_Guest_House,zambiayp.com
Tiiya Guest House,"Kasama, Zambia",,,kasama,https://www.zambiayp.com/company/3548/Tiiya_Guest_House,zambiayp.com
Village Agriculture Programme,"7 BWALYA ROAD, Kasama, Zambia",,,kasama,https://www.zambiayp.com/company/15435/Village_Agriculture_Programme,zambiayp.com
Wamulungwe Lodge,"Kasama, Zambia",,,kasama,https://www.zambiayp.com/company/314/Wamulungwe_Lodge,zambiayp.com
Zambia National Broadcasting Corporation,"P.O.Box 410598, Kasama, Zambia",,,kasama,https://www.zambiayp.com/company/1498/Zambia_National_Broadcasting_Corporation,zambiayp.com
Zambia Social Investment Fund,"Kasama, Zambia",,,kasama,https://www.zambiayp.com/company/2040/Zambia_Social_Investment_Fund,zambiayp.com
Zambia National Building Society - Kasama Branch,"P.O.Box 410526, Kasama, Zambia",,,kasama,https://www.zambiayp.com/company/6432/Zambia_National_Building_SocietyKasama_Branch,zambiayp.com
Zambia Baptist Association,"Kasama, Zambia",,,kasama,https://www.zambiayp.com/company/12794/Zambia_Baptist_Association,zambiayp.com
Zambia TelecommunicationCompany LTD,"Box 410067, Kasama, Zambia",,,kasama,https://www.zambiayp.com/company/13321/Zambia_TelecommunicationCompany_LTD,zambiayp.com
Zambia China Mulungushi Textile,"Kasama, Zambia",,,kasama,https://www.zambiayp.com/company/14971/Zambia_China_Mulungushi_Textile,zambiayp.com
Baselio Moseni,"Box 410070, nothern Province, Kasama, Zambia",,,kasama,https://www.zambiayp.com/company/11242/Baselio_Moseni,zambiayp.com
Chafwa,"Box 410341, northern Province, Kasama, Zambia",,,kasama,https://www.zambiayp.com/company/10955/Chafwa,zambiayp.com
Chewe,"P.o. Box 470094, nothern Province, Kasama, Zambia",,,kasama,https://www.zambiayp.com/company/11243/Chewe,zambiayp.com
Chiba Basic,"Box 410200, northern Province, Kasama, Zambia",,,kasama,https://www.zambiayp.com/company/10956/Chiba_Basic,zambiayp.com
Chifwani Basic,"Box 410022, northern Province, Kasama, Zambia",,,kasama,https://www.zambiayp.com/company/10957/Chifwani_Basic,zambiayp.com
Chileshe Chipela Bas,"Box 410360, northern Province, Kasama, Zambia",,,kasama,https://www.zambiayp.com/company/10958/Chileshe_Chipela_Bas,zambiayp.com
Chilubula,"Box 410545, northern Province, Kasama, Zambia",,,kasama,https://www.zambiayp.com/company/10960/Chilubula,zambiayp.com
Chishimba,"Box 410258, northern Province, Kasama, Zambia",,,kasama,https://www.zambiayp.com/company/10961/Chishimba,zambiayp.com
Chitwe,"Box 410074, northern Province, Kasama, Zambia",,,kasama,https://www.zambiayp.com/company/10962/Chitwe,zambiayp.com
Chilekwa Mwamba,"Box 410131, northern Province, Kasama, Zambia",,,kasama,https://www.zambiayp.com/company/10987/Chilekwa_Mwamba,zambiayp.com
Chilufya,"Box 410203, northern Province, Kasama, Zambia",,,kasama,https://www.zambiayp.com/company/10989/Chilufya,zambiayp.com
Chitambi M. Basic,"Co D.e.o Box 410074, northern Province, Kasama, Zambia",,,kasama,https://www.zambiayp.com/company/10990/Chitambi_M_Basic,zambiayp.com
Chitaba M. Basic,"Pa Fitaba, nothern Province, Kasama, Zambia",,,kasama,https://www.zambiayp.com/company/11245/Chitaba_M_Basic,zambiayp.com
Itamina M. Basic,"Box 410271, northern Province, Kasama, Zambia",,,kasama,https://www.zambiayp.com/company/10964/Itamina_M_Basic,zambiayp.com
Kafula,"Box 410269, northern Province, Kasama, Zambia",,,kasama,https://www.zambiayp.com/company/10965/Kafula,zambiayp.com
Kafubu,"Box 410249, nothern Province, Kasama, Zambia",,,kasama,https://www.zambiayp.com/company/11248/Kafubu,zambiayp.com
Kalomo,"Box 470092, nothern Province, Kasama, Zambia",,,kasama,https://www.zambiayp.com/company/11249/Kalomo,zambiayp.com
Kalyafye,"Box 410365, nothern Province, Kasama, Zambia",,,kasama,https://www.zambiayp.com/company/11350/Kalyafye,zambiayp.com
Kancule,"Box 410833, northern Province, Kasama, Zambia",,,kasama,https://www.zambiayp.com/company/10991/Kancule,zambiayp.com
Kapanda Lower,"Box 410074, northern Province, Kasama, Zambia",,,kasama,https://www.zambiayp.com/company/10992/Kapanda_Lower,zambiayp.com
Kapatu,"Pa Kapatu, nothern Province, Kasama, Zambia",,,kasama,https://www.zambiayp.com/company/11251/Kapatu,zambiayp.com
Kasama Basic,"Box 410228, northern Province, Kasama, Zambia",,,kasama,https://www.zambiayp.com/company/10967/Kasama_Basic,zambiayp.com
Kasenda Basic,"Box 410227, northern Province, Kasama, Zambia",,,kasama,https://www.zambiayp.com/company/10968/Kasenda_Basic,zambiayp.com
Kasonde Mutokwa,"Box 410204, northern Province, Kasama, Zambia",,,kasama,https://www.zambiayp.com/company/10969/Kasonde_Mutokwa,zambiayp.com
Kashinka,"Box 410074, northern Province, Kasama, Zambia",,,kasama,https://www.zambiayp.com/company/10994/Kashinka,zambiayp.com
Kateshi,"Box 410208, northern Province, Kasama, Zambia",,,kasama,https://www.zambiayp.com/company/10970/Kateshi,zambiayp.com
Leif School Private,"P.o Box 410592, northern Province, Kasama, Zambia",,,kasama,https://www.zambiayp.com/company/10971/Leif_School_Private,zambiayp.com
Lua-luo Basic,"Box 410229, northern Province, Kasama, Zambia",,,kasama,https://www.zambiayp.com/company/10995/Lua_luo_Basic,zambiayp.com
Lubushi School,"Box 410294, nothern Province, Kasama, Zambia",,,kasama,https://www.zambiayp.com/company/11252/Lubushi_School,zambiayp.com
Lukashya,"Box 410751, northern Province, Kasama, Zambia",,,kasama,https://www.zambiayp.com/company/10996/Lukashya,zambiayp.com
Lwabwe M. Basic,"Box 410310, northern Province, Kasama, Zambia",,,kasama,https://www.zambiayp.com/company/10997/Lwabwe_M_Basic,zambiayp.com
Malama M. Basic,"Box 410248, northern Province, Kasama, Zambia",,,kasama,https://www.zambiayp.com/company/10973/Malama_M_Basic,zambiayp.com
Mbusa,"Box 410074, northern Province, Kasama, Zambia",,,kasama,https://www.zambiayp.com/company/10998/Mbusa,zambiayp.com
Milenge,"Box 410182, northern Province, Kasama, Zambia",,,kasama,https://www.zambiayp.com/company/10974/Milenge,zambiayp.com
Milungu,"Box 410135, northern Province, Kasama, Zambia",,,kasama,https://www.zambiayp.com/company/10975/Milungu,zambiayp.com
Misengo,"Box 410632, northern Province, Kasama, Zambia",,,kasama,https://www.zambiayp.com/company/10977/Misengo,zambiayp.com
Misolo,"Box 410168, northern Province, Kasama, Zambia",,,kasama,https://www.zambiayp.com/company/10978/Misolo,zambiayp.com
Mpalapata,"Box 410610, nothern Province, Kasama, Zambia",,,kasama,https://www.zambiayp.com/company/11255/Mpalapata,zambiayp.com
Mubanga Chipoya,"Box 410655, northern Province, Kasama, Zambia",,,kasama,https://www.zambiayp.com/company/10979/Mubanga_Chipoya,zambiayp.com
Mukolwe,"Box 470192, nothern Province, Kasama, Zambia",,,kasama,https://www.zambiayp.com/company/11256/Mukolwe,zambiayp.com
Mukupa Kaoma Basic,"Box 470202, nothern Province, Kasama, Zambia",,,kasama,https://www.zambiayp.com/company/11257/Mukupa_Kaoma_Basic,zambiayp.com
Mulanshi M. Basic,"Box 410212, northern Province, Kasama, Zambia",,,kasama,https://www.zambiayp.com/company/10999/Mulanshi_M_Basic,zambiayp.com
Mulobola,"Box 410403, northern Province, Kasama, Zambia",,,kasama,https://www.zambiayp.com/company/11000/Mulobola,zambiayp.com
Mulenga Mapesa,"Box 410610, nothern Province, Kasama, Zambia",,,kasama,https://www.zambiayp.com/company/11258/Mulenga_Mapesa,zambiayp.com
Mulukuma,"Box 470782, nothern Province, Kasama, Zambia",,,kasama,https://www.zambiayp.com/company/11260/Mulukuma,zambiayp.com
Mumana Lupando,"Box 410745, northern Province, Kasama, Zambia",,,kasama,https://www.zambiayp.com/company/10980/Mumana_Lupando,zambiayp.com
Musa Basic,"Box 410074, northern Province, Kasama, Zambia",,,kasama,https://www.zambiayp.com/company/11002/Musa_Basic,zambiayp.com
Mushika,"Box 470202, nothern Province, Kasama, Zambia",,,kasama,https://www.zambiayp.com/company/11262/Mushika,zambiayp.com
Mutale Munkonge,"Pb Lubushi, northern Province, Kasama, Zambia",,,kasama,https://www.zambiayp.com/company/11003/Mutale_Munkonge,zambiayp.com
Mwasha,"Box 410074, northern Province, Kasama, Zambia",,,kasama,https://www.zambiayp.com/company/11004/Mwasha,zambiayp.com
Mwelwa,"Box 410074, northern Province, Kasama, Zambia",,,kasama,https://www.zambiayp.com/company/11005/Mwelwa,zambiayp.com
Ngoli Primary,"Pa Ngoli, northern Province, Kasama, Zambia",,,kasama,https://www.zambiayp.com/company/10983/Ngoli_Primary,zambiayp.com
Nkole Urban,"Box 410351, northern Province, Kasama, Zambia",,,kasama,https://www.zambiayp.com/company/10984/Nkole_Urban,zambiayp.com
Nkolemfumu,"Box 410283, northern Province, Kasama, Zambia",,,kasama,https://www.zambiayp.com/company/11006/Nkolemfumu,zambiayp.com
Ntumpa,"Box 410845, northern Province, Kasama, Zambia",,,kasama,https://www.zambiayp.com/company/11007/Ntumpa,zambiayp.com
Otto,"Box 470198, nothern Province, Kasama, Zambia",,,kasama,https://www.zambiayp.com/company/11266/Otto,zambiayp.com
Tapa,"Pa Kapatu, nothern Province, Kasama, Zambia",,,kasama,https://www.zambiayp.com/company/11271/Tapa,zambiayp.com
Tibi Upper  Basic,"Box 410308, northern Province, Kasama, Zambia",,,kasama,https://www.zambiayp.com/company/11009/Tibi_Upper_Basic,zambiayp.com
Zambia Telecommunications Company Ltd Kasama Area Office,"P.O.Box 410067, Kasama, Zambia",,,kasama,https://www.zambiayp.com/company/4918/Zambia_Telecommunications_Company_Ltd_Kasama_Area_Office,zambiayp.com
Mukinge Girls' Secondary,"Box 120093, North Western Province, Kasempa, Zambia",,,kasempa,https://www.zambiayp.com/company/12515/Mukinge_Girls,zambiayp.com
Kantenda,"P.o. Box 120033, north Western Province, Kasempa, Zambia",,,kasempa,https://www.zambiayp.com/company/10442/Kantenda,zambiayp.com
National Savings & Credit Bank,"P.O.Box 120111, Kasempa, Zambia",,,kasempa,https://www.zambiayp.com/company/7155/National_Savings_Credit_Bank,zambiayp.com
Gauf Consulting Engineers,"Kasempa, Zambia",,,kasempa,https://www.zambiayp.com/company/13446/Gauf_Consulting_Engineers,zambiayp.com
Kasempa District Council,"Kasempa, Zambia",,,kasempa,https://www.zambiayp.com/company/13535/Kasempa_District_Council,zambiayp.com
Kimabokwe Farm LTD,"Kasempa, Zambia",,,kasempa,https://www.zambiayp.com/company/13758/Kimabokwe_Farm_LTD,zambiayp.com
Mukwakwata Store,"P.O.Box 120020, Kasempa, Zambia",,,kasempa,https://www.zambiayp.com/company/2854/Mukwakwata_Store,zambiayp.com
Mukinge Service Dept (efz),"Kasempa, Zambia",,,kasempa,https://www.zambiayp.com/company/6156/Mukinge_Service_Dept_efz,zambiayp.com
Mukinge & Prevention Programme,"Kasempa, Zambia",,,kasempa,https://www.zambiayp.com/company/12752/Mukinge_Prevention_Programme,zambiayp.com
Mukinge service dept(EFZ),"Kasempa, Zambia",,,kasempa,https://www.zambiayp.com/company/14047/Mukinge_service_deptEFZ,zambiayp.com
ST Andrews Church,"Kasempa, Zambia",,,kasempa,https://www.zambiayp.com/company/8040/ST_Andrews_Church,zambiayp.com
ST Andrews Mission,"Box 120063, Kasempa, Zambia",,,kasempa,https://www.zambiayp.com/company/8041/ST_Andrews_Mission,zambiayp.com
Dengwe,"P.o. Box 120095, north Western Province, Kasempa, Zambia",,,kasempa,https://www.zambiayp.com/company/10424/Dengwe,zambiayp.com
Ingwe Midd Basic,"P.o. Box 120095, north Western Province, Kasempa, Zambia",,,kasempa,https://www.zambiayp.com/company/10425/Ingwe_Midd_Basic,zambiayp.com
Janyauki,"Box 120095, north Western Province, Kasempa, Zambia",,,kasempa,https://www.zambiayp.com/company/10426/Janyauki,zambiayp.com
Jifumpa,"P.o. Box 120095, north Western Province, Kasempa, Zambia",,,kasempa,https://www.zambiayp.com/company/10427/Jifumpa,zambiayp.com
Kabele Midd,"P.o. Box 120095, north Western Province, Kasempa, Zambia",,,kasempa,https://www.zambiayp.com/company/10428/Kabele_Midd,zambiayp.com
Kabusenga,"Box 120095, north Western Province, Kasempa, Zambia",,,kasempa,https://www.zambiayp.com/company/10429/Kabusenga,zambiayp.com
Kabutwitwi,"P. O. Box 120095, north Western Province, Kasempa, Zambia",,,kasempa,https://www.zambiayp.com/company/10430/Kabutwitwi,zambiayp.com
Kafumfula,"P.o. Box 120095, north Western Province, Kasempa, Zambia",,,kasempa,https://www.zambiayp.com/company/10431/Kafumfula,zambiayp.com
Kaimbwe Basic,"Box 120095, north Western Province, Kasempa, Zambia",,,kasempa,https://www.zambiayp.com/company/10432/Kaimbwe_Basic,zambiayp.com
Kajibiji,"P.o. Box 120095, north Western Province, Kasempa, Zambia",,,kasempa,https://www.zambiayp.com/company/10433/Kajibiji,zambiayp.com
Kalombe Midd.,"P.o. Box 120095, north Western Province, Kasempa, Zambia",,,kasempa,https://www.zambiayp.com/company/10434/Kalombe_Midd,zambiayp.com
Kalusha,"P. O. Box 120095, north Western Province, Kasempa, Zambia",,,kasempa,https://www.zambiayp.com/company/10435/Kalusha,zambiayp.com
Kamakechi Basic,"P. O. Box 120095, north Western Province, Kasempa, Zambia",,,kasempa,https://www.zambiayp.com/company/10436/Kamakechi_Basic,zambiayp.com
Kamakuku,"P.o. Box 120095, north Western Province, Kasempa, Zambia",,,kasempa,https://www.zambiayp.com/company/10437/Kamakuku,zambiayp.com
Kamatete,"P. O. Box 120095, north Western Province, Kasempa, Zambia",,,kasempa,https://www.zambiayp.com/company/10438/Kamatete,zambiayp.com
Kaminzekenzeke,"Box 120125, north Western Province, Kasempa, Zambia",,,kasempa,https://www.zambiayp.com/company/10473/Kaminzekenzeke,zambiayp.com
Kandeke,"P.o. Box 120095, north Western Province, Kasempa, Zambia",,,kasempa,https://www.zambiayp.com/company/10440/Kandeke,zambiayp.com
Kanongo Upper,"P. O. Box 120056, north Western Province, Kasempa, Zambia",,,kasempa,https://www.zambiayp.com/company/10441/Kanongo_Upper,zambiayp.com
Kasempa Boys,"Box 120098, north Western Province, Kasempa, Zambia",,,kasempa,https://www.zambiayp.com/company/12513/Kasempa_Boys,zambiayp.com
Kasempa Day,"Box 120091, north Western Province, Kasempa, Zambia",,,kasempa,https://www.zambiayp.com/company/12514/Kasempa_Day,zambiayp.com
Kelongwa,"Box 120095, north Western Province, Kasempa, Zambia",,,kasempa,https://www.zambiayp.com/company/10444/Kelongwa,zambiayp.com
Kibangabwe,"Box 120095, north Western Province, Kasempa, Zambia",,,kasempa,https://www.zambiayp.com/company/10445/Kibangabwe,zambiayp.com
Kivuku,"P.o. Box 120048, north Western Province, Kasempa, Zambia",,,kasempa,https://www.zambiayp.com/company/10446/Kivuku,zambiayp.com
Lubofu,"Box 120095, north Western Province, Kasempa, Zambia",,,kasempa,https://www.zambiayp.com/company/10447/Lubofu,zambiayp.com
Lufupa,"P. O. Box 120095, north Western Province, Kasempa, Zambia",,,kasempa,https://www.zambiayp.com/company/10448/Lufupa,zambiayp.com
Lunga Basic,"P.o. Box 120095, north Western Province, Kasempa, Zambia",,,kasempa,https://www.zambiayp.com/company/10449/Lunga_Basic,zambiayp.com
Mako,"P. O. Box 120095, north Western Province, Kasempa, Zambia",,,kasempa,https://www.zambiayp.com/company/10450/Mako,zambiayp.com
Mbulumunene,"P.o. Box 120095, north Western Province, Kasempa, Zambia",,,kasempa,https://www.zambiayp.com/company/10451/Mbulumunene,zambiayp.com
Miombe Midd Basic,"P.o. Box 120095, north Western Province, Kasempa, Zambia",,,kasempa,https://www.zambiayp.com/company/10452/Miombe_Midd_Basic,zambiayp.com
Mpungu Midd Basic,"P. O. Box 120095, north Western Province, Kasempa, Zambia",,,kasempa,https://www.zambiayp.com/company/10453/Mpungu_Midd_Basic,zambiayp.com
Mukinge Basic,"Box 120055, north Western Province, Kasempa, Zambia",,,kasempa,https://www.zambiayp.com/company/10454/Mukinge_Basic,zambiayp.com
Mukunanshi,"P.o. Box 120095, north Western Province, Kasempa, Zambia",,,kasempa,https://www.zambiayp.com/company/10456/Mukunanshi,zambiayp.com
Musambelombe,"P.o. Box 120095, north Western Province, Kasempa, Zambia",,,kasempa,https://www.zambiayp.com/company/10457/Musambelombe,zambiayp.com
Mushima Basic,"Box 120125, north Western Province, Kasempa, Zambia",,,kasempa,https://www.zambiayp.com/company/10484/Mushima_Basic,zambiayp.com
Njenga Midd Basic,"P.o. Box 120095, north Western Province, Kasempa, Zambia",,,kasempa,https://www.zambiayp.com/company/10458/Njenga_Midd_Basic,zambiayp.com
Nkenyauna Midd,"P. O. Box 120040, north Western Province, Kasempa, Zambia",,,kasempa,https://www.zambiayp.com/company/10459/Nkenyauna_Midd,zambiayp.com
Nselauke,"P. O. Box 120095, north Western Province, Kasempa, Zambia",,,kasempa,https://www.zambiayp.com/company/10460/Nselauke,zambiayp.com
Nteete,"P. O. Box 120095, north Western Province, Kasempa, Zambia",,,kasempa,https://www.zambiayp.com/company/10461/Nteete,zambiayp.com
Nyoka,"P. O. Box 120095, north Western Province, Kasempa, Zambia",,,kasempa,https://www.zambiayp.com/company/10462/Nyoka,zambiayp.com
Shivuma Open,"P.o. Box 120095, north Western Province, Kasempa, Zambia",,,kasempa,https://www.zambiayp.com/company/10464/Shivuma_Open,zambiayp.com
G N Information Systems,"GNIS, P/B 10,  Katete, Zambia",,,katete,https://www.zambiayp.com/company/16386/G_N_Information_Systems,zambiayp.com
JONGOHN Clearing Agency and General Dealers Company,"530001, Katete, Zambia",,,katete,https://www.zambiayp.com/company/16471/JONGOHN_Clearing_Agency_and_General_Dealers_Company,zambiayp.com
SHAYAN TEXTILE,"P.O.BOX NR. 7385, Katete, Zambia",,,katete,https://www.zambiayp.com/company/16371/SHAYAN_TEXTILE,zambiayp.com
Katete District Council,"Box 550015, Katete, Zambia",,,katete,https://www.zambiayp.com/company/13536/Katete_District_Council,zambiayp.com
Chilumbu & Sons Shopping Centre,"Katete, Zambia",,,katete,https://www.zambiayp.com/company/4419/Chilumbu_Sons_Shopping_Centre,zambiayp.com
Chisi Dr SK,"Katete, Zambia",,,katete,https://www.zambiayp.com/company/14711/Chisi_Dr_SK,zambiayp.com
Clark Cotton Zambia,"P.O.Box 181, Katete, Zambia",,,katete,https://www.zambiayp.com/company/4138/Clark_Cotton_Zambia,zambiayp.com
District Women's Dev Association,"Katete, Zambia",,,katete,https://www.zambiayp.com/company/12795/District_Womens_Dev_Association,zambiayp.com
Finance Bank (z) Ltd,"Katete, Zambia",,,katete,https://www.zambiayp.com/company/998/Finance_Bank_z_Ltd,zambiayp.com
Katete Filling Station,"Katete, Zambia",,,katete,https://www.zambiayp.com/company/6234/Katete_Filling_Station,zambiayp.com
Katete Farmers Association,"Katete, Zambia",,,katete,https://www.zambiayp.com/company/12796/Katete_Farmers_Association,zambiayp.com
Kavulamungu Bargain Centre,"P.O.Box 550032, Katete, Zambia",,,katete,https://www.zambiayp.com/company/2851/Kavulamungu_Bargain_Centre,zambiayp.com
Libean Contractors Ltd,"Katete, Zambia",,,katete,https://www.zambiayp.com/company/6914/Libean_Contractors_Ltd,zambiayp.com
Mphangwe Motel,"Katete, Zambia",,,katete,https://www.zambiayp.com/company/3628/Mphangwe_Motel,zambiayp.com
Nyimba Supermarket,"Katete, Zambia",,,katete,https://www.zambiayp.com/company/3501/Nyimba_Supermarket,zambiayp.com
Phiri Beza Samson T/a Blue Grocery,"Katete, Zambia",,,katete,https://www.zambiayp.com/company/3107/Phiri_Beza_Samson_Ta_Blue_Grocery,zambiayp.com
Sabina Oil Mills,"Katete, Zambia",,,katete,https://www.zambiayp.com/company/1454/Sabina_Oil_Mills,zambiayp.com
St Francis HIV / AIDS Project,"Katete, Zambia",,,katete,https://www.zambiayp.com/company/12753/St_Francis_HIV__AIDS_Project,zambiayp.com
St Francis Mission Hospital,"Bag 11, Katete, Zambia",,,katete,https://www.zambiayp.com/company/14325/St_Francis_Mission_Hospital,zambiayp.com
ST John's Catholic Church,"Box 550033, Katete, Zambia",,,katete,https://www.zambiayp.com/company/8042/ST_Johns_Catholic_Church,zambiayp.com
Mumbolo,"Box 730192, luapula Province, Kazembe, Zambia",,,kazembe,https://www.zambiayp.com/company/9844/Mumbolo,zambiayp.com
Mushindike Primary,"Box 750124, luapula Province, Kazembe, Zambia",,,kazembe,https://www.zambiayp.com/company/9845/Mushindike_Primary,zambiayp.com
Hilltop Properties Zambia,"904 Mosi-Oa-Tunya Road, Livingstone, Zambia",,,livingstone,https://www.zambiayp.com/company/18402/Hilltop_Properties_Zambia,zambiayp.com
Southern Dynasty Safaris,"Off Botswana Road, DNA 116, Livingstone, Zambia",,,livingstone,https://www.zambiayp.com/company/18092/Southern_Dynasty_Safaris,zambiayp.com
Cherish Travel and Tours,"Musioatunya Building, Wing Room G16, Livingstone, Zambia",,,livingstone,https://www.zambiayp.com/company/19503/Cherish_Travel_and_Tours,zambiayp.com
Bush Wilderness Safaris,"Queens Park Building FB 01 , Plot Number 5058 John Hunt Way, Livingstone, Zambia",,,livingstone,https://www.zambiayp.com/company/19142/BUSH_WILDERNESS_SAFARIS,zambiayp.com
Dewclaw Eco-Tours and Safaris,"215 Vanghela Building, Livingstone, Zambia",,,livingstone,https://www.zambiayp.com/company/18233/Dewclaw_Eco_Tours_and_Safaris,zambiayp.com
HOT TIRES TOURS AND TRAVEL,"10101 Livingstone, Zambia",,,livingstone,https://www.zambiayp.com/company/17401/hot_tires_tours,zambiayp.com
AGMTECH ENTERPRISE,"FB11, QUEENS PARK,JOHN HUNT WAY, Livingstone, Zambia",,,livingstone,https://www.zambiayp.com/company/18376/AGMTECH_ENTERPRISE,zambiayp.com
Chris Taxi and Tours,"Room 406, Old wing,, Mosi-Oa-Tunya Building, Livingstone, Zambia",,,livingstone,https://www.zambiayp.com/company/17530/Chris_Taxi_and_Tours,zambiayp.com
Arnolubi Safaris & Tours,"Along Nakatindi Road 217 area, opposite Blue Ray. , Livingstone, Zambia",,,livingstone,https://www.zambiayp.com/company/18685/Arnolubi_Safaris_Tours,zambiayp.com
Asenga Executive Lodge,"Plot No. 2898/127, Off Lusaka Road, Livingstone, Zambia",,,livingstone,https://www.zambiayp.com/company/18196/Asenga_Executive_Lodge,zambiayp.com
Bantu Pathfinders Ltd,"Room 407 oldwing, Mosi - O- Tunya House,, Livingstone, Zambia",,,livingstone,https://www.zambiayp.com/company/18280/Bantu_Pathfinders_Ltd,zambiayp.com
Creative Tycoons,"906 Mosi-Oa-Tunya Road, Livingstone, Zambia",,,livingstone,https://www.zambiayp.com/company/17785/Creative_Tycoons,zambiayp.com
Dewclaw Eco Tours and Safaris Ltd,"217 area, Vanghela Building, Livingstone, Zambia",,,livingstone,https://www.zambiayp.com/company/19122/Dewclaw_Eco_Tours_and_Safaris_Ltd,zambiayp.com
Greenstretch Consultants Limited,"Lusaka, Livingstone, Zambia",,,livingstone,https://www.zambiayp.com/company/18688/Greenstretch_Consultants_Limited,zambiayp.com
Owen's Taxi and Tours Limited,"Plot No. 215, Mosi-Oa-Tunya Road, Livingstone, Zambia",,,livingstone,https://www.zambiayp.com/company/17531/Owens_Taxi_and_Tours_Limited,zambiayp.com
Owen's Tours and Safaris,"217 Area Mosi oa Tunya road, Livingstone, Zambia",,,livingstone,https://www.zambiayp.com/company/18785/Owens_Tours_and_Safaris,zambiayp.com
Ravine Lodge,"110 Mosi-oa-Tunya Road, Livingstone, Zambia",,,livingstone,https://www.zambiayp.com/company/18249/Ravine_Lodge,zambiayp.com
Willch Travel and Tours,"Room 23 falls park mail livingstone, Zambia",,,livingstone,https://www.zambiayp.com/company/17577/Willch_Travel_and_Tours,zambiayp.com
PEMU Computer Services,"02 Luena Road Batoka Area, Livingstone, Zambia",,,livingstone,https://www.zambiayp.com/company/17490/PEMU_Computer_Services,zambiayp.com
Adorable Travel and Tours,"Mosi-Oa-tunya Road 217 area, Livingstone, Zambia",,,livingstone,https://www.zambiayp.com/company/18273/Adorable_Travel_and_Tours,zambiayp.com
Electron Guard,"136A Jason Moyo Street, Bulawayo, Zimbabwe, Livingstone, Zambia",,,livingstone,https://www.zambiayp.com/company/17236/Electron_Guard,zambiayp.com
HOMES PLATINUM REAL ESTATE,"Along Airport Road House No. 17 Maambo Way, Livingstone, Zambia",,,livingstone,https://www.zambiayp.com/company/17442/HOMES_PLATINUM_REAL_ESTATE,zambiayp.com
Zadac Travel and Tours,"Room 107, 1st Floor, Mosi-Oa-Tunya Building, Livingstone, Zambia",,,livingstone,https://www.zambiayp.com/company/18216/Zadac_Travel_and_Tours,zambiayp.com
Adorable Safari and Tours,"Plot 215 Mosi oa Tunya Road, Livingstone Zambia",,,livingstone,https://www.zambiayp.com/company/18879/Adorable_Safari_and_Tours,zambiayp.com
Advisepage,"A20 Malota, Maramba Township, Livingstone, Zambia",,,livingstone,https://www.zambiayp.com/company/17529/Advisepage,zambiayp.com
ZamBrand Studio,"Room 115,1st Floor, New Wing, Mosi-Oa-Tunya Building, Livingstone, Zambia",,,livingstone,https://www.zambiayp.com/company/19155/ZamBrand_Studio,zambiayp.com
City Car Rental,"217 Livingstone, Zambia",,,livingstone,https://www.zambiayp.com/company/18094/City_Car_Rental,zambiayp.com
Top-Notch Travel Marketing Solutions,"Livingstone, Zambia",,,livingstone,https://www.zambiayp.com/company/19150/Top_Notch_Travel_Marketing_Solutions,zambiayp.com
Acacia Safaris and Tours,"217 area Mosi ao Tunya road, Livingstone, Zambia",,,livingstone,https://www.zambiayp.com/company/19022/Acacia_Safaris_and_Tours,zambiayp.com
Guaranteed Logistics Limited,"Plot No: 2724 Kanzungla, Livingstone, Zambia",,,livingstone,https://www.zambiayp.com/company/17677/Guaranteed_Logistics_Limited,zambiayp.com
Lufombo Logistics Limited,"98 John Hunt Way, Livingstone, Zambia",,,livingstone,https://www.zambiayp.com/company/19184/Lufombo_Logistics_Limited,zambiayp.com
"Mama wezy Apartments, Livingstone.","33 Micheal Chilufya Sata Street, Highlands , Livinsgtone, Livingstone, Zambia",,,livingstone,https://www.zambiayp.com/company/19117/Mama_wezy_Apartments_Livingstone,zambiayp.com
Woodlands Lodge & Tours,"6 Gwembe Rd, P.O.Box 60403, Livingstone, Zambia",,,livingstone,https://www.zambiayp.com/company/116/Woodlands_Lodge_Tours,zambiayp.com
Zinga backpackers,"25 magoye road, Livingstone, Zambia",,,livingstone,https://www.zambiayp.com/company/17190/Zinga_backpackers,zambiayp.com
Conrad Taxis and Tours,"Plot 11C, Linda South, Livingstone, Zambia",,,livingstone,https://www.zambiayp.com/company/19433/Conrad_Taxis_and_Tours,zambiayp.com
Future Microstrategy,"954 LItunga Road, 217 Area, Livingstone, Zambia",,,livingstone,https://www.zambiayp.com/company/19440/Future_Microstrategy,zambiayp.com
Pure Adventure,"Mosi-oa-tunya road, Livingstone, Zambia",,,livingstone,https://www.zambiayp.com/company/19401/Pure_Adventure,zambiayp.com
Angle Zambia,"Livingstone, Zambia",,,livingstone,https://www.zambiayp.com/company/16770/Angle_Zambia,zambiayp.com
Case Care Services (Pty) Ltd,"Lusaka, Livingstone, Zambia",,,livingstone,https://www.zambiayp.com/company/13661/Speciality_Emergency_Service,zambiayp.com
Kariba Textiles Ltd,"Plot 1015, Chifubu Rd, P.O.Box 60406, Livingstone, Zambia",,,livingstone,https://www.zambiayp.com/company/3660/Kariba_Textiles_Ltd,zambiayp.com
EbaseAfrica.com,"Room 504, Old Wing, 5th Floor, Mosi-Oa-Tunya Building, Livingstone, Zambia",,,livingstone,https://www.zambiayp.com/company/17744/EbaseAfricacom,zambiayp.com
MwigoTech,"Room 115, 1st Floor, New Wing, Mosi-Oa-Tunya, Livingstone, Zambia",,,livingstone,https://www.zambiayp.com/company/18715/MwigoTech,zambiayp.com
TheHamsCloset,"Nottie broad, kafue road, Livingstone, Zambia",,,livingstone,https://www.zambiayp.com/company/18491/TheHamsCloset,zambiayp.com
Southern Realty,"musi-oa-tunya building 3rd floor old wing room 317, Livingstone, Zambia",,,livingstone,https://www.zambiayp.com/company/17276/megamans-realtors,zambiayp.com
Southern Realty,"Plot No.47 Chisamba way, Livingstone, Zambia",,,livingstone,https://www.zambiayp.com/company/17678/Southern_Realty,zambiayp.com
The Courtyard Hotel Victoria Falls,"Cnr Mosi-oa-Tunya and Sichango Roads, P.O. Box: 60187, Livingstone, Zambia",,,livingstone,https://www.zambiayp.com/company/16608/The_Courtyard_Hotel_Victoria_Falls,zambiayp.com
GINZING DZIGNERS,"Mosi-O-Tunya Road, Livingstone, Zambia",,,livingstone,https://www.zambiayp.com/company/17478/GINZING_DZIGNERS,zambiayp.com
Intermedia Studio,"84 Nahumba Road, Livingstone, Zambia",,,livingstone,https://www.zambiayp.com/company/18117/Intermedia_Studio,zambiayp.com
Arise and Explore Safaris,"Plot No E 180, Linda, Livingstone, Zambia",,,livingstone,https://www.zambiayp.com/company/19179/Arise_and_Explore_Safaris,zambiayp.com
BRIMU TAXIS AND TOURS,"DSS 45, Livingstone, Zambia",,,livingstone,https://www.zambiayp.com/company/17542/BRIMU_TAXIS_AND_TOURS,zambiayp.com
LIVINGSTONE LOURIE SAFARIS,"14 GHANDI ROAD BATOKA, Livingstone, Zambia",,,livingstone,https://www.zambiayp.com/company/18203/LIVINGSTONE_LOURIE_SAFARIS,zambiayp.com
Moloke Lodge & Tours,"Plot number 227, Nehru way, Livingstone, Zambia",,,livingstone,https://www.zambiayp.com/company/551/Moloke_Lodge_Tours,zambiayp.com
Kantuu Innovation,"Raven Street , 2613/2620, Livingstone, Zambia",,,livingstone,https://www.zambiayp.com/company/18985/Kantuu_Innovation,zambiayp.com
Shah Hardware Stores,"212 Mosi - Oa - Tunya Road, Livingstone, Zambia",,,livingstone,https://www.zambiayp.com/company/6580/Shah_Hardware_Stores,zambiayp.com
Shah Hardware sSores,"212 Mosi - Oa - Tunya Road, Livingstone, Zambia",,,livingstone,https://www.zambiayp.com/company/14261/Shah_Hardware_sSores,zambiayp.com
The greens inn&chinese restaurant,"plot75,lusaka road, Livingstone, Zambia",,,livingstone,https://www.zambiayp.com/company/16237/The_greens_innchinese_restaurant,zambiayp.com
Comfort Corner Guest House,"PLOT No.24 Maambo Way,Livingstone, Zambia",,,livingstone,https://www.zambiayp.com/company/143/Comfort_Corner_Guest_House,zambiayp.com
GreenUpp,"Livingstone, Zambia",,,livingstone,https://www.zambiayp.com/company/19395/GreenUpp,zambiayp.com
Hillcrest,"B Ox 60453, Southern Province, Livingstone, Zambia",,,livingstone,https://www.zambiayp.com/company/12569/Hillcrest,zambiayp.com
Mwigo Tours,"Room 115, New Wing, Mosi-Oa-Tunya Building, Livingstone, Zambia",,,livingstone,https://www.zambiayp.com/company/18077/Mwigo_Tours,zambiayp.com
National Milling Corporation,"P.O.Box 60043, Livingstone, Zambia",,,livingstone,https://www.zambiayp.com/company/1360/National_Milling_Corporation,zambiayp.com
Nisha Beauty & Spa Livingstone,"House no. 2573, Mutelo Street, Behind musiotuniya building,  Linvingstone, Livingstone, Zambia",,,livingstone,https://www.zambiayp.com/company/17550/Nisha_Beauty_Spa_Livingstone,zambiayp.com
Zambia National Commercial Bank Ltd Livingstone Main Branch,"MOSI-O-TUNYA ROAD, Livingstone, Zambia",,,livingstone,https://www.zambiayp.com/company/15479/Zambia_National_Commercial_Bank_Ltd_Livingstone_Main_Branch,zambiayp.com
Boston university centre for International Health,"31772, Lusaka, Livingstone, Zambia",,,livingstone,https://www.zambiayp.com/company/14299/Boston_university_centre_for_International_Health,zambiayp.com
Jet Extreme,"12 Tanzania Rd, P.O.Box 61043, Livingstone, Zambia",,,livingstone,https://www.zambiayp.com/company/708/Jet_Extreme,zambiayp.com
Chapa Classic Lodge,"66 Nehru Way, P.O. Box: 60348, Livingstone, Zambia",,,livingstone,https://www.zambiayp.com/company/347/Chapa_Classic_Lodge,zambiayp.com
Southern Water & Sewerage Company,"Mosi-O-Tunya Hse, P.O.Box 61113, Livingstone, Zambia",,,livingstone,https://www.zambiayp.com/company/7002/Southern_Water_Sewerage_Company,zambiayp.com
Steers & Debonairs Pizza,"Fallspark Mall Mosi O Tunya Rd, Livingstone, Zambia",,,livingstone,https://www.zambiayp.com/company/525/Steers_Debonairs_Pizza,zambiayp.com
Alliance Machinery,"3845 Deveroux Avenue, winchester hills,SA, Livingstone, Zambia",,,livingstone,https://www.zambiayp.com/company/16339/Alliance_Machinery,zambiayp.com
Chapa Classic Lodge & Tours,"66 Nehru Way (4th Plot Off Airport Rd), P.O.Box 60348, Livingstone, Zambia",,,livingstone,https://www.zambiayp.com/company/131/Chapa_Classic_Lodge_Tours,zambiayp.com
GAP Internet Inc.,"28 Mosi-oa-Tunya Road, Livingstone, Zambia",,,livingstone,https://www.zambiayp.com/company/17580/GAP_Internet_Inc,zambiayp.com
Kubu Crafts Ltd,"133 Mosi-O-Tunya Rd, Livingstone, Zambia",,,livingstone,https://www.zambiayp.com/company/542/Kubu_Crafts_Ltd,zambiayp.com
Limbo Guest Lodge,"P.O.Box 60886, Livingstone, Zambia",,,livingstone,https://www.zambiayp.com/company/172/Limbo_Guest_Lodge,zambiayp.com
Livingstone's Adventure,"4023 Sichango Road, P.O. Box: 60971, Livingstone, Zambia",,,livingstone,https://www.zambiayp.com/company/625/Livingstones_Adventure,zambiayp.com
Maramba River Lodge,"Mosi-oa-Tunya National Park, P.O. Box: 60975, Livingstone, Zambia",,,livingstone,https://www.zambiayp.com/company/84/Maramba_River_Lodge,zambiayp.com
The Wane Guest Lodge Ltd,"Plot 2644/70 off Lusaka Rd, P.O.Box 60293, Livingstone, Zambia",,,livingstone,https://www.zambiayp.com/company/146/The_Wane_Guest_Lodge_Ltd,zambiayp.com
African Queen Cruise Co,"P.O.Box 60733, Livingstone, Zambia",,,livingstone,https://www.zambiayp.com/company/705/African_Queen_Cruise_Co,zambiayp.com
Batoka Sky,"P.O.Box 60971, Livingstone, Zambia",,,livingstone,https://www.zambiayp.com/company/684/Batoka_Sky,zambiayp.com
Jungle Junction,"Livingstone, Zambia",,,livingstone,https://www.zambiayp.com/company/2912/Jungle_Junction,zambiayp.com
Livingstone Holiday Home,"2644/121 Sinazongwe Street, Livingstone, Zambia",,,livingstone,https://www.zambiayp.com/company/142/Livingstone_Holiday_Home,zambiayp.com
Chanter's Lodge,"P.O. Box 60623, Livingstone, Zambia",,,livingstone,https://www.zambiayp.com/company/109/Chanters_Lodge,zambiayp.com
Jollyboys Backpackers Lodge,"34 Kanyanta Rd, Livingstone, Zambia",,,livingstone,https://www.zambiayp.com/company/545/Jollyboys_Backpackers_Lodge,zambiayp.com
PowerTech Initiative,"Livingstone, Zambia",,,livingstone,https://www.zambiayp.com/company/19334/PowerTech_Initiative,zambiayp.com
Golden Leaf Restaurant,"110 Mosi-oa-Tunya Road, Livingstone, Zambia",,,livingstone,https://www.zambiayp.com/company/16834/Golden_Leaf_Restaurant,zambiayp.com
Guestmate Inn,"387 Obote Road, P.O. Box: 61290, Livingstone, Zambia",,,livingstone,https://www.zambiayp.com/company/3560/Guestmate_Inn,zambiayp.com
Kozo Lodge,"Kabila St Notbroad, P.O.Box 60907, Livingstone, Zambia",,,livingstone,https://www.zambiayp.com/company/166/Kozo_Lodge,zambiayp.com
Likute Guest House Ltd,"62 Likute Way, P.O.Box 60762, Livingstone, Zambia",,,livingstone,https://www.zambiayp.com/company/560/Likute_Guest_House_Ltd,zambiayp.com
Little Paradise Hotel,"Livingstone, Zambia",,,livingstone,https://www.zambiayp.com/company/575/Little_Paradise_Hotel,zambiayp.com
Meanwood Finance Corporation Ltd,"917 Akapelwa St, P.O.Box 60149, Livingstone, Zambia",,,livingstone,https://www.zambiayp.com/company/1022/Meanwood_Finance_Corporation_Ltd,zambiayp.com
Nac2000 Corporation Limited,"Lusaka International Airport, Freight Village, P.O. Box: 33650, Livingstone, Zambia",,,livingstone,https://www.zambiayp.com/company/1954/Nac2000_Corporation_Limited,zambiayp.com
New Fairmount Hotel & Casino,"Plot 441, Mosi-O-Tunya Rd, P.O.Box 60096, Livingstone, Zambia",,,livingstone,https://www.zambiayp.com/company/3/New_Fairmount_Hotel_Casino,zambiayp.com
Ngolide Lodge & Restaurant,"110 Mosi-oa-Tunya Road, Livingstone, Zambia",,,livingstone,https://www.zambiayp.com/company/16632/Ngolide_Lodge_Restaurant,zambiayp.com
Nico Insurance Zambia Limited,"21 Obote Ave, P.O.Box 60466, Livingstone, Zambia",,,livingstone,https://www.zambiayp.com/company/5869/Nico_Insurance_Zambia_Limited,zambiayp.com
Proflight Zambia,"15B Private Hangar, Kenneth Kaunda International Airport, Livingstone, Zambia",,,livingstone,https://www.zambiayp.com/company/920/Proflight_Zambia,zambiayp.com
Royal Auto Export,"P.O.Box 60204, Livingstone, Zambia",,,livingstone,https://www.zambiayp.com/company/2539/Royal_Auto_Export,zambiayp.com
Royal Livingstone Express,"Mosi-oa-Tunya Road, Livingstone, Zambia",,,livingstone,https://www.zambiayp.com/company/16743/Royal_Livingstone_Express,zambiayp.com
St Raphaels,"Unnamed Road, Box 60032, Livingstone, Zambia",,,livingstone,https://www.zambiayp.com/company/12572/St_Raphaels,zambiayp.com
Sunbird Guest House,"P.O.Box 60258, Livingstone, Zambia",,,livingstone,https://www.zambiayp.com/company/3619/Sunbird_Guest_House,zambiayp.com
SUPERSONIC TIMBER (Z) LTD,"ZAMBIA, Livingstone",,,livingstone,https://www.zambiayp.com/company/16196/SUPERSONIC_TIMBER_Z_LTD,zambiayp.com
The Stone Guest House,"1256 / 40 Kombe Dve, Livingstone, Zambia",,,livingstone,https://www.zambiayp.com/company/576/The_Stone_Guest_House,zambiayp.com
Christian Brothers,"P.O.Box 950049, Lukulu, Zambia",,,lukulu,https://www.zambiayp.com/company/2240/Christian_Brothers,zambiayp.com
Holy Cross Convent,"Box 950046, Lukulu, Zambia",,,lukulu,https://www.zambiayp.com/company/8077/Holy_Cross_Convent,zambiayp.com
Ndumba Patrick T/A Mibanga Gift Enterprises,"Lukulu, Zambia",,,lukulu,https://www.zambiayp.com/company/14209/Ndumba_Patrick_TA_Mibanga_Gift_Enterprises,zambiayp.com
Saneta Maria Shopping Centre,"Lukulu, Zambia",,,lukulu,https://www.zambiayp.com/company/4427/Saneta_Maria_Shopping_Centre,zambiayp.com
Water Affairs,"Water Supply, Lukulu, Zambia",,,lukulu,https://www.zambiayp.com/company/15130/Water_Affairs,zambiayp.com
Zambia Telecommunications Company Ltd,"P.O.Box 201, Lukulu, Zambia",,,lukulu,https://www.zambiayp.com/company/4861/Zambia_Telecommunications_Company_Ltd,zambiayp.com
Chinonwe Primary,"Box 950071, Western Province, Lukulu, Zambia",,,lukulu,https://www.zambiayp.com/company/12219/Chinonwe_Primary,zambiayp.com
Chotela,"Box 950090, Western Province, Lukulu, Zambia",,,lukulu,https://www.zambiayp.com/company/12181/Chotela,zambiayp.com
Dongwe Primary,"Ox 950011, Western Province, Lukulu, Zambia",,,lukulu,https://www.zambiayp.com/company/12182/Dongwe_Primary,zambiayp.com
Imenda Lower Basic,"Box 950069, Western Province, Lukulu, Zambia",,,lukulu,https://www.zambiayp.com/company/12183/Imenda_Lower_Basic,zambiayp.com
Kahuli Primary,"Box 950050, Western Province, Lukulu, Zambia",,,lukulu,https://www.zambiayp.com/company/12184/Kahuli_Primary,zambiayp.com
Kakunju Primary,"Box 950050, Western Province, Lukulu, Zambia",,,lukulu,https://www.zambiayp.com/company/12185/Kakunju_Primary,zambiayp.com
Kakulunda,"Box 950012, Western Province, Lukulu, Zambia",,,lukulu,https://www.zambiayp.com/company/12220/Kakulunda,zambiayp.com
Kaluwawa,"Box 950072, Western Province, Lukulu, Zambia",,,lukulu,https://www.zambiayp.com/company/12186/Kaluwawa,zambiayp.com
Kamilende  Primary,"Box 950097, Western Province, Lukulu, Zambia",,,lukulu,https://www.zambiayp.com/company/12187/Kamilende_Primary,zambiayp.com
Kapulanga,"Box 950050, northern Province, Lukulu, Zambia",,,lukulu,https://www.zambiayp.com/company/10966/Kapulanga,zambiayp.com
Kapungu  Primary,"Box 950050, Western Province, Lukulu, Zambia",,,lukulu,https://www.zambiayp.com/company/12188/Kapungu_Primary,zambiayp.com
Kashamba Primary,"Box 950104, Western Province, Lukulu, Zambia",,,lukulu,https://www.zambiayp.com/company/12189/Kashamba_Primary,zambiayp.com
Kasheke Primary,"Box 950058, Western Province, Lukulu, Zambia",,,lukulu,https://www.zambiayp.com/company/12190/Kasheke_Primary,zambiayp.com
Kashizhi Primary,"Box 950050, Western Province, Lukulu, Zambia",,,lukulu,https://www.zambiayp.com/company/12192/Kashizhi_Primary,zambiayp.com
Kasombo Middle,"Box 950094, Western Province, Lukulu, Zambia",,,lukulu,https://www.zambiayp.com/company/12193/Kasombo_Middle,zambiayp.com
Kasenda Primary,"Box 950050, Western Province, Lukulu, Zambia",,,lukulu,https://www.zambiayp.com/company/12221/Kasenda_Primary,zambiayp.com
Kawaya Primary,"Box 950080, Western Province, Lukulu, Zambia",,,lukulu,https://www.zambiayp.com/company/12194/Kawaya_Primary,zambiayp.com
Kazombo Zombo,"Box 950093, Western Province, Lukulu, Zambia",,,lukulu,https://www.zambiayp.com/company/12222/Kazombo_Zombo,zambiayp.com
Likapai  Primary,"Box 950050, Western Province, Lukulu, Zambia",,,lukulu,https://www.zambiayp.com/company/12195/Likapai_Primary,zambiayp.com
Lindole Primary,"Box 950050, Western Province, Lukulu, Zambia",,,lukulu,https://www.zambiayp.com/company/12223/Lindole_Primary,zambiayp.com
Luanchuma Basic,"Box 950023, Western Province, Lukulu, Zambia",,,lukulu,https://www.zambiayp.com/company/12198/Luanchuma_Basic,zambiayp.com
Lubosi Middle Basic,"Box 950075, Western Province, Lukulu, Zambia",,,lukulu,https://www.zambiayp.com/company/12199/Lubosi_Middle_Basic,zambiayp.com
Lubelele Primary,"Box 950050, Western Province, Lukulu, Zambia",,,lukulu,https://www.zambiayp.com/company/12224/Lubelele_Primary,zambiayp.com
Lukau Primary,"Box 950066, Western Province, Lukulu, Zambia",,,lukulu,https://www.zambiayp.com/company/12200/Lukau_Primary,zambiayp.com
Lukulu Basic,"Box 950096, Western Province, Lukulu, Zambia",,,lukulu,https://www.zambiayp.com/company/12201/Lukulu_Basic,zambiayp.com
Lukulu Secondary,"Box 950049, western Province, Lukulu, Zambia",,,lukulu,https://www.zambiayp.com/company/12597/Lukulu_Secondary,zambiayp.com
Lupui Primary,"Box 950026, Western Province, Lukulu, Zambia",,,lukulu,https://www.zambiayp.com/company/12225/Lupui_Primary,zambiayp.com
Lutembwe Primary,"Box 950050, Western Province, Lukulu, Zambia",,,lukulu,https://www.zambiayp.com/company/12226/Lutembwe_Primary,zambiayp.com
Lutumo Primary,"Box 950050, Western Province, Lukulu, Zambia",,,lukulu,https://www.zambiayp.com/company/12227/Lutumo_Primary,zambiayp.com
Luvuzi  Primary,"Box 950042, Western Province, Lukulu, Zambia",,,lukulu,https://www.zambiayp.com/company/12202/Luvuzi_Primary,zambiayp.com
Lyalala M B Primary,"Box 950100, Western Province, Lukulu, Zambia",,,lukulu,https://www.zambiayp.com/company/12203/Lyalala_M_B_Primary,zambiayp.com
Mambungo Primary,"Box 950034, Western Province, Lukulu, Zambia",,,lukulu,https://www.zambiayp.com/company/12228/Mambungo_Primary,zambiayp.com
Manduma Primary,"Box 950050, Western Province, Lukulu, Zambia",,,lukulu,https://www.zambiayp.com/company/12204/Manduma_Primary,zambiayp.com
Manjolo Primary,"Box 950085, Western Province, Lukulu, Zambia",,,lukulu,https://www.zambiayp.com/company/12229/Manjolo_Primary,zambiayp.com
Mataba  Primary,"Box 950050, Western Province, Lukulu, Zambia",,,lukulu,https://www.zambiayp.com/company/12230/Mataba_Primary,zambiayp.com
Mbanga Basic,"Box 950091, Western Province, Lukulu, Zambia",,,lukulu,https://www.zambiayp.com/company/12205/Mbanga_Basic,zambiayp.com
Mbangweta  Primary,"Box 950031, Western Province, Lukulu, Zambia",,,lukulu,https://www.zambiayp.com/company/12231/Mbangweta_Primary,zambiayp.com
Mbao Primary,"Box 950050, Western Province, Lukulu, Zambia",,,lukulu,https://www.zambiayp.com/company/12232/Mbao_Primary,zambiayp.com
Mbumi Primary,"Box 950102, Western Province, Lukulu, Zambia",,,lukulu,https://www.zambiayp.com/company/12233/Mbumi_Primary,zambiayp.com
Mitete Primary,"Box 950074, Western Province, Lukulu, Zambia",,,lukulu,https://www.zambiayp.com/company/12234/Mitete_Primary,zambiayp.com
Mukuma Primary,"Box 950050, Western Province, Lukulu, Zambia",,,lukulu,https://www.zambiayp.com/company/12235/Mukuma_Primary,zambiayp.com
Mulongo  Primary,"Box 950050, Western Province, Lukulu, Zambia",,,lukulu,https://www.zambiayp.com/company/12206/Mulongo_Primary,zambiayp.com
Mumbumbu Primary,"Box 950050, Western Province, Lukulu, Zambia",,,lukulu,https://www.zambiayp.com/company/12236/Mumbumbu_Primary,zambiayp.com
Muyondoti Primary,"Box 950024, Western Province, Lukulu, Zambia",,,lukulu,https://www.zambiayp.com/company/12237/Muyondoti_Primary,zambiayp.com
Mwenda  Primary,"Box 950050, Western Province, Lukulu, Zambia",,,lukulu,https://www.zambiayp.com/company/12238/Mwenda_Primary,zambiayp.com
Mwito Basic,"Box 950037, Western Province, Lukulu, Zambia",,,lukulu,https://www.zambiayp.com/company/12207/Mwito_Basic,zambiayp.com
Namayula Primary,"Box 950067, Western Province, Lukulu, Zambia",,,lukulu,https://www.zambiayp.com/company/12208/Namayula_Primary,zambiayp.com
Namakando Primary,"Box 950050, Western Province, Lukulu, Zambia",,,lukulu,https://www.zambiayp.com/company/12239/Namakando_Primary,zambiayp.com
Nangandu Primary,"Box 950082, Western Province, Lukulu, Zambia",,,lukulu,https://www.zambiayp.com/company/12209/Nangandu_Primary,zambiayp.com
Ngimbu Primary,"Box 950050, Western Province, Lukulu, Zambia",,,lukulu,https://www.zambiayp.com/company/12210/Ngimbu_Primary,zambiayp.com
Ngomang'ulu,"Box 950010, Western Province, Lukulu, Zambia",,,lukulu,https://www.zambiayp.com/company/12240/Ngomangulu,zambiayp.com
Ngongo Primary,"Box 950050, Western Province, Lukulu, Zambia",,,lukulu,https://www.zambiayp.com/company/12241/Ngongo_Primary,zambiayp.com
Ngulwana,"Box 950050, Western Province, Lukulu, Zambia",,,lukulu,https://www.zambiayp.com/company/12211/Ngulwana,zambiayp.com
Nyati Primary,"Box 950025, Western Province, Lukulu, Zambia",,,lukulu,https://www.zambiayp.com/company/12212/Nyati_Primary,zambiayp.com
Phelim O' Shea High,"Box 950028, western Province, Lukulu, Zambia",,,lukulu,https://www.zambiayp.com/company/12598/Phelim_O_Shea_High,zambiayp.com
Shikwakala Primary,"Box 950061, Western Province, Lukulu, Zambia",,,lukulu,https://www.zambiayp.com/company/12213/Shikwakala_Primary,zambiayp.com
Sikunduko Primary,"Box 950050, Western Province, Lukulu, Zambia",,,lukulu,https://www.zambiayp.com/company/12242/Sikunduko_Primary,zambiayp.com
Silembe Primary,"Box 950035, Western Province, Lukulu, Zambia",,,lukulu,https://www.zambiayp.com/company/12214/Silembe_Primary,zambiayp.com
Silonga Middle Basic,"Box 950045, Western Province, Lukulu, Zambia",,,lukulu,https://www.zambiayp.com/company/12215/Silonga_Middle_Basic,zambiayp.com
Simakumba Primary,"Box 950073, Western Province, Lukulu, Zambia",,,lukulu,https://www.zambiayp.com/company/12216/Simakumba_Primary,zambiayp.com
Sitaka Middle Basic,"Box 950050, Western Province, Lukulu, Zambia",,,lukulu,https://www.zambiayp.com/company/12217/Sitaka_Middle_Basic,zambiayp.com
Sitwala Primary,"Box 950050, Western Province, Lukulu, Zambia",,,lukulu,https://www.zambiayp.com/company/12243/Sitwala_Primary,zambiayp.com
Winana Primary,"Box 950060, Western Province, Lukulu, Zambia",,,lukulu,https://www.zambiayp.com/company/12218/Winana_Primary,zambiayp.com
GPN,"MWASE SUB, Lundazi, Zambia",,,lundazi,https://www.zambiayp.com/company/18257/GPN,zambiayp.com
Aim Global Lundazi,"Lundazi Main Market near New Seka-Seka shop, Zambia",,,lundazi,https://www.zambiayp.com/company/18348/Aim_Global_Lundazi,zambiayp.com
Lundazi Boarding High School,"P.O. Box 530040 , Lundazi, Zambia",,,lundazi,https://www.zambiayp.com/company/7558/Lundazi_Boarding_High_School,zambiayp.com
M S Hardware,"Lundazi, Zambia",,,lundazi,https://www.zambiayp.com/company/6612/M_S_Hardware,zambiayp.com
Biggies Shopping Centre,"Lundazi, Zambia",,,lundazi,https://www.zambiayp.com/company/4425/Biggies_Shopping_Centre,zambiayp.com
C C A P - Education Department,"Lundazi, Zambia",,,lundazi,https://www.zambiayp.com/company/7567/C_C_A_PEducation_Department,zambiayp.com
Chikaya Community Radio Station,"Lundazi, Zambia",,,lundazi,https://www.zambiayp.com/company/14963/Chikaya_Community_Radio_Station,zambiayp.com
Chris General Dealers,"Box 530009, Lundazi, Zambia",,,lundazi,https://www.zambiayp.com/company/14143/Chris_General_Dealers,zambiayp.com
Church of Central Africa Presbytherian,"Box 530292, Lundazi, Zambia",,,lundazi,https://www.zambiayp.com/company/8078/Church_of_Central_Africa_Presbytherian,zambiayp.com
Dept Of Social Welfare,"Lundazi, Zambia",,,lundazi,https://www.zambiayp.com/company/2459/Dept_Of_Social_Welfare,zambiayp.com
Hardware & General Dealer,"Lundazi, Zambia",,,lundazi,https://www.zambiayp.com/company/3141/Hardware_General_Dealer,zambiayp.com
Immigration Dept,"Lundazi, Zambia",,,lundazi,https://www.zambiayp.com/company/2070/Immigration_Dept,zambiayp.com
Islamic Welfare Centre,"Lundazi, Zambia",,,lundazi,https://www.zambiayp.com/company/15161/Islamic_Welfare_Centre,zambiayp.com
Knox Boutique,"Lundazi, Zambia",,,lundazi,https://www.zambiayp.com/company/6833/Knox_Boutique,zambiayp.com
Lundazi Service Station,"P.O.Box 530002, Lundazi, Zambia",,,lundazi,https://www.zambiayp.com/company/6165/Lundazi_Service_Station,zambiayp.com
Lundazi Hardware,"Lundazi, Zambia",,,lundazi,https://www.zambiayp.com/company/6566/Lundazi_Hardware,zambiayp.com
Lundazi Day High School,"P.O.Box 530038, Lundazi, Zambia",,,lundazi,https://www.zambiayp.com/company/7559/Lundazi_Day_High_School,zambiayp.com
Lundazi Day Secondary School,"Lundazi, Zambia",,,lundazi,https://www.zambiayp.com/company/7560/Lundazi_Day_Secondary_School,zambiayp.com
Lundazi Catholic Parish,"Lundazi, Zambia",,,lundazi,https://www.zambiayp.com/company/8079/Lundazi_Catholic_Parish,zambiayp.com
Lundazi District Council,"Lundazi, Zambia",,,lundazi,https://www.zambiayp.com/company/13539/Lundazi_District_Council,zambiayp.com
Lutheran World Federation,"Box 511234, Lundazi, Zambia",,,lundazi,https://www.zambiayp.com/company/13866/Lutheran_World_Federation,zambiayp.com
Matata Hardware & General Dealers,"Lundazi, Zambia",,,lundazi,https://www.zambiayp.com/company/14144/Matata_Hardware_General_Dealers,zambiayp.com
Meteology Dept,"Lundazi, Zambia",,,lundazi,https://www.zambiayp.com/company/2127/Meteology_Dept,zambiayp.com
Mulla Old Filling Station,"Lundazi, Zambia",,,lundazi,https://www.zambiayp.com/company/6267/Mulla_Old_Filling_Station,zambiayp.com
Nchuma kweseka Shop,"Lundazi, Zambia",,,lundazi,https://www.zambiayp.com/company/14145/Nchuma_kweseka_Shop,zambiayp.com
Nthila-kubili Agric. Project,"Lundazi, Zambia",,,lundazi,https://www.zambiayp.com/company/5487/Nthila_kubili_Agric_Project,zambiayp.com
Patel Yousuf Ahmed Shop,"Lundazi, Zambia",,,lundazi,https://www.zambiayp.com/company/3117/Patel_Yousuf_Ahmed_Shop,zambiayp.com
Pingulani Clinic,"Lundazi, Zambia",,,lundazi,https://www.zambiayp.com/company/7722/Pingulani_Clinic,zambiayp.com
Prisons Department,"Lundazi, Zambia",,,lundazi,https://www.zambiayp.com/company/2218/Prisons_Department,zambiayp.com
Reformed Community Schools,"Lundazi, Zambia",,,lundazi,https://www.zambiayp.com/company/7441/Reformed_Community_Schools,zambiayp.com
Shop Patel Sh,"Lundazi, Zambia",,,lundazi,https://www.zambiayp.com/company/3116/Shop_Patel_Sh,zambiayp.com
Shocheko General Dealers,"Lundazi, Zambia",,,lundazi,https://www.zambiayp.com/company/14146/Shocheko_General_Dealers,zambiayp.com
Stancon Tobacco Services,"Lundazi, Zambia",,,lundazi,https://www.zambiayp.com/company/14978/Stancon_Tobacco_Services,zambiayp.com
Thandizani Community Based Hiv Prevention,"Lundazi, Zambia",,,lundazi,https://www.zambiayp.com/company/5944/Thandizani_Community_Based_Hiv_Prevention,zambiayp.com
Zanaco Bank,"Lundazi, Zambia",,,lundazi,https://www.zambiayp.com/company/7242/Zanaco_Bank,zambiayp.com
Bokosi,"Box 530037, eastern Province, Lundazi, Zambia",,,lundazi,https://www.zambiayp.com/company/9559/Bokosi,zambiayp.com
Bowe Middle Basic,"Box 530033, eastern Province, Lundazi, Zambia",,,lundazi,https://www.zambiayp.com/company/9560/Bowe_Middle_Basic,zambiayp.com
Boyole,"Box 530033, eastern Province, Lundazi, Zambia",,,lundazi,https://www.zambiayp.com/company/9479/Boyole,zambiayp.com
Chakhama M Basic,"Box 530175, eastern Province, Lundazi, Zambia",,,lundazi,https://www.zambiayp.com/company/9481/Chakhama_M_Basic,zambiayp.com
Chamsebe,"Box 530033, eastern Province, Lundazi, Zambia",,,lundazi,https://www.zambiayp.com/company/9482/Chamsebe,zambiayp.com
Champhoyo,"Box 530033, eastern Province, Lundazi, Zambia",,,lundazi,https://www.zambiayp.com/company/9518/Champhoyo,zambiayp.com
Changulube M B,"Box 530033, eastern Province, Lundazi, Zambia",,,lundazi,https://www.zambiayp.com/company/9519/Changulube_M_B,zambiayp.com
Chanyalubwe,"Box 530033, eastern Province, Lundazi, Zambia",,,lundazi,https://www.zambiayp.com/company/9520/Chanyalubwe,zambiayp.com
Chaomba,"P O Box 530222, eastern Province, Lundazi, Zambia",,,lundazi,https://www.zambiayp.com/company/9521/Chaomba,zambiayp.com
Chanyondo,"Box 530033, eastern Province, Lundazi, Zambia",,,lundazi,https://www.zambiayp.com/company/9561/Chanyondo,zambiayp.com
Chidolo L B School,"Box 530092, eastern Province, Lundazi, Zambia",,,lundazi,https://www.zambiayp.com/company/9485/Chidolo_L_B_School,zambiayp.com
Chiginya,"Box 53008, eastern Province, Lundazi, Zambia",,,lundazi,https://www.zambiayp.com/company/9486/Chiginya,zambiayp.com
Chikomeni Basic,"Box 530131, eastern Province, Lundazi, Zambia",,,lundazi,https://www.zambiayp.com/company/9524/Chikomeni_Basic,zambiayp.com
Chitala M B,"Box 530262, eastern Province, Lundazi, Zambia",,,lundazi,https://www.zambiayp.com/company/9525/Chitala_M_B,zambiayp.com
Chitungulu M B,"Box 530108, eastern Province, Lundazi, Zambia",,,lundazi,https://www.zambiayp.com/company/9526/Chitungulu_M_B,zambiayp.com
Chigando,"Box 530033, eastern Province, Lundazi, Zambia",,,lundazi,https://www.zambiayp.com/company/9562/Chigando,zambiayp.com
Chigona M B,"Box 530053, eastern Province, Lundazi, Zambia",,,lundazi,https://www.zambiayp.com/company/9563/Chigona_M_B,zambiayp.com
Chijemu,"Box 530033, eastern Province, Lundazi, Zambia",,,lundazi,https://www.zambiayp.com/company/9564/Chijemu,zambiayp.com
Chilola M B School,"C/o Box 530033, eastern Province, Lundazi, Zambia",,,lundazi,https://www.zambiayp.com/company/9565/Chilola_M_B_School,zambiayp.com
Dambo,"Box 530033, eastern Province, Lundazi, Zambia",,,lundazi,https://www.zambiayp.com/company/9488/Dambo,zambiayp.com
Diwa,"D E O Box 530033, eastern Province, Lundazi, Zambia",,,lundazi,https://www.zambiayp.com/company/9528/Diwa,zambiayp.com
Egichikeni,"Box 530268, eastern Province, Lundazi, Zambia",,,lundazi,https://www.zambiayp.com/company/9489/Egichikeni,zambiayp.com
Eluhangeni,"P O Box 530037, eastern Province, Lundazi, Zambia",,,lundazi,https://www.zambiayp.com/company/9490/Eluhangeni,zambiayp.com
Emusa Basic School,"Box 530196, eastern Province, Lundazi, Zambia",,,lundazi,https://www.zambiayp.com/company/9491/Emusa_Basic_School,zambiayp.com
Fyofyo M B School,"Box 530073, eastern Province, Lundazi, Zambia",,,lundazi,https://www.zambiayp.com/company/9568/Fyofyo_M_B_School,zambiayp.com
Gumba,"Box 530108, eastern Province, Lundazi, Zambia",,,lundazi,https://www.zambiayp.com/company/9492/Gumba,zambiayp.com
Islamic Welfare,"Box 530051, eastern Province, Lundazi, Zambia",,,lundazi,https://www.zambiayp.com/company/9569/Islamic_Welfare,zambiayp.com
Kabumba,"Box 530033, eastern Province, Lundazi, Zambia",,,lundazi,https://www.zambiayp.com/company/9494/Kabumba,zambiayp.com
Kachunga,"Box 530033, eastern Province, Lundazi, Zambia",,,lundazi,https://www.zambiayp.com/company/9529/Kachunga,zambiayp.com
Kacenche,"Box 530033, eastern Province, Lundazi, Zambia",,,lundazi,https://www.zambiayp.com/company/9570/Kacenche,zambiayp.com
Kaithunde,"Box 530263, eastern Province, Lundazi, Zambia",,,lundazi,https://www.zambiayp.com/company/9571/Kaithunde,zambiayp.com
Kakoma,"P O Box 530226, eastern Province, Lundazi, Zambia",,,lundazi,https://www.zambiayp.com/company/9495/Kakoma,zambiayp.com
Kakumba Middle,"Box 530033, eastern Province, Lundazi, Zambia",,,lundazi,https://www.zambiayp.com/company/9496/Kakumba_Middle,zambiayp.com
Kalungambewa,"Box 530033, eastern Province, Lundazi, Zambia",,,lundazi,https://www.zambiayp.com/company/9530/Kalungambewa,zambiayp.com
Kamzoole,"Box 530153, eastern Province, Lundazi, Zambia",,,lundazi,https://www.zambiayp.com/company/9498/Kamzoole,zambiayp.com
Kamkwezi,"Box 530033, eastern Province, Lundazi, Zambia",,,lundazi,https://www.zambiayp.com/company/9531/Kamkwezi,zambiayp.com
Kampondo School,"Box 530244, eastern Province, Lundazi, Zambia",,,lundazi,https://www.zambiayp.com/company/9532/Kampondo_School,zambiayp.com
Kambale,"Box 530036, eastern Province, Lundazi, Zambia",,,lundazi,https://www.zambiayp.com/company/9572/Kambale,zambiayp.com
Kamilenje,"Box 530033, eastern Province, Lundazi, Zambia",,,lundazi,https://www.zambiayp.com/company/9574/Kamilenje,zambiayp.com
Kam'nyunga,"Box 530092, eastern Province, Lundazi, Zambia",,,lundazi,https://www.zambiayp.com/company/9575/Kamnyunga,zambiayp.com
Kanyanga,"Box 530160, eastern Province, Lundazi, Zambia",,,lundazi,https://www.zambiayp.com/company/9499/Kanyanga,zambiayp.com
Kanyunya,"Box 530052, eastern Province, Lundazi, Zambia",,,lundazi,https://www.zambiayp.com/company/9577/Kanyunya,zambiayp.com
Kapangala,"Box 530033, eastern Province, Lundazi, Zambia",,,lundazi,https://www.zambiayp.com/company/9534/Kapangala,zambiayp.com
Kapongolo,"Box 530202, eastern Province, Lundazi, Zambia",,,lundazi,https://www.zambiayp.com/company/9535/Kapongolo,zambiayp.com
Kapichila C M Basic,"Box 530033, eastern Province, Lundazi, Zambia",,,lundazi,https://www.zambiayp.com/company/9578/Kapichila_C_M_Basic,zambiayp.com
Kapili M B,"P O Box 530033, eastern Province, Lundazi, Zambia",,,lundazi,https://www.zambiayp.com/company/9579/Kapili_M_B,zambiayp.com
Kathale Middle,"Box 530033, eastern Province, Lundazi, Zambia",,,lundazi,https://www.zambiayp.com/company/9500/Kathale_Middle,zambiayp.com
Kataba,"Box 530033, eastern Province, Lundazi, Zambia",,,lundazi,https://www.zambiayp.com/company/9536/Kataba,zambiayp.com
Katube,"Box 530033, eastern Province, Lundazi, Zambia",,,lundazi,https://www.zambiayp.com/company/9537/Katube,zambiayp.com
Katunula L B,"Box 530033, eastern Province, Lundazi, Zambia",,,lundazi,https://www.zambiayp.com/company/9538/Katunula_L_B,zambiayp.com
Katopola M Basic,"Box 530033, eastern Province, Lundazi, Zambia",,,lundazi,https://www.zambiayp.com/company/9580/Katopola_M_Basic,zambiayp.com
Kazonde,"Box 530033, eastern Province, Lundazi, Zambia",,,lundazi,https://www.zambiayp.com/company/9539/Kazonde,zambiayp.com
Khulamayembe,"Box 530033, eastern Province, Lundazi, Zambia",,,lundazi,https://www.zambiayp.com/company/9501/Khulamayembe,zambiayp.com
Luamphamba M B,"Box 530215, eastern Province, Lundazi, Zambia",,,lundazi,https://www.zambiayp.com/company/9540/Luamphamba_M_B,zambiayp.com
Lukusuzi M Bas,"Box 530220, eastern Province, Lundazi, Zambia",,,lundazi,https://www.zambiayp.com/company/9542/Lukusuzi_M_Bas,zambiayp.com
Lumamba,"Box 530298, eastern Province, Lundazi, Zambia",,,lundazi,https://www.zambiayp.com/company/9543/Lumamba,zambiayp.com
Lumezi M Basic,"P O Box 530192, eastern Province, Lundazi, Zambia",,,lundazi,https://www.zambiayp.com/company/9544/Lumezi_M_Basic,zambiayp.com
Lundazi Basic,"Box 530038, eastern Province, Lundazi, Zambia",,,lundazi,https://www.zambiayp.com/company/9582/Lundazi_Basic,zambiayp.com
Lupamazi,"Box 530033, eastern Province, Lundazi, Zambia",,,lundazi,https://www.zambiayp.com/company/9504/Lupamazi,zambiayp.com
Malandula,"Box 530035, eastern Province, Lundazi, Zambia",,,lundazi,https://www.zambiayp.com/company/9505/Malandula,zambiayp.com
Manga Basic,"P/bag 4, eastern Province, Lundazi, Zambia",,,lundazi,https://www.zambiayp.com/company/9261/Manga_Basic,zambiayp.com
Manyi,"Box 530033, eastern Province, Lundazi, Zambia",,,lundazi,https://www.zambiayp.com/company/9506/Manyi,zambiayp.com
Mapala,"Box 530054, eastern Province, Lundazi, Zambia",,,lundazi,https://www.zambiayp.com/company/9585/Mapala,zambiayp.com
Masindila,"Box 530113, eastern Province, Lundazi, Zambia",,,lundazi,https://www.zambiayp.com/company/9507/Masindila,zambiayp.com
Mbenje M B,"Box 530198, eastern Province, Lundazi, Zambia",,,lundazi,https://www.zambiayp.com/company/9508/Mbenje_M_B,zambiayp.com
Mbuzi M B School,"Box 530054, eastern Province, Lundazi, Zambia",,,lundazi,https://www.zambiayp.com/company/9545/Mbuzi_M_B_School,zambiayp.com
Mkomba Basic Sch,"Box 530018, eastern Province, Lundazi, Zambia",,,lundazi,https://www.zambiayp.com/company/9587/Mkomba_Basic_Sch,zambiayp.com
Mphili Middle Basic,"Box 530033, eastern Province, Lundazi, Zambia",,,lundazi,https://www.zambiayp.com/company/9509/Mphili_Middle_Basic,zambiayp.com
Mpheluke M B,"Box 530033, eastern Province, Lundazi, Zambia",,,lundazi,https://www.zambiayp.com/company/9547/Mpheluke_M_B,zambiayp.com
Mphamba Basic,"Box 530042, eastern Province, Lundazi, Zambia",,,lundazi,https://www.zambiayp.com/company/9588/Mphamba_Basic,zambiayp.com
Mpingozi,"Box 530029, eastern Province, Lundazi, Zambia",,,lundazi,https://www.zambiayp.com/company/9548/Mpingozi,zambiayp.com
Msuka,"Box 530215, eastern Province, Lundazi, Zambia",,,lundazi,https://www.zambiayp.com/company/9510/Msuka,zambiayp.com
Msuzi Basic,"Box 530057, eastern Province, Lundazi, Zambia",,,lundazi,https://www.zambiayp.com/company/9589/Msuzi_Basic,zambiayp.com
Mtimbasonjo,"Box 530033, eastern Province, Lundazi, Zambia",,,lundazi,https://www.zambiayp.com/company/9549/Mtimbasonjo,zambiayp.com
Mtwalo M B,"Box 530033, eastern Province, Lundazi, Zambia",,,lundazi,https://www.zambiayp.com/company/9511/Mtwalo_M_B,zambiayp.com
Munyukwa,"P O Box 530137, eastern Province, Lundazi, Zambia",,,lundazi,https://www.zambiayp.com/company/9512/Munyukwa,zambiayp.com
Mwata Middle,"Box 530283, eastern Province, Lundazi, Zambia",,,lundazi,https://www.zambiayp.com/company/9513/Mwata_Middle,zambiayp.com
Mwanya Basic,"Box 530022, eastern Province, Lundazi, Zambia",,,lundazi,https://www.zambiayp.com/company/9550/Mwanya_Basic,zambiayp.com
Mwasemphangwe,"Box 530033, eastern Province, Lundazi, Zambia",,,lundazi,https://www.zambiayp.com/company/9551/Mwasemphangwe,zambiayp.com
Ng'onga,"Box 530033, eastern Province, Lundazi, Zambia",,,lundazi,https://www.zambiayp.com/company/9590/Ngonga,zambiayp.com
Nkhanga,"Box 530085, eastern Province, Lundazi, Zambia",,,lundazi,https://www.zambiayp.com/company/9514/Nkhanga,zambiayp.com
Nkhazimwene M B,"Box 530033, eastern Province, Lundazi, Zambia",,,lundazi,https://www.zambiayp.com/company/9591/Nkhazimwene_M_B,zambiayp.com
Nthumbe Middle,"Box 530108, eastern Province, Lundazi, Zambia",,,lundazi,https://www.zambiayp.com/company/9554/Nthumbe_Middle,zambiayp.com
Nthitimila M Basic,"Box 530226, eastern Province, Lundazi, Zambia",,,lundazi,https://www.zambiayp.com/company/9592/Nthitimila_M_Basic,zambiayp.com
Nyalubanga,"Box 530053, eastern Province, Lundazi, Zambia",,,lundazi,https://www.zambiayp.com/company/9593/Nyalubanga,zambiayp.com
Pharaza M B,"Box 530033, i, eastern Province, Lundazi, Zambia",,,lundazi,https://www.zambiayp.com/company/9595/Pharaza_M_B,zambiayp.com
Phikamalaza M B,"Box 530227, eastern Province, Lundazi, Zambia",,,lundazi,https://www.zambiayp.com/company/9515/Phikamalaza_M_B,zambiayp.com
Romase,"Box 530204, eastern Province, Lundazi, Zambia",,,lundazi,https://www.zambiayp.com/company/9596/Romase,zambiayp.com
Sikatengwa M B,"Box 530033, eastern Province, Lundazi, Zambia",,,lundazi,https://www.zambiayp.com/company/9556/Sikatengwa_M_B,zambiayp.com
Swiswi M Basic,"Box 530033, eastern Province, Lundazi, Zambia",,,lundazi,https://www.zambiayp.com/company/9597/Swiswi_M_Basic,zambiayp.com
Tigone M B,"Box 530117, eastern Province, Lundazi, Zambia",,,lundazi,https://www.zambiayp.com/company/9598/Tigone_M_B,zambiayp.com
Umi Middle Basic,"Box 530033, eastern Province, Lundazi, Zambia",,,lundazi,https://www.zambiayp.com/company/9599/Umi_Middle_Basic,zambiayp.com
Viombo,"Box 530033, eastern Province, Lundazi, Zambia",,,lundazi,https://www.zambiayp.com/company/9557/Viombo,zambiayp.com
Vuu,"Box 530033, eastern Province, Lundazi, Zambia",,,lundazi,https://www.zambiayp.com/company/9600/Vuu,zambiayp.com
Zambia Telecommunications Company Ltd,"P.O.Box 530008, Lundazi, Zambia",,,lundazi,https://www.zambiayp.com/company/4839/Zambia_Telecommunications_Company_Ltd,zambiayp.com
Zozo M Basic,"Box 530300, eastern Province, Lundazi, Zambia",,,lundazi,https://www.zambiayp.com/company/9517/Zozo_M_Basic,zambiayp.com
Seals for Africa - Security Seals & Strap Seals,"Plot No: 11293 Kabanana Area, Off Great North Road, Lusaka, Zambia",,,lusaka,https://www.zambiayp.com/company/17714/Seals_for_Africa_Security_Seals_Strap_Seals,zambiayp.com
JEETECH ALU ENTERPRISES,"1A BENAKALE RD NORTHMEAD LUSAKA, Zambia",,,lusaka,https://www.zambiayp.com/company/17980/JEETECH_ALU_ENTERPRISES,zambiayp.com
A to Z Solutions Ltd,"Box 356 Private Bag E017 Cross Roads Lusaka, Zambia",,,lusaka,https://www.zambiayp.com/company/17495/A_to_Z_Solutions_Ltd,zambiayp.com
Marketing Research Information Systems,"2nd Floor Woodgate House, Cairo  Road, Lusaka, Zambia",,,lusaka,https://www.zambiayp.com/company/17308/Marketing_Research_Information_Systems,zambiayp.com
SINOTRUCK INTERNATIONAL CAPITAL,"Kabulonga Road，Lusaka, Zambia",,,lusaka,https://www.zambiayp.com/company/17711/SINOTRUCK_INTERNATIONAL_CAPITAL,zambiayp.com
Nature By Nature™,"Plot F/90A/43/CL #8 Great East Road,Opposite Zesco H.Q Thornpark,Lusaka,Zambia",,,lusaka,https://www.zambiayp.com/company/17510/Nature_By_Nature,zambiayp.com
ProWeb Limited,"Spectrum House, Stand No. 10 Great East Road, Jesmondine, Lusaka, Zambia",,,lusaka,https://www.zambiayp.com/company/16226/ProWeb_Limited,zambiayp.com
Elikim painting pros and renovators,"Plot 3 Chelston, Mupeta Close Road Lusaka, Zambia",,,lusaka,https://www.zambiayp.com/company/19221/Elikim_painting_pros_and_renovators,zambiayp.com
"Shoprite Zambia- Head Office Division, Job Vacancies","Lusaka, Zambia",,,lusaka,https://www.zambiayp.com/company/3514/ShopriteHead_Office_Division,zambiayp.com
STAMP AFRICA LIMITED,"6694 Chiwalamabwe Road, Olympia Park, Lusaka, Zambia",,,lusaka,https://www.zambiayp.com/company/17707/STAMP_AFRICA_LIMITED,zambiayp.com
Zafrik Consulting Group,"Head Office:70/15 Kangachepe road, P. O. Box 278, Makeni, Lusaka., Zambia",,,lusaka,https://www.zambiayp.com/company/17698/Zafrik_Consulting_Group,zambiayp.com
Optimus Media,"Plot 8, Danny Pule Road, Mass Media, Lusaka, Zambia",,,lusaka,https://www.zambiayp.com/company/17790/Optimus_Media,zambiayp.com
Move Us Zambia,"Plot No.6 Lutanda Flat, Kutwe Rd, Villa Elizabetha, Lusaka, Zambia",,,lusaka,https://www.zambiayp.com/company/18339/Move_Us_Zambia,zambiayp.com
Venture Connections Ltd - Zambia,"No.10 Church Road, Fairview, Lusaka, Zambia",,,lusaka,https://www.zambiayp.com/company/17757/Venture_Connections_Ltd_Zambia,zambiayp.com
Yamfumu - Technology & Marketing Agency,"Manchinchi Road, Northmead., Lusaka, Zambia",,,lusaka,https://www.zambiayp.com/company/18695/Yamfumu_Technology_Marketing_Agency,zambiayp.com
BCA Properties,"11965 Off Ngwerere Road, Ranchdale, Chelston, Lusaka, Zambia",,,lusaka,https://www.zambiayp.com/company/17568/BCA_Properties,zambiayp.com
Airplus Refrigeration & Airconditioning (PTY) LTD,"Shop 1, Ibex Hub, Ibex Hill Road, Lusaka , Zambia",,,lusaka,https://www.zambiayp.com/company/17191/Airplus_Refrigeration_Airconditioning_PTY_LTD,zambiayp.com
RelayTech suppliers and construction limited,"109a/a Katimamulilo rd Garden Lusaka, Zambia",,,lusaka,https://www.zambiayp.com/company/17662/RelayTech_suppliers_and_construction_limited,zambiayp.com
XpressWorld Research and Supply Ltd,"Gold Crest Mall, Ring Rd, Kamwala South, Lusaka, Zambia",,,lusaka,https://www.zambiayp.com/company/17967/XpressWorld_Research_and_Supply_Ltd,zambiayp.com
Sibs Media,"Shop no. 14 M and M Center Chilenje, Lusaka, Zambia",,,lusaka,https://www.zambiayp.com/company/17804/Sibs_Media,zambiayp.com
FlapaBay Travel +,"Plot 55 Munali Road, Chudleigh Near Munali Mall, Lusaka, Zambia",,,lusaka,https://www.zambiayp.com/company/18763/FlapaBay_Travel_,zambiayp.com
Clemack Cleaning Services,"17 Msuzi Road, Woodlands, Lusaka, Zambia",,,lusaka,https://www.zambiayp.com/company/17671/Clemack _leaning_Services ,zambiayp.com
Favoured Marie Events Management,"13324 Chandamali Road Lusaka , Zambia",,,lusaka,https://www.zambiayp.com/company/16245/Favoured_Marie_Events_Management,zambiayp.com
KUNDJI NATURAL SPA,"House No. 17 Msuzi Road, Woodlands., Lusaka, Zambia",,,lusaka,https://www.zambiayp.com/company/17704/KUNDJI_NATURAL_SPA,zambiayp.com
Namo Computers,Namo Computers on Cairo Road opposite Main Post Office near Society Business Park Lusaka Zambia,,,lusaka,https://www.zambiayp.com/company/18883/Namo_Computers,zambiayp.com
ZEE MEDIA TECHNOLOGIES,"Plot #14 Church House, Ground Floor, Cairo Road, Opposite The Bank of Zambia, Lusaka",,,lusaka,https://www.zambiayp.com/company/18086/ZEE_MEDIA_TECHNOLOGIES,zambiayp.com
Renew Medica,"Plot 11055, Mvuvye Road, Kalundu (Outside Mulungushi Village), Lusaka, Zambia",,,lusaka,https://www.zambiayp.com/company/16256/Renew_Medica,zambiayp.com
Chisenga Multimedia,"Antelope Close, Off Kudu Rd, Kabulonga, Lusaka, Zambia",,,lusaka,https://www.zambiayp.com/company/17819/Chisenga_Multimedia,zambiayp.com
Introspect,"No 3 Ibex hill gardens, Lusaka, Zambia",,,lusaka,https://www.zambiayp.com/company/17898/Introspect,zambiayp.com
Kwesu Host Ltd,"Findeco, Lusaka, Zambia",,,lusaka,https://www.zambiayp.com/company/18079/Kwesu_Host_Ltd,zambiayp.com
Drug Enforcement Commission,"Government Rd, Lusaka, Zambia",,,lusaka,https://www.zambiayp.com/company/8313/Drug_Enforcement_Commission,zambiayp.com
Pentatech,"Plot # 23810 Off Ben Mwinga Road, Lusaka, Zambia",,,lusaka,https://www.zambiayp.com/company/17689/Pentatech,zambiayp.com
Hosting Python Ltd,"Box 278, Lusaka, Zambia",,,lusaka,https://www.zambiayp.com/company/17738/Hosting_Python_Ltd,zambiayp.com
ALL IN ONE ENTERPRISE,"Plot 124 new vision complex  Lusaka , Zambia",,,lusaka,https://www.zambiayp.com/company/17982/ALL_IN_ONE_ENTERPRISE,zambiayp.com
Keystone Technologies Limited,"Freedom Way Limson Building, Lusaka, Zambia",,,lusaka,https://www.zambiayp.com/company/18387/Keystone_Technologies_Limited,zambiayp.com
Disacare Wheelchair Centre,"Wheel Chairs, Lusaka, Zambia",,,lusaka,https://www.zambiayp.com/company/15194/Disacare_Wheelchair_Centre,zambiayp.com
Aromerc & Company Limited,"609/4 Off Central Street Chudleigh, Lusaka, Zambia",,,lusaka,https://www.zambiayp.com/company/17875/Aromerc_Company_Limited,zambiayp.com
OBSA Virtual Assistant Services,"PLot No. 1792/22 Lubambe Road Northmead, Lusaka, Zambia",,,lusaka,https://www.zambiayp.com/company/17696/OBSA_Virtual_Assistant_Services,zambiayp.com
Rooney's Hire Zambia Ltd,"Plot 5085, Luanshya Road, Villa Elizabetha, Lusaka, Zambia",,,lusaka,https://www.zambiayp.com/company/6339/Rooneys_Hire_Zambia_Ltd,zambiayp.com
STDs 360,"Lusaka leopards hill, Zambia",,,lusaka,https://www.zambiayp.com/company/19210/STDs_360,zambiayp.com
EG Technologies,"Great East Road, Mulungushi International Conference Centre, P.O. Box 37452, Annex Building, Suite 04, Lusaka, Zambia",,,lusaka,https://www.zambiayp.com/company/16206/EG_Technologies,zambiayp.com
LOCUS IT SERVICES ZAMBIA,"48 Senanga Road, Handsworth, Lusaka., Zambia",,,lusaka,https://www.zambiayp.com/company/17868/LOCUS_IT_SERVICES_ZAMBIA,zambiayp.com
Tech Savvy International University,"459A Great North Road Shimabala, Chilanga, Lusaka, Zambia",,,lusaka,https://www.zambiayp.com/company/17729/Tech_Savvy_International_University,zambiayp.com
BrandComm Limited,"LESI VILLAS, KABULONGA PLOT 226, LUSAKA ZAMBIA",,,lusaka,https://www.zambiayp.com/company/19154/BrandComm_Limited,zambiayp.com
Infinity World Changer Limited,"2336 Woodlands, Lusaka, Zambia",,,lusaka,https://www.zambiayp.com/company/18342/Infinity_World_Changer_Limited,zambiayp.com
Professional Plumbing & Heating Solutions Ltd,"Shop No. 2, Petroda Filling Station, Nyumba Yanga, Lusaka, Zambia",,,lusaka,https://www.zambiayp.com/company/17771/Professional_Plumbing_Heating_Solutions_Ltd,zambiayp.com
SCM ELECTRICAL AND ELECTRONICS LIMITED,"173/39 GREAT NORTH ROAD, Lusaka, Zambia",,,lusaka,https://www.zambiayp.com/company/18870/SCM_ELECTRICAL_AND_ELECTRONICS_LIMITED,zambiayp.com
ASPRO SECURITY LIMITED,"PLOT 12543 ZAMBEZI ROAD LUSAKA, Zambia",,,lusaka,https://www.zambiayp.com/company/17822/ASPRO_SECURITY_LIMITED,zambiayp.com
Omusiba Engineering And Suppliers Limited,"PLOT20 NEW AVONDALE LUSAKA,ZAMBIA",,,lusaka,https://www.zambiayp.com/company/19504/Omusiba_Engineering_And_Suppliers_Limited,zambiayp.com
SUNGEM TRAVEL LIMITED,"Blessing mall Chozi Road Northmead, Lusaka, Zambia",,,lusaka,https://www.zambiayp.com/company/16467/SUNGEM_TRAVEL_LIMITED,zambiayp.com
Arclife Interiors & De´cor Ltd,"4416 B Chamba Valley, Lusaka, Zambia",,,lusaka,https://www.zambiayp.com/company/18166/Arclife_Interiors_De´cor_Ltd,zambiayp.com
Automobile Association of Zambia,"Showgrounds, Great East Road, P.O.Box 37663, Lusaka - Zambia",,,lusaka,https://www.zambiayp.com/company/17673/Automobile_Association_of_Zambia,zambiayp.com
Creed School of Leadership,"Lot No. 22/Balmoral/Chilanga, Lusaka, Zambia.",,,lusaka,https://www.zambiayp.com/company/19498/Creed_School_of_Leadership,zambiayp.com
Daly Cleaning Services Limited,"2261 Meanwood Ndeke Phase II , Lusaka, Zambia",,,lusaka,https://www.zambiayp.com/company/17637/Daly_Cleaning_Services_Limited,zambiayp.com
Diyama Solutions Ltd,"19, Mulilima, Libala Stage 2, Lusaka, Zambia",,,lusaka,https://www.zambiayp.com/company/19488/Diyama_Solutions_Ltd,zambiayp.com
Global Tools Investments Limited,"Lotti House, Cairo Road, Lusaka, Zambia",,,lusaka,https://www.zambiayp.com/company/19491/Global_Tools_Investments_Limited,zambiayp.com
Kagriwa innovations,"Woodlands, Lusaka, Zambia",,,lusaka,https://www.zambiayp.com/company/18782/Kagriwa_innovations,zambiayp.com
Keda Ceramic Zambia,"Chifwema Road off Leopards Hill lusaka, Zambia",,,lusaka,https://www.zambiayp.com/company/19483/Keda_Ceramic_Zambia,zambiayp.com
Motorbikes Zambia,"Omelo Mumba Road, Rhode Park, Lusaka, Zambia",,,lusaka,https://www.zambiayp.com/company/19472/Motorbikes_Zambia,zambiayp.com
Sub-Zero Cooling Systems,"5 phingo road, Lusaka, Zambia",,,lusaka,https://www.zambiayp.com/company/17775/Sub_Zero_Cooling_Systems,zambiayp.com
Telkosh Global Communications | Zambia,"Saturnia House, Stand 6392, Dunduza Chisidza Crescent, Longacres, Lusaka, Zambia",,,lusaka,https://www.zambiayp.com/company/19478/Telkosh_Global_Communications_Zambia,zambiayp.com
The Office Store Limited,"Office No.10, Falcon Business Complex, Lusaka, Zambia",,,lusaka,https://www.zambiayp.com/company/19489/The_Office_Store_Limited,zambiayp.com
WebZ Internet Connections,"Plot 25411M Great North Road, Lusaka, Zambia",,,lusaka,https://www.zambiayp.com/company/17717/WebZ_Internet_Connections,zambiayp.com
Zambian Chiropractic,"FALLSWAY ARENA, MASS MEDIA, LUSAKA, Zambia",,,lusaka,https://www.zambiayp.com/company/19496/Zambian_Chiropractic,zambiayp.com
Ziwa Garments and Apparel,"Great E, Lusaka, Zambia",,,lusaka,https://www.zambiayp.com/company/17261/ziwa-garments-and-apparel,zambiayp.com
Chongo Media,"Farm 919/45, Lusaka South, Zambia",,,lusaka,https://www.zambiayp.com/company/18305/Chongo_Media,zambiayp.com
Greenwebb Technologies,"Chilebe Close, thornpark, Lusaka, Zambia",,,lusaka,https://www.zambiayp.com/company/19435/Greenwebb_Technologies,zambiayp.com
ZEDPRO DRIVER AND MACHINE OPERATORS AGENCY,"Augustine Lungu Road , chalala, Lusaka, Zambia",,,lusaka,https://www.zambiayp.com/company/18136/ZEDPRO_DRIVER_AND_MACHINE_OPERATORS_AGENCY,zambiayp.com
Calena Global Trade,"lukasa, Lusaka, Zambia",,,lusaka,https://www.zambiayp.com/company/19091/CALENA_GLOBAL_TRADE,zambiayp.com
Jayomi Technology,"Makeni, Lusaka, Zambia",,,lusaka,https://www.zambiayp.com/company/18318/Jayomi_Technology,zambiayp.com
JehArts Network,"Manda Hill Road, Lusaka, Zambia",,,lusaka,https://www.zambiayp.com/company/18144/JehArts_Network,zambiayp.com
LabMed Enterprises,"Marshlands, Lusaka, Zambia",,,lusaka,https://www.zambiayp.com/company/18043/LabMed_Enterprises,zambiayp.com
Reumaifab Tech & Marketing Services,"Indeco House, 8th Floor, Suite 0811 Cairo, Road Lusaka Zambia",,,lusaka,https://www.zambiayp.com/company/18360/Reumaifab_Tech_Marketing_Services,zambiayp.com
Delatino Tech Ltd,"Plot 10661/991 Kamwala South, Lusaka, Zambia",,,lusaka,https://www.zambiayp.com/company/18873/Delatino_Tech_Ltd,zambiayp.com
Eternal Jewellery,"Plot 10426, Manda Hill Road, Lusaka, Zambia",,,lusaka,https://www.zambiayp.com/company/17705/Eternal_Jewellery,zambiayp.com
Fijan Design,"397a Kafue Rd, Junction of Kafue + Makeni Rd, Lusaka, Zambia",,,lusaka,https://www.zambiayp.com/company/18315/Fijan_Design,zambiayp.com
Mwangazi Enterprise,"8036 Karachi street, Kamwala, Lusaka, Zambia",,,lusaka,https://www.zambiayp.com/company/17400/Mwangazi_Enterprise,zambiayp.com
Strawbake cakes Limited,"Plot 5556, Magoye Road, Kalundu, Lusaka, Zambia",,,lusaka,https://www.zambiayp.com/company/17397/Strawbake_cakes_Limited,zambiayp.com
The Flower Cafe,"Ibex Hill Gardens, House 3, Lusaka, Zambia",,,lusaka,https://www.zambiayp.com/company/17865/The_Flower_Cafe,zambiayp.com
TUKUTUKU MOTORBIKES,"7314 Chibengele road, Lusaka, Zambia",,,lusaka,https://www.zambiayp.com/company/17733/TUKUTUKU_MOTORBIKES,zambiayp.com
Zonono Logistics,"70/15 Kangachepe Road, Makeni, P.O. Box 278, Lusaka, Zambia",,,lusaka,https://www.zambiayp.com/company/17702/Zonono_Logistics,zambiayp.com
BEST OF BIKES,"14 Omelo Mumba Road, Rhodes Park, Lusaka, Zambia",,,lusaka,https://www.zambiayp.com/company/16403/BEST_OF_BIKES,zambiayp.com
Caribuni Investments Ltd,"258/100 Off Twin Palm Rd, Lusaka, Zambia",,,lusaka,https://www.zambiayp.com/company/17286/caribuni-investments-ltd,zambiayp.com
Dreamline Solutions Limited,Plot 180 Luanshya Road Lusaka Zambia,,,lusaka,https://www.zambiayp.com/company/16261/Dreamline_Solutins_Limited,zambiayp.com
Link Mining Supplies,"5184 Chishango Road, Villa Elizabetha, Lusaka, Zambia",,,lusaka,https://www.zambiayp.com/company/18075/Link_Mining_Supplies,zambiayp.com
Lusaka Bearings Centre Ltd,"1665 Panganani Rd, P.O.Box 38977, Lusaka, Zambia",,,lusaka,https://www.zambiayp.com/company/5577/Lusaka_Bearings_Centre_Ltd,zambiayp.com
Zalco Limited,"Plot 5110,Lumumba road.Box 30973, Lusaka, Zambia",,,lusaka,https://www.zambiayp.com/company/16487/Zalco_Limited,zambiayp.com
Aromerc and Company Limited,"No. 609/4 Off Central Street Chudleigh, Lusaka, Zambia",,,lusaka,https://www.zambiayp.com/company/18149/Aromerc_and_Company_Limited,zambiayp.com
Bridgemark High Schools,F/37/A/21 Mwalanse Rd Off Shek Shek Rd Lusaka Zambia,,,lusaka,https://www.zambiayp.com/company/18762/Bridgemark_High_Schools,zambiayp.com
Judiciary of Zambia,"Plot # 438, Independence Avenue, Lusaka, Zambia",,,lusaka,https://www.zambiayp.com/company/8315/Judiciary_of_Zambia,zambiayp.com
KWANZA STUDIOS,"Kwanza Studios P/Bag E14 Lusaka, Zambia",,,lusaka,https://www.zambiayp.com/company/17302/KWANZA_STUDIOS,zambiayp.com
LendMePay Zambia Limited,"LendMePay House, No. 3 Tito Road, Rhodes Park, Lusaka, Zambia",,,lusaka,https://www.zambiayp.com/company/17703/LendMePay_Zambia_Limited,zambiayp.com
Photocopy & Office Machines Ltd,"Farmers Hse, 1 Cairo Rd, P.O.Box 30291, Lusaka, Zambia",,,lusaka,https://www.zambiayp.com/company/5187/Photocopy_And_Office_Machines_Ltd,zambiayp.com
Polar Ice Ltd,"Kafue Rd, Lusaka, Zambia",,,lusaka,https://www.zambiayp.com/company/3837/Polar_Ice_Ltd,zambiayp.com
R A Consulting Services,"plot 3550, Lagos Road, Rhodespark, Lusaka, Zambia",,,lusaka,https://www.zambiayp.com/company/17304/R_A_Consulting_Services,zambiayp.com
TowJam Recovery,"10B Kasangula Road, Northgate Complex, Lusaka, Zambia",,,lusaka,https://www.zambiayp.com/company/19499/TowJam_Recovery,zambiayp.com
Computer Planet,"Ground Floor Kenneth Kaunda Hse Next to Bank of Zambia Cairo Rd, P.O.Box 36092, Lusaka",,,lusaka,https://www.zambiayp.com/company/4508/Computer_Planet,zambiayp.com
HatMark Engineering & Construction Limited,"Zimco House 5th floor Sult's 503/504, Cairo Road, Lusaka, Zambia",,,lusaka,https://www.zambiayp.com/company/19426/HatMark_Engineering_Construction_Limited,zambiayp.com
Inbines,"Zambia, Lusaka",,,lusaka,https://www.zambiayp.com/company/18449/Inbines,zambiayp.com
Lamasat International LTD,"397/0/1 Chipwenupwenu Road (Off Kafue Road), Makeni, Box 34033, Lusaka, Zambia",,,lusaka,https://www.zambiayp.com/company/7930/Lamasat_International_LTD,zambiayp.com
Mobile City Zambia,"Cairo Rd, Lusaka, Zambia",,,lusaka,https://www.zambiayp.com/company/18226/Mobile_City_Zambia,zambiayp.com
RIDEVE MEDIA,"Stand No. 2 Libala Court, Makishi Road, Fairview, Lusaka, Zambia",,,lusaka,https://www.zambiayp.com/company/17687/RIDEVE_MEDIA,zambiayp.com
Frank C. Chisanga and Company,"Mushakashela Road, Woodlands, Lusaka, Zambia",,,lusaka,https://www.zambiayp.com/company/17736/Frank_C_Chisanga_and_Company,zambiayp.com
GO-Ads Marketing Agency,"Garden ,plot No.11/09,off kasangula road, Lusaka, Zambia",,,lusaka,https://www.zambiayp.com/company/19474/GO_Ads_Marketing_Agency,zambiayp.com
Aartis Engineering Zambia Ltd.,"New Woodlands Extension, 124717, Lusaka, Zambia",,,lusaka,https://www.zambiayp.com/company/19495/Aartis_Engineering_Zambia_Ltd,zambiayp.com
AgroAsia Tractors Zambia,"Plot No. 5287 Buyantanshi Road, Lusaka, Zambia · P.O. Box 35168,",,,lusaka,https://www.zambiayp.com/company/19480/AgroAsia_Tractors_Zambia,zambiayp.com
BGSM BOUTIQUE,"19 Buckton Road, Lusaka, Zambia",,,lusaka,https://www.zambiayp.com/company/19486/BGSM_BOUTIQUE,zambiayp.com
BKS INVESTMENT GROUP,"2084/M, Main Steet, Ibex Hill, Lusaka., Zambia",,,lusaka,https://www.zambiayp.com/company/19492/BKS_INVESTMENT_GROUP,zambiayp.com
Broos Action,"T5, Solwezi 10101, Lusaka, Zambia",,,lusaka,https://www.zambiayp.com/company/19338/Broos_Action,zambiayp.com
CHAMRUD ENTERPRISE,"Plot 01/33 emmasdale lusaka , Zambia",,,lusaka,https://www.zambiayp.com/company/19481/CHAMRUD_ENTERPRISE,zambiayp.com
DCS Holdings Limited,"7 Chindo Road, Woodlands, Lusaka, Zambia",,,lusaka,https://www.zambiayp.com/company/18864/DCS_Holdings_Limited,zambiayp.com
Flagellum Zambia,"OFFICE NO.05,KUDU RD, KABULONGA, L<span style=""color: red"">USA</span>KA, Lusaka, Zambia",,,lusaka,https://www.zambiayp.com/company/19048/FLAGELLUM_ZAMBIA,zambiayp.com
Inferno Media,"12820 Fourth Street, Ibex Hill, Lusaka, Zambia",,,lusaka,https://www.zambiayp.com/company/19479/Inferno_Media,zambiayp.com
Je Clinic,"Lusaka, Zambia",,,lusaka,https://www.zambiayp.com/company/19497/Je_Clinic,zambiayp.com
Perfume Corner,"4508 Paseli Road Northmead, Lusaka, Zambia",,,lusaka,https://www.zambiayp.com/company/19417/Perfume_Corner,zambiayp.com
Pinewood Preparatory School,"235 Kasangula Rd, Roma, P.O.Box 51174, Lusaka, Zambia",,,lusaka,https://www.zambiayp.com/company/7536/Pinewood_Preparatory_School,zambiayp.com
Platonic Hub,"Lusaka, Zambia",,,lusaka,https://www.zambiayp.com/company/19471/Platonic_Hub,zambiayp.com
Royal Villa Suites,"Plot No. 35407 Alick Nkhata Road, Mass Media, Lusaka, Zambia",,,lusaka,https://www.zambiayp.com/company/19487/Royal_Villa_Suites,zambiayp.com
Spruceland Technologies Group Ltd,"Plot 397A/4/D Kafue Road Makeni Lusaka, Zambia",,,lusaka,https://www.zambiayp.com/company/16514/Spruceland_Technologies_Group_Ltd,zambiayp.com
Team Allied Relocations Ltd,"Plot #11, Mwalule Road.  Off Makishi Road. Northmead,  Lusaka., Zambia",,,lusaka,https://www.zambiayp.com/company/16354/Team_Allied_Rellocations_Ltd,zambiayp.com
Tents & Tarpaulins Ltd,"Plot 2397 Longolongo Road, Lusaka, Zambia",,,lusaka,https://www.zambiayp.com/company/18452/Tents_Tarpaulins_Ltd,zambiayp.com
Thunder Arts Business Centre,"537 NEW KANYAMA, LUSAKA PROVINCE, Zambia",,,lusaka,https://www.zambiayp.com/company/18996/Thunder_Arts_Business_Centre,zambiayp.com
Tianshi  (Tiens) Zambia,"Send us WhatsApp on: +233208520993 for the location, Lusaka, Zambia",,,lusaka,https://www.zambiayp.com/company/15511/Tianshi_Tiens_Zambia,zambiayp.com
Twelu Music,"Town center, Lusaka, Zambia",,,lusaka,https://www.zambiayp.com/company/19490/Twelu,zambiayp.com
Zambia Postal Services Corporation,"Customer Services Centre 2nd Flr Lusaka Main Post Office Cairo Rd, Zambia",,,lusaka,https://www.zambiayp.com/company/2170/Zambia_Postal_Services_Corporation,zambiayp.com
Zamgoat,"No. 052/01 Great North Road, Ten Miles Area, Lusaka, Zambia",,,lusaka,https://www.zambiayp.com/company/19259/Zamgoat,zambiayp.com
ABC Auctions Zambia,"4300 Linda Road, Makeni, Lusaka, Zambia",,,lusaka,https://www.zambiayp.com/company/18682/ABC_Auctions_Zambia,zambiayp.com
AFRICORP HEALTHCARE SYSTEMS LTD,"Lusaka , Zambia",,,lusaka,https://www.zambiayp.com/company/18181/AFRICORP_HEALTHCARE_SYSTEMS_LTD,zambiayp.com
Alumen Fabricators,"9 Nkanchibaya Road, Lusaka, Zambia",,,lusaka,https://www.zambiayp.com/company/17337/Alumen_Fabricators,zambiayp.com
Barcode Solutions Zambia,"P.O Box 8888, Lusaka Zambia",,,lusaka,https://www.zambiayp.com/company/17739/Barcode_Solutions_Zambia,zambiayp.com
BAUS INTERIOR DESIGN LTD,"180 OAK TREE, LUANSHYA  RD, Lusaka, Zambia",,,lusaka,https://www.zambiayp.com/company/18026/BAUS_INTERIOR_DESIGN_LTD,zambiayp.com
Belleza Models and Talent Agency,"8th Street, Chudleigh , Lusaka, Zambia",,,lusaka,https://www.zambiayp.com/company/16481/Belleza_Models_and_Talent_Agency,zambiayp.com
Bestnet Limited,"Plot number 10106 Off Mumbwa Rd, Chinika Industrail Area, LUSAKA, Zambia",,,lusaka,https://www.zambiayp.com/company/18119/Bestnet_Limited,zambiayp.com
Bomb Shelter Entertainment,"Emmasdale, F737/27/C Flat 3, Lusaka, Zambia",,,lusaka,https://www.zambiayp.com/company/18341/Bomb_Shelter_Entertainment,zambiayp.com
Brand House Media,"Plot No. 10 Buchi Rd. off Lubambe Road, Northmead, Lusaka, Zambia",,,lusaka,https://www.zambiayp.com/company/17944/Brand_House_Media,zambiayp.com
Communis Telecom Limited,"Suite 15, First Floor, Galaunia House, Cairo Road, Lusaka, Zambia",,,lusaka,https://www.zambiayp.com/company/17223/Communis_Telecom_Limited,zambiayp.com
Constant Cooling Inc zambia,"18a mwala Road kamwala south, Lusaka, Zambia",,,lusaka,https://www.zambiayp.com/company/17688/Constant_Cooling_Inc_zambia,zambiayp.com
Credence Farm Solutions,"10miles, 3km off Mungule Road, Section B, Lusaka, Zambia",,,lusaka,https://www.zambiayp.com/company/18906/Credence_Farm_Solutions,zambiayp.com
DELTA Properties,"Northmead, Lusaka, Zambia",,,lusaka,https://www.zambiayp.com/company/18660/DELTA_Properties,zambiayp.com
DIGIprint,"East Park Mall, Levy Junction, Embassy Mall, Lusaka, Zambia",,,lusaka,https://www.zambiayp.com/company/17215/DIGIprint,zambiayp.com
D-marks florist and Events,"11 Mushakashela Road, Woodlands , Lusaka, Zambia",,,lusaka,https://www.zambiayp.com/company/17375/D_marks_florist_and_Events,zambiayp.com
DODGE SECURITY LIMITED,"PLOT 6679 MBERERE ROAD LUSAKA, Zambia",,,lusaka,https://www.zambiayp.com/company/17772/DODGE_SECURITY_LIMITED,zambiayp.com
Envoys Tents & Events Limted,"Sales Office: 39 Boli Street, Off Burma Road, Near  UTH. Libala Stage 1, Lusaka, Zambia",,,lusaka,https://www.zambiayp.com/company/17619/Envoys_Tents_Events_Limted,zambiayp.com
E-Solar Tech Zambia,"Balaston Park . off twikatane Road, Lusaka, Zambia",,,lusaka,https://www.zambiayp.com/company/18581/E_Solar_Tech_Zambia,zambiayp.com
Eye-Co opticians,"Shop No.2, Building No.1, Next to Building Society, Cairo Road, P.O Box 30779, Lusaka - Zambia.",,,lusaka,https://www.zambiayp.com/company/17690/Eye_Co_opticians,zambiayp.com
Fentone Labour Consultancy Limited,"PLOT 7330 CORNER OF MUKATASHA & MOBOLA ROADS, LIGHT INDUSTRIAL AREA, Lusaka, Zambia",,,lusaka,https://www.zambiayp.com/company/19078/FENTONE_LABOUR_CONSULTANCY_LIMITED,zambiayp.com
Fraud and Scam Reporting Portal-ZFI AGENCY,"P O  Box 46, Cairo Road, Society House, Lusaka Zambia",,,lusaka,https://www.zambiayp.com/company/18814/Fraud_and_Scam_Reporting_Portal_ZFI_AGENCY,zambiayp.com
Goldcrest Properties Limited,"P.O.Box 30482,Lusaka,Zambia",,,lusaka,https://www.zambiayp.com/company/17381/Goldcrst_Properties_Ltd,zambiayp.com
Harbinger-Tech Limited,"Shop 2508B Mango Road, Munali Extension, Lusaka, Zambia",,,lusaka,https://www.zambiayp.com/company/18401/Harbinger_Tech_Limited,zambiayp.com
6images Advertising,"6images Advertising, Plot No. 999, Flat 2, Salama Park, Lusaka Zambia",,,lusaka,https://www.zambiayp.com/company/17282/6images_Advertising,zambiayp.com
Kudzymation Studios,"Puta Road, Lusaka, Zambia",,,lusaka,https://www.zambiayp.com/company/18451/Kudzymation_Studios,zambiayp.com
Kulture Labs Training & Team-Building,"#3, Buluwe Road,, Lusaka, Zambia",,,lusaka,https://www.zambiayp.com/company/18239/Kulture_Labs_Training_Team_Building,zambiayp.com
Lolland Automotive Africa,"Roma, Ngwerere Rd, Lusaka, Zambia",,,lusaka,https://www.zambiayp.com/company/19209/Lolland_Automotive_Africa,zambiayp.com
Luhari Autombiles Limited,"P.O Box 329764, Lusaka, Zambia",,,lusaka,https://www.zambiayp.com/company/19407/Luhari_Autombiles_Limited,zambiayp.com
MashMap Consultancy Services,"Suite 42, CCZ Ecumenical Centre, Bishops Road, Kabulonga, Lusaka, Zambia",,,lusaka,https://www.zambiayp.com/company/16278/MashMap_Consultancy_Services,zambiayp.com
Organum Design Consultants,"Office 10, 2nd Floor, Luangwa House, Cairo Road, Lusaka, Zambia",,,lusaka,https://www.zambiayp.com/company/18007/Organum_Design_Consultants,zambiayp.com
Out Resource Business Support,"Plot No. 10 Joseph Mwilwa Road, Rhodes Park - Lusaka, Zambia",,,lusaka,https://www.zambiayp.com/company/17317/Out_Resource_Business_Support,zambiayp.com
PatWest Technologies Ltd,"Suite 03 Mungule Shopping Centre, Mungule Road, Great North Road,, Lusaka, Zambia",,,lusaka,https://www.zambiayp.com/company/17773/PatWest_Technologies_Ltd,zambiayp.com
PaySmart Auto Solutions,"Unit 104 Woodgate House, Cairo Road, Lusaka, Zambia.",,,lusaka,https://www.zambiayp.com/company/17952/PaySmart_Auto_Solutions,zambiayp.com
Radicity Brands,"Chelstone, Lusaka, Zambia.",,,lusaka,https://www.zambiayp.com/company/18680/Radicity_Brands,zambiayp.com
Renovato Ingenuity Ltd,"New Kasama Plot 11241m/c, Lusaka, Zambia",,,lusaka,https://www.zambiayp.com/company/17660/Renovato_Ingenuity_Ltd,zambiayp.com
Robo Door Ltd,"Plot No 1008950, Great North Road, 6 miles, Kabangwe, Lusaka, Zambia",,,lusaka,https://www.zambiayp.com/company/17813/Robo_Door_Ltd,zambiayp.com
SME TOOL Zambia,"Ibex hill twin palm ,third street, Lusaka, Zambia",,,lusaka,https://www.zambiayp.com/company/18796/SME_TOOL_Zambia,zambiayp.com
SOW COMMUNICATIONS,"Garden View Business Park - Lilayi, Lusaka, Zambia",,,lusaka,https://www.zambiayp.com/company/17284/sow-communications,zambiayp.com
Spruceland Technologies Group Limited,"Plot 397A/4/D Kafue Rd, Lusaka, Zambia",,,lusaka,https://www.zambiayp.com/company/17326/Spruceland_Technologies_Group_Limited,zambiayp.com
Team Design Shop,"14 Sunsoft Building Chparamba Road Lusaka, Zambia",,,lusaka,https://www.zambiayp.com/company/17995/Team_Design_Shop,zambiayp.com
Traceability Solutions Zambia,"441A Off Kaleya Road, Roma, Lusaka, Zambia",,,lusaka,https://www.zambiayp.com/company/17721/Traceability_Solutions_Zambia,zambiayp.com
YESHUA LOGISTICS,"Suit 2, 22nd Floor , Findeko, Lusaka, Zambia",,,lusaka,https://www.zambiayp.com/company/17538/YESHUA_LOGISTICS,zambiayp.com
YESHUA CONSTRUCTION LIMITED,"Woodlands, Lusaka, Zambia",,,lusaka,https://www.zambiayp.com/company/17607/YESHUA_CONSTRUCTION_LIMITED,zambiayp.com
Zambia Best Deals,"12199, Lusaka, Zambia",,,lusaka,https://www.zambiayp.com/company/17831/Zambia_Best_Deals,zambiayp.com
ZFI Agency Private Investigators,"Cairo Road, Society House, Lusaka, Republic of Zambia",,,lusaka,https://www.zambiayp.com/company/18788/ZFI_Agency_Private_Investigators,zambiayp.com
Accurate Sheet Metal Limited,"Great North Road, Lusaka, Next to ZCSA Building, Zambia",,,lusaka,https://www.zambiayp.com/company/18441/Accurate_Sheet_Metal_Limited,zambiayp.com
Arctic Webs,"Plot 53 Roan Avenue, Kabulonga, Lusaka, Zambia",,,lusaka,https://www.zambiayp.com/company/17663/Arctic_Webs,zambiayp.com
Arthur Ford Zambia,"Shop 26d, Arcades Shopping Mall, Lusaka, Zambia",,,lusaka,https://www.zambiayp.com/company/17752/Arthur_Ford_Zambia,zambiayp.com
AWWSITES Business Solutions,"Lusaka, Zambia.",,,lusaka,https://www.zambiayp.com/company/16478/AWWSITES_Business_Solutions,zambiayp.com
Baobab Swirls,"Plot # A314,Mtendere, Lusaka, Zambia",,,lusaka,https://www.zambiayp.com/company/19073/Baobab_Swirls,zambiayp.com
Blackwell Consulting Allianz (I) Ltd,"PO Box 30478, Lusaka, Zambia",,,lusaka,https://www.zambiayp.com/company/16234/BCA_Consulting,zambiayp.com
Carpe Diem tuition Services,"75 Moses chikwalakwala , Lusaka, Zambia",,,lusaka,https://www.zambiayp.com/company/17743/Carpe_Diem_tuition_Services,zambiayp.com
DigitalBlue Media Limited,"Plot No 6114/11, Chitemene Road, Northmead, Lusaka, Zambia",,,lusaka,https://www.zambiayp.com/company/17683/DigitalBlue_Media_Limited,zambiayp.com
Family Business,"8446 Chila Road, Lusaka, Zambia",,,lusaka,https://www.zambiayp.com/company/18101/Family_Business,zambiayp.com
Film Five Studios Limited,"Plot 27, Njoka and Chakeluka Road Junction, Olympia Park, Lusaka, Zambia",,,lusaka,https://www.zambiayp.com/company/17396/Film_Five_Studios_Limited,zambiayp.com
Galaxy Models Zambia,"No. A2404 Munali Rd Lusaka, Zambia",,,lusaka,https://www.zambiayp.com/company/17907/Galaxy_Models_Zambia,zambiayp.com
GEODETIC ENGINEERS®,"Senanga Road Plot 46, Handsworth Park, Lusaka, Zambia",,,lusaka,https://www.zambiayp.com/company/18335/GEODETIC_ENGINEERS®,zambiayp.com
JobsZM,"Woodlands, Lusaka, Zambia",,,lusaka,https://www.zambiayp.com/company/18563/JobsZM,zambiayp.com
Kwita Marketing,"Plot No 30 Burma Road, Woodlands, Lusaka, Zambia",,,lusaka,https://www.zambiayp.com/company/17892/Kwita_Marketing,zambiayp.com
LSK Wedding,"12199, Omelu Road, Lusaka, Zambia",,,lusaka,https://www.zambiayp.com/company/18351/LSK_Wedding,zambiayp.com
Mixonics Engineering and Construction Co Ltd,"Plot 8491 LUBUMBASHI rd,off lumumba/kalambo rd,city school complex, light industrial area, Lusaka, Zambia",,,lusaka,https://www.zambiayp.com/company/17927/Mixonics_engineering_and_construction_Co_Ltd,zambiayp.com
Muyatwa Legal Practitioners,"No. 8B kawama Road, Off Mosi-oa -Tunya Road Woodlands, Lusaka, Zambia",,,lusaka,https://www.zambiayp.com/company/17789/Muyatwa_Legal_Practitioners,zambiayp.com
OTK CEILINGS SOLUTION,"F/397A/11/G,CHIPWENUPWENU ROAD,LUSAKA, Zambia",,,lusaka,https://www.zambiayp.com/company/17278/otk-ceilings-solution,zambiayp.com
Taps Furniture,"2183 Phase 2 Meanwood Ndeke, Lusaka, Zambia",,,lusaka,https://www.zambiayp.com/company/19036/Taps_Furniture,zambiayp.com
Taradasi Medics,"Plot 3143, Mukwa Rd, Lusaka, Zambia",,,lusaka,https://www.zambiayp.com/company/17957/Taradasi_Medics,zambiayp.com
Taxi Africa Digital Agency,"East Park Mall, Office park, Lusaka, Zambia",,,lusaka,https://www.zambiayp.com/company/18332/Taxi_Africa_Digital_Agency,zambiayp.com
THE PRINT SHOP LTD,"Stand # 2336 Kabelenga Road, Lusaka ,Zambia",,,lusaka,https://www.zambiayp.com/company/17894/THE_PRINT_SHOP_LTD,zambiayp.com
The AdBox Zambia,"4142V Chifwema Road, Lusaka, Zambia",,,lusaka,https://www.zambiayp.com/company/18540/The_AdBox_Zambia,zambiayp.com
T'nta Hair and Beauty,"Plot 40D lilayi estate, Lusaka, Zambia",,,lusaka,https://www.zambiayp.com/company/19072/Tnta_Hair_and_Beauty,zambiayp.com
Uhuru Centre,"Commonwealth Avenue, Behind Melissa, Matero, Lusaka, Zambia",,,lusaka,https://www.zambiayp.com/company/17563/Uhuru_Centre,zambiayp.com
YESHUA TECHNOLOGIES LIMITED,"Suit 2, 22nd Floor, Findeko House, Cairo Rd, Lusaka, Zambia",,,lusaka,https://www.zambiayp.com/company/16480/YESHUA_TECHNOLOGIES_LIMITED,zambiayp.com
Zampro Clothing Limited,"P.O Box 31155 ,Plot 8357 Great North Road,at the Radian Mall-(opp the Chandwe Musonda Road junction) lusaka, Zambia",,,lusaka,https://www.zambiayp.com/company/16360/zampro_clothing_limited,zambiayp.com
SHO'DOL,"cairo mall,cairo road,plot # 2204,1st floor, Lusaka, Zambia",,,lusaka,https://www.zambiayp.com/company/16352/Beauty_Holy_Land,zambiayp.com
Bikolinah Logistics,"1113 Buungano Suites, Suite # 3, Lusaka, Zambia",,,lusaka,https://www.zambiayp.com/company/18285/Bikolinah_Logistics,zambiayp.com
Blue Valley Environmental Limited,"155 Plot Shantumbu Road, Lusaka, Zambia",,,lusaka,https://www.zambiayp.com/company/19130/Blue_Valley_Environmental_Limited,zambiayp.com
Call Savers Business Solutions,"No. 18B Bauhina Rd, off Great East Rd, Avondale., Lusaka, Zambia",,,lusaka,https://www.zambiayp.com/company/17997/Call_Savers_Business_Solutions,zambiayp.com
Cargo Management & Logistics (Zambia) Ltd,"Plot F397a, Makeni Rd, P.O.Box 35435, Lusaka, Zambia",,,lusaka,https://www.zambiayp.com/company/5765/Cargo_Management_Logistics_Zambia_Ltd,zambiayp.com
Chaminuka Lodge,"Great East Rd, Northmead, P.O.Box 35370, Lusaka, Zambia",,,lusaka,https://www.zambiayp.com/company/101/Chaminuka_Lodge,zambiayp.com
Clean Solutions Zambia,"Villa Wanga Avondale, Lusaka, Zambia",,,lusaka,https://www.zambiayp.com/company/18349/Clean_Solutions_Zambia,zambiayp.com
Cloud Digital Agency,"Lusaka, Zambia",,,lusaka,https://www.zambiayp.com/company/18886/Cloud_Digital_Agency,zambiayp.com
Crossroads Lodge,"Plot 6649 Mumana Rd, Lusaka, Zambia",,,lusaka,https://www.zambiayp.com/company/186/Crossroads_Lodge,zambiayp.com
Cyber Polani Gps Tracking system Zambia,"1234 Street silver street City, Lusaka, Zambia",,,lusaka,https://www.zambiayp.com/company/18035/Cyber_Polani_Gps_Tracking_system_Zambia,zambiayp.com
DEGONG equipment,"Lusaka, Zambia",,,lusaka,https://www.zambiayp.com/company/18652/DEGONG_equipment,zambiayp.com
DNK CONSULTANCY & PUBLISHERS LTD,"24 Chimanga Rd,Chilenge South,Lusaka., Zambia",,,lusaka,https://www.zambiayp.com/company/18124/DNK_CONSULTANCY_PUBLISHERS_LTD,zambiayp.com
Ecosky Consultancy Limited,"Plot 1019, Chalala Hill View, Lusaka, Zambia",,,lusaka,https://www.zambiayp.com/company/18418/Ecosky_Consultancy_Limited,zambiayp.com
Ecopich Engineering Limited,"Chalala, Lusaka, Zambia",,,lusaka,https://www.zambiayp.com/company/18700/Ecopich_Engineering_Limited,zambiayp.com
Efficacy Media,"Plot No. 2404 Ibex Hill, Simon Mwansa Kapwepwe Road, Lusaka, Zambia",,,lusaka,https://www.zambiayp.com/company/18843/Efficacy_Media,zambiayp.com
Enomiti Enterprises,"108/10-Salama Park, Lusaka, Zambia",,,lusaka,https://www.zambiayp.com/company/17260/enomiti-tilers-builders,zambiayp.com
EXPONENT BIZOLUTION,"7 Chindo Rd, Woodlands, Lusaka, Zambia",,,lusaka,https://www.zambiayp.com/company/19059/EXPONENT_BIZOLUTION,zambiayp.com
Feela logistics and delivery services,"Plot 252/379 Clinic Street Lusaka leopards hill Road, Zambia",,,lusaka,https://www.zambiayp.com/company/17553/Feela_logistics_and_delivery_services,zambiayp.com
Fibercore Networks Zambia Limited,"46 Senanga Road, Handsworth-Lusaka., Zambia",,,lusaka,https://www.zambiayp.com/company/17966/Fibercore_Networks_Zambia_Limited,zambiayp.com
Flame Group,"Plot 26799 Kafue Road, Lusaka, Zambia",,,lusaka,https://www.zambiayp.com/company/16429/Flame_Group,zambiayp.com
Forlan Logistics Limited,"3148,Zecco Building, Next to Bata Factory, Mukwa Rd, Heavy Industrial Area, Lusaka Zambia",,,lusaka,https://www.zambiayp.com/company/16437/Forlan_Logistics_Limited,zambiayp.com
Frenko Technologies Limited,"Stand No. 24676 Hillview Park Libala South , Lusaka, Zambia",,,lusaka,https://www.zambiayp.com/company/18293/Frenko_Technologies_Limited,zambiayp.com
FSG Zambia Limited - Ideal Funeral Parlour,"Lusaka, Zambia",,,lusaka,https://www.zambiayp.com/company/18880/FSG_Zambia_Limited_Ideal_Funeral_Parlour,zambiayp.com
Godworks Creative Media,"12477 Avic Road, Off Kasama Road, Lusaka, Zambia",,,lusaka,https://www.zambiayp.com/company/18931/Godworks_Creative_Media,zambiayp.com
HiPe Computer Systems,"28 Lubambe Rd, Northmead, Lusaka, Zambia",,,lusaka,https://www.zambiayp.com/company/17380/HiPe_Computer_Systems,zambiayp.com
Impact Studios Zm,"Pemba Rd, close to Shoprite Chilenje, Lusaka, Zambia",,,lusaka,https://www.zambiayp.com/company/18310/Impact_Studios_Zm,zambiayp.com
InvenPro Solutions Limited,"Plot 16751/M/D, Lusaka, Zambia",,,lusaka,https://www.zambiayp.com/company/17981/InvenPro_Solutions_Limited,zambiayp.com
IT Centre Zambia,"Mube Properties, Block B, Chandwe Musonda Road, Lusaka, Zambia",,,lusaka,https://www.zambiayp.com/company/18466/IT_Centre_Zambia,zambiayp.com
KASEKELO,"1298 Fulwe Crescent, Rhodespark, Lusaka, Zambia",,,lusaka,https://www.zambiayp.com/company/18424/KASEKELO,zambiayp.com
Klapton Insurance Zambia,"Unit No. 8B, 1st Floor, Pangaea Business Park, Plot No. 2374, Off Great East Road, L<span style=""color: red"">usa</span>ka, Zambia, Lusaka",,,lusaka,https://www.zambiayp.com/company/19085/KLAPTON_INSURANCE_ZAMBIA,zambiayp.com
Kroupwood Company Limited,"P.O.Box 35239, Lusaka, Zambia",,,lusaka,https://www.zambiayp.com/company/4224/Kroupwood_Company_Limited,zambiayp.com
LINK PHARMACY ZAMBIA,"Shop 36, Mandahill Center, Cnr G.E.Road & Manchichi Road, Lusaka, Zambia",,,lusaka,https://www.zambiayp.com/company/17407/LINK_PHARMACY_ZAMBIA,zambiayp.com
LUHARI AUTOMOBILES,"Jubilee Park, Suite A12, Lubumbashi Road, P.O Box 32792, LUSAKA., Zambia",,,lusaka,https://www.zambiayp.com/company/18069/LUHARI_AUTOMOBILES,zambiayp.com
Lukalinks IT Solutions,"110/9 Kutwa Rd, Villa Ellizabetha, Lusaka Zambia., Zambia",,,lusaka,https://www.zambiayp.com/company/18616/Lukalinks_IT_Solutions,zambiayp.com
LUSCO Architects,"opposite intercity bus station , Lusaka, Zambia",,,lusaka,https://www.zambiayp.com/company/18005/LUSCO_Architects,zambiayp.com
Manje Manje Deliveries,"17B Manda Hill Road, Olympia Park, Lusaka, Zambia",,,lusaka,https://www.zambiayp.com/company/18809/Manje_Manje_Deliveries,zambiayp.com
MDStudio,"4933 Makishi Road Fairview, Lusaka, Zambia",,,lusaka,https://www.zambiayp.com/company/17430/mdstudio,zambiayp.com
Mika Hotel,"Plot No. 116 Kudu Road, Kabulonga, Lusaka, Zambia",,,lusaka,https://www.zambiayp.com/company/16586/Mika_Hotel,zambiayp.com
Monster Mechanix,"48, Mukamunya Estate, Leopards hill, lusaka, Zambia.",,,lusaka,https://www.zambiayp.com/company/19200/Monster_Mechanix,zambiayp.com
M31 Research,"46 Senanga Road, Off Great East Road, Handsworth Lusaka, Zambia",,,lusaka,https://www.zambiayp.com/company/18358/M31_Research,zambiayp.com
NEER CONSTRUCTION LIMITED,"olympia, lusaka, Zambia",,,lusaka,https://www.zambiayp.com/company/18585/NEER_CONSTRUCTION_LIMITED,zambiayp.com
NETFEM ENTERPRISES LIMITED,"Findeco House 8th floor room #5. / Other offices: North-mead heritage mall, Lusaka., Zambia",,,lusaka,https://www.zambiayp.com/company/18455/NETFEM_ENTERPRISES_LIMITED,zambiayp.com
Pawan Motorbikes & Three-Wheelers Zambia,"Plot no.1 Munali road, Opp old munali filling station Jesmondine, Lusaka, Zambia",,,lusaka,https://www.zambiayp.com/company/18399/Pawan_Motorbikes_Three_Wheelers_Zambia,zambiayp.com
PayRo-Sys,"6 Ghandi, Lusaka, Zambia",,,lusaka,https://www.zambiayp.com/company/17399/PayRo_Sys,zambiayp.com
Pensulo Publishers LImited,"Plot#:20, Tito Road, C/O International Leadership Foundation, Zambia Open Community Schools premises, Rhodespark, Lusaka",,,lusaka,https://www.zambiayp.com/company/17411/Pensulo_Publishers_LImited,zambiayp.com
Platinum Hydraulics Zambia,"Plot No. 1636, Crescent Industrial Complex Heavy Industial Area Malambo Road Lusaka, Zambia",,,lusaka,https://www.zambiayp.com/company/19027/Platinum_Hydraulics_Zambia,zambiayp.com
Redbridge Marketing Ltd,"Radian Stores Ltd Head Office, Bata COmplex, Mukwa Road, Lusaka, Zambia",,,lusaka,https://www.zambiayp.com/company/15512/Redbridge_Marketing_Ltd,zambiayp.com
Rescue Kings Ltd,"6694 Chiwalamabwe Road, Olympia, Lusaka,Zambia",,,lusaka,https://www.zambiayp.com/company/18213/Rescue_Kings_Ltd,zambiayp.com
SEMA Services Limited,"26194 Augustine Lungu Road, Lusaka, Zambia",,,lusaka,https://www.zambiayp.com/company/17968/SEMA_Services_Limited,zambiayp.com
SGM-Entrepreneurs Development Circles,"INDECO House, 5th Floor, Room, 506, Eastern wing, Cairo Road Lusaka., Zambia",,,lusaka,https://www.zambiayp.com/company/18653/SGM_Entrepreneurs_Development_Circles,zambiayp.com
Shengamo,"18 Magoye Road, Kalundu , Lusaka, Zambia",,,lusaka,https://www.zambiayp.com/company/16312/Shengamo,zambiayp.com
Shumba Trailers & Fabrications,"Plot No. 10935 Off-Mumbwa Road, Chinika Industrial Area, Lusaka, Zambia",,,lusaka,https://www.zambiayp.com/company/17379/Shumba_Trailers_Fabrications,zambiayp.com
Stoneridge Estate,"2328 Malaiti Road, New Kasama, Lusaka, Zambia",,,lusaka,https://www.zambiayp.com/company/17484/Stoneridge_Estate,zambiayp.com
Style Metrics,"Chilenje off Murumba road at Muramba square shop number eight. Or in town at fidelity mall shop number twelve corner of katondo and cha-cha. In NORTHMEAD at corner mall upstairs shop number 32, Lusaka, Zambia",,,lusaka,https://www.zambiayp.com/company/17846/Style_Metrics,zambiayp.com
Tamarin Investments Limited,"Plot No. 1777 Buchi road Off Lubambe road, Northmead Lusaka, Zambia",,,lusaka,https://www.zambiayp.com/company/18627/Tamarin_Investments_Limited,zambiayp.com
TANUGER GUEST HOUSE,"Sibweni Road, Lusaka, Zambia",,,lusaka,https://www.zambiayp.com/company/17626/TANUGER_GUEST_HOUSE,zambiayp.com
Tiona Trust School,"P.O Box 50558 Lusaka, Zambia",,,lusaka,https://www.zambiayp.com/company/17571/Tiona_Trust_School,zambiayp.com
Torque Marketing Limited,"No. 921 Lubwe Close, New Avondale, Lusaka, Zambia",,,lusaka,https://www.zambiayp.com/company/17200/Torque_Marketing_Limited,zambiayp.com
Traceability Solutions Zambia,"441 A Off Kaleya Road Roma Lusaka, Zambia",,,lusaka,https://www.zambiayp.com/company/18295/Traceability_Solutions_Zambia,zambiayp.com
Tubombeko Enterprises,"2415 Augustin Lungu road, Lusaka Zambia",,,lusaka,https://www.zambiayp.com/company/18138/Tubombeko_Enterprises,zambiayp.com
Tutor Tavern Limited,"5, Chilufya Mulenga Road, Longacres, Lusaka, Zambia",,,lusaka,https://www.zambiayp.com/company/18048/Tutor_Tavern_Limited,zambiayp.com
VEGA BUSINESS SOLUTIONS,"Cairo Road, Lusaka - Zambia",,,lusaka,https://www.zambiayp.com/company/17963/VEGA_BUSINESS_SOLUTIONS,zambiayp.com
YONGTAI ENGINEERING CONSTRUCTION CO. (Z) LTD,"5481 Olympia, Libala Rd, Lusaka, Zambia",,,lusaka,https://www.zambiayp.com/company/17741/YONGTAI_ENGINEERING_CONSTRUCTION_CO_Z_LTD,zambiayp.com
Zambia Online Businesses Inc.,"18a mwala Road kamwala south, Lusaka, Zambia",,,lusaka,https://www.zambiayp.com/company/17983/Zambia_Online_Businesses_Inc,zambiayp.com
ZuX Branding,"Alick Nkhata Rd Kalingalinga , Lusaka, Zambia",,,lusaka,https://www.zambiayp.com/company/19082/ZuX_Branding,zambiayp.com
Acclaim Driving School,"Lusaka, Zambia",,,lusaka,https://www.zambiayp.com/company/17193/Ibute_Tutu_Driving_School,zambiayp.com
Africa Drilling & Exploration Ltd,"#20, Chaholi Road, Rhodes Park, Lusaka, Zambia",,,lusaka,https://www.zambiayp.com/company/17231/Africa_Drilling_Exploration_Ltd,zambiayp.com
AfriDelivery,"Alick nkhata road, Lusaka, Zambia",,,lusaka,https://www.zambiayp.com/company/17672/AfriDelivery,zambiayp.com
Afri Ink Zambia LTD,"5184 Chisango Rd, Lusaka, Zambia",,,lusaka,https://www.zambiayp.com/company/19229/Afri_Ink_Zambia_LTD,zambiayp.com
Agile Solutions Zambia Ltd,"Plot 7349, Katanga Road, Heavy Industrial Area, Lusaka, Zambia",,,lusaka,https://www.zambiayp.com/company/16506/Agile_Solutions_Zambia_Ltd,zambiayp.com
AUTOLINE CENTER ZAMBIA,"[email protected], Lusaka, Zambia",,,lusaka,https://www.zambiayp.com/company/18774/AUTOLINE_CENTER_ZAMBIA,zambiayp.com
Avalon Global Media | Web Designer,"9 Limson House, Lusaka, Zambia",,,lusaka,https://www.zambiayp.com/company/18538/Avalon_Global_Media_Web_Designer,zambiayp.com
Barcodes Zambia,"off sable road, Kabulonga Extension , Lusaka, Zambia",,,lusaka,https://www.zambiayp.com/company/18423/Barcodes_Zambia,zambiayp.com
Chita Lodge,"25 Chakeluka Rd Olympia Pk, P.O.Box 31441, Lusaka, Zambia",,,lusaka,https://www.zambiayp.com/company/24/Chita_Lodge,zambiayp.com
ChristianJay Investments Ltd,"No. 23090, Bennie Mwiinga Housing Complex P.H.I, Off Great East Road., Lusaka, Zambia",,,lusaka,https://www.zambiayp.com/company/17701/ChristianJay_Investments_Ltd,zambiayp.com
Corporate Hubs Zambia Ltd,"28 Lubambe Rd, Northmead, Lusaka, Zambia",,,lusaka,https://www.zambiayp.com/company/18040/Corporate_Hubs_Zambia_Ltd,zambiayp.com
Solid Digital Media Ltd,"Room 15 Limson House Freedom away , Lusaka, Zambia",,,lusaka,https://www.zambiayp.com/company/18331/Solid_Digital_Media_Ltd,zambiayp.com
Emperor Palace Casino (EPC),"Embassy Shopping Mall Kafue Road, Makeni, Lusaka 20202, Zambia",,,lusaka,https://www.zambiayp.com/company/17543/Emperor_Palace_Casino_EPC,zambiayp.com
Fusion Informatics in Zambia,"50 Long Street, Lusaka,Zambia.",,,lusaka,https://www.zambiayp.com/company/17960/Fusion_Informatics_in_Zambia,zambiayp.com
Geolons Photography,"Kamwala South, Lusaka, Zambia",,,lusaka,https://www.zambiayp.com/company/17248/Geolons_Photography,zambiayp.com
Golden Peacock Hotel,"173- A Kasangula Road, Roma, Lusaka, Zambia",,,lusaka,https://www.zambiayp.com/company/16570/Golden_Peacock_Hotel,zambiayp.com
Grandé Verde Zambia,"14 Leopards Hill Road, Lusaka, Zambia",,,lusaka,https://www.zambiayp.com/company/17624/Grandé_Verde_Zambia,zambiayp.com
Icono Global Digital Marketing,"L58 Market Street, Chelstone, Lusaka, Zambia",,,lusaka,https://www.zambiayp.com/company/18145/Icono_Global_Digital_Marketing,zambiayp.com
Image Promotions Limited Zambia,"Plot 33 Omelo Mumba Rd Rhodes Park, Lusaka, Zambia",,,lusaka,https://www.zambiayp.com/company/17618/Image_Promotions_Limited_Zambia,zambiayp.com
Insight Partners Africa,"Lusaka, Zambia",,,lusaka,https://www.zambiayp.com/company/19116/Insight_Partners_Africa,zambiayp.com
3K&L Consultants,"Kasangula Road, Roma, Lusaka, Zambia",,,lusaka,https://www.zambiayp.com/company/17564/3KL_Consultants,zambiayp.com
Konzani Gardens Lodge,"New Mumbwa Road , Lusaka, Zambia",,,lusaka,https://www.zambiayp.com/company/16578/Konzani_Gardens_Lodge,zambiayp.com
LabCHAMP,10101 Polonalio Miti Road Villa Elizabetha Lusaka Zambia,,,lusaka,https://www.zambiayp.com/company/18179/LabCHAMP,zambiayp.com
MAESTRO INNOVATIONS LIMITED,"Cairo road opp. Post Office , Lusaka, Zambia",,,lusaka,https://www.zambiayp.com/company/17310/MAESTRO_INNOVATIONS_LIMITED,zambiayp.com
Magnetic Marketing,"Chalala, Lusaka, Zambia",,,lusaka,https://www.zambiayp.com/company/18568/Magnetic_Marketing,zambiayp.com
Master Class Promo Limited,"Plot L/18984/M SOUTH PARK STREET, LILAYI, Lusaka, Zambia",,,lusaka,https://www.zambiayp.com/company/18398/Master_Class_Promo_Limited,zambiayp.com
Mobile Payment Solutions,"759 Independence Avenue, Woodlands, Lusaka, Zambia",,,lusaka,https://www.zambiayp.com/company/18702/Mobile_Payment_Solutions,zambiayp.com
Mpower Ventures Zambia Limited,"MPower Ventures Zambia Ltd. 100 Subdivision 487, Kabulonga Lusaka Zambia",,,lusaka,https://www.zambiayp.com/company/19230/Mpower_Ventures_Zambia_Limited,zambiayp.com
Mundial Global Systems Limited,"Suite 5 Lex House, Corner Tito Road / Addis Ababa Drive, Rhodes Park, Lusaka, ZAMBIA",,,lusaka,https://www.zambiayp.com/company/17986/Mundial_Global_Systems_Limited,zambiayp.com
Mwecha Suppliers Limited,13324 Chanda Mali Road Chilenje Chalala Lusaka Zambia,,,lusaka,https://www.zambiayp.com/company/17467/Mwecha_Suppliers_Limited,zambiayp.com
Nchitonet Dot Com Ltd.,"P.O Box 30226 Lusaka, Zambia",,,lusaka,https://www.zambiayp.com/company/17391/Nchitonet_Dot_Com_Ltd,zambiayp.com
Nector Prime Accounting Solutions,"Findeco House Room 8, 7th Floor , Sepele Avenue , Lusaka  Zambi, Zambia",,,lusaka,https://www.zambiayp.com/company/17250/Nector_Prime_Accounting_Solutions,zambiayp.com
Nonic Infosystems,"54 A Makeni, Lusaka, Zambia",,,lusaka,https://www.zambiayp.com/company/19041/Nonic_Infosystems,zambiayp.com
Precious-Life Technologies,"Iringa Mall, Shop 15, Chachacha Rd, Lusaka, Zambia",,,lusaka,https://www.zambiayp.com/company/18250/Precious_Life_Technologies,zambiayp.com
Premium Drilling,"Gardenia,Chelstone, Lusaka, Zambia",,,lusaka,https://www.zambiayp.com/company/18932/Premium_Drilling,zambiayp.com
Prime Taxi,"Avondale, Lusaka Zambia",,,lusaka,https://www.zambiayp.com/company/19060/Prime_Taxi,zambiayp.com
Prosec Security Services Limited,"Plot 11298, Mwalule Road, Off Makishi Road, Northmead, Lusaka, Zambia",,,lusaka,https://www.zambiayp.com/company/18131/Prosec_Security_Services_Limited,zambiayp.com
Prudential Assurance Zambia,"Prudential House, Thabo Mbeki Road, Lusaka City, Zambia",,,lusaka,https://www.zambiayp.com/company/18106/Prudential_Assurance_Zambia,zambiayp.com
Safique's Trading For Fabrics,"Dedan Kimathi Road, Tazara House, Lusaka, Zambia",,,lusaka,https://www.zambiayp.com/company/6503/Safiques_Trading_For_Fabrics,zambiayp.com
Satwant Transport,"36 B Los Angeles Road, Makeni, Lusaka, Zambia",,,lusaka,https://www.zambiayp.com/company/5308/Satwant_Transport,zambiayp.com
Selahpix,"258/100 Off Twin Palm Rd, Lusaka, Zambia",,,lusaka,https://www.zambiayp.com/company/17438/Selahpix,zambiayp.com
SKY GUARD,"Office 158, Carousel Shopping Center, Lusaka, Zambia",,,lusaka,https://www.zambiayp.com/company/17420/SKY_GUARD,zambiayp.com
Sunrise Beverages Ltd,"10952 Chandwe Musonda Road, Lusaka, Zambia",,,lusaka,https://www.zambiayp.com/company/17083/Sunrise_Beverages_Ltd,zambiayp.com
Tapiwa Musinga Marketing,"2183 Meanwood Ndeke Phase 2, Lusaka, Zambia",,,lusaka,https://www.zambiayp.com/company/18668/Tapiwa_Musinga_Marketing,zambiayp.com
Tigmoo,"Plot 6392 Dundudza Chisidza Road Longacres, Lusaka, Zambia",,,lusaka,https://www.zambiayp.com/company/17554/Tigmoo,zambiayp.com
Tractor Corner Zambia,"Lusaka, Zambia",,,lusaka,https://www.zambiayp.com/company/19043/Tractor_Corner_Zambia,zambiayp.com
Tractors Zambia,"Lusaka, Zambia",,,lusaka,https://www.zambiayp.com/company/19095/Tractors_Zambia,zambiayp.com
TRISTAR CARGO LIMITED,"Plot 5251,Zecco Building,Mukwa Road, Lusaka, Zambia",,,lusaka,https://www.zambiayp.com/company/17428/TRISTAR_CARGO_LIMITED,zambiayp.com
United Gypsum Investments Limited,"York Farm Road, Off Kafue Road, Plot No: 2344 Sub7 | Sub B |PO.34033 Lusaka, Zambia",,,lusaka,https://www.zambiayp.com/company/18628/United_Gypsum_Investments_Limited,zambiayp.com
Vicamtrol,"3 Triq il-Mitħna l-Qadima, Lusaka, Zambia",,,lusaka,https://www.zambiayp.com/company/19232/Vicamtrol,zambiayp.com
Visor Web Technologies,"Lusaka, Zambia",,,lusaka,https://www.zambiayp.com/company/18576/Visor_Web_Technologies,zambiayp.com
Web Design in Zambia,"123 main st, Lusaka, Zambia",,,lusaka,https://www.zambiayp.com/company/17295/Web_Design_in_Zambia,zambiayp.com
William Scott,"Chiwalamabwe Road 6694 , Lusaka, Zambia",,,lusaka,https://www.zambiayp.com/company/17872/William_scott,zambiayp.com
Zamaka Services & Solutions Limited,"Just off Leopards Hill Road, Lusaka, Zambia",,,lusaka,https://www.zambiayp.com/company/18497/Zamaka_Services_Solutions_Limited,zambiayp.com
Zinggati Enterprises,"6335 khola road, Lusaka, Zambia",,,lusaka,https://www.zambiayp.com/company/18714/zinggati_Enterprises,zambiayp.com
Abb Ltd,"Foxdale Court Suite 133, 609 Zambezi Rd Roma, Lusaka, Zambia",,,lusaka,https://www.zambiayp.com/company/5019/Abb_Ltd,zambiayp.com
Access Bank,"Plot 682 Cairo Rd, Town Centre, P.O.Box 35273, Lusaka, Zambia",,,lusaka,https://www.zambiayp.com/company/7222/Access_Bank,zambiayp.com
Accurate Sheet Metal Limited,"Great North Road, Lusaka, Zambia",,,lusaka,https://www.zambiayp.com/company/18431/Accurate_Sheet_Metal_Limited,zambiayp.com
AfriMedia Designs,"6 Luneta Street, Northrise, Lusaka, Zambia",,,lusaka,https://www.zambiayp.com/company/17204/AfriMedia_Designs,zambiayp.com
Agrikilimo Cert,"19446/M Chalala Lusaka, Zambia",,,lusaka,https://www.zambiayp.com/company/19065/Agrikilimo_Cert,zambiayp.com
AKZ Group Limited,"AKZ Mall, off Ring Road, Near Puzanji Lodge, New Kasama, Lusaka, Zambia",,,lusaka,https://www.zambiayp.com/company/18617/AKZ_Group_Limited,zambiayp.com
Amiran Limited,"Plot 9362, Mumbwa Rd, P.O.Box 31744, Lusaka, Zambia",,,lusaka,https://www.zambiayp.com/company/4930/Amiran_Limited,zambiayp.com
Aprons Zambia,"Lumumba road, Lusaka, Zambia",,,lusaka,https://www.zambiayp.com/company/17979/Aprons_Zambia,zambiayp.com
Ascentia Consultants,"No. 11 Matandani Close, Rhodes Park, Lusaka, Zambia.",,,lusaka,https://www.zambiayp.com/company/18211/Ascentia_Consultants,zambiayp.com
Automotive Performance Centre (formerly Auto Tech),"181 Luanshya Rd, Light Ind Area, P.O.Box 32162, Lusaka, Zambia",,,lusaka,https://www.zambiayp.com/company/2571/Automotive_Performance_Centre_formerly_Auto_Tech,zambiayp.com
Bank Of Zambia,"Bank Square, Cairo Road, Lusaka, Zambia",,,lusaka,https://www.zambiayp.com/company/6122/Bank_Of_Zambia,zambiayp.com
BARFIG SWIMPOOL LTD.,"1561 LUMUMBA ROAD , Lusaka, Zambia",,,lusaka,https://www.zambiayp.com/company/15535/BARFIG_SWIMPOOL_LTD,zambiayp.com
BetterWorld Energy Ltd,"Kabulonga, Lusaka, Zambia",,,lusaka,https://www.zambiayp.com/company/17949/BetterWorld_Energy_Ltd,zambiayp.com
BS Management Consultants Ltd,"Plot 38160 Mass Media , Lusaka, Zambia",,,lusaka,https://www.zambiayp.com/company/17797/BS_Management_Consultants_Ltd,zambiayp.com
BUDGET STORES LTD,"Plot No.42 Chipwenupwenu Rd,Makeni, Lusaka, Zambia",,,lusaka,https://www.zambiayp.com/company/17196/BUDGET_STORES_LTD,zambiayp.com
Buoyant Africa,"189 Second  Floor, Carousel Shopping Mall, Lusaka, Zambia",,,lusaka,https://www.zambiayp.com/company/18509/Buoyant_Africa,zambiayp.com
Capital Fisheries Limited,"Plot 6980, Katanga Rd, Industrial Area, P.O.Box 34650, Lusaka, Zambia",,,lusaka,https://www.zambiayp.com/company/4179/Capital_Fisheries_Limited,zambiayp.com
Cashbuild Hardware Ltd,"Shop Number 275, Cnr Great East & Airport Roads, Lusaka, Zambia",,,lusaka,https://www.zambiayp.com/company/5397/Cashbuild_Hardware_Ltd,zambiayp.com
Catholic Relief Services Zambia,"377/43C/2C Ibex Hill Road, P.O. Box: 38086, Lusaka, Zambia",,,lusaka,https://www.zambiayp.com/company/16960/Catholic_Relief_Services_Zambia,zambiayp.com
C H C Commodities,"Plot 7420 / 7457 Cida Sheds Mwembeshi Rd, Lusaka, Zambia",,,lusaka,https://www.zambiayp.com/company/4197/C_H_C_Commodities,zambiayp.com
Chingases Company Limited,"Mumbwa Rd Box 30188, Manufacturers of high, Lusaka, Zambia",,,lusaka,https://www.zambiayp.com/company/14425/Chingases_Company_Limited,zambiayp.com
Clean Solutions Zambia,"Woodlands Lusaka , Zambia",,,lusaka,https://www.zambiayp.com/company/18045/Clean_Solutions_Zambia,zambiayp.com
Corporate IT Solutions,"Chisango Rd, Lusaka, Zambia",,,lusaka,https://www.zambiayp.com/company/2154/Corporate_IT_Solutions,zambiayp.com
Corporate Air Ltd,"Chrismar Hotel Los Angeles Blvd Longacres Lusaka, Zambia",,,lusaka,https://www.zambiayp.com/company/16877/Corporate_Air_Ltd,zambiayp.com
Créer Agency Zambia,"1873 3rd Street Ibex Hill, Lusaka, Zambia",,,lusaka,https://www.zambiayp.com/company/18566/Créer_Agency_Zambia,zambiayp.com
Cummins Automotive Services & Parts,"6980, Katanga Road, off Mungwi Road, Lusaka, Zambia",,,lusaka,https://www.zambiayp.com/company/17100/Cummins_Automotive_Services_Parts,zambiayp.com
Decotex Paints,"Off Light Industrial Area, Chandwe Musonda Rd, Lusaka, Zambia",,,lusaka,https://www.zambiayp.com/company/4013/Decotex_Paints,zambiayp.com
Development Bank Of Zambia,"Plot No. 52954, Katopola Road, Kalongola Site & Services. P.O BOX 511243, Lusaka, Zambia",,,lusaka,https://www.zambiayp.com/company/7056/Development_Bank_Of_Zambia,zambiayp.com
E and A Travel and Tours Ltd,"No 4 Nchenja Road, Northmead Lusaka, Zambia",,,lusaka,https://www.zambiayp.com/company/17994/E_and_A_Travel_and_Tours_Ltd,zambiayp.com
ETMA Technologies,01/08 NorthMed Lusaka Zambia,,,lusaka,https://www.zambiayp.com/company/18122/ETMA_Technologies,zambiayp.com
Excel Travel and Tours,Plot 6078A Great East Road Northmead  Lusaka Zambia,,,lusaka,https://www.zambiayp.com/company/16336/Excel_Travel_and_Tours,zambiayp.com
FAST FOLD ENERGY SOLUTIONS,"Kudu Road Kabulonga, Lusaka, Zambia",,,lusaka,https://www.zambiayp.com/company/18314/FAST_FOLD_ENERGY_SOLUTIONS,zambiayp.com
"First National Bank, FNB Call Centre Zambia","Thabo Mbeki Rd, Lusaka, Zambia",,,lusaka,https://www.zambiayp.com/company/7224/First_National_Bank,zambiayp.com
Flex Payroll System,"Office S2, Mulungushi Confreance Centre, Lusaka, Zambia",,,lusaka,https://www.zambiayp.com/company/18470/Flex_Payroll_System,zambiayp.com
Freshline general drealers limited,"foxdale court zambezi road plot 609, Lusaka, Zambia",,,lusaka,https://www.zambiayp.com/company/18023/freshline_general_drealers_limited,zambiayp.com
Genesis Office Systems,"5130 Chandwe Musonda Rd, Lusaka, Zambia",,,lusaka,https://www.zambiayp.com/company/2156/Genesis_Office_Systems,zambiayp.com
Genron Vehicles Zambia,"SUB E OF SUB 5 OF SUB L OF FARM2037, MUNGWI ROAD L<span style=""color: red"">USA</span>KA WEST, Lusaka, Zambia",,,lusaka,https://www.zambiayp.com/company/19233/GENRON_VEHICLES_ZAMBIA,zambiayp.com
Gold Touch Food Safety Management Consultancy Ltd,"Plot No: 234/M , Lusaka, Zambia",,,lusaka,https://www.zambiayp.com/company/17506/Gold_Touch_Food_Safety_Management_Consultancy_Ltd,zambiayp.com
Good Time Steel,"33811 Mungwi Rd, Lusaka, Zambia",,,lusaka,https://www.zambiayp.com/company/4078/Good_Time_Steel,zambiayp.com
Hakika Logistics Limited,"30 A Leopard Hills Road, Lusaka, Zambia",,,lusaka,https://www.zambiayp.com/company/18284/Hakika_Logistics_Limited,zambiayp.com
Heinrich's Beverages,"Plot, Malambo Rd, P.O.Box 32740, Lusaka, Zambia",,,lusaka,https://www.zambiayp.com/company/3688/Heinrichs_Beverages,zambiayp.com
Horizon Properties,"9 SHOP NO. 8, KABULONGA SHOPPING COMPLEX , Lusaka, Zambia",,,lusaka,https://www.zambiayp.com/company/6005/Horizon_Properties,zambiayp.com
Image Promotions Ltd,"Plot x33 Omelo Mumba Road, Rhodes Park, Lusaka, Zambia",,,lusaka,https://www.zambiayp.com/company/4211/Image_Promotions_Ltd,zambiayp.com
Infobizcrm,"Plot 5251,Zecco Building,Mukwa Road, Lusaka, Zambia",,,lusaka,https://www.zambiayp.com/company/17417/infobizcrm,zambiayp.com
Kalima Innovations,"Luwangwa Lusaka 45/35, Zambia",,,lusaka,https://www.zambiayp.com/company/19190/Kalima_Innovations,zambiayp.com
Kaystech Gensets,"Number 1, Buchi Road, Norhmead, Lusaka, Zambia",,,lusaka,https://www.zambiayp.com/company/17289/kaystech-gensets,zambiayp.com
Keegy Ltd,"12773 Off Mumbwa Road, Chinika Industrial Area, P.O. Box: 37346, Lusaka, Zambia",,,lusaka,https://www.zambiayp.com/company/5324/Keegy_Ltd,zambiayp.com
Maxlin Enterprise Ltd,"Stand No. 3227, House No. 20, Paseli Road, Northmead, Lusaka, Zambia",,,lusaka,https://www.zambiayp.com/company/1733/Maxlin_Enterprise_Ltd,zambiayp.com
Mercury Express Logistics,"Dundudza Chisidza Rd, Longacres, Lusaka, Zambia",,,lusaka,https://www.zambiayp.com/company/1782/Mercury_Express_Logistics,zambiayp.com
Ministry Of Education,"89 Corner of Chimanga and Mogadishu Road, P.O. Box 50093, Lusaka, Zambia",,,lusaka,https://www.zambiayp.com/company/7572/Ministry_Of_Education,zambiayp.com
Moshiontech Media,"2nd floor, Chiparamba Road, SSunsoft building, Lusaka, Zambia",,,lusaka,https://www.zambiayp.com/company/17617/Moshiontech_Media,zambiayp.com
Mount Meru Petroleum (z) Ltd,"Plot No A/255/609/A, Zambezi Road, P.O.Box 34360, Lusaka, Zambia",,,lusaka,https://www.zambiayp.com/company/1468/Mount_Meru_Petroleum_z_Ltd,zambiayp.com
MP & Associates Ltd,"8237 Nangwenya Road,Rhodespark Lusaka, Zambia",,,lusaka,https://www.zambiayp.com/company/17405/MP_Associates_Ltd,zambiayp.com
Mukatasha Enterprises Ltd,"Plot 7165, Mukatasha Rd, Industrial Area, Lusaka, Zambia",,,lusaka,https://www.zambiayp.com/company/3813/Mukatasha_Enterprises_Ltd,zambiayp.com
Muntu Air Partner,"932A Riverside Road, New Avondale Farm 378A, Lusaka, Zambia.",,,lusaka,https://www.zambiayp.com/company/19068/Muntu_Air_Partner,zambiayp.com
Namununga School Ltd,"Chandwe Musonda Rd, Lusaka, Zambia",,,lusaka,https://www.zambiayp.com/company/7387/Namununga_School_Ltd,zambiayp.com
National Legal Aid Clinic For Women,"Musonda Ngosa Rd 110A/150 Villa Elizabetha, Lusaka, Zambia",,,lusaka,https://www.zambiayp.com/company/7689/National_Legal_Aid_Clinic_For_Women,zambiayp.com
Nemchem International Ltd,"Plot 7303/7304 Kambala Road, Lusaka, Zambia",,,lusaka,https://www.zambiayp.com/company/1744/Nemchem_International_Ltd,zambiayp.com
Neon & General Signs,"55 Great East Road, Lusaka, Zambia",,,lusaka,https://www.zambiayp.com/company/17121/Neon_General_Signs,zambiayp.com
Norwich Trading Limited,"1254 Chinika Industrial Area , Lusaka, Zambia",,,lusaka,https://www.zambiayp.com/company/16276/Norwich_Trading_Limited,zambiayp.com
Novatek Animal Feeds,"Plot 9070 Katanga Rd Off Mumbwa Rd, P.O.Box 33876, Lusaka, Zambia",,,lusaka,https://www.zambiayp.com/company/5416/Novatek_Animal_Feeds,zambiayp.com
Parmalat Zambia Ltd,"Mungwi Rd, P.O.Box 34930, Lusaka, Zambia",,,lusaka,https://www.zambiayp.com/company/4160/Parmalat_Zambia_Ltd,zambiayp.com
Patients-Doctors Hub,"Leopards hill road,State Lodge near bauleni, Lusaka, Zambia",,,lusaka,https://www.zambiayp.com/company/18575/Patients_Doctors_Hub,zambiayp.com
Pelkap Global Consulting,"Olympia Park extension Plot 6559 Mumana Road, Lusaka, Zambia",,,lusaka,https://www.zambiayp.com/company/16365/Pelkap_Global_Consulting,zambiayp.com
Pep Stores Zambia,"Plot 8589 Lumumba Rd, Lusaka, Zambia",,,lusaka,https://www.zambiayp.com/company/6802/Pep_Stores_Zambia,zambiayp.com
Plant A Million Zambia,"3A Ntoyo Road | Woodlands | P.O. Box 34391 | 10101 Lusaka, Zambia",,,lusaka,https://www.zambiayp.com/company/18866/Plant_A_Million_Zambia,zambiayp.com
Poseidon Construction Co Ltd,"Light Industrial Area, Corner Chibengele / Mukatasha Roads, Plot # 7306, Lusaka, Zambia",,,lusaka,https://www.zambiayp.com/company/930/Poseidon_Construction_Co_Ltd,zambiayp.com
Prosperity Agencies,"Findeco House, First Floor, Suite 4, Cairo Road Road, Lusaka, Zambia",,,lusaka,https://www.zambiayp.com/company/14524/Prosperity_Agencies,zambiayp.com
Radami Sports Native(RSN),"1 Mumba crescent , Lusaka, Zambia",,,lusaka,https://www.zambiayp.com/company/19195/Radami_Sports_NativeRSN,zambiayp.com
Rebus Research Consultancy,"Plot 140, 2nd Mwambula Street, Jesmondine, Lusaka, Zambia",,,lusaka,https://www.zambiayp.com/company/17526/Rebus_Research_Consultancy,zambiayp.com
Safintra (z) Ltd,"Plot 7239, Mukatasha Rd, Industrial Area, P.O.Box 32414, Lusaka, Zambia",,,lusaka,https://www.zambiayp.com/company/4041/Safintra_z_Ltd,zambiayp.com
SAFE WORLD TRUST SCHOOL,"Plot 4718/M Jack Compound, P.O.BOX 243, CHAWAMA, 10200, Lusaka, Zambia",,,lusaka,https://www.zambiayp.com/company/17791/SAFE_WORLD_TRUST_SCHOOL,zambiayp.com
Saro Agro Industrial Ltd,"Plot 5284 Buyantanshi Rd (Off Lumumba Rd), P.O.Box 35168, Lusaka, Zambia",,,lusaka,https://www.zambiayp.com/company/6888/Saro_Agro_Industrial_Ltd,zambiayp.com
Sherwood Greene (Head Office),"2nd Floor Mukuba Pension House Dedhani Kimathi Road P.O. Box 32628, Lusaka, Zambia",,,lusaka,https://www.zambiayp.com/company/1476/Sherwood_Greene_Properties,zambiayp.com
Sho'dol Beauty Store,"Corner of Kabelenga Road and Church Road, Lusaka, Zambia",,,lusaka,https://www.zambiayp.com/company/17764/Shodol_Beauty_Store,zambiayp.com
SIVART GENERAL DEALERS,"3066, Lusaka, Zambia",,,lusaka,https://www.zambiayp.com/company/18504/SIVART_GENERAL_DEALERS,zambiayp.com
Sky Smart Limited,"Office 157, 1st Floor, Kafue Rd/ Lumumba Rd, Lusaka, Zambia",,,lusaka,https://www.zambiayp.com/company/17347/Sky_Smart_Limited,zambiayp.com
Smartnet Limited,"17 Lubambe Road Northmead Lusaka, Zambia",,,lusaka,https://www.zambiayp.com/company/4506/Smartnet_Limited,zambiayp.com
Southern Cross Motors,"Plot, Kafue Rd, P.O.Box 33670, Lusaka, Zambia",,,lusaka,https://www.zambiayp.com/company/2502/Southern_Cross_Motors,zambiayp.com
"South African Airways in Zambia, Lusaka Office SAA","SAA Town Office Southern Sun Ridgeway  Plot 746,Church hill Road Lusaka, Zambia",,,lusaka,https://www.zambiayp.com/company/16884/South_African_Airways_in_Zambia,zambiayp.com
Speedy Lock & Key Services,"Plot No. 8157/88, North End, (@Total Filling Station) Cairo Road, Lusaka, Zambia",,,lusaka,https://www.zambiayp.com/company/19014/SPEEDY_LOCK_KEY_SERVICES,zambiayp.com
Strong Technologies Ltd,"Shop#3 Star Shopping Ctr, Northmead, Lusaka, Zambia",,,lusaka,https://www.zambiayp.com/company/5239/Strong_Technologies_Ltd,zambiayp.com
TeMacro,"Teagles Road Makeni, Teagles Road Makeni, Lusaka, Zambia",,,lusaka,https://www.zambiayp.com/company/17858/TeMacro,zambiayp.com
Tilt Africa,"Plot 10937 Mwatusanga Road Woodlands, Lusaka, Zambia",,,lusaka,https://www.zambiayp.com/company/18176/Tilt_Africa,zambiayp.com
Tokyo Optician,"Shop 112 Opp Main Post Office Cairo Rd, Lusaka, Zambia",,,lusaka,https://www.zambiayp.com/company/7812/Tokyo_Optician,zambiayp.com
Triple 5 Photography,"Kuku, Chawama, Lusaka, Zambia",,,lusaka,https://www.zambiayp.com/company/18559/Triple_5_Photography,zambiayp.com
Try zambia travel and tours,"13 Buluwe road, Woodlands, Lusaka, Zambia",,,lusaka,https://www.zambiayp.com/company/18186/try_zambia_travel_and_tours,zambiayp.com
Tyler Greyson,"Plot 8 Feira Court, Northmead, Lusaka Zambia 10101",,,lusaka,https://www.zambiayp.com/company/17727/Tyler_Greyson,zambiayp.com
Universal Electric Co,"Plot 7186 Mukatasha Rd, P.O.Box 34258, Lusaka, Zambia",,,lusaka,https://www.zambiayp.com/company/4987/Universal_Electric_Co,zambiayp.com
United Chemolide Industries,"Plot 7154, Mukatasha Road, Light Industrial Area, P.O. Box: 30095, Lusaka, Zambia",,,lusaka,https://www.zambiayp.com/company/17051/United_Chemolide_Industries,zambiayp.com
UNIVERSITY OF AFRICA,"Bukavo Road, Lusaka, Zambia",,,lusaka,https://www.zambiayp.com/company/17462/UNIVERSITY_OF_AFRICA,zambiayp.com
Vistazam Limited,"Plot # 7403, Mungwi center complex, Mungwi Road, Lusaka, Zambia",,,lusaka,https://www.zambiayp.com/company/6500/Vistazam_Limited,zambiayp.com
Zamleather Limited T/a Zamshu Ltd,"Plot 4970 Manda Road, Industrial Area, Lusaka, Zambia",,,lusaka,https://www.zambiayp.com/company/4056/Zamleather_Limited_Ta_Zamshu_Ltd,zambiayp.com
Zambia Institute Of Human Resources Management,"1st Floor Superannuation House, Eastern Wing, Ben Bella Road, Town Centre, LUSAKA, P.O.Box 51038, Zambia",,,lusaka,https://www.zambiayp.com/company/7592/Zambia_Institute_Of_Human_Resources_Management,zambiayp.com
ZamTouch Digital Solutions (Pty) Ltd,"Lusaka, Zambia",,,lusaka,https://www.zambiayp.com/company/18008/ZamTouch_Digital_Solutions_Pty_Ltd,zambiayp.com
A C C A,"Stand 20849, Alick Nkata Road, Corporate Park, Lusaka, Zambia",,,lusaka,https://www.zambiayp.com/company/7564/A_C_C_A,zambiayp.com
African Milling Company Ltd,"Plot 5275 Buyantanshi Rd, P.O.Box 33135, Lusaka, Zambia",,,lusaka,https://www.zambiayp.com/company/1362/African_Milling_Company_Ltd,zambiayp.com
Agro-fuel Investments Ltd (engineering),"Plot 6980 Katanga Rd Off Mungwi Rd, Lusaka, Zambia",,,lusaka,https://www.zambiayp.com/company/4669/Agro_fuel_Investments_Ltd_engineering,zambiayp.com
Agro-fuel Investments Ltd,"8489 Lumumba Rd, P.O.Box 31315, Lusaka, Zambia",,,lusaka,https://www.zambiayp.com/company/5253/Agro_fuel_Investments_Ltd,zambiayp.com
Alljobspo Zambia,"661 Mberere Rd, Lusaka, Zambia",,,lusaka,https://www.zambiayp.com/company/17755/Alljobspo_Zambia,zambiayp.com
Anti-corruption Commission Zambia - Acc,"Anti-Corruption Hse Chachacha - Katunjila Rd, Lusaka, Zambia",,,lusaka,https://www.zambiayp.com/company/5059/Anti_corruption_Commission_ZambiaAcc,zambiayp.com
Astro Holdings Limited,"Foundation Hse, Washama Rd, Industrial Area, P.O.Box 36326, Lusaka, Zambia",,,lusaka,https://www.zambiayp.com/company/1039/Astro_Holdings_Limited,zambiayp.com
Auto World,"Plot 20888/89, Downtown, Kafue Rd, Lusaka, Zambia",,,lusaka,https://www.zambiayp.com/company/2144/Auto_World,zambiayp.com
Automotive Equipment Ltd,"687, Malasha Road, P.O. Box: 31759, Lusaka, Zambia",,,lusaka,https://www.zambiayp.com/company/2595/Automotive_Equipment_Ltd,zambiayp.com
Automotive Performance Centre,"Luanshya Rd, Box 32162, Lusaka, Zambia",,,lusaka,https://www.zambiayp.com/company/14900/Automotive_Performance_Centre,zambiayp.com
AutoFix - Service Centre,"Chilumbulu Road, Opposite Kamwala Secondary School, Lusaka, Zambia",,,lusaka,https://www.zambiayp.com/company/18041/AutoFix_Service_Centre,zambiayp.com
Barfig Swimming Pools LTD,"Box 31155, Pumps Maintenance, Lusaka, Zambia",,,lusaka,https://www.zambiayp.com/company/14917/Barfig_Swimming_Pools_LTD,zambiayp.com
BetaSpace,"1 Chila Road Kabulonga, Lusaka, Zambia",,,lusaka,https://www.zambiayp.com/company/17207/BetaSpace,zambiayp.com
Bicon Zambia,"4 Omelo Mumba Rd, P.O.Box 39528, Lusaka, Zambia",,,lusaka,https://www.zambiayp.com/company/4663/Bicon_Zambia,zambiayp.com
Bookworld Ltd,"Head Office, Plot 10552 off Lumumba Road, 31838, Lusaka, Zambia",,,lusaka,https://www.zambiayp.com/company/4475/Bookworld_Ltd,zambiayp.com
Brivis Security Solutions,"11965 Ngwerere street,Chelston Lusaka, Zambia",,,lusaka,https://www.zambiayp.com/company/19138/Brivis_Security_Solutions,zambiayp.com
B S I Steel,"Lumumba Rd, Industrial Area, Lusaka, Zambia",,,lusaka,https://www.zambiayp.com/company/4042/B_S_I_Steel,zambiayp.com
Cekam Special Cleaning Services,"Plot No. 15506 Chilanga, Lusaka, Zambia",,,lusaka,https://www.zambiayp.com/company/18521/Cekam_Special_Cleaning_Services,zambiayp.com
Cel Media Ltd,"Mungwi Road, Lusaka West,Farm #461, Zambia",,,lusaka,https://www.zambiayp.com/company/18178/Cel_Media_Ltd,zambiayp.com
Chicken Inn,"Plot 10,Cairo Road, Lusaka, Zambia",,,lusaka,https://www.zambiayp.com/company/438/Chicken_Inn,zambiayp.com
Chrismar Hotel Lusaka,"Plot 6892 Los Angeles Boulevard, P.O. Box: 31407, Lusaka, Zambia",,,lusaka,https://www.zambiayp.com/company/16557/Chrismar_Hotel_Lusaka,zambiayp.com
Churches Health Association Of Zambia - CHAZ,"Meanwood Drive (off Great East Road) Plot No. 2882/B/5/10,  P.O.BOX 34511, Lusaka, Zambia",,,lusaka,https://www.zambiayp.com/company/4726/Churches_Health_Association_Of_ZambiaCHAZ,zambiayp.com
Corpserve Transfer Agents,"6 Mwaleshi Road, Olympia Park, Lusaka, Zambia",,,lusaka,https://www.zambiayp.com/company/5733/Corpserve_Transfer_Agents,zambiayp.com
Curechem,"No. 3145, Mukwa Rd, Lusaka, Zambia",,,lusaka,https://www.zambiayp.com/company/7873/Curechem,zambiayp.com
CV People Africa,"Plot 2341 Mambilima House Kabelenga Road, Lusaka, Zambia",,,lusaka,https://www.zambiayp.com/company/18095/CV_People_Africa,zambiayp.com
360Deals,"Plot No.1304m/1 off Lake Rd, lbex *(Near choppies Ibex), lusaka, Zambia",,,lusaka,https://www.zambiayp.com/company/17320/360Deals,zambiayp.com
Debonairs Pizza Zambia,"Manda Hill Shopping Ctr, Lusaka, Zambia",,,lusaka,https://www.zambiayp.com/company/629/Debonairs_Pizza,zambiayp.com
"DHL Lusaka, Zambia- Contact, Price List","Plot 2411 Corner of Makishi and Parirenyatwa Roads, Fairview Rhodes Park, Lusaka, Zambia",,,lusaka,https://www.zambiayp.com/company/1762/Dhl,zambiayp.com
Digital Chefs,"The Sandbox, Off Thabo Mbeki Road, Lusaka, Zambia",,,lusaka,https://www.zambiayp.com/company/17726/Digital_Chefs,zambiayp.com
EKONTY,"Address : Plot 5251, Zecco, Mukwa Rd, Heavy Industrial Area, 10101, ZM, Lusaka, Zambia",,,lusaka,https://www.zambiayp.com/company/17431/EKONTY,zambiayp.com
Electoral Commission Of Zambia,"Elections House, Haile Selassie Avenue, Longacres, P.O Box 50274 , Lusaka, Zambia",,,lusaka,https://www.zambiayp.com/company/6337/Electoral_Commission_Of_Zambia,zambiayp.com
Eupras Investments Limited,"Plot No.44 luapula road , Kamwala , Lusaka, Zambia",,,lusaka,https://www.zambiayp.com/company/17500/Eupras_Investments_Limited,zambiayp.com
EXODUS DIGITAL MARKETING AGENCY,"OFF ALICK NKATHA ROAD / MASS MEDIA Lusaka Lusaka Province, Zambia",,,lusaka,https://www.zambiayp.com/company/18863/EXODUS_DIGITAL_MARKETING_AGENCY,zambiayp.com
Food Reserve Agency,"Plot 7419 Manda Rd, Light Ind Area, P.O.Box 34054, Lusaka, Zambia",,,lusaka,https://www.zambiayp.com/company/3792/Food_Reserve_Agency,zambiayp.com
Freshpikt LTD,"8118 Mungwi Road, Lusaka, Zambia",,,lusaka,https://www.zambiayp.com/company/13947/Freshpikt_LTD,zambiayp.com
Global Logistics Ltd,"Mungwi Road , Lusaka, Zambia",,,lusaka,https://www.zambiayp.com/company/1903/Global_Logistics_Ltd,zambiayp.com
Gourock Ropes & Canvas Zambia Limited,"1651 Malambo Rd, Lusaka, Zambia",,,lusaka,https://www.zambiayp.com/company/3713/Gourock_Ropes_Canvas_Zambia_Limited,zambiayp.com
Guardian Insurance Brokers Limited,"10 C Omelo Mumba Rd, P.O.Box 37722, Lusaka, Zambia",,,lusaka,https://www.zambiayp.com/company/5801/Guardian_Insurance_Brokers_Limited,zambiayp.com
Hammer & Tongues (Z) LTD,"7136 Mwembeshi Rd, Lusaka, Zambia",,,lusaka,https://www.zambiayp.com/company/12861/Hammer_Tongues_Z_LTD,zambiayp.com
Hazida Ltd,"Plot 8485, Lumumba Rd, P.O.Box 33772, Lusaka, Zambia",,,lusaka,https://www.zambiayp.com/company/1886/Hazida_Ltd,zambiayp.com
HillMak,"Plot No. 3020 Mosi-O-Tunya Road, Woodlands, Lusaka, Zambia",,,lusaka,https://www.zambiayp.com/company/19101/HillMak,zambiayp.com
Hist Solutions,"4786B Matero, Lusaka, Zambia",,,lusaka,https://www.zambiayp.com/company/17691/Hist_Solutions,zambiayp.com
IDEAL CLEANING SERVICES LTD,"PLOT 220/21 BEHIND COSMOPOLITAN MALL, MAKENI, Lusaka, Zambia",,,lusaka,https://www.zambiayp.com/company/18649/IDEAL_CLEANING_SERVICES_LTD,zambiayp.com
InterContinental Lusaka,"Haile Selassie Avenue, P.O. Box 32201, Lusaka, Zambia",,,lusaka,https://www.zambiayp.com/company/7897/Intercontinental,zambiayp.com
IT Centre LTD,"Unit No:B4, Villa Business Park,Luanshya Road- Lusaka , Zambia",,,lusaka,https://www.zambiayp.com/company/17242/IT_Centre_LTD,zambiayp.com
Kachema Meat Supplies Ltd,"Lusaka, Zambia",,,lusaka,https://www.zambiayp.com/company/3946/Kachema_Meat_Supplies_Ltd,zambiayp.com
Kenya Airways Lusaka Zambia,"3rd Floor, Maanu Centre, Addis Ababa Roundabout, P.O. Box: 31856, Lusaka, Zambia",,,lusaka,https://www.zambiayp.com/company/16881/Kenya_Airways_in_Zambia,zambiayp.com
Kings Group Of Companies,"Plot No. 29381 Nampundwe Road Light Industrial Area, Lusaka, Zambia",,,lusaka,https://www.zambiayp.com/company/4216/Kings_Group_Of_Companies,zambiayp.com
Komboni News,"We are an Online News Website, Lusaka, Zambia",,,lusaka,https://www.zambiayp.com/company/17596/Komboni_News,zambiayp.com
Kwelan,"31 omelo Mumba Road , Lusaka, Zambia",,,lusaka,https://www.zambiayp.com/company/19223/Kwelan,zambiayp.com
Lamasat International Limited,"Chipwenupwenu Rd off Kafue Road, Makeni Rd, Lusaka, Zambia",,,lusaka,https://www.zambiayp.com/company/3845/Lamasat_Int_Ltd,zambiayp.com
Lancet Laboratories Zambia,"Kabelenga Rd, opposite Levy junction shopping mall,P.O.Box 50221, Lusaka, Zambia",,,lusaka,https://www.zambiayp.com/company/2071/Professor_Nkanza_Lacet_Laboratories,zambiayp.com
LEGACY DIGITAL MARKETING SOLUTIONS,"Plot 4718/M jack Township, Lusaka, Zambia",,,lusaka,https://www.zambiayp.com/company/18463/LEGACY_DIGITAL_MARKETING_SOLUTIONS,zambiayp.com
Leopards Hill Memorial Park,"Fig Tree Office Park, 2 Warthog Road, Lusaka, Zambia",,,lusaka,https://www.zambiayp.com/company/1961/Leopards_Hill_Memorial_Park,zambiayp.com
Lusaka Water & Sewerage Company Ltd,"Katemo Rd, Rhodes Park, Lusaka, Zambia",,,lusaka,https://www.zambiayp.com/company/2440/Lusaka_Water_Sewerage_Company_Ltd,zambiayp.com
Lusaka Gearbox Centre,"Chaka Road , Lusaka, Zambia",,,lusaka,https://www.zambiayp.com/company/14087/Lusaka_Gearbox_Centre,zambiayp.com
Mac Recruitment Ltd,"1 Ingwe Road, Woodlands, Lusaka, Zambia",,,lusaka,https://www.zambiayp.com/company/5941/Mac_Recruitment_Ltd,zambiayp.com
Mamphost,"4096A Meanwood Kwamwena, Lusaka, Zambia",,,lusaka,https://www.zambiayp.com/company/19080/Mamphost,zambiayp.com
Manzi Valley Limited,"Off Great East Rd Waterfalls, P.O.Box 310108, Lusaka, Zambia",,,lusaka,https://www.zambiayp.com/company/3926/Manzi_Valley_Limited,zambiayp.com
"Master Butcheries, Farmers Prime","PO Box 31740, Lusaka, Zambia",,,lusaka,https://www.zambiayp.com/company/13089/Farm_Prime_Butchery,zambiayp.com
Mayfair Insurance Company Zambia Limited,"Plot 1194 Corner of Lunzua & Addis Ababa Rd, Rhodes Park, Lusaka, Zambia",,,lusaka,https://www.zambiayp.com/company/1312/Mayfair_Insurance_Company_Zambia_Limited,zambiayp.com
Medcross Hospital,"Stand F284A/91/27 Makishi road Lusaka ZM, 10101, Zambia",,,lusaka,https://www.zambiayp.com/company/18614/Medcross_Hospital,zambiayp.com
Metropolitan School,"Plot 9814, Kafue Road, Lusaka, Zambia",,,lusaka,https://www.zambiayp.com/company/16920/Metropolitan_School,zambiayp.com
Micmar Investments Ltd,"Lumumba Rd, Industrial Area, P.O.Box 35239, Lusaka, Zambia",,,lusaka,https://www.zambiayp.com/company/5381/Micmar_Investments_Ltd,zambiayp.com
MS Fire Systems Limited,"Stand No. 69 Makishi Road, Lusaka 10101, Zambia",,,lusaka,https://www.zambiayp.com/company/17146/MS_Fire_Systems_Limited,zambiayp.com
Multichoice Zambia Ltd DStv Zambia,"D18, Bishops Rd, Tukunka, P.O.Box 320011, Lusaka, Zambia",,,lusaka,https://www.zambiayp.com/company/4231/Multichoice_Zambia_Ltd,zambiayp.com
Nampak Zambia,"Plot 8212 Mungwi Rd Heavy Ind Area, P.O.Box 30413, Lusaka, Zambia",,,lusaka,https://www.zambiayp.com/company/3977/Nampak_Zambia,zambiayp.com
National Savings & Credit Bank,"Natsave Bldg Cairo Rd, North End, P.O.Box 30067, Lusaka, Zambia",,,lusaka,https://www.zambiayp.com/company/7223/National_Savings_Credit_Bank,zambiayp.com
Ndilila Associates Architects & Project Managers,"1125 Parirenyatwa Rd, P.O.Box 50713, Lusaka, Zambia",,,lusaka,https://www.zambiayp.com/company/7313/Ndilila_Associates_Architects_Project_Managers,zambiayp.com
Nedd Electronics,"Complex Plot 157/158/159 Shop C & D Freedom Way Rd, P.O.Box 31435, Lusaka, Zambia",,,lusaka,https://www.zambiayp.com/company/4504/Nedd_Electronics,zambiayp.com
Nisco Industries Ltd,"Mwembeshi Rd, Lusaka, Zambia",,,lusaka,https://www.zambiayp.com/company/3825/Nisco_Industries_Ltd,zambiayp.com
N R D C Training Institute,"# 7132 Off Great East Road, Chelstone, Lusaka, Zambia",,,lusaka,https://www.zambiayp.com/company/15031/N_R_D_C_Training_Institute,zambiayp.com
Office Machine Services Ltd,"Plot 1551, Church Rd, P.O.Box 35888, Lusaka, Zambia",,,lusaka,https://www.zambiayp.com/company/5186/Office_Machine_Services_Ltd,zambiayp.com
Pannar Seed (z) Ltd,"Plot 9957 Mwembeshi Rd, Lusaka, Zambia",,,lusaka,https://www.zambiayp.com/company/4096/Pannar_Seed_z_Ltd,zambiayp.com
Pensions And Insurance Authority,"Stand No 4618, Lubwa Road, Off Church Road, Lusaka, Zambia",,,lusaka,https://www.zambiayp.com/company/2003/Pensions_And_Insurance_Authority,zambiayp.com
Posh Media,"6676 Chiwalamabwe rd, Olympia Extension, Lusaka, Zambia",,,lusaka,https://www.zambiayp.com/company/17424/Posh_Media,zambiayp.com
Power Tools Coach Services,"Lusaka Inter-City Bus Terminus, Dedan Kimathi Rd, Zambia",,,lusaka,https://www.zambiayp.com/company/16868/Power_Tools_Coach_Services,zambiayp.com
PRETHEL DECOR INNOVATIONS,"Plot no. 32025 Karachi Road, Kamwala or shop no. 11 Southgate Mall, Freedom Way, Lusaka, Zambia",,,lusaka,https://www.zambiayp.com/company/17214/PRETHEL_DECOR_INNOVATIONS,zambiayp.com
Quality Catering Equipment,"13951 Lumumba Road,Light Industrial Area, Lusaka, Zambia",,,lusaka,https://www.zambiayp.com/company/17201/Quality_Catering_Equipment,zambiayp.com
"Radian Stores Lusaka, Zambia","Plot 6437 Mukwa Road, Bata Complex, Heavy Industrial Area, Lusaka, Zambia",,,lusaka,https://www.zambiayp.com/company/2922/Radian_Stores,zambiayp.com
Relatum Film Studio,"13 Bwatanga Street, Salama Park, Lusaka, Zambia",,,lusaka,https://www.zambiayp.com/company/18687/Relatum_Film_Studio,zambiayp.com
Saro Agro,"5284 Buyantanshi Road, off Lumumba Road, Heavy Industrial Area, P.O. Box: 35168, Lusaka, Zambia",,,lusaka,https://www.zambiayp.com/company/17068/Saro_Agro,zambiayp.com
Shamrock Lodge and Restaurant,"No. 8 Topaz Road, Kamwala South., Lusaka, Zambia",,,lusaka,https://www.zambiayp.com/company/17816/Shamrock_Lodge_and_Restaurant,zambiayp.com
Signwave Printing Ltd,"18/07 dr Aggrey Road, Kabwata, Lusaka, Zambia",,,lusaka,https://www.zambiayp.com/company/17132/Signwave_Printing_Ltd,zambiayp.com
Silasi University,"15286/1080 kamwala south, Lusaka, Zambia",,,lusaka,https://www.zambiayp.com/company/17807/Silasi_University,zambiayp.com
SmartLen Exam ToolKit,Lusaka Zambia,,,lusaka,https://www.zambiayp.com/company/18171/SmartLen_Exam_ToolKit,zambiayp.com
Society For Family Health,"549 Ituna Rd, P.O.Box 50770, Lusaka, Zambia",,,lusaka,https://www.zambiayp.com/company/4190/Society_For_Family_Health,zambiayp.com
Stefanutti Stocks Zambia Limited,"Plot 12532, Mumbwa Rd, P.O.Box 32054, Lusaka, Zambia",,,lusaka,https://www.zambiayp.com/company/4642/Stefanutti_Stocks_Zambia_Limited,zambiayp.com
SUMMIT INSURANCE BROKERS LIMITED,"PLOT NO 4722 NGWEE ROAD,LONGACRES, Lusaka, Zambia",,,lusaka,https://www.zambiayp.com/company/16246/SUMMIT_INSURANCE_BROKERS_LIMITED,zambiayp.com
SunPorts,"10518 Off Lumumba Road, Light Industrial Area, Lusaka, Zambia",,,lusaka,https://www.zambiayp.com/company/17056/SunPorts,zambiayp.com
"Teveta, Teveta LDMS Login, Results","Lusaka,plot 5751, Zambia",,,lusaka,https://www.zambiayp.com/company/1534/Teveta,zambiayp.com
The Print Shop Ltd,"Kabelenga Rd, Lusaka, Zambia",,,lusaka,https://www.zambiayp.com/company/3959/The_Print_Shop_Ltd,zambiayp.com
The Magic Touch Zambia Ltd,"Central Pk Cairo Rd, P.O.Box 34781, Lusaka, Zambia",,,lusaka,https://www.zambiayp.com/company/6256/The_Magic_Touch_Zambia_Ltd,zambiayp.com
The Energy Shop,"Plot 35 Buluwe Road, Woodlands, Lusaka, Zambia",,,lusaka,https://www.zambiayp.com/company/17348/The_Energy_Shop,zambiayp.com
Threefold Solutions Ltd.,"905 Vorna Valley, Mean Wood Airport, Lusaka, Zambia",,,lusaka,https://www.zambiayp.com/company/18133/Threefold_Solutions_Ltd,zambiayp.com
Tikwiza Domestic Services Ltd,"Findeco House, 13th Floor, room 5& 6 , Lusaka, Zambia",,,lusaka,https://www.zambiayp.com/company/17566/Tikwiza_Domestic_Services_Ltd,zambiayp.com
TonyCK Solutions,"6565 Mumana Rd, Lusaka, Zambia",,,lusaka,https://www.zambiayp.com/company/17444/TonyCK_Solutions,zambiayp.com
Toyota Zambia Limited,"Cairo Rd, North End, P.O.Box 33438, Lusaka, Zambia",,,lusaka,https://www.zambiayp.com/company/2482/Toyota_Zambia_Limited,zambiayp.com
Tractor Provider,"Great E, Lusaka, Zambia",,,lusaka,https://www.zambiayp.com/company/18607/Tractor_Provider,zambiayp.com
Trare Technologies,"44/12 kaunda square stage 1, Lusaka, Zambia",,,lusaka,https://www.zambiayp.com/company/18747/Trare_Technologies,zambiayp.com
Twaambles Enterprises,"44 Mbizi Road Chilenje, Lusaka, Zambia",,,lusaka,https://www.zambiayp.com/company/19457/Twaambles_Enterprises,zambiayp.com
Universal Fire Fighting Equipment Ltd,"Moobola Rd, Lusaka, Zambia",,,lusaka,https://www.zambiayp.com/company/5136/Universal_Fire_Fighting_Equipment_Ltd,zambiayp.com
Urban Cleaning Services Ltd,"Plot 5251,Heavy Industrial Area, Mukwa Road,Lusaka., Zambia",,,lusaka,https://www.zambiayp.com/company/17292/Urban_Cleaning_Services_Ltd,zambiayp.com
Waheguru travel & tours ltd,"SHOP NO-2,FARMERS HOUSE,CENTRAL PARK, CAIRO ROAD, Lusaka, Zambia",,,lusaka,https://www.zambiayp.com/company/18529/Waheguru_travel_tours_ltd,zambiayp.com
Wan Lee Consultancy,"Chalala, Manna Mall., Lusaka, Zambia",,,lusaka,https://www.zambiayp.com/company/17630/Wan_Lee_Consultancy,zambiayp.com
Wireforce Zambia,"Off Sheki Sheki Road, Emmasdale, P.O. Box: 36297, Lusaka, Zambia",,,lusaka,https://www.zambiayp.com/company/16946/Wireforce_Zambia,zambiayp.com
Zambia State Insurance Corporation Limited,"Premium House, Kwame Cl, Lusaka, Zambia",,,lusaka,https://www.zambiayp.com/company/1303/Zambia_State_Insurance_Corporation_Limited,zambiayp.com
Zambian Irritech Ltd,"P.O.Box 350231, Lusaka, Zambia",,,lusaka,https://www.zambiayp.com/company/4935/Zambian_Irritech_Ltd,zambiayp.com
Zambia Co-operative Federation Limited,"Co-operative Hse Plot 692 Cha Cha Cha Rd, P.O.Box 33579, Lusaka, Zambia",,,lusaka,https://www.zambiayp.com/company/5425/Zambia_Co_operative_Federation_Limited,zambiayp.com
"Zambia Revenue Authority ZRA Lusaka, Zambia","Revenue Hse, Kalambo Rd, P.O.Box 35710, Lusaka, Zambia",,,lusaka,https://www.zambiayp.com/company/5731/Zambia_Revenue_Authority,zambiayp.com
Zambian Breweries PLC,"Mungwi Road , Lusaka, Zambia",,,lusaka,https://www.zambiayp.com/company/13014/Zambia_Breweries_PLC,zambiayp.com
Zambia Red Cross Society,"LongAcres Bolavard, Lusaka, Zambia",,,lusaka,https://www.zambiayp.com/company/15156/Zambia_Red_Cross_Society,zambiayp.com
Zambian Classifieds,"12434 Bulaya Rd, Woodlands Ext., Lusaka, Zambia",,,lusaka,https://www.zambiayp.com/company/16450/Zambia_Internet_Market,zambiayp.com
ZAMJOBS.COM,"Kafue Road, plot 3791, Lusaka, Zambia",,,lusaka,https://www.zambiayp.com/company/18274/ZAMJOBSCOM,zambiayp.com
Zambuko Market,"Makeni Road, Makeni, Lusaka, Zambia",,,lusaka,https://www.zambiayp.com/company/18411/Zambuko_Market,zambiayp.com
Zambian Showbiz,"Lusaka, Zambia",,,lusaka,https://www.zambiayp.com/company/18531/Zambian_Showbiz,zambiayp.com
Zed Vibes,"34 Mpelembe St.  Kabwata, Lusaka, Zambia",,,lusaka,https://www.zambiayp.com/company/17275/zedvibes,zambiayp.com
Zedwap,"Zambia, Lusaka",,,lusaka,https://www.zambiayp.com/company/18062/Zedwap,zambiayp.com
Zicon Media - Digital Marketing Agency,"Rm 27, Lusaka, Zambia",,,lusaka,https://www.zambiayp.com/company/18168/Zicon_Media_Digital_Marketing_Agency,zambiayp.com
Zsic Life Limited,"Insurance Hse Cairo Rd Stand 4432, P.O.Box 30507, Lusaka, Zambia",,,lusaka,https://www.zambiayp.com/company/1316/Zsic_Life_Limited,zambiayp.com
Afrivet Zambia Ltd,"7249 Mukatasha Road Industrial Park, Lusaka, Zambia",,,lusaka,https://www.zambiayp.com/company/17070/Afrivet_Zambia_Ltd,zambiayp.com
African Grey Insurance,"19 Mwalule Rd, Lusaka, Zambia",,,lusaka,https://www.zambiayp.com/company/19348/African_Grey_Insurance,zambiayp.com
Alliance One Zambia Limited,"Buyantanshi Road Industrial Area PO Box 30994 , Lusaka, Zambia",,,lusaka,https://www.zambiayp.com/company/4123/Alliance_One_Zambia_Limited,zambiayp.com
Anina's Lodge,"Plot 29B Lilayi Rd Lilayi, P.O.Box 50987, Lusaka, Zambia",,,lusaka,https://www.zambiayp.com/company/100/Aninas_Lodge,zambiayp.com
Associated Printers,"Kabelenga Road, P.O. Box: 32104, Lusaka, Zambia",,,lusaka,https://www.zambiayp.com/company/17129/Associated_Printers,zambiayp.com
Barn Motel,"Great East Road, P.O.Box 30531, Lusaka, Zambia",,,lusaka,https://www.zambiayp.com/company/3643/Barn_Motel,zambiayp.com
Benbar,"5130 Chandwe Musonda Rd, Lusaka, Zambia",,,lusaka,https://www.zambiayp.com/company/2613/Benbar,zambiayp.com
Betwinner,"Olympia Park office, Lusaka, Zambia",,,lusaka,https://www.zambiayp.com/company/18554/Betwinner,zambiayp.com
Betternow Finance Company,"1146, Garden View Plot No. LUS, 15 Lagos Rd, Lusaka 10101, Zambia",,,lusaka,https://www.zambiayp.com/company/19247/Betternow_Finance_Company,zambiayp.com
Bidata Limited,"Central Park 3rd floor room 5 along Cairo Road, Lusaka, Zambia",,,lusaka,https://www.zambiayp.com/company/19182/Bidata_Limited,zambiayp.com
Blackdot Media,"The Hub  10117 Akashambatwa Road,  Olympia Park Extension,  Lusaka 10101, Zambia",,,lusaka,https://www.zambiayp.com/company/17454/Blackdot_Media,zambiayp.com
Black Queen,"2132/M Ibex Hill, Lusaka, Zambia",,,lusaka,https://www.zambiayp.com/company/17731/Black_Queen,zambiayp.com
Boma Gardens Limited,"11749 Akashambatwa road Olympia, Lusaka, Zambia",,,lusaka,https://www.zambiayp.com/company/17390/Boma_Gardens_Limited,zambiayp.com
BongoHive Technology and Innovation Hub,"Olympia, 19A Katima Mulilo Rd, Lusaka 10101, Zambia",,,lusaka,https://www.zambiayp.com/company/19272/BongoHive_Technology_and_Innovation_Hub,zambiayp.com
Book Hut Ltd The,"Cairo Rd, Lusaka, Zambia",,,lusaka,https://www.zambiayp.com/company/2736/Book_Hut_Ltd_The,zambiayp.com
Book Hut LTD,"Cairo Rd, Box 33419, Lusaka, Zambia",,,lusaka,https://www.zambiayp.com/company/12987/Book_Hut_LTD,zambiayp.com
Brelock Construction,"Plot No. 396a/A/3/44 Off Makeni Road. , Lusaka, Zambia",,,lusaka,https://www.zambiayp.com/company/19438/Brelock_Construction,zambiayp.com
Buk Truck Parts LTD,"Plot No 20995, Kafue Road, Opposite Southern Cross Motors , Lusaka, Zambia",,,lusaka,https://www.zambiayp.com/company/15060/Buk_Truck_Parts_LTD,zambiayp.com
Bump Birth & Beyond,"4145 Nkanchibaya Road, Rhodespark, Lusaka, Zambia",,,lusaka,https://www.zambiayp.com/company/16388/Bump_Birth_Beyond,zambiayp.com
Butali House,"Plot, 16948B Thabo Mbeki Rd, Lusaka 10101, Zambia",,,lusaka,https://www.zambiayp.com/company/19374/Butali_House,zambiayp.com
Buya Bamba Ltd,"P.O.Box 31051, Lusaka, Zambia",,,lusaka,https://www.zambiayp.com/company/4582/Buya_Bamba_Ltd,zambiayp.com
Californian Beverages,"1644 Malambo Rd, Industrial Area, P.O.Box 32095, Lusaka, Zambia",,,lusaka,https://www.zambiayp.com/company/3686/Californian_Beverages,zambiayp.com
"Camco Zambia, Camco Equipment","Plot No 410636F Kafue Road  P.O Box 39558, Lusaka, Zambia",,,lusaka,https://www.zambiayp.com/company/938/Camco_Equipment_z_Ltd,zambiayp.com
Camco Equipment,"Plot no. 10636F, Kafue rd, Lusaka, Zambia",,,lusaka,https://www.zambiayp.com/company/4314/Camco_Equipment,zambiayp.com
Cash Build Hardware,"Shop Number 275, Cnr Great East & Airport Roads, Lusaka, Zambia",,,lusaka,https://www.zambiayp.com/company/5401/Cash_Build_Hardware,zambiayp.com
C F B Medical Centre,"Plot 4192 Addis Ababa Dve, Lusaka, Zambia",,,lusaka,https://www.zambiayp.com/company/4393/C_F_B_Medical_Centre,zambiayp.com
Chips Green Innovations,"Lilayi and Ring Road T-Junction near Waterworks, Lusaka, Zambia",,,lusaka,https://www.zambiayp.com/company/19406/Chips_Green_Innovations,zambiayp.com
Chloride (z) Ltd,"Ben Bella Rd, Lusaka, Zambia",,,lusaka,https://www.zambiayp.com/company/3672/Chloride_z_Ltd,zambiayp.com
City clothing Factory Limited,"798 Freedom Way, Box 31842, Lusaka, Zambia",,,lusaka,https://www.zambiayp.com/company/13247/City_clothing_Factory_Limited,zambiayp.com
Coptic Orthodox Church And Coptic Hospital Lusaka Zambia,"Plot 11304 Manchinchi Rd, P.O.Box 36226, Lusaka, Zambia",,,lusaka,https://www.zambiayp.com/company/7726/Coptic_Orthodox_Church_And_Hospital,zambiayp.com
Crown Food Ingredients Zambia,"Plot 9207, Kafue Road, Lusaka, Zambia",,,lusaka,https://www.zambiayp.com/company/17202/Bidvest_Food_Zambia_LTD,zambiayp.com
Cure Chem Zambia Ltd,"No. 3145, Mukwa Rd, Lusaka, Zambia",,,lusaka,https://www.zambiayp.com/company/4316/Cure_Chem_Zambia_Ltd,zambiayp.com
Dawa Health,"No. 50, Lunsemfwa Rd, Lusaka, Zambia",,,lusaka,https://www.zambiayp.com/company/19245/Dawa_Health,zambiayp.com
Deliveries D'lish Limited,"36 Paseli Road, Northmead, Lusaka, Zambia",,,lusaka,https://www.zambiayp.com/company/17325/Deliveries_Dlish_Limited,zambiayp.com
DENS SAFARIS,"Plot # 1049, Flat 1, Makanta Close off Makishi Road, Rhodes park , Lusaka, Zambia",,,lusaka,https://www.zambiayp.com/company/17452/DENS_SAFARIS,zambiayp.com
Digital Pixells,"34 Mpelembe St, New Kabwata, Lusaka, Zambia",,,lusaka,https://www.zambiayp.com/company/18296/Digital_Pixells,zambiayp.com
Digiwave Printing & Advertising,"Plot. No. 20220 Along Chilimbulu Road, Between Defence College & Total Energies, Lusaka, Zambia.",,,lusaka,https://www.zambiayp.com/company/19466/Digiwave_Printing_Advertising,zambiayp.com
DOCTOR FRIDGE N AIR CONDITION REPAIRS,"Springbok house,cha cha cha road southend,opposite lima tower station bus,2st floor room 6, Lusaka, Zambia",,,lusaka,https://www.zambiayp.com/company/17517/DOCTOR_FRIDGE_N_AIR_CONDITION_REPAIRS,zambiayp.com
Edgware Chartered Accountants,"Plot 2963-3B Benangombe Road Woodlands, Lusaka Zambia",,,lusaka,https://www.zambiayp.com/company/19414/Edgware_Chartered_Accountants,zambiayp.com
Energy Regulation Board,"8th Flr Premium Hse, P.O.Box 37631, Lusaka, Zambia",,,lusaka,https://www.zambiayp.com/company/5117/Energy_Regulation_Board,zambiayp.com
Entrepreneurs Financial Centre,"Pangaea Office Park, Great E, Lusaka, Zambia",,,lusaka,https://www.zambiayp.com/company/16961/Entrepreneurs_Financial_Centre,zambiayp.com
Farm Feed Ltd,"3144A Mukwa Road, Industrial Area, Lusaka, Zambia",,,lusaka,https://www.zambiayp.com/company/5417/Farm_Feed_Ltd,zambiayp.com
Fire WestOne Graphix,"Lumumba road, Lusaka, Zambia",,,lusaka,https://www.zambiayp.com/company/17582/Fire_WestOne_Graphix,zambiayp.com
Fleetsense Tyre Management,"Unit 5, Block A, East Park Mall, Lusaka, Zambia",,,lusaka,https://www.zambiayp.com/company/18681/Fleetsense_Tyre_Management,zambiayp.com
Glassworld Limited,"10576 Chandwe Musonda Rd Light Industrial Area, P.O.Box 390005, Lusaka, Zambia",,,lusaka,https://www.zambiayp.com/company/6516/Glassworld_Limited,zambiayp.com
Green Cycle Limited,"Plot #10 Makeni Road, Lusaka, Zambia",,,lusaka,https://www.zambiayp.com/company/17835/Green_Cycle_Limited,zambiayp.com
Hatchlong Technologies,"Plot: 6987/B Lubu road, Longacres,Lusaka,Zambia",,,lusaka,https://www.zambiayp.com/company/19450/Hatchlong_Technologies,zambiayp.com
Hazida E Zone,"Plot No 8485, P.O Box 33772, Lusaka, Zambia",,,lusaka,https://www.zambiayp.com/company/17708/Hazida_E_Zone,zambiayp.com
Herbalife Team Zambia,"Central Business District, Near Protea Tower, Lusaka, Zambia",,,lusaka,https://www.zambiayp.com/company/18526/Herbalife_Team_Zambia,zambiayp.com
Hopefield skills center,"101/01, Lusaka, Zambia",,,lusaka,https://www.zambiayp.com/company/19216/Hopefield_skills_center,zambiayp.com
Ideal Funeral Home,"Plot 170 Luanshya Rd Industrial, P.O.Box 32432, Lusaka, Zambia",,,lusaka,https://www.zambiayp.com/company/1957/Ideal_Funeral_Home,zambiayp.com
Ilondola Meat Market,"Palm Drive, Chelstone, Lusaka , Zambia",,,lusaka,https://www.zambiayp.com/company/18601/Ilondola_Meat_Market,zambiayp.com
Industrial Development Corporation,"H8F9+569, Lusaka, Zambia",,,lusaka,https://www.zambiayp.com/company/19315/Industrial_Development_Corporation,zambiayp.com
INFOWISE ENTERPRISES LIMITED,"1209, Addis Ababa Dr, co, Lusaka, Zambia",,,lusaka,https://www.zambiayp.com/company/19428/INFOWISE_ENTERPRISES_LIMITED,zambiayp.com
International Drug Company Ltd,"Plot 2419, Freedom Way, P.O.Box 31343, Lusaka, Zambia",,,lusaka,https://www.zambiayp.com/company/3948/International_Drug_Company_Ltd,zambiayp.com
ITIQ Zambia,"Elunda Spaces 2nd Floor, Elunda Two Rhodes Park, Lusaka, Zambia",,,lusaka,https://www.zambiayp.com/company/19420/ITIQ_Zambia,zambiayp.com
Just Aluminium Limited,"10564 Chandwe Musonda Road, Light Industrial Area, Lusaka, Zambia",,,lusaka,https://www.zambiayp.com/company/6495/Just_Aluminium_Limited,zambiayp.com
Kazuma Enterprises Limited,"7439 Katanga Road, Off Mungwi Road, P.O. Box: 50579, Lusaka, Zambia",,,lusaka,https://www.zambiayp.com/company/2827/Kazuma_Enterprises_Limited,zambiayp.com
Kazuma Plastics Limited,"Lusaka, Zambia",,,lusaka,https://www.zambiayp.com/company/4016/Kazuma_Plastics_Limited,zambiayp.com
Kroup Wood Company Limited,"Mwembeshi Rd Heavy Industrial, P.O.Box 35239, Lusaka, Zambia",,,lusaka,https://www.zambiayp.com/company/4227/Kroup_Wood_Company_Limited,zambiayp.com
KSM Management Consultants,"Lunsenfwa Road stand 5827, kalundu Lusaka ZM, 10101, Zambia",,,lusaka,https://www.zambiayp.com/company/19297/KSM_Management_Consultants,zambiayp.com
Kwacha Loans,"35258 Kasalu road, Kabulonga Lusaka ZM, 10101, Zambia",,,lusaka,https://www.zambiayp.com/company/19293/Kwacha_Loans,zambiayp.com
LH Agency,"Mukwa Drive, Lilayi, Lusaka, Zambia",,,lusaka,https://www.zambiayp.com/company/18394/LH_Agency,zambiayp.com
Licef School,"6592 Burma Road, Madras, P.O. Box: 35291, Lusaka, Zambia",,,lusaka,https://www.zambiayp.com/company/7502/Licef_School,zambiayp.com
Lint Studios,"Makeni, Bonaventure, Lusaka, Zambia",,,lusaka,https://www.zambiayp.com/company/19444/Lint_Studios,zambiayp.com
Lion Bicycles Limited,"No. 7, Nchenja Road, Northmead, Lusaka, Zambia",,,lusaka,https://www.zambiayp.com/company/19403/Lion_Bicycles_Limited,zambiayp.com
Living Hope Clinic,"Plot 3230 Paseli Road, Northmead , Lusaka, Zambia",,,lusaka,https://www.zambiayp.com/company/2120/Living_Hope_Clinic,zambiayp.com
LOCK-PORT ENGINEERS INNOVATIONS LIMITED,"P.O.Box 80457 , Lusaka, Zambia",,,lusaka,https://www.zambiayp.com/company/17413/LOCK_PORT_ENGINEERS_INNOVATIONS_LIMITED,zambiayp.com
Lotto Zambia (Dreamcall Zambia Limited),"Dreamcall Zambia Limited 7 Lagos Road, Rhodes Park, Lusaka",,,lusaka,https://www.zambiayp.com/company/18058/Lotto_Zambia,zambiayp.com
Luhari Automobiles Ltd,"FINDECO House, 9th Floor, Suite 06, Lusaka, Zambia",,,lusaka,https://www.zambiayp.com/company/18469/Luhari_Automobiles_Ltd,zambiayp.com
Lusaka Water & Sewerage Company Limited,"Stand No. 871 Katemo Rd, Rhodes Park, P.O.Box 50198, Lusaka, Zambia",,,lusaka,https://www.zambiayp.com/company/2448/Lusaka_Water_Sewerage_Company_Limited,zambiayp.com
Lusaka Oaktree School,"Plot 397 Cassanova Close, Off Kafue Road, Makeni Rd, Lusaka 10100, Zambia",,,lusaka,https://www.zambiayp.com/company/19222/Lusaka_Oaktree_School,zambiayp.com
Madison General Insurance Company (Z) Ltd,"Plot 318 Independence Ave, Lusaka, Zambia",,,lusaka,https://www.zambiayp.com/company/1249/Madison_General_Insurance_Co,zambiayp.com
Madison General Insurance,"318 Independence Avenue, Lusaka, Zambia",,,lusaka,https://www.zambiayp.com/company/5791/Madison_General_Insurance,zambiayp.com
Mahak Restaurant,"180A Kasangula Rd, Roma, P.O.Box 36093, Lusaka, Zambia",,,lusaka,https://www.zambiayp.com/company/277/Mahak_Restaurant,zambiayp.com
Malisa & Partners Legal Practitioners,"Plot No. 8A Kawama Road, Woodlands. P.O. Box 51178 Ridgeway Lusaka, Zambia",,,lusaka,https://www.zambiayp.com/company/19454/Malisa_Partners_Legal_Practitioners,zambiayp.com
Mangwee,"738 Chachacha Rd, Lusaka, Zambia",,,lusaka,https://www.zambiayp.com/company/19251/Mangwee,zambiayp.com
MCL Produxion,"12580, Zambezi Road, Lusaka, Zambia",,,lusaka,https://www.zambiayp.com/company/17845/MCL_Produxion,zambiayp.com
MFinance,"HC5W+825, Kabwe, Lusaka, Zambia",,,lusaka,https://www.zambiayp.com/company/19267/MFinance,zambiayp.com
Moteev,"140/11 Ng'ombe Compound, off Zambezi road, Lusaka, Zambia",,,lusaka,https://www.zambiayp.com/company/19441/Moteev,zambiayp.com
Mungwi Steel,"Plot 36351, Mungwi road, Zingalume, Lusaka, Zambia",,,lusaka,https://www.zambiayp.com/company/18550/Mungwi_Steel,zambiayp.com
Nico Insurance Zambia Limited,"Plot 1131 Cnr Parirenyatwa & Protea Rds, Fairview, P.O.Box 32825, Lusaka, Zambia",,,lusaka,https://www.zambiayp.com/company/1283/Nico_Insurance_Zambia_Limited,zambiayp.com
Optimised Power Products,"Plot 57/19 Off District Road, Lusaka, Zambia",,,lusaka,https://www.zambiayp.com/company/19006/Optimised_Power_Products,zambiayp.com
Phoenix Zambia Ltd,"10459 Malasha Road, off Cairo Road, P.O. Box: 38666, Lusaka, Zambia",,,lusaka,https://www.zambiayp.com/company/4481/Phoenix_Zambia_Ltd,zambiayp.com
Pre-secure Ltd,"23 Kudu road, Kabulonga, Lusaka, Zambia",,,lusaka,https://www.zambiayp.com/company/1488/Pre_secure_Ltd,zambiayp.com
PremierCredit Zambia,"Central Park, Stand No. 4b Ground Floor, Main Building along, Cairo Rd, Lusaka, Zambia",,,lusaka,https://www.zambiayp.com/company/19240/PremierCredit_Zambia,zambiayp.com
Printech Ltd,"Plot 10574/5, Chandwe Musonda Road, P.O. Box: 30933, Lusaka, Zambia",,,lusaka,https://www.zambiayp.com/company/3787/Printech_Ltd,zambiayp.com
PRI,"Plot. 87 Provident Street, Rhodes Park, Lusaka, Zambia",,,lusaka,https://www.zambiayp.com/company/16290/PRI,zambiayp.com
PRI Recruitment Agency,"Plot 3827, Parliament Road, Olympia, Lusaka, 10101, Zambia",,,lusaka,https://www.zambiayp.com/company/18180/PRI_Recruitment_Agency,zambiayp.com
Ramani Travel,"Plot No. 6823B Chiwalamambwe Road, Olympia Lusaka, Zambia",,,lusaka,https://www.zambiayp.com/company/19410/Ramani_Travel,zambiayp.com
Repro Limited,"Repro House, Plot 8472, Corner of Great North & Malambo Roads, P.O Box 34781 , Lusaka, Zambia",,,lusaka,https://www.zambiayp.com/company/5193/Repro_Limited,zambiayp.com
Rhodes Park School Ltd,"Sibweni Rd, Northmead, P.O.Box 32755, Lusaka, Zambia",,,lusaka,https://www.zambiayp.com/company/7448/Rhodes_Park_School_Ltd,zambiayp.com
"Road Transport & Safety Agency Lusaka, Hq, RTSA Call Centre, Contact","Dedan Kimathi Road 10101 , Lusaka, Zambia",,,lusaka,https://www.zambiayp.com/company/5258/Road_Transport_Safety_Agency_Hq,zambiayp.com
Roland Imperial Tobacco,"Unit A2 Nexus Centre Plot No 8472 Malambo Rd, P.O.Box 31110, Lusaka, Zambia",,,lusaka,https://www.zambiayp.com/company/6664/Roland_Imperial_Tobacco,zambiayp.com
Ruralnet Associates,"Plot 6465 Libala Rd, Lusaka, Zambia",,,lusaka,https://www.zambiayp.com/company/19380/Ruralnet_Associates,zambiayp.com
Savenda Electrical And Hardware Ltd,"36 Milima Rd, Lusaka, Zambia",,,lusaka,https://www.zambiayp.com/company/5056/Savenda_Electrical_And_Hardware_Ltd,zambiayp.com
Selected Supplies,"Unit #4, Block B Eureka Business Park, Kafue Road Lusaka Zambia",,,lusaka,https://www.zambiayp.com/company/18557/Selected_Supplies,zambiayp.com
Senate Perfumes,"1723 Main Street, Ibex Hills, Lusaka, Zambia",,,lusaka,https://www.zambiayp.com/company/17404/Senate_Perfumes,zambiayp.com
Shopzed,"Plot, 16948B Thabo Mbeki Rd, Lusaka, Zambia",,,lusaka,https://www.zambiayp.com/company/19350/Shopzed,zambiayp.com
Simply Relocate Zambia,"Plot, 16948B Thabo Mbeki Rd, Lusaka 10101, Zambia",,,lusaka,https://www.zambiayp.com/company/19399/Simply_Relocate_Zambia,zambiayp.com
Skyview Solution Ltd,"P.O Box 33537, Lusaka, Zambia",,,lusaka,https://www.zambiayp.com/company/18066/Skyview_Solution_Ltd,zambiayp.com
SKY SED,"Lusaka, Zambia",,,lusaka,https://www.zambiayp.com/company/18925/SKY_SED,zambiayp.com
Sonergy Diagnostics Limited,"Plot 832/1 Katemo Road, Lusaka, Zambia",,,lusaka,https://www.zambiayp.com/company/5183/Sonergy_Diagnostics_Limited,zambiayp.com
Sonar International Ltd,"Mukatasha Rd Off Mumbwa Rd, P.O.Box 390020, Lusaka, Zambia",,,lusaka,https://www.zambiayp.com/company/6480/Sonar_International_Ltd,zambiayp.com
Sonshine School,"Katimamulilo Road, Olympia Park, P.O. Box: 31598, Lusaka, Zambia",,,lusaka,https://www.zambiayp.com/company/16921/Sonshine_School,zambiayp.com
Standard Chartered Bank Zambia,"56H6+9FJ, Zambia Way, Kitwe, Lusaka",,,lusaka,https://www.zambiayp.com/company/19266/Standard_Chartered_Bank_Zambia,zambiayp.com
Steel King,"Chandwe musonda Road, Lusaka, Zambia",,,lusaka,https://www.zambiayp.com/company/6652/Steel_King,zambiayp.com
Street Culture Events & Arts,"F66W+8VF, Club St, Mufulira, Lusaka, Zambia",,,lusaka,https://www.zambiayp.com/company/19394/Street_Culture_Events_Arts,zambiayp.com
Syngenta,"Mukwa Rd , Lusaka, Zambia",,,lusaka,https://www.zambiayp.com/company/5434/Syngenta,zambiayp.com
Texila American University,"Plot No: 37605, KPTF Office Park Kabulonga, Lusaka, Zambia",,,lusaka,https://www.zambiayp.com/company/18207/Texila_American_University,zambiayp.com
Thando Investment Zambia LTD,"45058 New Kasama Road, Lusaka, Zambia",,,lusaka,https://www.zambiayp.com/company/18527/Thando_Investment_Zambia_LTD,zambiayp.com
The Consortium Properties,"Tukuluho road, Lusaka, Zambia",,,lusaka,https://www.zambiayp.com/company/17647/The_Consortium_Properties,zambiayp.com
The University of Zambia - Ecampus,"University of Zambia Great East Road Campus, Lusaka",,,lusaka,https://www.zambiayp.com/company/19325/The_University_of_Zambia_Ecampus,zambiayp.com
Thornhill Boarding And Day School,"110 Great East Road, Eucalyptus Avenue٫ Avondale, Lusaka, Zambia",,,lusaka,https://www.zambiayp.com/company/7328/Thornhill_Boarding_And_Day_School,zambiayp.com
Total Zambia Limited,"Plot F/Lusak/1646505, Great E, Lusaka, Zambia",,,lusaka,https://www.zambiayp.com/company/1461/Total_Zambia_Limited,zambiayp.com
Trade Kings,"Plot No. 29381 Nampundwe Road Light Industrial Area, Lusaka, Zambia",,,lusaka,https://www.zambiayp.com/company/3952/Trade_Kings,zambiayp.com
Tractors PK,"4th Street Airport Road, Lusaka, Zambia",,,lusaka,https://www.zambiayp.com/company/18561/Tractors_PK,zambiayp.com
TRACKME BUSINESS SOLUTIONS LTD,"Fintex building, off Cairo Road, Sapele Ave, 2nd Floor, Lusaka, Zambia",,,lusaka,https://www.zambiayp.com/company/19460/TRACKME_BUSINESS_SOLUTIONS_LTD,zambiayp.com
Twashuka  Basic,"P.O.Box 35268, Lusaka Province, Zambia",,,lusaka,https://www.zambiayp.com/company/10239/Twashuka_Basic,zambiayp.com
University of Zambia,"P.O. Box 32379, Lusaka, Zambia",,,lusaka,https://www.zambiayp.com/company/15086/University_of_Zambia,zambiayp.com
Victoria Hospital,"5498 Lunsenfwa Rd, Lusaka, Zambia",,,lusaka,https://www.zambiayp.com/company/14341/Victoria_Hospital,zambiayp.com
xclusivezambia,"Shop 1 A E Building, Chilumbulu Road, Lusaka Lusaka ZM, 10101, Zambia",,,lusaka,https://www.zambiayp.com/company/19357/xclusivezambia,zambiayp.com
Yielding Tree Pullet Rearers Ltd,"176 Luanshya Rd, P.O.Box 30229, Lusaka, Zambia",,,lusaka,https://www.zambiayp.com/company/4079/Yielding_Tree_Pullet_Rearers_Ltd,zambiayp.com
Zambia Bata Shoe Company Plc,"Mukwa Road Industrial Area P.O. Box 30479, Lusaka, Zambia",,,lusaka,https://www.zambiayp.com/company/4054/Zambia_Bata_Shoe_Company_Plc,zambiayp.com
Zambia Federation of Employers,"1st Floor Electra House, Cairo Rd, Box 31941 , Lusaka, Zambia",,,lusaka,https://www.zambiayp.com/company/12825/Zambia_Federation_of_Employers,zambiayp.com
Zambian Fertilizers,"Mukwa Rd, Box 30728, Lusaka, Zambia",,,lusaka,https://www.zambiayp.com/company/13882/Zambian_Fertilizers,zambiayp.com
Zambia Jobs 247,"Chinika Industrial Area, Lusaka, Zambia",,,lusaka,https://www.zambiayp.com/company/18025/Zambia_Jobs_247,zambiayp.com
Zazu Africa,"Unit D, Counting House Thabo Mbeki Road Between ZiCA & Deloitte, Lusaka, Zambia",,,lusaka,https://www.zambiayp.com/company/19238/Zazu_Africa,zambiayp.com
ZED-ELEGANCE LEATHER,"Mumbwa Road, Garden House, Lusaka, Zambia",,,lusaka,https://www.zambiayp.com/company/19429/ZED_ELEGANCE_LEATHER,zambiayp.com
Zega Limited,"Freight Village Lusaka International Airport, P.O.Box 37287, Zambia",,,lusaka,https://www.zambiayp.com/company/1814/Zega_Limited,zambiayp.com
Zipangile Digital Media Services,"Lusaka, Zambia",,,lusaka,https://www.zambiayp.com/company/19327/Zipangile_Digital_Media_Services,zambiayp.com
ZPOS,"The Works at Latitude 15 Degrees, Leopards Ln, Lusaka, Zambia",,,lusaka,https://www.zambiayp.com/company/19254/ZPOS,zambiayp.com
Zsic Life Ltd,"Cairo Rd, Lusaka, Zambia",,,lusaka,https://www.zambiayp.com/company/5790/Zsic_Life_Ltd,zambiayp.com
Afgri Corporation Ltd,"Kafue Rd, P.O.Box 37956, Lusaka, Zambia",,,lusaka,https://www.zambiayp.com/company/887/Afgri_Corporation_Ltd,zambiayp.com
Amigo Foods Ltd,"Plot 5192, Luanshya Rd, P.O.Box 34841, Lusaka, Zambia",,,lusaka,https://www.zambiayp.com/company/3794/Amigo_Foods_Ltd,zambiayp.com
Baobab College,"Kafue Rd, Chawama, P.O.Box 350099, Lusaka, Zambia",,,lusaka,https://www.zambiayp.com/company/7432/Baobab_College,zambiayp.com
B D O,"Counting House Square Thabo Mbeki Rd, P.O.Box 35139, Lusaka, Zambia",,,lusaka,https://www.zambiayp.com/company/1549/B_D_O,zambiayp.com
Best Buy Lighting,"7292 Corner of Mukatasha & Kambala Road, Heavy Industrial Area, P.O. Box: 30318, Lusaka, Zambia",,,lusaka,https://www.zambiayp.com/company/16982/Best_Buy_Lighting,zambiayp.com
Childfund Zambia,"Plot 9158 Lunsemfwa Rd, Kalundu, P.O.Box 32682, Lusaka, Zambia",,,lusaka,https://www.zambiayp.com/company/7566/Childfund_Zambia,zambiayp.com
Classique Cleaners,"P.O. Box 36599, Cairo Road, North End, Lusaka, Zambia",,,lusaka,https://www.zambiayp.com/company/4736/Classique_Cleaners,zambiayp.com
Computer King Limited,"Plot 33022, Kafue Rd, P.O.Box 34902, Lusaka, Zambia",,,lusaka,https://www.zambiayp.com/company/4505/Computer_King_Limited,zambiayp.com
Cosmic Computers Suppliers Ltd,"MANDA HILL GREAT EAST ROAD , Lusaka, Zambia",,,lusaka,https://www.zambiayp.com/company/4551/Cosmic_Computers_Suppliers_Ltd,zambiayp.com
Davis & Shirtliff (z) Ltd,"LUMUMBA ROAD, NEXT TO FAMILY 24 P.O. BOX 112FW, Lusaka, Zambia",,,lusaka,https://www.zambiayp.com/company/5222/Davis_Shirtliff_z_Ltd,zambiayp.com
Diesel-Electric(Lusaka) LTD,"Plot 4791/2 Chafinga Road, Lusaka, Zambia",,,lusaka,https://www.zambiayp.com/company/14203/Diesel_ElectricLusaka_LTD,zambiayp.com
Distinctive HYIP template for your HYIP business,"53 Makeni Mall, T2, Lusaka, Zambia",,,lusaka,https://www.zambiayp.com/company/17336/Distinctive_HYIP_template_for_your_HYIP_business,zambiayp.com
Dynamax Distribution Limited,"2157 A Bombay Rd, Kamwala, P.O.Box 30807, Lusaka, Zambia",,,lusaka,https://www.zambiayp.com/company/5121/Dynamax_Distribution_Limited,zambiayp.com
Ecobank Zambia,"Acacia Office Park Thabo Mbeki Rd, Lusaka, Zambia",,,lusaka,https://www.zambiayp.com/company/7232/Ecobank_Zambia,zambiayp.com
Emmali Blinds and general dealers,"Great north road plot number 2796, Lusaka, Zambia",,,lusaka,https://www.zambiayp.com/company/18116/Emmali_Blinds_and_general_dealers,zambiayp.com
Fairview Hotel / Hotel & Tourism Training Institute The,"Cnr. Protea & Church Rd, Luneta, Lusaka, Zambia",,,lusaka,https://www.zambiayp.com/company/44/Fairview_Hotel__Hotel_Tourism_Training_Institute_The,zambiayp.com
Family Health Trust,"Plot Number 13, Lungwebungu road, Rhodespark, Lusaka, Zambia",,,lusaka,https://www.zambiayp.com/company/7728/Family_Health_Trust,zambiayp.com
Foam King Manufacturers Limited,"Plot 6300 Kabundi Rd (Off Mumbwa Rd), P.O. Box 31155, Lusaka, Zambia",,,lusaka,https://www.zambiayp.com/company/3802/Foam_King_Manufacturers_Limited,zambiayp.com
Food Lover's Market,"Levy Juncton Mall, Church Road and Kabelenga Road, P.O. Box: 30569, Lusaka, Zambia",,,lusaka,https://www.zambiayp.com/company/17007/Food_Lovers_Market,zambiayp.com
FReNBI Bible College,"45B-C, 4th Floor,  Chester House, Cairo Road, Lusaka, Zambia",,,lusaka,https://www.zambiayp.com/company/16464/FReNBI_Bible_College,zambiayp.com
Green 2000,"50 Independence Ave Civic Ctr Area, P.O.Box 30514, Lusaka, Zambia",,,lusaka,https://www.zambiayp.com/company/4937/Green_2000,zambiayp.com
Guinness,"Plot 6438, Mungwi Road, Lusaka, 10101, Zambia",,,lusaka,https://www.zambiayp.com/company/18921/Guinness,zambiayp.com
Hausline Logistics Co.,"Villa Elizabetha, Chandwa Musonda Road, Opposite Steel King, Lusaka, Zambia",,,lusaka,https://www.zambiayp.com/company/18255/Hausline_Logistics_Co,zambiayp.com
Hazida Motors Limited,"Katanga Rd, Lusaka, Zambia",,,lusaka,https://www.zambiayp.com/company/2528/Hazida_Motors_Limited,zambiayp.com
Hokma Incs,"P.o Box 10101, Lusaka, Zambia",,,lusaka,https://www.zambiayp.com/company/19120/Hokma_Incs,zambiayp.com
Holiday Inn,"Cnr Birdcage Walk And Haile Selassie Avenue , Lusaka, Zambia",,,lusaka,https://www.zambiayp.com/company/7896/Holiday_Inn,zambiayp.com
Honda Zambia Ltd,"Kalambo Rd, Lusaka, Zambia",,,lusaka,https://www.zambiayp.com/company/2575/Honda_Zambia_Ltd,zambiayp.com
Hybrid Poultry Farm (z) Ltd,"Hybrid Rd Chamba Valley, P.O.Box 310097, Lusaka, Zambia",,,lusaka,https://www.zambiayp.com/company/4131/Hybrid_Poultry_Farm_z_Ltd,zambiayp.com
Indo Zambia Bank,"Plot 6907 Cairo Rd, P.O.Box 35411, Lusaka, Zambia",,,lusaka,https://www.zambiayp.com/company/7059/Indo_Zambia_Bank,zambiayp.com
Investrust Bank Plc,"Investrust Bank Main Branch, Olympia Park, Lusaka, Zambia",,,lusaka,https://www.zambiayp.com/company/7042/Investrust_Bank_Plc,zambiayp.com
Juba Transportation Ltd,"Plot # 12755 Off Mumbwa Road, Lusaka, Zambia",,,lusaka,https://www.zambiayp.com/company/17156/Juba_Transportation_Ltd,zambiayp.com
Kakwele Lodge,"F/2085 Waterfall Area, Off Airport Road, Lusaka, Zambia",,,lusaka,https://www.zambiayp.com/company/16621/Kakwele_Lodge,zambiayp.com
Kalokoni & Company,"Unnamed Road, Lusaka, Zambia",,,lusaka,https://www.zambiayp.com/company/7650/Kalokoni_Company,zambiayp.com
Kamano Seed Co Ltd,"Plot 12922, Mumbwa Rd, P.O.Box 35330, Lusaka, Zambia",,,lusaka,https://www.zambiayp.com/company/4606/Kamano_Seed_Co_Ltd,zambiayp.com
Kazitele Solutions,"Plot 1171 Off Commonwealth Rd, Matero, Lusaka, Zambia",,,lusaka,https://www.zambiayp.com/company/17993/Kazitele_Solutions,zambiayp.com
Magnum Security Services,"Bwinjimfumu Rd, Rhodes Park, P.O.Box 30549, Lusaka, Zambia",,,lusaka,https://www.zambiayp.com/company/1487/Magnum_Security_Services,zambiayp.com
Manal Investments Ltd,"6948 Mumbwa Rd, P.O.Box 35683, Lusaka, Zambia",,,lusaka,https://www.zambiayp.com/company/1055/Manal_Investments_Ltd,zambiayp.com
Matero Girls,"Box 32979, Lusaka Province, Zambia",,,lusaka,https://www.zambiayp.com/company/12508/Matero_Girls,zambiayp.com
Medical Stores Limited,"Plot 6446, Mukwa Rd, Industrial Area, P.O.Box 30207, Lusaka, Zambia",,,lusaka,https://www.zambiayp.com/company/5510/Medical_Stores_Limited,zambiayp.com
Mend-a-bath Zambia,"Plot 7221 Kachidza Rd, P.O.Box 35751, Lusaka, Zambia",,,lusaka,https://www.zambiayp.com/company/4062/Mend_a_bath_Zambia,zambiayp.com
Multichoice,"Bishops Rd, Lusaka, Zambia",,,lusaka,https://www.zambiayp.com/company/7890/Multichoice,zambiayp.com
Mutti Kabelenga Health Services,"No. 123 Nambala Close, Off Bwinjimfumu Rd, Lusaka, Zambia",,,lusaka,https://www.zambiayp.com/company/15451/Mutti_Kabelenga_Health_Services,zambiayp.com
Netagrow Technologies,"H7GM+H74, Cairo Rd, Lusaka 10101, Zambia",,,lusaka,https://www.zambiayp.com/company/19269/Netagrow_Technologies,zambiayp.com
Nshimbi Steel (Z) Ltd,"Plot No. 11020 Mumbwa Road, Lusaka, Zambia",,,lusaka,https://www.zambiayp.com/company/17091/Nshimbi_Steel_Z_Ltd,zambiayp.com
OG Electricals,"5189 Corner Luanshya and Nchoncho Roads, Lusaka, Zambia",,,lusaka,https://www.zambiayp.com/company/16983/OG_Electricals,zambiayp.com
Penmarks Limited,"831 Cairo Rd, North End, Lusaka, Zambia",,,lusaka,https://www.zambiayp.com/company/2750/Penmarks_Limited,zambiayp.com
Pilatus Engineering Company,"2319 Leopards Hill Rd, Lusaka, Zambia",,,lusaka,https://www.zambiayp.com/company/2481/Pilatus_Engineering_Company,zambiayp.com
Professional Insurance Corporation Zambia Limited,"Finsbury Park, Kabwe Round About, Lusaka, Zambia",,,lusaka,https://www.zambiayp.com/company/1242/Professional_Insurance_Corporation_Zambia_Limited,zambiayp.com
Sarodi Hardware Limited,"Chachacha Rd, North End, P.O.Box 30631, Lusaka, Zambia",,,lusaka,https://www.zambiayp.com/company/4183/Sarodi_Hardware_Limited,zambiayp.com
Savenda Management Services Ltd,"36 Milima Rd, Lusaka, Zambia",,,lusaka,https://www.zambiayp.com/company/2100/Savenda_Management_Services_Ltd,zambiayp.com
Savanna Insurance Brokers Ltd,"Plot No 4991 Nsunzu Rd off Independence Ave, P.O.Box 37971, Lusaka, Zambia",,,lusaka,https://www.zambiayp.com/company/5862/Savanna_Insurance_Brokers_Ltd,zambiayp.com
Serious aluminium and glass,"Light Industrial Area, Kasuba Road, P. O Box 36662, L<span style=""color: red"">usa</span>ka, Zambia, Lusaka",,,lusaka,https://www.zambiayp.com/company/17423/serious_aluminium_and_glass,zambiayp.com
Shrewd Business Solutions,"Plot No 1584,Nqwerere Road,Chelstone,Lusaka, Zambia",,,lusaka,https://www.zambiayp.com/company/17345/Shrewd_Business_Solutions,zambiayp.com
Simbaland Building Products,"Teagles Road, Makeni, Lusaka, Zambia",,,lusaka,https://www.zambiayp.com/company/16998/Simbaland_Building_Products,zambiayp.com
Sobi Industries Ltd,"5192 Luanshya Rd, Villa Elizabetha, P.O.Box 33391, Lusaka, Zambia",,,lusaka,https://www.zambiayp.com/company/4221/Sobi_Industries_Ltd,zambiayp.com
Spectra Oil Corporation Limited,"Plot 1691, Lumumba Rd, P.O.Box 35402, Lusaka, Zambia",,,lusaka,https://www.zambiayp.com/company/1432/Spectra_Oil_Corporation_Limited,zambiayp.com
Standard Microgrid,"Lusaka, Zambia",,,lusaka,https://www.zambiayp.com/company/19304/Standard_Microgrid,zambiayp.com
Taj Pamodzi Hotel,"Church Rd, P.O.Box 35450, Lusaka, Zambia",,,lusaka,https://www.zambiayp.com/company/4/Taj_Pamodzi_Hotel,zambiayp.com
Thelsac swimming pool builders,"Corner of Great North Road, plot No 20., Lusaka, Zambia",,,lusaka,https://www.zambiayp.com/company/19172/Thelsac_swimming_pool_builders,zambiayp.com
Trellidor,"Plot 5548, Lukanga Road, Kalundu, Lusaka, Zambia",,,lusaka,https://www.zambiayp.com/company/4950/Trellidor,zambiayp.com
Tyre King,"Plot 1671 Chifinga Rd, Lusaka, Zambia",,,lusaka,https://www.zambiayp.com/company/2684/Tyre_King,zambiayp.com
Umoyo Natural Health,"The Woodlands, Arcades mall, Thabo Mbeki Rd, Lusaka, Zambia",,,lusaka,https://www.zambiayp.com/company/16934/Umoyo_Natural_Health,zambiayp.com
Uniturtle Industries (Z) LTD,"9216 Lupenga Road, Off Lumumba Road, Soweto Area, P.O. Box: 35192, Lusaka, Zambia",,,lusaka,https://www.zambiayp.com/company/15078/Uniturtle_Industries_Z_LTD,zambiayp.com
Waterman,"7257 Njolwe Road, off Lumumba Road, Light Industrial Area, Box 31493, Lusaka, Zambia",,,lusaka,https://www.zambiayp.com/company/14910/Waterman,zambiayp.com
Windscreen Shop,"Plot 1661 Panganani Rd Light Industrial Area, P.O.Box 32730, Lusaka, Zambia",,,lusaka,https://www.zambiayp.com/company/2711/Windscreen_Shop,zambiayp.com
Yendelela Trading Ltd,"5777 Great East Road, Lusaka, Zambia",,,lusaka,https://www.zambiayp.com/company/17268/yendelela-trading-ltd,zambiayp.com
Zambia National Tourist Board,"Kalembwe Rd, Lusaka, Zambia",,,lusaka,https://www.zambiayp.com/company/875/Zambia_National_Tourist_Board,zambiayp.com
Zambia Meteorological Department (ZMD),"Haile Selassie Ave, P.O.Box 30200, Lusaka, Zambia",,,lusaka,https://www.zambiayp.com/company/1715/Zambia_Meteorological_Department_ZMD,zambiayp.com
Zambeef Products Plc,"Plot 4970 Manda Rd, Industrial Area, Lusaka, Zambia",,,lusaka,https://www.zambiayp.com/company/3943/Zambeef_Products_Plc,zambiayp.com
Zamsafety Equipment Ltd,"73 Independence Avenue, Lusaka, Zambia",,,lusaka,https://www.zambiayp.com/company/4125/Zamsafety_Equipment_Ltd,zambiayp.com
Zambia Institute Of Diplomacy And International Studies,"Corner of Jacaranda Road and Burma Road, P.O.Box 38842, Lusaka, Zambia",,,lusaka,https://www.zambiayp.com/company/5875/Zambia_Institute_Of_Diplomacy_And_International_Studies,zambiayp.com
Zambia Development Agency (ZDA),"Zambia Development Agency Privatization House, Nasser Road P. O. Box 30819, Lusaka",,,lusaka,https://www.zambiayp.com/company/8308/Zambia_Development_Agency_ZDA,zambiayp.com
ZCAS,"5309 Dedan Kimathi Road, Lusaka, Zambia",,,lusaka,https://www.zambiayp.com/company/14467/ZCAS,zambiayp.com
ZCN Auto,"Katyetye Road, Chris Corner, Chilenje, Lusaka, Zambia",,,lusaka,https://www.zambiayp.com/company/18799/ZCN_Auto,zambiayp.com
Zed skooly,"Mtendere c811, Lusaka, Zambia",,,lusaka,https://www.zambiayp.com/company/18429/Zed_skooly,zambiayp.com
Ads With Wise,"Cairo Road , Lusaka, Zambia",,,lusaka,https://www.zambiayp.com/company/19024/Ads_With_Wise,zambiayp.com
Advance Diagnostic Center Limited,"30B Joseph Mhwilwa Road, Rhodes park, Lusaka, Zambia",,,lusaka,https://www.zambiayp.com/company/16462/Advance_Diagnostic_Center_Limited,zambiayp.com
Africast Conferences & Exhibitions,"The Expo Hub, Plot 100/654, Lusaka, Zambia",,,lusaka,https://www.zambiayp.com/company/17463/Africast_Conferences_Exhibitions,zambiayp.com
African Vacations,"39 Milima Road, Woodlands, Lusaka, Zambia",,,lusaka,https://www.zambiayp.com/company/18221/African_Vacations,zambiayp.com
Agrivet Africa Ltd,"36343 Kafue Road, Lusaka, Zambia",,,lusaka,https://www.zambiayp.com/company/4346/Agrivet_Africa_Ltd,zambiayp.com
Beit Cure Hospital,"Box 36961, Plot 34872A, Great N, Lusaka, Zambia",,,lusaka,https://www.zambiayp.com/company/14326/Beit_Cure_Hospital,zambiayp.com
Bonafide Innovation Hub,"Corner Freedom Way/Kalambo Road Lusaka, Zambia",,,lusaka,https://www.zambiayp.com/company/18650/Bonafide_Innovation_Hub,zambiayp.com
BUGS MEDIA SERVICES,"KAFUE ROAD, LUSAKA, Zambia",,,lusaka,https://www.zambiayp.com/company/17977/BUGS_MEDIA_SERVICES,zambiayp.com
Cavendish University Zambia,"Corner of Great North and Washama road Villa Elizabeth, Lusaka, Zambia",,,lusaka,https://www.zambiayp.com/company/15083/Cavendish_University_Zambia,zambiayp.com
CFB Medical Centre & Hospital,"Plot 4192 Addis Ababa Drive P.O. Box 32119 10101, Lusaka, Zambia",,,lusaka,https://www.zambiayp.com/company/14329/CFB_Medical_Centre_Hospital,zambiayp.com
Chic Bridal Store,"Mosi o Tunya Road Woodlands Chalala , Lusaka, Zambia",,,lusaka,https://www.zambiayp.com/company/19051/Chic_Bridal_Store,zambiayp.com
Climate Management Limited,"18 Mwapona Rd, Lusaka, Zambia",,,lusaka,https://www.zambiayp.com/company/5216/Climate_Management_Limited,zambiayp.com
Clickplus Media,"kamwala south lusaka, Zambia",,,lusaka,https://www.zambiayp.com/company/19234/Clickplus_Media,zambiayp.com
Computer Express,"Shop 57-60 Carrousel Centre, Lumumba Rd, Lusaka, Zambia",,,lusaka,https://www.zambiayp.com/company/4502/Computer_Express,zambiayp.com
DYNAMIC BUSINESS SOLUTIONS LIMITED,"ROOM 143, FIRST FLOOR, CAROUSEL SHOPPING CENTRE, Lusaka, Zambia",,,lusaka,https://www.zambiayp.com/company/17766/DYNAMIC_BUSINESS_SOLUTIONS_LIMITED,zambiayp.com
EASY CHOICES LIMITED,"Plot 12052, Lumumba Road, Lusaka, Zambia",,,lusaka,https://www.zambiayp.com/company/18790/EASY_CHOICES_LIMITED,zambiayp.com
Eco Laundry and Dry cleaners,"Sunsoft Mall Chiparamba road , Lusaka, Zambia",,,lusaka,https://www.zambiayp.com/company/18696/Eco_Laundry_and_Dry_cleaners,zambiayp.com
Ego Print,"Plot No. 20 Manzi Valley Road, New Avondale, Lusaka, Zambia",,,lusaka,https://www.zambiayp.com/company/18503/Ego_Print,zambiayp.com
Emirates Airlines,"Acacia Park, Thabo Mbeki Rd, Lusaka, Zambia",,,lusaka,https://www.zambiayp.com/company/1567/Emirates_Airlines,zambiayp.com
GIO ELECTRONICS,"Olympia park P.O BOX. 39439, Lusaka, Zambia",,,lusaka,https://www.zambiayp.com/company/18851/GIO_ELECTRONICS,zambiayp.com
GlobeCore,"ELUNDA 2, RHODES PARK, Lusaka, Zambia",,,lusaka,https://www.zambiayp.com/company/18153/GlobeCore,zambiayp.com
GMAKE ENTERPRISES,"Plot 13A Mimosa Drive. Chilanga, Lusaka, Zambia",,,lusaka,https://www.zambiayp.com/company/18098/GMAKE_ENTERPRISES,zambiayp.com
Grande Fratelli Enterprises,"Plot 12547, Zambezi Road, Roma, Lusaka , Zambia",,,lusaka,https://www.zambiayp.com/company/17679/Grande_Fratelli_Enterprises,zambiayp.com
Great Wall Casino,"Plot 10865, Corner of Kafue/Lumumba Road, Lusaka, Zambia",,,lusaka,https://www.zambiayp.com/company/16764/Great_Wall_Casino,zambiayp.com
Handmaid Sisters Convent,"Lusaka, Zambia",,,lusaka,https://www.zambiayp.com/company/8121/Handmaid_Sisters_Convent,zambiayp.com
Hi Vendor,"Zambia, Lusaka",,,lusaka,https://www.zambiayp.com/company/19204/Hi_Vendor,zambiayp.com
iMatehost Solutions Limited,"Kabwata Site and Service. House No 366, Lusaka, Zambia",,,lusaka,https://www.zambiayp.com/company/19009/iMatehost_Solutions_Limited,zambiayp.com
Industrial Training Centre,"Buyantanshi Rd, Box 34785, Lusaka, Zambia",,,lusaka,https://www.zambiayp.com/company/14447/Industrial_Training_Centre,zambiayp.com
Italian School,"Stand 4919, Lubu Rd, Lusaka, Zambia",,,lusaka,https://www.zambiayp.com/company/7399/Italian_School,zambiayp.com
Kachema Meat Suppliers,"Unnamed Road, Lusaka, Zambia",,,lusaka,https://www.zambiayp.com/company/4588/Kachema_Meat_Suppliers,zambiayp.com
K-Chicks,"Corner Mall, 2nd Floor, Shop No.27 Northmead, Lusaka, Zambia",,,lusaka,https://www.zambiayp.com/company/17338/K_Chicks,zambiayp.com
Kings Highway Sda School,"P.0. Box 36010, Lusaka, Zambia",,,lusaka,https://www.zambiayp.com/company/7407/Kings_Highway_Sda_School,zambiayp.com
Lawn Irrigation Techn,"Lusaka Unza area, Zambia",,,lusaka,https://www.zambiayp.com/company/16305/Lawn_Irrigation_Technologies,zambiayp.com
Lusaka Hardware Ltd,"690 Chachacha Rd, P.O.Box 32765, Lusaka, Zambia",,,lusaka,https://www.zambiayp.com/company/5023/Lusaka_Hardware_Ltd,zambiayp.com
Lusaka eye Hospital,"59 Chipwenupwenu Road, Makeni 10101, Lusaka, Zambia",,,lusaka,https://www.zambiayp.com/company/14339/Lusaka_eye_Hospital,zambiayp.com
Luxwrist,"6 Parliament Road Olympia Park, Lusaka, Zambia",,,lusaka,https://www.zambiayp.com/company/17832/Luxwrist,zambiayp.com
Manje Manje Taxi,"Room 9 Site Building, Manda Hill Mall, Off Manchinchi Rd, Lusaka, Zambia",,,lusaka,https://www.zambiayp.com/company/19129/Manje_Manje_Taxi,zambiayp.com
Marie Stopes International Zambia,"Plot 120 Kudu Road, Kabulonga , Lusaka, Zambia",,,lusaka,https://www.zambiayp.com/company/4365/Marie_Stopes_International_Zambia,zambiayp.com
Melsim Lodge,"Mass Media Area, next to Radio Christian Voice, behind Flamingo Supermarket, Lusaka, Zambia",,,lusaka,https://www.zambiayp.com/company/16584/Melsim_Lodge,zambiayp.com
M&ESz,"ZINGALUME, Lusaka, Zambia",,,lusaka,https://www.zambiayp.com/company/17427/MESz,zambiayp.com
MFI Docuument Solutions,"Plot 1192, Lunzua Road , Off adisababa Drive , Lusaka, Zambia",,,lusaka,https://www.zambiayp.com/company/17194/MFI_Docuument_Solutions,zambiayp.com
Mika Convention Center,"Farm 34A/9, Waterfalls, Meanwood, Great East Road, P.O. Box: 38836, Lusaka, Zambia",,,lusaka,https://www.zambiayp.com/company/16585/Mika_Convention_Center,zambiayp.com
Mima Sanitation Services,"Corner Manchinchi Road, Garden, Lusaka, Zambia",,,lusaka,https://www.zambiayp.com/company/18987/Mima_Sanitation_Services,zambiayp.com
Ministry Of Education,"89 Corner of Chimanga and Mogadishu Road, Lusaka, Zambia",,,lusaka,https://www.zambiayp.com/company/7574/Ministry_Of_Education,zambiayp.com
Myzed Apps Developers,"7603, Off Buluwe Road, Woodlands, Lusaka, Zambia",,,lusaka,https://www.zambiayp.com/company/18754/Myzed_Apps_Developers,zambiayp.com
Oshechem Chemicals,"Church Chilubi , Lusaka, Zambia",,,lusaka,https://www.zambiayp.com/company/18020/Oshechem_Chemicals,zambiayp.com
Palma Private School,"Lusaka, Zambia",,,lusaka,https://www.zambiayp.com/company/7374/Palma_Private_School,zambiayp.com
Peace Corps,"Lusaka, Zambia",,,lusaka,https://www.zambiayp.com/company/13633/Peace_Corps,zambiayp.com
Pioneer Power Techniques Limited,"Renaissance House, 5187 Nchoncho Road, Villa Elizabetha, P.O. Box: 34937, Lusaka, Zambia",,,lusaka,https://www.zambiayp.com/company/4578/Pioneer_Power_Techniques_Limited,zambiayp.com
Pricey Media Base,"Cairo Road, Central Park, Plot No. 5 Down Floor., Lusaka, Zambia",,,lusaka,https://www.zambiayp.com/company/18082/Pricey_Media_Base,zambiayp.com
Radio Q-FM,"Plot No: 1198A, Addis Ababa Drive 10101, Lusaka, Zambia",,,lusaka,https://www.zambiayp.com/company/1508/Radio_Q_FM,zambiayp.com
Radian Stores Ltd,"Plot 6437 Mukwa Road, Bata Complex, Heavy Industrial Area, Lusaka, Zambia",,,lusaka,https://www.zambiayp.com/company/2775/Radian_Stores_Ltd,zambiayp.com
Real Meat Company Ltd,"P.O.Box 35108, Lusaka, Zambia",,,lusaka,https://www.zambiayp.com/company/3940/Real_Meat_Company_Ltd,zambiayp.com
Rephidim Institute Ltd,"Farm 690 Ferngrove Kasupe, Lusaka, Zambia",,,lusaka,https://www.zambiayp.com/company/7481/Rephidim_Institute_Ltd,zambiayp.com
Seedco Zambia  Limited,"Plot 7256-60 Kachidza Rd off Njolwe Rd, Industrial Area, P.O.Box 35310, Lusaka, Zambia",,,lusaka,https://www.zambiayp.com/company/4602/Seedco_Zambia_Limited,zambiayp.com
Solution Zambia,"Woodlands, Lusaka zambuia, Zambia",,,lusaka,https://www.zambiayp.com/company/17751/Solution_Zambia,zambiayp.com
St. Francis and Clare School,"24/349 Chipata Compound  Postnet 281, P. Bag E891 Manda Hill, Lusaka, Zambia",,,lusaka,https://www.zambiayp.com/company/7398/St_Francis_and_Clare_School,zambiayp.com
SUPPER POWER PACK SYSTEMS,"Lusaka, Zambia",,,lusaka,https://www.zambiayp.com/company/18224/SUPPER_POWER_PACK_SYSTEMS,zambiayp.com
Synwave Power Zambia,"Roma, Lusaka, Zambia",,,lusaka,https://www.zambiayp.com/company/17555/Synwave_Power_Zambia,zambiayp.com
TECHTRON SPACE TECHNOLOGIES LIMITED,"Shatumbu Lusaka, Zambia",,,lusaka,https://www.zambiayp.com/company/17951/TECHTRON_SPACE_TECHNOLOGIES_LIMITED,zambiayp.com
Vehicle Centre Zambia Ltd,"Plot 9558 Sheki Sheki Road, Lusaka, Zambia",,,lusaka,https://www.zambiayp.com/company/2526/Vehicle_Centre_Zambia_Ltd,zambiayp.com
World Vision Intrenational,"Lusaka, Zambia",,,lusaka,https://www.zambiayp.com/company/13203/World_Vision_Intrenational,zambiayp.com
Zambia Police Service,"PO Box 50103, Independence avenue 10101 , Lusaka, Zambia",,,lusaka,https://www.zambiayp.com/company/2226/Zambia_Police_Service,zambiayp.com
Zanaco,"Cairo Rd, P.O.Box 33611, Lusaka, Zambia",,,lusaka,https://www.zambiayp.com/company/7043/Zanaco,zambiayp.com
Z S I C General Insurance,"Plot 7431 Premium Hse Independence Ave Kamwala Area, P.O.Box 31933, Lusaka, Zambia",,,lusaka,https://www.zambiayp.com/company/1315/Z_S_I_C_General_Insurance,zambiayp.com
Adlab McCann,"4 on Bishops Office Park, Lusaka, Zambia",,,lusaka,https://www.zambiayp.com/company/19363/Adlab_McCann,zambiayp.com
Agova,"1277 Lubuto Rd Rhodespark Lusaka ZM, 10101, Zambia",,,lusaka,https://www.zambiayp.com/company/19349/Agova,zambiayp.com
Agripredict,"H86W+VJ5 Lusaka, 29 Nalikwanda Rd, Wooodlands 10101, Zambia",,,lusaka,https://www.zambiayp.com/company/19265/Agripredict,zambiayp.com
Amazon Associates Chartered Accountants,"Plot No 6004 Sibweni Road, Northmead Lusaka, PO BOX 32001, Zambia",,,lusaka,https://www.zambiayp.com/company/18802/Amazon_Associates_Chartered_Accountants,zambiayp.com
Aqua Life Electrical Water Systems,"47/12, Magoye, Ng'ombe, Lusaka, Zambia",,,lusaka,https://www.zambiayp.com/company/18739/Aqua_Life_Electrical_Water_Systems,zambiayp.com
Aquaquest,"4 Cedar Rd, Lusaka, Zambia",,,lusaka,https://www.zambiayp.com/company/19367/Aquaquest,zambiayp.com
Augusta Pharmaceuticals,"Plot No 35999, Off Chandwa Mosonda Road, Light Industrial Area,, Lusaka, Zambia",,,lusaka,https://www.zambiayp.com/company/19287/Augusta_Pharmaceuticals,zambiayp.com
BAYHEALTH VETERINARY SERVICES,"PLOT 63337 OFF ALICK NKHATA ROAD, KALINGALINGA LUSAKA ZAMBIA",,,lusaka,https://www.zambiayp.com/company/17562/BAYHEALTH_VETERINARY_SERVICES,zambiayp.com
Care Cooperative Savings & Credit Society,"J8FV+64M, Lusaka, Zambia",,,lusaka,https://www.zambiayp.com/company/19277/Care_Cooperative_Savings_Credit_Society,zambiayp.com
Challenges Zambia,"Bongo Hive co-working, 19 Katima Mulilo Rd, Lusaka, Zambia",,,lusaka,https://www.zambiayp.com/company/19364/Challenges_Zambia,zambiayp.com
Coca-Cola Company,"Malambo Rd, Industrial Area, Lusaka, Zambia",,,lusaka,https://www.zambiayp.com/company/19061/Coca_Cola_Company,zambiayp.com
Connect Africa,"HC5W+6XV State Lodge Road, Lusaka, Zambia",,,lusaka,https://www.zambiayp.com/company/19368/Connect_Africa,zambiayp.com
Crown Millers Ltd,"Off Mumbwa Road Chinika Industrial Area, Lusaka, Zambia",,,lusaka,https://www.zambiayp.com/company/1355/Crown_N_Millers_Ltd,zambiayp.com
Dairy Gold,"Plot # 8088, Lusaka, Zambia",,,lusaka,https://www.zambiayp.com/company/19294/Dairy_Gold,zambiayp.com
Dallas Stationery Limited,"Thabo Mbeki Road, Box 36942, Lusaka, Zambia",,,lusaka,https://www.zambiayp.com/company/4465/Dallas_Stationery_Limited,zambiayp.com
DFC Tank Pressure Vessel Manufacturer Co Ltd,"12B Finance House building. Central Street off 7th Street street. LUSAKA 12233, Zambia",,,lusaka,https://www.zambiayp.com/company/18262/DFC_Tank_Pressure_Vessel_Manufacturer_Co_Ltd,zambiayp.com
Digital Safe,"Reedbuck Road no.11 kabulonga Lusaka ZM, 10101, Zambia",,,lusaka,https://www.zambiayp.com/company/19326/Digital_Safe,zambiayp.com
Dre Media Graphics,"lusaka,zambia",,,lusaka,https://www.zambiayp.com/company/18437/Dre_Media_Graphics,zambiayp.com
Elite Habitant ZM,"Plot 13969 Chandwe musonda road. , Lusaka, Zambia",,,lusaka,https://www.zambiayp.com/company/17939/Elite_Habitant_ZM,zambiayp.com
E.N.T AUTO DIAGNOSTICS,"22/102 Mumbwa Road , Lusaka, Zambia",,,lusaka,https://www.zambiayp.com/company/19094/ENT_AUTO_DIAGNOSTICS,zambiayp.com
FSD Zambia,"53 Leopards Hill Road, Lusaka 10101, Zambia",,,lusaka,https://www.zambiayp.com/company/19324/FSD_Zambia,zambiayp.com
Gettitonline,"Plot No 26346 Chalala, off Kasama Rd, Lusaka 10101, Zambia",,,lusaka,https://www.zambiayp.com/company/19299/Gettitonline,zambiayp.com
Golden Star Car Hire,"Kamwala South, Lusaka, Zambia",,,lusaka,https://www.zambiayp.com/company/19008/Golden_Star_Car_Hire,zambiayp.com
Ibis Gardens Ltd,"Lusaka, Zambia",,,lusaka,https://www.zambiayp.com/company/61/Ibis_Gardens_Ltd,zambiayp.com
INDANA FLANGE GUARDS,"3710 Lodgeville Road, Lusaka, Zambia",,,lusaka,https://www.zambiayp.com/company/17494/INDANA_FLANGE_GUARDS,zambiayp.com
InvesPoint Advisory Limited,"House No.46, Senanga Road, Hansworth Park, Lusaka, Zambia",,,lusaka,https://www.zambiayp.com/company/19174/InvesPoint_Advisory_Limited,zambiayp.com
Iron Gate Luxury,"Freeway Plaza Shop 17 Plot no. 23A ChaChaCha Road, Lusaka, Zambia",,,lusaka,https://www.zambiayp.com/company/19196/Iron_Gate_Luxury,zambiayp.com
JETEC INTERNET AND COMPUTER TRAINING CENTRE LTD,"ROOM A2 I.A SHOPPING COMPLEX CHACHACHA ROAD LUSAKA, Zambia",,,lusaka,https://www.zambiayp.com/company/18016/JETEC_INTERNET_AND_COMPUTER_TRAINING_CENTRE_LTD,zambiayp.com
lusaka drilling company ltd,"PLOT:- 19 MARSHLANDS, GREAT EAST ROAD, LUSAKA., Zambia",,,lusaka,https://www.zambiayp.com/company/16313/lusaka_drilling_company_ltd,zambiayp.com
Lusaka East Transport Solutions,"5511 Simon Mwansa Kapwepwe Road, Avondale, Lusaka, Zambia",,,lusaka,https://www.zambiayp.com/company/18984/Lusaka_East_Transport_Solutions,zambiayp.com
Macfarlanes Truck & Car Limited,"Plot 9547, Lumumba Rd, Lusaka, Zambia",,,lusaka,https://www.zambiayp.com/company/2439/Macfarlanes_Truck_Car_Limited,zambiayp.com
Marlin Restaurant,"The Lusaka Club, Los Angeles Boulevard, Longacres, P.O. Box: 33892, Zambia",,,lusaka,https://www.zambiayp.com/company/402/Marlin_Restaurant,zambiayp.com
Maro Auto Spares Ltd,"718 Motaxis Building, Kalundwe Road, Lusaka, Zambia",,,lusaka,https://www.zambiayp.com/company/17020/Maro_Auto_Spares_Ltd,zambiayp.com
Maskamusic,"222 l<span style=""color: red"">usa</span>ka, Lusaka, Zambia",,,lusaka,https://www.zambiayp.com/company/17419/maskamusic,zambiayp.com
Medellin Pharmacy,"31115 Chalala, Lusaka, Zambia",,,lusaka,https://www.zambiayp.com/company/18562/Medellin_Pharmacy,zambiayp.com
Medsearch Zambia,"H923+9CH Lusaka ZM, 10101, Zambia",,,lusaka,https://www.zambiayp.com/company/19373/Medsearch_Zambia,zambiayp.com
Mika Lodge,"Plot 106, Central St, Jesmondine, P.O.Box 38836, Lusaka, Zambia",,,lusaka,https://www.zambiayp.com/company/348/Mika_Lodge,zambiayp.com
Moti Solutions for Africa,"Lusaka, Zambia",,,lusaka,https://www.zambiayp.com/company/19358/Moti_Solutions_for_Africa,zambiayp.com
Munda Wanga Environmental Park,"Kafue Road, Chilanga, P.O. Box: 350068, Lusaka, Zambia",,,lusaka,https://www.zambiayp.com/company/16742/Munda_Wanga_Environmental_Park,zambiayp.com
Mupuma Management Solutions,"H83X+4GC, Bishops Cl, Lusaka, Zambia",,,lusaka,https://www.zambiayp.com/company/19376/Mupuma_Management_Solutions,zambiayp.com
MV Business Consultants,"Lusaka, Zambia",,,lusaka,https://www.zambiayp.com/company/17235/Fuel_Systems_Ltd,zambiayp.com
MyPay Financial Solutions,"H7JM+F44, Heroes Pl, Lusaka, Zambia",,,lusaka,https://www.zambiayp.com/company/19314/MyPay_Financial_Solutions,zambiayp.com
MyPerfectStitch,"Olympia, 25 Parliament Rd, Lusaka, Zambia",,,lusaka,https://www.zambiayp.com/company/19391/MyPerfectStitch,zambiayp.com
NATSAVE,"9J6X+C37, Luangwa Road, Chipata, Lusaka, Zambia",,,lusaka,https://www.zambiayp.com/company/19274/NATSAVE,zambiayp.com
Neo Nova Technologies,"Plot 10096 Mumbwa, Lusaka, Zambia",,,lusaka,https://www.zambiayp.com/company/19323/Neo_Nova_Technologies,zambiayp.com
New Apostolic Church (Z) LTD,"Plot 8145/8146 ,corner of Chisekela and Kasiba Road, Rhodes Park, Lusaka, Zambia",,,lusaka,https://www.zambiayp.com/company/8155/New_Apostolic_Church_Z_LTD,zambiayp.com
POUNDSTRETCHER ZAMBIA LTD,"30913 makeni lusaka, Zambia",,,lusaka,https://www.zambiayp.com/company/18188/POUNDSTRETCHER_ZAMBIA_LTD,zambiayp.com
Renovatio Ingenuity Ltd,"New Kasama Plot 11241m/c, Lusaka, Zambia",,,lusaka,https://www.zambiayp.com/company/17641/Renovatio_Ingenuity_Ltd,zambiayp.com
R.K General dealers and Construction limited,"off ring road extention woodland , private bag 647Rw, Lusaka, Zambia",,,lusaka,https://www.zambiayp.com/company/18061/RK_General_dealers_and_Construction_limited,zambiayp.com
Sagewire Technologies Limited,"Lusaka, Zambia",,,lusaka,https://www.zambiayp.com/company/17488/Sagewire_Technologies_Limited,zambiayp.com
S&B Distributors,"Chandwe Musonda Road,Plat 13969, Lusaka, Zambia",,,lusaka,https://www.zambiayp.com/company/18321/SB_Distributors,zambiayp.com
Skycred Zambia Limited,"Shop 1,Building 1 Central Park, Lusaka, Zambia",,,lusaka,https://www.zambiayp.com/company/17446/Skycred_Zambia_Limited,zambiayp.com
Softcyber Solutions,"PLOT 11608 GREAT EAST ROAD,, Lusaka, Zambia",,,lusaka,https://www.zambiayp.com/company/17769/Softcyber_Solutions,zambiayp.com
S O S Children's Village,"Great N, Lusaka, Zambia",,,lusaka,https://www.zambiayp.com/company/15168/S_O_S_Childrens_Village,zambiayp.com
STORE IN IT,"175 New kamwala , Lusaka, Zambia",,,lusaka,https://www.zambiayp.com/company/18307/STORE_IN_IT,zambiayp.com
SunnyMoney,"Plot no. 2B/25/377A House B, Off, Roan Rd, Lusaka, Zambia",,,lusaka,https://www.zambiayp.com/company/19346/SunnyMoney,zambiayp.com
Trade Zone Limited,"11029, Trade Zone Drive, Chinika Industrial Area, Lusaka, Zambia",,,lusaka,https://www.zambiayp.com/company/4130/Trade_Zone_Limited,zambiayp.com
Justine marketing services Inc.,"kamwala south , Lusaka, Zambia",,,lusaka,https://www.zambiayp.com/company/17746/Justine_marketing_services_Inc,zambiayp.com
United Party for National Development (UPND),"UPND Secretariat, Rhodes Park, Lusaka, Zambia",,,lusaka,https://www.zambiayp.com/company/8355/United_Party_for_National_Development_UPND,zambiayp.com
United Federation of Employers in Zambia,"Cairo Road, Luangwa House Room 4 & 5 Lusaka, Zambia",,,lusaka,https://www.zambiayp.com/company/19194/United_Federation_of_Employers_in_Zambia,zambiayp.com
Uptick Surveys,"Lusaka, Zambia",,,lusaka,https://www.zambiayp.com/company/18468/Uptick_Surveys,zambiayp.com
Zamlist Irrigation,"23 Joseph Mwilwa Road Rhodespark , Lusaka, Zambia",,,lusaka,https://www.zambiayp.com/company/18609/Zamlist_Irrigation,zambiayp.com
Zambia Industrial Commercial Bank,"Alick Nkhata Rd, Lusaka 10101, Zambia",,,lusaka,https://www.zambiayp.com/company/19303/Zambia_Industrial_Commercial_Bank,zambiayp.com
ZamQlik,"25 Milima Rd, Lusaka, Zambia",,,lusaka,https://www.zambiayp.com/company/19379/ZamQlik,zambiayp.com
ZEDGURUS GENERAL DEALERS,"CAIRO ROAD CHURCH HOUSE FIRST FLOOR ROOM 102 , Lusaka, Zambia",,,lusaka,https://www.zambiayp.com/company/18743/ZEDGURUS_GENERAL_DEALERS,zambiayp.com
Zenc Employment Agents,"440/15 MAKENI VILLA, Lusaka, Zambia",,,lusaka,https://www.zambiayp.com/company/18654/Zenc_Employment_Agents,zambiayp.com
Zotac Tyres,"Plot No. 83, Garden Park, Lusaka,Zambia",,,lusaka,https://www.zambiayp.com/company/17958/Zotac_Tyres,zambiayp.com
AFRIVISION INSURANCE BROKERS LIMITED,"Plot 176 Suite A, Parirenyetwa Rd, Fairview, Lusaka, Zambia , PO Box 31524, Lusaka, Zambia",,,lusaka,https://www.zambiayp.com/company/16508/AFRIVISION_INSURANCE_BROKERS_LIMITED,zambiayp.com
"Alendo Travel, tours and Car Hire Ltd","plot 4974, Kabelenga Road, Lewis Construction Building, Lusaka, Zambia",,,lusaka,https://www.zambiayp.com/company/16260/Alendo_Travel_tours_and_Car_Hire_Ltd,zambiayp.com
Almacs Steel Limited,"Stand No. 8542 lumumba road,Lusaka, Zambia",,,lusaka,https://www.zambiayp.com/company/3816/Almacs_Steel_Limited,zambiayp.com
A M Wood & Company,"Plot 2287/A, Corner of Lagos and Lubuto Road, Rhodespark, Lusaka, Zambia",,,lusaka,https://www.zambiayp.com/company/7833/A_M_Wood_Company,zambiayp.com
App-Express Solutions,"5827 Lusemfwa Road, Kalundu, Lusaka, Zambia",,,lusaka,https://www.zambiayp.com/company/17709/App_Express_Solutions,zambiayp.com
Atlantic Food Technologies,"A6661 Meanwood Kwamwena, Lusaka, Zambia",,,lusaka,https://www.zambiayp.com/company/18798/Atlantic_Food_Technologies,zambiayp.com
Belleza Talent Agency,"9623 8th Street, Chudleigh, Lusaka, Zambia",,,lusaka,https://www.zambiayp.com/company/18265/Belleza_Talent_Agency,zambiayp.com
Best Data Consultancy,"Lusaka, Zambia",,,lusaka,https://www.zambiayp.com/company/17990/Best_Data_Consultancy,zambiayp.com
Biogroup Zambia Limited,"4th Flr Tazara House, P.O.Box 320054, Lusaka, Zambia",,,lusaka,https://www.zambiayp.com/company/5164/Biogroup_Zambia_Limited,zambiayp.com
Celsius Refrigeration Limited,"Plot 26/519 Muzilikazi road industrial area, Lusaka, Zambia",,,lusaka,https://www.zambiayp.com/company/17599/Celcius_Refrigeration_Zambia_Limited,zambiayp.com
Corpmed Medical Centre,"Plot 3236, Cairo Rd, P.O.Box 30209, Lusaka, Zambia",,,lusaka,https://www.zambiayp.com/company/2117/Corpmed_Medical_Centre,zambiayp.com
Davis & Shirtliff Ltd,"Lumumba Road, Near Family 24, Lusaka, Zambia",,,lusaka,https://www.zambiayp.com/company/5225/Davis_Shirtliff_Ltd,zambiayp.com
DESIGN PROPERTIES,"House # 168 New Hellen Kaunda, Lusaka, Zambia",,,lusaka,https://www.zambiayp.com/company/18726/DESIGN_PROPERTIES,zambiayp.com
Dramac Marketing Agency,"Hilview, Lusaka, Lusaka, Zambia",,,lusaka,https://www.zambiayp.com/company/18948/Dramac_Marketing_Agency,zambiayp.com
eeZee Noodles,"5032 Great North Road, Former BAT Building, Emmasdale, P.O. Box: 50311, Lusaka, Zambia",,,lusaka,https://www.zambiayp.com/company/16995/eeZee_Noodles,zambiayp.com
Ephafata Projects,"Plot No. 05 Kasengwa Road off Sheki Sheki Road, Lusaka, Zambia",,,lusaka,https://www.zambiayp.com/company/18197/Ephafata_Projects,zambiayp.com
Federica's Cleaning Solutions,"No.01 Mosi oa Tunya road, Lusaka, Zambia",,,lusaka,https://www.zambiayp.com/company/18518/Federicas_Cleaning_Solutions,zambiayp.com
Foodfix Zambia Catering and Events Services,"45 senanga road handsworth park,lusaka, Zambia",,,lusaka,https://www.zambiayp.com/company/19464/Foodfix_Zambia_Catering_and_Events_Services,zambiayp.com
Freshdew Supreme Meats,"Bayuni Road, Makeni, Lusaka, Zambia",,,lusaka,https://www.zambiayp.com/company/18565/Freshdew_Supreme_Meats,zambiayp.com
Geoquest Ltd,"14 Nsumbu Rd Woodlands, P.O.Box 39541, Lusaka, Zambia",,,lusaka,https://www.zambiayp.com/company/2009/Geoquest_Ltd,zambiayp.com
Guardian Motors Limited,"Kabelenga Rd, P.O.Box 31092, Lusaka, Zambia",,,lusaka,https://www.zambiayp.com/company/2518/Guardian_Motors_Limited,zambiayp.com
Hilsachi Investments Ltd,"Plot 50 Makeni, Lusaka, Zambia",,,lusaka,https://www.zambiayp.com/company/18674/Hilsachi_Investments_Ltd,zambiayp.com
I-NetCom Business Solutions Zambia Limited,"Plot No: 2414 Avondale, Lusaka, Zambia",,,lusaka,https://www.zambiayp.com/company/17833/I_NetCom_Business_Solutions_Zambia_Limited,zambiayp.com
KAM Kindergarten and Primary School,"Kamwala South, Lusaka Private Bag 608x Ridge Way Lusaka, Zambia",,,lusaka,https://www.zambiayp.com/company/19427/KAM_Kindergarten_and_Primary_School,zambiayp.com
Kobil Zambia Ltd,"1630 Malambo Rd, P.O.Box 320089, Lusaka, Zambia",,,lusaka,https://www.zambiayp.com/company/1467/Kobil_Zambia_Ltd,zambiayp.com
Kuda-jay towing services Zambia,"12687 lusaka chalala, Zambia",,,lusaka,https://www.zambiayp.com/company/18716/Kuda_jay_towing_services_Zambia,zambiayp.com
Kwikfire Extinguisher Services,"2009/10 SHEKI SHEKI ROAD, Lusaka, Zambia",,,lusaka,https://www.zambiayp.com/company/19203/KWIKFIRE_EXTINGUISHER_SERVICES,zambiayp.com
Lusaka West School Ltd,"Unity Rd off New Mumbwa Rd, P.O.Box 32936, Lusaka, Zambia",,,lusaka,https://www.zambiayp.com/company/7508/Lusaka_West_School_Ltd,zambiayp.com
Maroon Estates Limited,"Plot 11250/M Off Tokyo Way, Chalala-New Kasama, Lusaka, Zambia. 10101",,,lusaka,https://www.zambiayp.com/company/17377/Maroon_Estates_Limited,zambiayp.com
Mluck Creative Agency,"Garden City Mall Great East Road Lusaka, Zambia",,,lusaka,https://www.zambiayp.com/company/18322/Mluck_Creative_Agency,zambiayp.com
Mtn Zambia Ltd,"1278 Lubuto Rd, P.O.Box 35464, Lusaka, Zambia",,,lusaka,https://www.zambiayp.com/company/1845/Mtn_Zambia_Ltd,zambiayp.com
Muskan Restaurant,"Off Chindo Rd Middle way, plot 10 c, Kabulonga,Lusaka, Zambia",,,lusaka,https://www.zambiayp.com/company/434/Muskan_Restaurant,zambiayp.com
Palm Safetech Investment Ltd,"Plot no 3174 mukwa rd industrial area near buseko market, Lusaka, Zambia",,,lusaka,https://www.zambiayp.com/company/19044/PALM_SAFETECH_INVESTMENT_LTD,zambiayp.com
Pary's web,"216 Obama lusaka, Zambia",,,lusaka,https://www.zambiayp.com/company/17929/Parys_web,zambiayp.com
Pearl Of Health Clinic,"Bwinjimfumu Rd, Lusaka, Zambia",,,lusaka,https://www.zambiayp.com/company/7695/Pearl_Of_Health_Clinic,zambiayp.com
Perfect Pools,"Plot 100/12 Ibex Hill, P.O.Box 32894, Lusaka, Zambia",,,lusaka,https://www.zambiayp.com/company/7007/Perfect_Pools,zambiayp.com
Plan-A-Head Agricultural Management Software,"Lusaka, Zambia",,,lusaka,https://www.zambiayp.com/company/16200/Plan_A_Head_Agricultural_Management_Software,zambiayp.com
Precision Farming Holdings LTD,"Precision Farming, Apollo Park, Unit 3B, Mwembeshi Rd Extension, Box 34793, Lusaka, Zambia",,,lusaka,https://www.zambiayp.com/company/7922/Precision_Farming_Holdings_LTD,zambiayp.com
Pro Print Ltd,"2384 Longolongo Rd (Next to Daily Mail), P.O.Box 31326, Lusaka, Zambia",,,lusaka,https://www.zambiayp.com/company/4059/Pro_Print_Ltd,zambiayp.com
Pyanga Cleaning Services,"Plot 795 Vorna Valley, Lusaka Zambia",,,lusaka,https://www.zambiayp.com/company/17936/Pyanga_Cleaning_Services,zambiayp.com
Red Box Security,"P.O.Box 31465 Lusaka, Zambia",,,lusaka,https://www.zambiayp.com/company/17270/red-box-security,zambiayp.com
Sagehill Technologies Limited,"Plot N35945, N61, Benni Mwiinga, PHI, Lusaka, Zambia",,,lusaka,https://www.zambiayp.com/company/18031/Sagehill_Technologies_Limited,zambiayp.com
Shalom Bus Services,"Kafue Road, Lusaka, Zambia",,,lusaka,https://www.zambiayp.com/company/16870/Shalom_Bus_Services,zambiayp.com
Siboni Electrical Contractors,"216 great east road, Lusaka, Zambia",,,lusaka,https://www.zambiayp.com/company/16201/Siboni_Electrical_Contractors,zambiayp.com
Sinda Chemicals & Educational Supplies Ltd,"PLOT 7225A KACHIDZA ROAD, Lusaka, Zambia",,,lusaka,https://www.zambiayp.com/company/15437/Sinda_Chemicals_Educational_Supplies_Ltd,zambiayp.com
St. Marys,"Box 320048, lusaka Province, Zambia",,,lusaka,https://www.zambiayp.com/company/12505/St_Marys,zambiayp.com
STP Groundworks Limited,"Plot 11303, Twikatene road,  Balastone park, Lusaka West, Zambia",,,lusaka,https://www.zambiayp.com/company/19052/STP_Groundworks_Limited,zambiayp.com
Tikwiza College of Hospitality and Tourism,"13th Floor, Room 7, Findeco House, Cairo Road , Lusaka, Zambia",,,lusaka,https://www.zambiayp.com/company/18862/Tikwiza_College_of_Hospitality_and_Tourism,zambiayp.com
TUKUTUKU MOTORBIKE SPARES AND ACCESSORIES,"7314 CHIBENGELE ROAD, LIGHT INDUSTRIAL AREA, LUSAKA, Zambia",,,lusaka,https://www.zambiayp.com/company/16273/TUKUTUKU_MOTORBIKE_SPARES_AND_ACCESSORIES,zambiayp.com
Ubiquity Digital Marketing Solutions,"10426, Manda Hill Road, Lusaka, Zambia",,,lusaka,https://www.zambiayp.com/company/18923/Ubiquity_Digital_Marketing_Solutions,zambiayp.com
Upper stores investments limited,"North Gate Gardens Complex, Lusaka, Zambia",,,lusaka,https://www.zambiayp.com/company/17970/Upper_stores_investments_limited,zambiayp.com
VanMark Systems,"6104 Chisokone Rd, Along Great East Rd, Opposite Handyman's Paradise., Lusaka, Zambia",,,lusaka,https://www.zambiayp.com/company/17873/VanMark_Systems,zambiayp.com
Wonderful Industry Zambia Limited,"7212 Mulalika Road, P.O. Box: 31211, Lusaka, Zambia",,,lusaka,https://www.zambiayp.com/company/17042/Wonderful_Industry_Zambia_Limited,zambiayp.com
ZamHost 24,"58 Cairo  Avenue, Lusaka, Zambia",,,lusaka,https://www.zambiayp.com/company/18340/ZamHost_24,zambiayp.com
A A Electronics,"Kalambo Rd, P.O.Box 32953, Lusaka, Zambia",,,lusaka,https://www.zambiayp.com/company/2543/A_A_Electronics,zambiayp.com
Africonnect (z) Limited,"H7VQ+69M, T4, Lusaka, Zambia",,,lusaka,https://www.zambiayp.com/company/5945/Africonnect_z_Limited,zambiayp.com
Anselmus Tech Limited,"2385 Katyetye Road, Lusaka, Zambia",,,lusaka,https://www.zambiayp.com/company/19037/Anselmus_Tech_Limited,zambiayp.com
Best Deals Zambia,"Plot 2404, Off Simon Mwansa Kapwepwe Rd, Ibex Hill, Lusaka, Zambia",,,lusaka,https://www.zambiayp.com/company/17416/Best_Deals_Zambia,zambiayp.com
Bm construction,"lusaka, Zambia",,,lusaka,https://www.zambiayp.com/company/17645/bm_construction,zambiayp.com
B-SQUARE LIMITED,"Emutuzi Corporate (Next to PHI Familiy Clinic), Lusaka, Zambia",,,lusaka,https://www.zambiayp.com/company/17313/B_SQUARE_LIMITED,zambiayp.com
CA web design,"CA web design , Lusaka, Zambia",,,lusaka,https://www.zambiayp.com/company/17395/CA_web_design,zambiayp.com
CC Systems,"Box 525X, Sharp copiers, sales & service, Lusaka, Zambia",,,lusaka,https://www.zambiayp.com/company/13463/CC_Systems,zambiayp.com
Certiteqs Technology,"Nationalist Road, Lusaka, Zambia",,,lusaka,https://www.zambiayp.com/company/19502/Certiteqs_Technology,zambiayp.com
Colour magazines zambia,"nill, Lusaka, Zambia",,,lusaka,https://www.zambiayp.com/company/17403/colour_magazines_zambia,zambiayp.com
Coolrunnings Engineering & Technologies Limited,"Guras Complex, Along Great North Road, Near Mandevu junction Round About, Lusaka, Zambia",,,lusaka,https://www.zambiayp.com/company/19425/Coolrunnings_Engineering_Technologies_Limited,zambiayp.com
Cope Africa,"5184 Chishango road, Villa Elizabetha,Lusaka, Zambia",,,lusaka,https://www.zambiayp.com/company/18015/Cope_Africa,zambiayp.com
Crest Lodge,Plot 38478 Off Twin Palm Road Ibex Hill P. O. Box 30663 Lusaka - Zambia,,,lusaka,https://www.zambiayp.com/company/18107/Crest_Lodge,zambiayp.com
Cyber Canvas Web Services,"2 Chinsali, Chilenje South, Lusaka, Zambia",,,lusaka,https://www.zambiayp.com/company/18749/Cyber_Canvas_Web_Services,zambiayp.com
DDB Iris Ltd,"18 Great East Road, Hansworth, Lusaka, Zambia",,,lusaka,https://www.zambiayp.com/company/12749/DDB_Iris_Ltd,zambiayp.com
Eastlight Logistics Zambia Ltd,"Plot 33 Paseli Road Northmead, Lusaka, Zambia",,,lusaka,https://www.zambiayp.com/company/19143/EASTLIGHT_LOGISTICS_ZAMBIA_LTD,zambiayp.com
EM Associates Limited,"Off Munali road Chamba Valley, Lusaka, Zambia",,,lusaka,https://www.zambiayp.com/company/19224/EM_Associates_Limited,zambiayp.com
Emmaton Libra Developers Limited,"Unit 4, Stand 6468 Los Angeles Boulevard, Longacres, Lusaka, Zambia.",,,lusaka,https://www.zambiayp.com/company/18953/Emmaton_Libra_Developers_Limited,zambiayp.com
Emonis Deliveries,"Lusaka Kamwala south, Zambia",,,lusaka,https://www.zambiayp.com/company/18667/Emonis_Deliveries,zambiayp.com
Etrugo,"Kabulonga, Lusaka, Zambia",,,lusaka,https://www.zambiayp.com/company/17800/Etrugo,zambiayp.com
Fresh Welkin Brand House,"4091 Chipushi Road, Sunningdale, Lusaka, Zambia",,,lusaka,https://www.zambiayp.com/company/16311/Fresh_Welkin_Brand_House,zambiayp.com
Green Ethiopian Restaurant,"Chainama Road, Olympia Ext, Plot Number 6756, Lusaka, Zambia",,,lusaka,https://www.zambiayp.com/company/429/Green_Ethiopian_Restaurant,zambiayp.com
Green Park Estate,"K&K Property Development Ltd, Kafue Road, Lusaka, Zambia",,,lusaka,https://www.zambiayp.com/company/16950/Green_Park_Estate,zambiayp.com
Heavy Duty Operators College of Zambia,"Lusaka, Zambia",,,lusaka,https://www.zambiayp.com/company/18225/Heavy_Duty_Operators_College_of_Zambia,zambiayp.com
iGoola,"Suit 16, 2nd Floor, Woodlands Old Shopping Complex, Lusaka, Zambia",,,lusaka,https://www.zambiayp.com/company/18703/iGoola,zambiayp.com
InDe Inspired Designs,"Chilenje, Lusaka, Zambia",,,lusaka,https://www.zambiayp.com/company/18187/InDe_Inspired_Designs,zambiayp.com
iNgwee,"Office 26, Mulungushi Conference Center, Lusaka, Zambia",,,lusaka,https://www.zambiayp.com/company/17315/iNgwee,zambiayp.com
Insulated Systems,"13951 Lumumba Road, Light Industrial Area, Lusaka, Zambia",,,lusaka,https://www.zambiayp.com/company/17393/Insulated_Systems,zambiayp.com
ITCentre Zambia LTD,"Foxdale Court Plot No. 609 Zambezi Road Roma Rownship Lusaka , Zambia",,,lusaka,https://www.zambiayp.com/company/16332/iT_Centre_Zambia_LTD,zambiayp.com
JAYVIPAK ICT CONSULTANTS,"8129  WAMULWA ROAD  THORNPARK  ,LUSAKA ,ZAMBIA",,,lusaka,https://www.zambiayp.com/company/16515/JAYVIPAK_ICT_CONSULTANTS,zambiayp.com
Kariba Minerals LTD,"Over the years, Kariba Minerals has developed a unique grading system. The amethysts are carefully sorted and graded by a skilled workforce, using stringent quality control measures. This has establis, Lusaka, Zambia",,,lusaka,https://www.zambiayp.com/company/8325/Kariba_Minerals_LTD,zambiayp.com
Luombe Mining Supplies Limited,"PLOT NO. 7B close off Simon Mwansa Kapwepwe Road, Avondale, LUSAKA-ZAMBIA",,,lusaka,https://www.zambiayp.com/company/19186/Luombe_Mining_Supplies_Limited,zambiayp.com
Lusaka Animal Welfare Society,"Sadzu Road, off Kabelenga Road, P.O. Box: 30258, Lusaka, Zambia",,,lusaka,https://www.zambiayp.com/company/17185/Lusaka_Animal_Welfare_Society,zambiayp.com
Master Glass Limited,"Kalundwe Rd, Box 31493, Lusaka, Zambia",,,lusaka,https://www.zambiayp.com/company/14211/Master_Glass_Limited,zambiayp.com
Mash-Ink Enterprise,"Kabulonga, Lusaka, Zambia",,,lusaka,https://www.zambiayp.com/company/19165/Mash_Ink_Enterprise,zambiayp.com
Matanga Village,"Haile Selassie Ave, Lusaka, Zambia",,,lusaka,https://www.zambiayp.com/company/16524/Matanga_Village,zambiayp.com
Miyown Interiors,"94B Kafue Road, Roma, Lusaka, Zambia",,,lusaka,https://www.zambiayp.com/company/18673/Miyown_Interiors,zambiayp.com
Muhanya Solar Limited,"7928 Chozi Road, 1st floor Alpha Building, Northmead, Lusaka, Zambia",,,lusaka,https://www.zambiayp.com/company/17104/Muhanya_Solar_Limited,zambiayp.com
Network Edge Engineering Solutions,"Plot 1888, Limbe Road , Northmead, Lusaka, Zambia",,,lusaka,https://www.zambiayp.com/company/18002/Network_Edge_Engineering_Solutions,zambiayp.com
Paza Trading,"30 Chachacha Rd, P.O.Box 36400, Lusaka, Zambia",,,lusaka,https://www.zambiayp.com/company/6688/Paza_Trading,zambiayp.com
Phil Opticians,"Unit 28 Arcades & Cnr Nkwazi Rd, Lusaka, Zambia",,,lusaka,https://www.zambiayp.com/company/7817/Phil_Opticians,zambiayp.com
Qualicademy Consulting Ltd.,"12 Kingfisher, Burma Residential, Off Burma Road. Lusaka, Zambia",,,lusaka,https://www.zambiayp.com/company/17921/Qualicademy_Consulting_Ltd,zambiayp.com
Qubitrixtech,"13844 Hillview Park, Lusaka, Zambia",,,lusaka,https://www.zambiayp.com/company/18679/Qubitrixtech,zambiayp.com
REGNUM CAR HIRE,"PLOT 65 ELM ROAD WOODLANDS, Lusaka, Zambia",,,lusaka,https://www.zambiayp.com/company/17238/REGNUM_CAR_HIRE,zambiayp.com
Rural Electrification Authority,"1613 Sheki Sheki Rd, Industrial Area, Lusaka, Zambia",,,lusaka,https://www.zambiayp.com/company/1879/Rural_Electrification_Authority,zambiayp.com
Send It Transport,"5 Kalembwe Close, Rhodes Park , Lusaka, Zambia",,,lusaka,https://www.zambiayp.com/company/17710/Send_It_Transport,zambiayp.com
SGS,"Plot 2/32254 Thabo Mbeki Road Mass Media Area, Lusaka, Zambia",,,lusaka,https://www.zambiayp.com/company/7880/SGS,zambiayp.com
Shon Construction and Printing,"24 C Nkwazi Road, Lusaka, Zambia",,,lusaka,https://www.zambiayp.com/company/17296/Shon_Construction_and_Printing,zambiayp.com
Blueberry travel,"13 D&D, Corner of Makishi rd Great East Rd, Lusaka, Zambia",,,lusaka,https://www.zambiayp.com/company/17373/Blueberry_travel,zambiayp.com
SilverFox Business Solutions,"20 Mwapona Road, Woodlands, Lusaka, Zambia",,,lusaka,https://www.zambiayp.com/company/18712/SilverFox_Business_Solutions,zambiayp.com
Sino Cement Spare Parts Supplier Co Ltd,"P.O. Box 50300. Lusaka, Zambia",,,lusaka,https://www.zambiayp.com/company/18263/Sino_Cement_Spare_Parts_Supplier_Co_Ltd,zambiayp.com
SUPERLINE ZAMBIA LIMITED,34133 MAKISHI ROAD LUSAKA ZAMBIA,,,lusaka,https://www.zambiayp.com/company/17447/SUPERLINE_ZAMBIA_LIMITED,zambiayp.com
SVG BOREHOLES,"Acacia arcade, Avandalo chilstone, Lusaka, Zambia",,,lusaka,https://www.zambiayp.com/company/19409/SVG_BOREHOLES,zambiayp.com
Team Allied Relocations,"Plot 11, Mwalule Road, Northmead, Lusaka., Zambia",,,lusaka,https://www.zambiayp.com/company/16372/Team_Allied_Relocations,zambiayp.com
Tuff Parts and Service Centre,"Villa Elizabetha, Panganani Road. Lusaka Zambia",,,lusaka,https://www.zambiayp.com/company/17388/Tuff_Parts_and_Service_Centre,zambiayp.com
VDK PRIVATE INVESTIGATORS AND DETECTIVES,"CAIRO RD, Lusaka, Zambia",,,lusaka,https://www.zambiayp.com/company/17828/VDK_PRIVATE_INVESTIGATORS_AND_DETECTIVES,zambiayp.com
Vienis General Dealers,"Great North Road 12869, Lusaka, Zambia",,,lusaka,https://www.zambiayp.com/company/19096/VIENIS_GENERAL_DEALERS,zambiayp.com
World Wireless Witness,"3049 Makishi Road, Fairview, Lusaka, Zambia",,,lusaka,https://www.zambiayp.com/company/16231/World_Wireless_Witness,zambiayp.com
Young And Rubicam Lusaka,"Suite 47, Millenium Village, Birdcage Walk, P.O.Box 32497, Lusaka, Zambia",,,lusaka,https://www.zambiayp.com/company/835/Young_And_Rubicam_Lusaka,zambiayp.com
ZEDLIKE,"www.zedlike.com, Lusaka, Zambia",,,lusaka,https://www.zambiayp.com/company/18395/ZEDLIKE,zambiayp.com
Advance Auto Parts Ltd,"Former 20th Century Bldg Katunjila Rd, Lusaka, Zambia",,,lusaka,https://www.zambiayp.com/company/4705/Advance_Auto_Parts_Ltd,zambiayp.com
Africa Aluminium Manufacturing Co Ltd,"Chipwenupwenu Road, Off Kafue Road, Makeni, P.O. Box: 39409, Lusaka, Zambia",,,lusaka,https://www.zambiayp.com/company/17055/Africa_Aluminium_Manufacturing_Co_Ltd,zambiayp.com
Africa GreenCo,"Northern Wing, Plot 8 Mosi-o-tunya Rd, Lusaka, Zambia",,,lusaka,https://www.zambiayp.com/company/19239/Africa_GreenCo,zambiayp.com
Aspire Creative Limited,"Hillview Park Off Kasama Road, Lusaka, Zambia",,,lusaka,https://www.zambiayp.com/company/17899/Aspire_Creative_Limited,zambiayp.com
Barclays Bank Of Zambia Limited (Mutaba House),"Mutaba House Cnr Cairo & Katondo Rds, P.O.Box 31416, Lusaka, Zambia",,,lusaka,https://www.zambiayp.com/company/7125/Barclays_Bank_Of_Zambia_Limited_Mutaba_House,zambiayp.com
Business Guru,"Plot number 10 Nangwenya Road, Lusaka, Zambia",,,lusaka,https://www.zambiayp.com/company/18817/Business_Guru,zambiayp.com
Car Junction Co Ltd,"25, Omelo Mumba Road, Rhodes Park, P.O.Box 37489, Lusaka, Zambia",,,lusaka,https://www.zambiayp.com/company/15498/Car_Junction_Co_Ltd,zambiayp.com
Chicco Quality Biscuits,"5164 Villa Elizabetha, Light Industrial Area, Lusaka, Zambia",,,lusaka,https://www.zambiayp.com/company/3682/Chicco_Quality_Biscuits,zambiayp.com
Chibesakunda & Co Advocates,"2nd Floor Maanu Center Stand No. 4647 Beit Road, P.O.Box 30279, Lusaka, Zambia",,,lusaka,https://www.zambiayp.com/company/7660/Chibesakunda_Co_Advocates,zambiayp.com
Classecon Roofing Africa Ltd,"7179/80 Mukatasha Rd Light Industrial Area Lusaka, P.O.Box 35532, Zambia",,,lusaka,https://www.zambiayp.com/company/6642/Classecon_Roofing_Africa_Ltd,zambiayp.com
Comp Disc And Office Supplies Ltd,"Lusaka, Zambia",,,lusaka,https://www.zambiayp.com/company/4462/Comp_Disc_And_Office_Supplies_Ltd,zambiayp.com
Shernann Investments Limited,"Plot 396B, Along Makeni Road, Makeni, Lusaka, Zambia",,,makeni,https://www.zambiayp.com/company/18816/Shernann_Investments_Limited,zambiayp.com
Adla Industries Limited,"Makeni, Zambia",,,makeni,https://www.zambiayp.com/company/18539/Adla_Industries_Limited,zambiayp.com
Elegant Car Hire Limited,"Plot 9474 (Opposite Makeni Mall) Off Kafue Road, Makeni, Zambia",,,makeni,https://www.zambiayp.com/company/17674/Elegant_Car_Hire_Limited,zambiayp.com
Council Of Churches,"Makeni, Zambia",,,makeni,https://www.zambiayp.com/company/8107/Council_Of_Churches,zambiayp.com
EQUATORIAL FOOD INGREDIENTS (ZAMBIA) LTD,"Makeni, Zambia",,,makeni,https://www.zambiayp.com/company/15881/EQUATORIAL_FOOD_INGREDIENTS_ZAMBIA_LTD,zambiayp.com
Home of compassion clinic,"40051 chitimukulu road, low density, Mansa, Zambia",,,mansa,https://www.zambiayp.com/company/18130/home_of_compassion_clinic,zambiayp.com
Stefanton Electric,"We do installations all over the country, Mansa, Zambia",,,mansa,https://www.zambiayp.com/company/18004/Stefanton_Electric,zambiayp.com
Henry Courtyard,"Musenga Site and Service, Mansa-Samfya Road, Zambia",,,mansa,https://www.zambiayp.com/company/16573/Henry_Courtyard,zambiayp.com
Wyattline Enterprise,"Provident House 1308, Mansa, Zambia",,,mansa,https://www.zambiayp.com/company/18986/Wyattline_Enterprise,zambiayp.com
Skytouch Ceramic Pvt Ltd,"Mungwi center complex, Mungwi Road, Lusaka, Zambia., Mansa",,,mansa,https://www.zambiayp.com/company/17682/Skytouch_Ceramic_Pvt_Ltd,zambiayp.com
Shoprite - Mansa,"Plot 309, Chitimukulu Road, Mansa, Zambia",,,mansa,https://www.zambiayp.com/company/3475/ShopriteMansa,zambiayp.com
Our Lady Of Mercy School,"Mansa, Zambia",,,mansa,https://www.zambiayp.com/company/7416/Our_Lady_Of_Mercy_School,zambiayp.com
St Clements Secondary School,"St Clements Road, P.O.Box 710006, Mansa, Zambia",,,mansa,https://www.zambiayp.com/company/7403/St_Clements_Secondary_School,zambiayp.com
Zambia Postal Services,"Mansa, Zambia",,,mansa,https://www.zambiayp.com/company/2178/Zambia_Postal_Services,zambiayp.com
B P Mansa,"Mulenshi Rd, P.O.Box 710362, Mansa, Zambia",,,mansa,https://www.zambiayp.com/company/1438/B_P_Mansa,zambiayp.com
Society For Family Health,"Small Enterprise Development Board Bldg Off Cathedral Rd Opp-Council Library, Mansa, Zambia",,,mansa,https://www.zambiayp.com/company/4372/Society_For_Family_Health,zambiayp.com
Barclays Bank (z) Plc,"President Rd, Mansa, Zambia",,,mansa,https://www.zambiayp.com/company/7207/Barclays_Bank_z_Plc,zambiayp.com
Bahati Primary,"P.O.Box 710093, Luapula Province, Mansa, Zambia",,,mansa,https://www.zambiayp.com/company/9850/Bahati_Primary,zambiayp.com
Mwaungulu Bright Lukumba Trading,"Plot 1360, P.O.Box 710283, Mansa, Zambia",,,mansa,https://www.zambiayp.com/company/4159/Mwaungulu_Bright_Lukumba_Trading,zambiayp.com
Cavmont Capital Bank Ltd,"Mansa, Zambia",,,mansa,https://www.zambiayp.com/company/7182/Cavmont_Capital_Bank_Ltd,zambiayp.com
Zambia State Insurance Corporation Limited The,"P.O.Box 710364, Mansa, Zambia",,,mansa,https://www.zambiayp.com/company/1296/Zambia_State_Insurance_Corporation_Limited_The,zambiayp.com
Amanita Batteries,"Mansa, Zambia",,,mansa,https://www.zambiayp.com/company/2716/Amanita_Batteries,zambiayp.com
Amico Investment,"Mansa, Zambia",,,mansa,https://www.zambiayp.com/company/1204/Amico_Investment,zambiayp.com
Amico Investments Limited,"P.O.Box 710217, Mansa, Zambia",,,mansa,https://www.zambiayp.com/company/1235/Amico_Investments_Limited,zambiayp.com
Astrim Communications Limited,"P.O.Box 710351, Mansa, Zambia",,,mansa,https://www.zambiayp.com/company/7599/Astrim_Communications_Limited,zambiayp.com
Astrim Communication LTD,"Box 7100351, Mansa, Zambia",,,mansa,https://www.zambiayp.com/company/13314/Astrim_Communication_LTD,zambiayp.com
Blue Financial Services,"President Rd, P.O.Box 710196, Mansa, Zambia",,,mansa,https://www.zambiayp.com/company/1002/Blue_Financial_Services,zambiayp.com
BNS General dealers,"Mansa, Zambia",,,mansa,https://www.zambiayp.com/company/14175/BNS_General_dealers,zambiayp.com
Bwalya Eicho Dr,"Mansa, Zambia",,,mansa,https://www.zambiayp.com/company/14831/Bwalya_Eicho_Dr,zambiayp.com
Chichi's Food Suppliers & General Dealers,"Mansa, Zambia",,,mansa,https://www.zambiayp.com/company/3018/Chichis_Food_Suppliers_General_Dealers,zambiayp.com
Chinunchi Guest House,"Mansa, Zambia",,,mansa,https://www.zambiayp.com/company/3577/Chinunchi_Guest_House,zambiayp.com
C K Creaction Grocery,"Mansa, Zambia",,,mansa,https://www.zambiayp.com/company/3036/C_K_Creaction_Grocery,zambiayp.com
CK creation Grocery,"Mansa, Zambia",,,mansa,https://www.zambiayp.com/company/14176/CK_creation_Grocery,zambiayp.com
Continental Oil Company Limited,"Mansa, Zambia",,,mansa,https://www.zambiayp.com/company/1469/Continental_Oil_Company_Limited,zambiayp.com
Diocese of Mansa,"Mansa, Zambia",,,mansa,https://www.zambiayp.com/company/8204/Diocese_of_Mansa,zambiayp.com
Engineering Services Corporation Ltd,"Mansa, Zambia",,,mansa,https://www.zambiayp.com/company/3221/Engineering_Services_Corporation_Ltd,zambiayp.com
Fratinda Hardware,"Mansa, Zambia",,,mansa,https://www.zambiayp.com/company/6546/Fratinda_Hardware,zambiayp.com
Guardall Security Group Ltd,"Mansa, Zambia",,,mansa,https://www.zambiayp.com/company/2323/Guardall_Security_Group_Ltd,zambiayp.com
Henry C Lodge,"Mansa, Zambia",,,mansa,https://www.zambiayp.com/company/321/Henry_C_Lodge,zambiayp.com
Henry Lodge,"Mansa, Zambia",,,mansa,https://www.zambiayp.com/company/14622/Henry_Lodge,zambiayp.com
I C M General Dealers,"Mansa, Zambia",,,mansa,https://www.zambiayp.com/company/3033/I_C_M_General_Dealers,zambiayp.com
ICM General Dealers,"Mansa, Zambia",,,mansa,https://www.zambiayp.com/company/14177/ICM_General_Dealers,zambiayp.com
J T World Fit Spares Limited,"Mansa, Zambia",,,mansa,https://www.zambiayp.com/company/5531/J_T_World_Fit_Spares_Limited,zambiayp.com
Kakis Shop The King Of Trade,"Mansa, Zambia",,,mansa,https://www.zambiayp.com/company/3041/Kakis_Shop_The_King_Of_Trade,zambiayp.com
Kakis Shop the King of Trades,"Mansa, Zambia",,,mansa,https://www.zambiayp.com/company/14178/Kakis_Shop_the_King_of_Trades,zambiayp.com
Kambenja Contractors & General Dealers,"Mansa, Zambia",,,mansa,https://www.zambiayp.com/company/3080/Kambenja_Contractors_General_Dealers,zambiayp.com
Kaole 03 Shop,"Mansa, Zambia",,,mansa,https://www.zambiayp.com/company/3035/Kaole_03_Shop,zambiayp.com
Kashemo Stationery & General Dealers,"Mansa, Zambia",,,mansa,https://www.zambiayp.com/company/3017/Kashemo_Stationery_General_Dealers,zambiayp.com
Leuna Huts Executive Lodge,"Mansa, Zambia",,,mansa,https://www.zambiayp.com/company/185/Leuna_Huts_Executive_Lodge,zambiayp.com
Loketo Stationery,"Mansa, Zambia",,,mansa,https://www.zambiayp.com/company/2739/Loketo_Stationery,zambiayp.com
Mansa Batteries Guesthouse,"Chitimukulu Rd, P.O.Box 710380, Mansa, Zambia",,,mansa,https://www.zambiayp.com/company/597/Mansa_Batteries_Guesthouse,zambiayp.com
Mansa Diocese,"Mansa, Zambia",,,mansa,https://www.zambiayp.com/company/8205/Mansa_Diocese,zambiayp.com
Mansa District Farmers Association,"Mansa, Zambia",,,mansa,https://www.zambiayp.com/company/12833/Mansa_District_Farmers_Association,zambiayp.com
Mansa Batteries Guest House,"Box 710380, Mansa, Zambia",,,mansa,https://www.zambiayp.com/company/14378/Mansa_Batteries_Guest_House,zambiayp.com
Mbabubo General Dealers,"Mansa, Zambia",,,mansa,https://www.zambiayp.com/company/3109/Mbabubo_General_Dealers,zambiayp.com
Microfin,"c/o CS Trading Kawambwa Rd, Mansa, Zambia",,,mansa,https://www.zambiayp.com/company/1029/Microfin,zambiayp.com
Mobil Filling Station,"Mansa, Zambia",,,mansa,https://www.zambiayp.com/company/6180/Mobil_Filling_Station,zambiayp.com
Mobile filling Station,"Mansa, Zambia",,,mansa,https://www.zambiayp.com/company/14064/Mobile_filling_Station,zambiayp.com
Moonlite Hardware,"Mansa, Zambia",,,mansa,https://www.zambiayp.com/company/6553/Moonlite_Hardware,zambiayp.com
Mumba & Sons Ltd (luka Hotel),"P.O.Box 710060, Mansa, Zambia",,,mansa,https://www.zambiayp.com/company/43/Mumba_Sons_Ltd_luka_Hotel,zambiayp.com
National Pension Scheme Authority - Napsa,"Provident Hse, P.O.Box 710190, Mansa, Zambia",,,mansa,https://www.zambiayp.com/company/5978/National_Pension_Scheme_AuthorityNapsa,zambiayp.com
Pearl Gate Seventhday Adventist,"Mansa, Zambia",,,mansa,https://www.zambiayp.com/company/8206/Pearl_Gate_Seventhday_Adventist,zambiayp.com
Sansap General Dealers,"Mansa, Zambia",,,mansa,https://www.zambiayp.com/company/14179/Sansap_General_Dealers,zambiayp.com
SDA Church North  Field Zambia,"Mansa, Zambia",,,mansa,https://www.zambiayp.com/company/8207/SDA_Church_North_Field_Zambia,zambiayp.com
Sulubuni Dr GMK,"Box 710156, , Mansa, Zambia",,,mansa,https://www.zambiayp.com/company/14832/Sulubuni_Dr_GMK,zambiayp.com
Twendo Enterprises,"P.O.Box 710040, Mansa, Zambia",,,mansa,https://www.zambiayp.com/company/3888/Twendo_Enterprises,zambiayp.com
Vission Tebanacle Church(PAOG),"Mansa, Zambia",,,mansa,https://www.zambiayp.com/company/8208/Vission_Tebanacle_ChurchPAOG,zambiayp.com
Zambia National Broadcasting Corporation,"P.O.Box 710271, Mansa, Zambia",,,mansa,https://www.zambiayp.com/company/1499/Zambia_National_Broadcasting_Corporation,zambiayp.com
Zambia National Building Society,"P.O.Box 710200, Mansa, Zambia",,,mansa,https://www.zambiayp.com/company/6439/Zambia_National_Building_Society,zambiayp.com
Z C M Shopping Centre,"Mansa, Zambia",,,mansa,https://www.zambiayp.com/company/4430/Z_C_M_Shopping_Centre,zambiayp.com
Bukanda,"Box 710093, luapula Province, Mansa, Zambia",,,mansa,https://www.zambiayp.com/company/9851/Bukanda,zambiayp.com
Chalwe Middle Basic,"Box 710093, luapula Province, Mansa, Zambia",,,mansa,https://www.zambiayp.com/company/9852/Chalwe_Middle_Basic,zambiayp.com
Chakopo,"Box 710093, luapula Province, Mansa, Zambia",,,mansa,https://www.zambiayp.com/company/9883/Chakopo,zambiayp.com
Chansa,"Box 710093, luapula Province, Mansa, Zambia",,,mansa,https://www.zambiayp.com/company/9884/Chansa,zambiayp.com
Chibinda,"Box 710093, luapula Province, Mansa, Zambia",,,mansa,https://www.zambiayp.com/company/9853/Chibinda,zambiayp.com
Chilila,"Box 710093, luapula Province, Mansa, Zambia",,,mansa,https://www.zambiayp.com/company/9854/Chilila,zambiayp.com
Chimese Primary,"Box 710093, luapula Province, Mansa, Zambia",,,mansa,https://www.zambiayp.com/company/9855/Chimese_Primary,zambiayp.com
Chimfula Mid Basic,"Box 710093, luapula Province, Mansa, Zambia",,,mansa,https://www.zambiayp.com/company/9856/Chimfula_Mid_Basic,zambiayp.com
Chipete,"Box 710093, luapula Province, Mansa, Zambia",,,mansa,https://www.zambiayp.com/company/9885/Chipete,zambiayp.com
Chisongo,"Box 710093, luapula Province, Mansa, Zambia",,,mansa,https://www.zambiayp.com/company/9886/Chisongo,zambiayp.com
Chipili Basic,"P.b Chipili, luapula Province, Mansa, Zambia",,,mansa,https://www.zambiayp.com/company/9938/Chipili_Basic,zambiayp.com
Chisheta Primary,"Box 760094chipili, luapula Province, Mansa, Zambia",,,mansa,https://www.zambiayp.com/company/9939/Chisheta_Primary,zambiayp.com
Chibaye,"P O Chipili, northern Province, Mansa, Zambia",,,mansa,https://www.zambiayp.com/company/11044/Chibaye,zambiayp.com
Chofoshi,"Box 710093, luapula Province, Mansa, Zambia",,,mansa,https://www.zambiayp.com/company/9857/Chofoshi,zambiayp.com
Chofwe Primary,"Box 710093, luapula Province, Mansa, Zambia",,,mansa,https://www.zambiayp.com/company/9858/Chofwe_Primary,zambiayp.com
Chungu Pengu,"Box 710093, luapula Province, Mansa, Zambia",,,mansa,https://www.zambiayp.com/company/9859/Chungu_Pengu,zambiayp.com
Fibale Primary,"Box 710093, luapula Province, Mansa, Zambia",,,mansa,https://www.zambiayp.com/company/9887/Fibale_Primary,zambiayp.com
Fikombo,"Box 710093, luapula Province, Mansa, Zambia",,,mansa,https://www.zambiayp.com/company/9888/Fikombo,zambiayp.com
Fimpulu Primary,"Box 710084, luapula Province, Mansa, Zambia",,,mansa,https://www.zambiayp.com/company/9889/Fimpulu_Primary,zambiayp.com
Fiyongoli,"Box 710093, luapula Province, Mansa, Zambia",,,mansa,https://www.zambiayp.com/company/9860/Fiyongoli,zambiayp.com
Kabende Primary,"Box 710093, luapula Province, Mansa, Zambia",,,mansa,https://www.zambiayp.com/company/9861/Kabende_Primary,zambiayp.com
Kabunda Primary,"Box 710093, luapula Province, Mansa, Zambia",,,mansa,https://www.zambiayp.com/company/9862/Kabunda_Primary,zambiayp.com
Kalaba Pri,"Box 710093, luapula Province, Mansa, Zambia",,,mansa,https://www.zambiayp.com/company/9863/Kalaba_Pri,zambiayp.com
Kalaso -kando,"Box 710093, luapula Province, Mansa, Zambia",,,mansa,https://www.zambiayp.com/company/9890/Kalasokando,zambiayp.com
Kale Mid Basic,"Box 710093, luapula Province, Mansa, Zambia",,,mansa,https://www.zambiayp.com/company/9891/Kale_Mid_Basic,zambiayp.com
Kalyongo,"Po Box 710093, luapula Province, Mansa, Zambia",,,mansa,https://www.zambiayp.com/company/9892/Kalyongo,zambiayp.com
Kansenga,"Box 710093, luapula Province, Mansa, Zambia",,,mansa,https://www.zambiayp.com/company/9893/Kansenga,zambiayp.com
Kaole (senama),"Box 710093, luapula Province, Mansa, Zambia",,,mansa,https://www.zambiayp.com/company/9864/Kaole_senama,zambiayp.com
Kapansa Primary,"Box 710093, luapula Province, Mansa, Zambia",,,mansa,https://www.zambiayp.com/company/9865/Kapansa_Primary,zambiayp.com
Kapyata Primary,"Box 710301, luapula Province, Mansa, Zambia",,,mansa,https://www.zambiayp.com/company/9866/Kapyata_Primary,zambiayp.com
Kasanse Primary,"Box 710093, luapula Province, Mansa, Zambia",,,mansa,https://www.zambiayp.com/company/9867/Kasanse_Primary,zambiayp.com
Katangwe,"Box 710093, luapula Province, Mansa, Zambia",,,mansa,https://www.zambiayp.com/company/9868/Katangwe,zambiayp.com
Kombaniya,"Box 710093, luapula Province, Mansa, Zambia",,,mansa,https://www.zambiayp.com/company/9894/Kombaniya,zambiayp.com
Kundamfumu,"Box 710469, luapula Province, Mansa, Zambia",,,mansa,https://www.zambiayp.com/company/9895/Kundamfumu,zambiayp.com
Luamfumu,"Box 710093, luapula Province, Mansa, Zambia",,,mansa,https://www.zambiayp.com/company/9869/Luamfumu,zambiayp.com
Lubende,"Box 710093, luapula Province, Mansa, Zambia",,,mansa,https://www.zambiayp.com/company/9896/Lubende,zambiayp.com
Luchinka,"Box 710093, luapula Province, Mansa, Zambia",,,mansa,https://www.zambiayp.com/company/9870/Luchinka,zambiayp.com
Lukangaba,"Box 710093, luapula Province, Mansa, Zambia",,,mansa,https://www.zambiayp.com/company/9897/Lukangaba,zambiayp.com
Lukola,"Box 710093, luapula Province, Mansa, Zambia",,,mansa,https://www.zambiayp.com/company/9898/Lukola,zambiayp.com
Luminu,"P.b Luminu, luapula Province, Mansa, Zambia",,,mansa,https://www.zambiayp.com/company/9944/Luminu,zambiayp.com
Lupende Primary,"Box 710093, luapula Province, Mansa, Zambia",,,mansa,https://www.zambiayp.com/company/9871/Lupende_Primary,zambiayp.com
Lupososhi,"Box 710209, luapula Province, Mansa, Zambia",,,mansa,https://www.zambiayp.com/company/9946/Lupososhi,zambiayp.com
Luwo,"Box 710093, luapula Province, Mansa, Zambia",,,mansa,https://www.zambiayp.com/company/9899/Luwo,zambiayp.com
Lwilu Basic School,"Chembe School, luapula Province, Mansa, Zambia",,,mansa,https://www.zambiayp.com/company/9900/Lwilu_Basic_School,zambiayp.com
Mabumba Basic,"Box 710191, luapula Province, Mansa, Zambia",,,mansa,https://www.zambiayp.com/company/9901/Mabumba_Basic,zambiayp.com
Malamba,"Box 710093, luapula Province, Mansa, Zambia",,,mansa,https://www.zambiayp.com/company/9902/Malamba,zambiayp.com
Mano Basic School,"Box 710093, luapula Province, Mansa, Zambia",,,mansa,https://www.zambiayp.com/company/9872/Mano_Basic_School,zambiayp.com
Mansa,"Box 710093, Luapula Province, Mansa, Zambia",,,mansa,https://www.zambiayp.com/company/9873/Mansa,zambiayp.com
Mantumbusa,"Box 710093, luapula Province, Mansa, Zambia",,,mansa,https://www.zambiayp.com/company/9903/Mantumbusa,zambiayp.com
Masaba,"Box 710093, luapula Province, Mansa, Zambia",,,mansa,https://www.zambiayp.com/company/9904/Masaba,zambiayp.com
Matelo,"Box 710093, luapula Province, Mansa, Zambia",,,mansa,https://www.zambiayp.com/company/9874/Matelo,zambiayp.com
Matanda Primary,"Box 710093, luapula Province, Mansa, Zambia",,,mansa,https://www.zambiayp.com/company/9905/Matanda_Primary,zambiayp.com
Mbaso Primary,"Box 710093, luapula Province, Mansa, Zambia",,,mansa,https://www.zambiayp.com/company/9875/Mbaso_Primary,zambiayp.com
Mikula,"Box 710093, luapula Province, Mansa, Zambia",,,mansa,https://www.zambiayp.com/company/9907/Mikula,zambiayp.com
Moloshi Primary,"Box 710093, luapula Province, Mansa, Zambia",,,mansa,https://www.zambiayp.com/company/9877/Moloshi_Primary,zambiayp.com
Monga,"Box 710093, luapula Province, Mansa, Zambia",,,mansa,https://www.zambiayp.com/company/9908/Monga,zambiayp.com
Muchinka School,"Box 710105, luapula Province, Mansa, Zambia",,,mansa,https://www.zambiayp.com/company/9909/Muchinka_School,zambiayp.com
Mulonga,"Box 710093, luapula Province, Mansa, Zambia",,,mansa,https://www.zambiayp.com/company/9910/Mulonga,zambiayp.com
Mupita Primary,"Box 710093, luapula Province, Mansa, Zambia",,,mansa,https://www.zambiayp.com/company/9911/Mupita_Primary,zambiayp.com
Musaba,"Box 710093, luapula Province, Mansa, Zambia",,,mansa,https://www.zambiayp.com/company/9912/Musaba,zambiayp.com
Musonda Falls,"Box 710466, luapula Province, Mansa, Zambia",,,mansa,https://www.zambiayp.com/company/9954/Musonda_Falls,zambiayp.com
Mutiti,"Box 710093, luapula Province, Mansa, Zambia",,,mansa,https://www.zambiayp.com/company/9879/Mutiti,zambiayp.com
Mutwe Wankoko,"Box 710093, luapula Province, Mansa, Zambia",,,mansa,https://www.zambiayp.com/company/9880/Mutwe_Wankoko,zambiayp.com
Mutende,"Box 710049, luapula Province, Mansa, Zambia",,,mansa,https://www.zambiayp.com/company/9913/Mutende,zambiayp.com
Muwanguni,"Box 710093, luapula Province, Mansa, Zambia",,,mansa,https://www.zambiayp.com/company/9914/Muwanguni,zambiayp.com
Namwandwe Primary,"Box 710093, luapula Province, Mansa, Zambia",,,mansa,https://www.zambiayp.com/company/9915/Namwandwe_Primary,zambiayp.com
Nsapaila,"P Box Chipili, northern Province, Mansa, Zambia",,,mansa,https://www.zambiayp.com/company/11072/Nsapaila,zambiayp.com
Nsonga Primary,"Box 710093, luapula Province, Mansa, Zambia",,,mansa,https://www.zambiayp.com/company/9916/Nsonga_Primary,zambiayp.com
Ntoposhi Primary,"Box 710093, luapula Province, Mansa, Zambia",,,mansa,https://www.zambiayp.com/company/9882/Ntoposhi_Primary,zambiayp.com
Our Lady Of Mercy,"Box 710036, luapula Province, Mansa, Zambia",,,mansa,https://www.zambiayp.com/company/9917/Our_Lady_Of_Mercy,zambiayp.com
Tayali,"Box 710093, luapula Province, Mansa, Zambia",,,mansa,https://www.zambiayp.com/company/9918/Tayali,zambiayp.com
Zambia Telecommunications Company Ltd Mansa Area Office,"Mansa, Zambia",,,mansa,https://www.zambiayp.com/company/4920/Zambia_Telecommunications_Company_Ltd_Mansa_Area_Office,zambiayp.com
Harvester Payroll Online Zambia,"Plot E, Mabwe Mazabuka Zambia",,,mazabuka,https://www.zambiayp.com/company/19500/Harvester_Payroll_Online_Zambia,zambiayp.com
Makwembo Internet Cafe,"P. O. Box 670346, Mazabuka, Zambia",,,mazabuka,https://www.zambiayp.com/company/17333/Makwembo_Internet_Cafe,zambiayp.com
MAZABUKA BLOCK AND TIMBER SUPPLIES ltd,"P.O Box 670285, Mazabuka, Zambia",,,mazabuka,https://www.zambiayp.com/company/18111/MAZABUKA_BLOCK_AND_TIMBER_SUPPLIES_ltd,zambiayp.com
STAR VIDEO PRODUCTION,"P.O. BOX 670900, Mazabuka, Zambia",,,mazabuka,https://www.zambiayp.com/company/16373/STAR_VIDEO_PRODUCTION,zambiayp.com
St Paul's Training Centre,"Box 670286, Training Centres, Mazabuka, Zambia",,,mazabuka,https://www.zambiayp.com/company/15028/St_Pauls_Training_Centre,zambiayp.com
Madison Life Insurance Company Ltd,"Kanyanta Ave, Kitwe, Mazabuka, Zambia",,,mazabuka,https://www.zambiayp.com/company/1286/Madison_Life_Insurance_Company_Ltd,zambiayp.com
Sero Training & Skills Development Centre,"nanga, Mazabuka, Zambia",,,mazabuka,https://www.zambiayp.com/company/17587/Sero_Training_Skills_Development_Centre,zambiayp.com
Saint Edmunds School,"P.O.Box 670049, Mazabuka, Zambia",,,mazabuka,https://www.zambiayp.com/company/7393/Saint_Edmunds_School,zambiayp.com
Simplot Investment Limited,"Mk14 Mukokomba, Mazabuka, Zambia",,,mazabuka,https://www.zambiayp.com/company/18738/Simplot_Investment_Limited,zambiayp.com
Jay Towing Services,"11531 Ryan Manor DR, Richmond, TX 77406, Mazabuka, Zambia",,,mazabuka,https://www.zambiayp.com/company/19067/Jay_Towing_Services,zambiayp.com
Boss foods,"[email protected] , Mazabuka, Zambia",,,mazabuka,https://www.zambiayp.com/company/18109/Boss_foods,zambiayp.com
Essential Skincare,"771 Lubombo Road, Mazabuka, Zambia",,,mazabuka,https://www.zambiayp.com/company/16956/Essential_Skincare,zambiayp.com
Zambia Sugar Plc,"Nakambala Lubombo, P.O.Box 670240, Mazabuka, Zambia",,,mazabuka,https://www.zambiayp.com/company/4085/Zambia_Sugar_Plc,zambiayp.com
Hamapula Farm,"Mazabuka, Zambia",,,mazabuka,https://www.zambiayp.com/company/13815/Hamapula_Farm,zambiayp.com
Mazabuka Girls,"Box 670211, Southern Province, Mazabuka, Zambia",,,mazabuka,https://www.zambiayp.com/company/12577/Mazabuka_Girls,zambiayp.com
Elite Global Connections,"Plot No. 31, Park Avenue, Mall 5, Mazabuka, Zambia",,,mazabuka,https://www.zambiayp.com/company/16908/Elite_Global_Connections,zambiayp.com
African Life Assurance Company (z) Ltd,"NAPSA Bldg Mulungushi Rd Opposite Zanaco, Mazabuka, Zambia",,,mazabuka,https://www.zambiayp.com/company/1277/African_Life_Assurance_Company_z_Ltd,zambiayp.com
Bedrock Africa,"P.O. Box: 50240, Mazabuka, Zambia",,,mazabuka,https://www.zambiayp.com/company/16798/Bedrock_Africa,zambiayp.com
Laktronics Repairs Ltd,"Mazabuka, Zambia",,,mazabuka,https://www.zambiayp.com/company/5007/Laktronics_Repairs_Ltd,zambiayp.com
Livestock Services Co-perative Society,"Box 670240, Mazabuka, Zambia",,,mazabuka,https://www.zambiayp.com/company/7939/Livestock_Services_Co_perative_Society,zambiayp.com
Makubu Steel Works Limited,"P.O.Box 670043, Mazabuka, Zambia",,,mazabuka,https://www.zambiayp.com/company/5403/Makubu_Steel_Works_Limited,zambiayp.com
Trentyre,"P.O.Box 31344, Mazabuka, Zambia",,,mazabuka,https://www.zambiayp.com/company/3318/Trentyre,zambiayp.com
Bhagoo's Supermarket,"P.O.Box 670043, Mazabuka, Zambia",,,mazabuka,https://www.zambiayp.com/company/3454/Bhagoos_Supermarket,zambiayp.com
Mazabuka Block & Timber Supplies Ltd,"Mazabuka, Zambia",,,mazabuka,https://www.zambiayp.com/company/6430/Mazabuka_Block_Timber_Supplies_Ltd,zambiayp.com
Sechi Stationers,"Mazabuka, Zambia",,,mazabuka,https://www.zambiayp.com/company/4625/Sechi_Stationers,zambiayp.com
Nyati Baking Academy,"Mubuyu Farms, Farm 493A, Mazabuka, Zambia",,,mazabuka,https://www.zambiayp.com/company/5488/Nyati_Baking_Academy,zambiayp.com
Barclays Bank Zambia Plc,"Main Rd, P.O.Box 670136, Mazabuka, Zambia",,,mazabuka,https://www.zambiayp.com/company/7068/Barclays_Bank_Zambia_Plc,zambiayp.com
D H L Agent,"Livingstone Rd, Mazabuka, Zambia",,,mazabuka,https://www.zambiayp.com/company/1755/D_H_L_Agent,zambiayp.com
Eurzambia Ltd (diesel Auto Electrical Engineering),"Plot 237, 11 Livingstone Rd, P.O.Box 670134, Mazabuka, Zambia",,,mazabuka,https://www.zambiayp.com/company/5326/Eurzambia_Ltd_diesel_Auto_Electrical_Engineering,zambiayp.com
Fedex,"Mazabuka, Zambia",,,mazabuka,https://www.zambiayp.com/company/1763/Fedex,zambiayp.com
Heku Engineering Ltd,"Mazabuka, Zambia",,,mazabuka,https://www.zambiayp.com/company/3255/Heku_Engineering_Ltd,zambiayp.com
Kamensasa Lodge,"Mazabuka, Zambia",,,mazabuka,https://www.zambiayp.com/company/225/Kamensasa_Lodge,zambiayp.com
Mazabuka Marketing Co Ltd,"Plot 167, Great North Rd, P.O.Box 670441, Mazabuka, Zambia",,,mazabuka,https://www.zambiayp.com/company/5424/Mazabuka_Marketing_Co_Ltd,zambiayp.com
Mukadam Store,"P.O.Box 47, Mazabuka, Zambia",,,mazabuka,https://www.zambiayp.com/company/2873/Mukadam_Store,zambiayp.com
Mweka Guest House,"Mazabuka, Zambia",,,mazabuka,https://www.zambiayp.com/company/3543/Mweka_Guest_House,zambiayp.com
Shoprite Checkers Zambia - Retail Chain Stores,"Sub A / Farm 1246, P.O.Box 670195, Mazabuka, Zambia",,,mazabuka,https://www.zambiayp.com/company/3516/Shoprite_Checkers_ZambiaRetail_Chain_Stores,zambiayp.com
Standard Chartered Bank Zambia Plc,"P.O.Box 670002, Mazabuka, Zambia",,,mazabuka,https://www.zambiayp.com/company/7065/Standard_Chartered_Bank_Zambia_Plc,zambiayp.com
Trentyre Zambia Limited,"Mazabuka, Zambia",,,mazabuka,https://www.zambiayp.com/company/3312/Trentyre_Zambia_Limited,zambiayp.com
Zambia State Insurance Corporation Limited The,"Galaba Hse, Monze St, P.O.Box 67468, Mazabuka, Zambia",,,mazabuka,https://www.zambiayp.com/company/1284/Zambia_State_Insurance_Corporation_Limited_The,zambiayp.com
African life assurance Company  (Z) LTD NAPSA,"Mazabuka, Zambia",,,mazabuka,https://www.zambiayp.com/company/14507/African_life_assurance_Company_Z_LTD_NAPSA,zambiayp.com
Anderson Security Systems,"P.O.Box 316, Mazabuka, Zambia",,,mazabuka,https://www.zambiayp.com/company/4943/Anderson_Security_Systems,zambiayp.com
Arma Guard Security,"Mazabuka, Zambia",,,mazabuka,https://www.zambiayp.com/company/2346/Arma_Guard_Security,zambiayp.com
Assumption Parish,"Mazabuka, Zambia",,,mazabuka,https://www.zambiayp.com/company/8209/Assumption_Parish,zambiayp.com
At The Ready Wholesalers,"Mazabuka, Zambia",,,mazabuka,https://www.zambiayp.com/company/6744/At_The_Ready_Wholesalers,zambiayp.com
Bata (zambia Bata Shoe Company Limited),"GREAT NORTH ROAD, Mazabuka, Zambia",,,mazabuka,https://www.zambiayp.com/company/15363/Bata_zambia_Bata_Shoe_Company_Limited,zambiayp.com
Bimbe General Dealers,"P.O.Box 670406, Mazabuka, Zambia",,,mazabuka,https://www.zambiayp.com/company/3153/Bimbe_General_Dealers,zambiayp.com
Calabash Restaurant & Nite Club,"PLOT 543/544 PARK ROAD, Mazabuka, Zambia",,,mazabuka,https://www.zambiayp.com/company/15465/Calabash_Restaurant_Nite_Club,zambiayp.com
Central Medical Clinic,"Mazabuka, Zambia",,,mazabuka,https://www.zambiayp.com/company/7685/Central_Medical_Clinic,zambiayp.com
Changa Changa Community School,"Mazabuka, Zambia",,,mazabuka,https://www.zambiayp.com/company/7486/Changa_Changa_Community_School,zambiayp.com
Chivuna Adp World Vision,"Box 670509, , Mazabuka, Zambia",,,mazabuka,https://www.zambiayp.com/company/15179/Chivuna_Adp_World_Vision,zambiayp.com
Christian Brothers,"P.O.Box 49, Mazabuka, Zambia",,,mazabuka,https://www.zambiayp.com/company/2236/Christian_Brothers,zambiayp.com
Chungu Dr H,"Box 500, , Mazabuka, Zambia",,,mazabuka,https://www.zambiayp.com/company/14833/Chungu_Dr_H,zambiayp.com
Cotton Development Trust,"Mazabuka, Zambia",,,mazabuka,https://www.zambiayp.com/company/1525/Cotton_Development_Trust,zambiayp.com
Dasuh Wholesale,"P.O.Box 670025, Mazabuka, Zambia",,,mazabuka,https://www.zambiayp.com/company/6741/Dasuh_Wholesale,zambiayp.com
D H L - International Express,"Mazabuka, Zambia",,,mazabuka,https://www.zambiayp.com/company/1780/D_H_LInternational_Express,zambiayp.com
DHL International Express,"Mazabuka, Zambia",,,mazabuka,https://www.zambiayp.com/company/13491/DHL_International_Express,zambiayp.com
DHL Agent,"Mazabuka, Zambia",,,mazabuka,https://www.zambiayp.com/company/13492/DHL_Agent,zambiayp.com
Diocesan Council of Catholic,"Mazabuka, Zambia",,,mazabuka,https://www.zambiayp.com/company/15223/Diocesan_Council_of_Catholic,zambiayp.com
EurZambia LTD,"Box 670134, Fuel Injection Repairs, Mazabuka, Zambia",,,mazabuka,https://www.zambiayp.com/company/14021/EurZambia_LTD,zambiayp.com
G & A Investments Ltd,"P.O.Box 670266, Mazabuka, Zambia",,,mazabuka,https://www.zambiayp.com/company/1155/G_A_Investments_Ltd,zambiayp.com
G & N Consultancy & General Dealers,"Mazabuka, Zambia",,,mazabuka,https://www.zambiayp.com/company/1805/G_N_Consultancy_General_Dealers,zambiayp.com
Gumbo Mission,"Box 382, Mazabuka, Zambia",,,mazabuka,https://www.zambiayp.com/company/8210/Gumbo_Mission,zambiayp.com
Holy Rosary Sisters,"Box 670204, Mazabuka, Zambia",,,mazabuka,https://www.zambiayp.com/company/8211/Holy_Rosary_Sisters,zambiayp.com
Johnson Medical Clinic,"P.O.Box 75, Mazabuka, Zambia",,,mazabuka,https://www.zambiayp.com/company/7676/Johnson_Medical_Clinic,zambiayp.com
Kaleya West Ramada Clinic,"Mazabuka, Zambia",,,mazabuka,https://www.zambiayp.com/company/7693/Kaleya_West_Ramada_Clinic,zambiayp.com
Kapinga Enterprises Ltd,"P.O.Box 670074, Mazabuka, Zambia",,,mazabuka,https://www.zambiayp.com/company/3871/Kapinga_Enterprises_Ltd,zambiayp.com
Limbada Bakery,"Box 143, Bakers & Confectioners, Mazabuka, Zambia",,,mazabuka,https://www.zambiayp.com/company/12935/Limbada_Bakery,zambiayp.com
Linga Longa Guest House,"Mazabuka, Zambia",,,mazabuka,https://www.zambiayp.com/company/3569/Linga_Longa_Guest_House,zambiayp.com
Lintco (z) Ltd,"P.O.Box 332, Mazabuka, Zambia",,,mazabuka,https://www.zambiayp.com/company/4137/Lintco_z_Ltd,zambiayp.com
Macdoogal R Fish Farm,"Mazabuka, Zambia",,,mazabuka,https://www.zambiayp.com/company/13917/Macdoogal_R_Fish_Farm,zambiayp.com
Manyengele Farm,"Box 670228, , Mazabuka, Zambia",,,mazabuka,https://www.zambiayp.com/company/13858/Manyengele_Farm,zambiayp.com
Mazabuka Accounts Service,"P.O.Box 670403, Mazabuka, Zambia",,,mazabuka,https://www.zambiayp.com/company/6290/Mazabuka_Accounts_Service,zambiayp.com
Mazabuka Community Church,"Mazabuka, Zambia",,,mazabuka,https://www.zambiayp.com/company/8212/Mazabuka_Community_Church,zambiayp.com
Mazabuka Account Service,"Box 670403, Accountants & Auditors, Mazabuka, Zambia",,,mazabuka,https://www.zambiayp.com/company/12724/Mazabuka_Account_Service,zambiayp.com
Mazabuka Club,"Box 160, Mazabuka, Zambia",,,mazabuka,https://www.zambiayp.com/company/13288/Mazabuka_Club,zambiayp.com
MAZABUKA AGRICULTURAL BUILDING SUPPLY,"MAIN ST MAZABUKA, Zambia",,,mazabuka,https://www.zambiayp.com/company/15673/MAZABUKA_AGRICULTURAL_BUILDING_SUPPLY,zambiayp.com
M D P Clinic,"Mazabuka, Zambia",,,mazabuka,https://www.zambiayp.com/company/7694/M_D_P_Clinic,zambiayp.com
Moores Rowland (chartered Accountants),"Mazabuka, Zambia",,,mazabuka,https://www.zambiayp.com/company/6310/Moores_Rowland_chartered_Accountants,zambiayp.com
Mubuyu Farms LTD,"Box 33063, Mazabuka, Zambia",,,mazabuka,https://www.zambiayp.com/company/13816/Mubuyu_Farms_LTD,zambiayp.com
Mukadam Stores,"Box 47, Mazabuka, Zambia",,,mazabuka,https://www.zambiayp.com/company/14180/Mukadam_Stores,zambiayp.com
Mweembezhi Lutheran Rural Health Centre,"P.O.Box 310005, Mazabuka, Zambia",,,mazabuka,https://www.zambiayp.com/company/4374/Mweembezhi_Lutheran_Rural_Health_Centre,zambiayp.com
Naidencroft Co Ltd T/a Jovenna Filling Station,"Mazabuka, Zambia",,,mazabuka,https://www.zambiayp.com/company/6218/Naidencroft_Co_Ltd_Ta_Jovenna_Filling_Station,zambiayp.com
National Pension Scheme Authority - Napsa,"P.O.Box 670075, Mazabuka, Zambia",,,mazabuka,https://www.zambiayp.com/company/5973/National_Pension_Scheme_AuthorityNapsa,zambiayp.com
Ndeke Township Community School,"Mazabuka, Zambia",,,mazabuka,https://www.zambiayp.com/company/7433/Ndeke_Township_Community_School,zambiayp.com
Newham WB T/A Chisosa Farm,"Box 670056, Mazabuka, Zambia",,,mazabuka,https://www.zambiayp.com/company/13817/Newham_WB_TA_Chisosa_Farm,zambiayp.com
Northend Shopping Centre,"Mazabuka, Zambia",,,mazabuka,https://www.zambiayp.com/company/4422/Northend_Shopping_Centre,zambiayp.com
NORDUP BUTCHERY,"P/P BARTOSZ PE MAZABUKA, Zambia",,,mazabuka,https://www.zambiayp.com/company/15718/NORDUP_BUTCHERY,zambiayp.com
Pama Abattoir Sales,"Mazabuka, Zambia",,,mazabuka,https://www.zambiayp.com/company/12707/Pama_Abattoir_Sales,zambiayp.com
Pentecostal Assemblies of God not By Night Church,"Mazabuka, Zambia",,,mazabuka,https://www.zambiayp.com/company/8213/Pentecostal_Assemblies_of_God_not_By_Night_Church,zambiayp.com
P Illman Musikili School,"Mazabuka, Zambia",,,mazabuka,https://www.zambiayp.com/company/7451/P_Illman_Musikili_School,zambiayp.com
Pineview Lodge,"Mazabuka, Zambia",,,mazabuka,https://www.zambiayp.com/company/90/Pineview_Lodge,zambiayp.com
P K L Farm Services LTD,"Mazabuka, Zambia",,,mazabuka,https://www.zambiayp.com/company/13818/P_K_L_Farm_Services_LTD,zambiayp.com
Prav Liquor Wholesalers & Distributors,"P.O.Box 48, Mazabuka, Zambia",,,mazabuka,https://www.zambiayp.com/company/6665/Prav_Liquor_Wholesalers_Distributors,zambiayp.com
Radian Stores,"Main St, Mazabuka, Zambia",,,mazabuka,https://www.zambiayp.com/company/2778/Radian_Stores,zambiayp.com
Saint Paul's Training Centre,"P.O.Box 670286, Mazabuka, Zambia",,,mazabuka,https://www.zambiayp.com/company/4436/Saint_Pauls_Training_Centre,zambiayp.com
Securicor Gray,"P.O.Box 670185, Mazabuka, Zambia",,,mazabuka,https://www.zambiayp.com/company/2318/Securicor_Gray,zambiayp.com
Seedat General Dealers & Suppliers,"Mazabuka, Zambia",,,mazabuka,https://www.zambiayp.com/company/3124/Seedat_General_Dealers_Suppliers,zambiayp.com
Seedat B (garage),"P.O.Box 35, Mazabuka, Zambia",,,mazabuka,https://www.zambiayp.com/company/6151/Seedat_B_garage,zambiayp.com
Seed-co (z) Ltd - Mazabuka,"Mazabuka, Zambia",,,mazabuka,https://www.zambiayp.com/company/6647/Seed_co_z_LtdMazabuka,zambiayp.com
Shimowe Farm,"Mazabuka, Zambia",,,mazabuka,https://www.zambiayp.com/company/13819/Shimowe_Farm,zambiayp.com
Simuyota Edwin T/a Lezya Stores,"Mazabuka, Zambia",,,mazabuka,https://www.zambiayp.com/company/3081/Simuyota_Edwin_Ta_Lezya_Stores,zambiayp.com
Sisters Of The Holy Spirit,"Mazabuka, Zambia",,,mazabuka,https://www.zambiayp.com/company/8214/Sisters_Of_The_Holy_Spirit,zambiayp.com
Small Scale Irrigation Project (sip),"Mazabuka, Zambia",,,mazabuka,https://www.zambiayp.com/company/4936/Small_Scale_Irrigation_Project_sip,zambiayp.com
Small Scale Irrigation Project(sip),"Mazabuka, Zambia",,,mazabuka,https://www.zambiayp.com/company/14523/Small_Scale_Irrigation_Projectsip,zambiayp.com
St Stephen The Martyr catholic Church,"Mazabuka, Zambia",,,mazabuka,https://www.zambiayp.com/company/8215/St_Stephen_The_Martyr_catholic_Church,zambiayp.com
Syed Jnf T/a Nassers Bargain Centre,"Mazabuka, Zambia",,,mazabuka,https://www.zambiayp.com/company/2930/Syed_Jnf_Ta_Nassers_Bargain_Centre,zambiayp.com
Syed jnt T/A Nassers Bargain Centre,"Mazabuka, Zambia",,,mazabuka,https://www.zambiayp.com/company/14181/Syed_jnt_TA_Nassers_Bargain_Centre,zambiayp.com
Tarukwasha AM Farm & Sons,"Box 458, Mazabuka, Zambia",,,mazabuka,https://www.zambiayp.com/company/13820/Tarukwasha_AM_Farm_Sons,zambiayp.com
Tate & Lyle,"Mazabuka, Zambia",,,mazabuka,https://www.zambiayp.com/company/3213/Tate_Lyle,zambiayp.com
Tradelines,"Mazabuka, Zambia",,,mazabuka,https://www.zambiayp.com/company/6677/Tradelines,zambiayp.com
Trentyre Transport Workshop (z),"Mazabuka, Zambia",,,mazabuka,https://www.zambiayp.com/company/3313/Trentyre_Transport_Workshop_z,zambiayp.com
Tutas Bar & Grocery,"Mazabuka, Zambia",,,mazabuka,https://www.zambiayp.com/company/12885/Tutas_Bar_Grocery,zambiayp.com
World Vision-Food Relief,"Mazabuka, Zambia",,,mazabuka,https://www.zambiayp.com/company/15180/World_Vision_Food_Relief,zambiayp.com
World Vision Relief,"Mazabuka, Zambia",,,mazabuka,https://www.zambiayp.com/company/15181/World_Vision_Relief,zambiayp.com
Zambia Information Service,"Mazabuka, Zambia",,,mazabuka,https://www.zambiayp.com/company/2032/Zambia_Information_Service,zambiayp.com
Zambia Motor Spares (mazabuka) Ltd,"Stand6, Great North Rd, P.O.Box 670309, Mazabuka, Zambia",,,mazabuka,https://www.zambiayp.com/company/2664/Zambia_Motor_Spares_mazabuka_Ltd,zambiayp.com
Zambia Telecommunications Company Ltd,"P.O.Box 670020, Mazabuka, Zambia",,,mazabuka,https://www.zambiayp.com/company/4843/Zambia_Telecommunications_Company_Ltd,zambiayp.com
Zambia National Building Society,"P.O.Box 670484, Mazabuka, Zambia",,,mazabuka,https://www.zambiayp.com/company/6442/Zambia_National_Building_Society,zambiayp.com
Zambezi Ranching & Cropping PLC,"Mazabuka, Zambia",,,mazabuka,https://www.zambiayp.com/company/13821/Zambezi_Ranching_Cropping_PLC,zambiayp.com
Zambia state Insurancecorporation Limited,"Box 67468, Mazabuka, Zambia",,,mazabuka,https://www.zambiayp.com/company/14508/Zambia_state_Insurancecorporation_Limited,zambiayp.com
Zelogix Internet Cafe,"Mazabuka, Zambia",,,mazabuka,https://www.zambiayp.com/company/6094/Zelogix_Internet_Cafe,zambiayp.com
Z R C Guest House,"Mazabuka, Zambia",,,mazabuka,https://www.zambiayp.com/company/3559/Z_R_C_Guest_House,zambiayp.com
ZRC guest House,"Mazabuka, Zambia",,,mazabuka,https://www.zambiayp.com/company/14240/ZRC_guest_House,zambiayp.com
Chikankata Basic,"Box 670144, Southern Province, Mazabuka, Zambia",,,mazabuka,https://www.zambiayp.com/company/11760/Chikankata_Basic,zambiayp.com
Chilileka Basic,"Box 670144, Southern Province, Mazabuka, Zambia",,,mazabuka,https://www.zambiayp.com/company/11762/Chilileka_Basic,zambiayp.com
"Ching,angauka","Box 670144, Southern Province, Mazabuka, Zambia",,,mazabuka,https://www.zambiayp.com/company/11763/Ching_angauka,zambiayp.com
Chijanwa Basic,"Box 670144, Southern Province, Mazabuka, Zambia",,,mazabuka,https://www.zambiayp.com/company/11785/Chijanwa_Basic,zambiayp.com
Chitongo Basic,"Box 670144, Southern Province, Mazabuka, Zambia",,,mazabuka,https://www.zambiayp.com/company/11786/Chitongo_Basic,zambiayp.com
Chivuna Basic,"Box 670166, Southern Province, Mazabuka, Zambia",,,mazabuka,https://www.zambiayp.com/company/11787/Chivuna_Basic,zambiayp.com
Dundu Basic,"Box 670144, Southern Province, Mazabuka, Zambia",,,mazabuka,https://www.zambiayp.com/company/11764/Dundu_Basic,zambiayp.com
Habuche Private,"Box 670545, Southern Province, Mazabuka, Zambia",,,mazabuka,https://www.zambiayp.com/company/11783/Habuche_Private,zambiayp.com
Hakantu Basic,"Box 670144, Southern Province, Mazabuka, Zambia",,,mazabuka,https://www.zambiayp.com/company/11765/Hakantu_Basic,zambiayp.com
Hanjalika Basic,"Box 670144, Southern Province, Mazabuka, Zambia",,,mazabuka,https://www.zambiayp.com/company/11788/Hanjalika_Basic,zambiayp.com
Hapwaya Basic,"Box 670546, Southern Province, Mazabuka, Zambia",,,mazabuka,https://www.zambiayp.com/company/11767/Hapwaya_Basic,zambiayp.com
Itebe Basic,"Box 670144, Southern Province, Mazabuka, Zambia",,,mazabuka,https://www.zambiayp.com/company/11789/Itebe_Basic,zambiayp.com
Kaabo Basic,"Box 670144, Southern Province, Mazabuka, Zambia",,,mazabuka,https://www.zambiayp.com/company/11768/Kaabo_Basic,zambiayp.com
Kabanje Basic,"Box 670375, Southern Province, Mazabuka, Zambia",,,mazabuka,https://www.zambiayp.com/company/11811/Kabanje_Basic,zambiayp.com
Kalama Basic,"Box 670144, Southern Province, Mazabuka, Zambia",,,mazabuka,https://www.zambiayp.com/company/11790/Kalama_Basic,zambiayp.com
Kaleya West Basic,"Box 670144, Southern Province, Mazabuka, Zambia",,,mazabuka,https://www.zambiayp.com/company/11813/Kaleya_West_Basic,zambiayp.com
Kangila Basic,"Box 670144, Southern Province, Mazabuka, Zambia",,,mazabuka,https://www.zambiayp.com/company/11814/Kangila_Basic,zambiayp.com
Kaonga Basic,"Box 670544, Southern Province, Mazabuka, Zambia",,,mazabuka,https://www.zambiayp.com/company/11815/Kaonga_Basic,zambiayp.com
Kasengo Basic,"Box 670144, Southern Province, Mazabuka, Zambia",,,mazabuka,https://www.zambiayp.com/company/11769/Kasengo_Basic,zambiayp.com
Lubombo Basic,"Box 670090, Southern Province, Mazabuka, Zambia",,,mazabuka,https://www.zambiayp.com/company/11817/Lubombo_Basic,zambiayp.com
Magoye Research,"Box 670144, Southern Province, Mazabuka, Zambia",,,mazabuka,https://www.zambiayp.com/company/11793/Magoye_Research,zambiayp.com
Mainza Basic,"Box 670144, Southern Province, Mazabuka, Zambia",,,mazabuka,https://www.zambiayp.com/company/11794/Mainza_Basic,zambiayp.com
Malala Basic,"Box 670165, Southern Province, Mazabuka, Zambia",,,mazabuka,https://www.zambiayp.com/company/11771/Malala_Basic,zambiayp.com
Mbayamusuma Basic,"Box 670144, Southern Province, Mazabuka, Zambia",,,mazabuka,https://www.zambiayp.com/company/11795/Mbayamusuma_Basic,zambiayp.com
Mukwela Basic,"Box 670511, Southern Province, Mazabuka, Zambia",,,mazabuka,https://www.zambiayp.com/company/11772/Mukwela_Basic,zambiayp.com
Mukuyu Basic,"Box 670472, Southern Province, Mazabuka, Zambia",,,mazabuka,https://www.zambiayp.com/company/11797/Mukuyu_Basic,zambiayp.com
Mulawo Basic,"Box 670144, Southern Province, Mazabuka, Zambia",,,mazabuka,https://www.zambiayp.com/company/11773/Mulawo_Basic,zambiayp.com
Munenga Basic,"Box 670576, Southern Province, Mazabuka, Zambia",,,mazabuka,https://www.zambiayp.com/company/11798/Munenga_Basic,zambiayp.com
Mwanamangala,"Box 670582, Southern Province, Mazabuka, Zambia",,,mazabuka,https://www.zambiayp.com/company/11774/Mwanamangala,zambiayp.com
Nadezwe Basic,"Box 670144, Southern Province, Mazabuka, Zambia",,,mazabuka,https://www.zambiayp.com/company/11775/Nadezwe_Basic,zambiayp.com
Naluama Basic,"Box 570144, Southern Province, Mazabuka, Zambia",,,mazabuka,https://www.zambiayp.com/company/11776/Naluama_Basic,zambiayp.com
Nameembo Basic,"Box 670144, Southern Province, Mazabuka, Zambia",,,mazabuka,https://www.zambiayp.com/company/11778/Nameembo_Basic,zambiayp.com
Namaila Basic,"Box 670144, Southern Province, Mazabuka, Zambia",,,mazabuka,https://www.zambiayp.com/company/11802/Namaila_Basic,zambiayp.com
Namulonga,"Box 670152, Southern Province, Mazabuka, Zambia",,,mazabuka,https://www.zambiayp.com/company/11823/Namulonga,zambiayp.com
Nanduba Basic,"Box 670144, Southern Province, Mazabuka, Zambia",,,mazabuka,https://www.zambiayp.com/company/11779/Nanduba_Basic,zambiayp.com
Nanga Basic,"Box 670144, Southern Province, Mazabuka, Zambia",,,mazabuka,https://www.zambiayp.com/company/11824/Nanga_Basic,zambiayp.com
Nanga Sch,"Box 670144, Southern Province, Mazabuka, Zambia",,,mazabuka,https://www.zambiayp.com/company/11830/Nanga_Sch,zambiayp.com
Ng'andu Basic,"Box 670144, Southern Province, Mazabuka, Zambia",,,mazabuka,https://www.zambiayp.com/company/11780/Ngandu_Basic,zambiayp.com
Ngangula Basic,"Box 670462, Southern Province, Mazabuka, Zambia",,,mazabuka,https://www.zambiayp.com/company/11781/Ngangula_Basic,zambiayp.com
Ngwezi Basic,"Box 670166, Southern Province, Mazabuka, Zambia",,,mazabuka,https://www.zambiayp.com/company/11803/Ngwezi_Basic,zambiayp.com
Nkonkola Lower,"Box 670144, Southern Province, Mazabuka, Zambia",,,mazabuka,https://www.zambiayp.com/company/11804/Nkonkola_Lower,zambiayp.com
Nkonkola Upper,"Box 670144, Southern Province, Mazabuka, Zambia",,,mazabuka,https://www.zambiayp.com/company/11805/Nkonkola_Upper,zambiayp.com
Sianzala Basic,"Box 144, Southern Province, Mazabuka, Zambia",,,mazabuka,https://www.zambiayp.com/company/11806/Sianzala_Basic,zambiayp.com
Simwaba Basic,"Box 670308, Southern Province, Mazabuka, Zambia",,,mazabuka,https://www.zambiayp.com/company/11807/Simwaba_Basic,zambiayp.com
St.columbas Basic,"Box 670013, Southern Province, Mazabuka, Zambia",,,mazabuka,https://www.zambiayp.com/company/11828/Stcolumbas_Basic,zambiayp.com
St. Michaels'basic,"Box 6703144, Southern Province, Mazabuka, Zambia",,,mazabuka,https://www.zambiayp.com/company/11808/St_Michaelsbasic,zambiayp.com
GODREIGNS General Dealers,"T.57 PRESIDENT AVENUE, TOWN CENTRE, Mbala, Zambia",,,mbala,https://www.zambiayp.com/company/17294/GODREIGNS_General_Dealers,zambiayp.com
Mbala High School,"P.O.Box 420300 , Northern Province, Mbala, Zambia",,,mbala,https://www.zambiayp.com/company/12546/Mbala_High_School,zambiayp.com
Outward Bound,"Box 420036, northern Province, Mbala, Zambia",,,mbala,https://www.zambiayp.com/company/11110/Outward_Bound,zambiayp.com
New Capital Bank Mbala Branch,"P.O.Box 420138, Mbala, Zambia",,,mbala,https://www.zambiayp.com/company/7086/New_Capital_Bank_Mbala_Branch,zambiayp.com
Tulemane Clinic,"Mbala, Zambia",,,mbala,https://www.zambiayp.com/company/7704/Tulemane_Clinic,zambiayp.com
ZAMBIAN HOME STORES,"247 PRESIDENT AVE MBALA, Zambia",,,mbala,https://www.zambiayp.com/company/15873/ZAMBIAN_HOME_STORES,zambiayp.com
BLV Computer Service,"Mbala, Zambia",,,mbala,https://www.zambiayp.com/company/13383/BLV_Computer_Service,zambiayp.com
Finance Bank (zambia) Ltd,"Mbala, Zambia",,,mbala,https://www.zambiayp.com/company/7106/Finance_Bank_zambia_Ltd,zambiayp.com
Harrican Wind Service Station,"Mbala, Zambia",,,mbala,https://www.zambiayp.com/company/6192/Harrican_Wind_Service_Station,zambiayp.com
Hirrican Wind Service Station,"Mbala, Zambia",,,mbala,https://www.zambiayp.com/company/14065/Hirrican_Wind_Service_Station,zambiayp.com
Mbala Open Community School,"Mbala, Zambia",,,mbala,https://www.zambiayp.com/company/7443/Mbala_Open_Community_School,zambiayp.com
Mwampako General Dealers,"Mbala, Zambia",,,mbala,https://www.zambiayp.com/company/3020/Mwampako_General_Dealers,zambiayp.com
National Pension Scheme Authority - Napsa,"Lake Press Hse, P.O.Box 420289, Mbala, Zambia",,,mbala,https://www.zambiayp.com/company/5977/National_Pension_Scheme_AuthorityNapsa,zambiayp.com
New Mwatampako Shopping Complex,"Mbala, Zambia",,,mbala,https://www.zambiayp.com/company/4416/New_Mwatampako_Shopping_Complex,zambiayp.com
Saint Mary's High School,"Mbala, Zambia",,,mbala,https://www.zambiayp.com/company/7470/Saint_Marys_High_School,zambiayp.com
Sister Of Child Jesus,"Mbala, Zambia",,,mbala,https://www.zambiayp.com/company/8216/Sister_Of_Child_Jesus,zambiayp.com
Sisters Of St Joseph,"Mbala, Zambia",,,mbala,https://www.zambiayp.com/company/8217/Sisters_Of_St_Joseph,zambiayp.com
Chilipula Lower,"Box 420205, northern Province, Mbala, Zambia",,,mbala,https://www.zambiayp.com/company/11081/Chilipula_Lower,zambiayp.com
Chipoka,"Box 420250, northern Province, Mbala, Zambia",,,mbala,https://www.zambiayp.com/company/11082/Chipoka,zambiayp.com
Chileshya,"Boc 420131, northern Province, Mbala, Zambia",,,mbala,https://www.zambiayp.com/company/11118/Chileshya,zambiayp.com
Chindo,"Box 420294, northern Province, Mbala, Zambia",,,mbala,https://www.zambiayp.com/company/11122/Chindo,zambiayp.com
Chiungu,"Box 420240, northern Province, Mbala, Zambia",,,mbala,https://www.zambiayp.com/company/11157/Chiungu,zambiayp.com
Chipwa,"Box 420240, nothern Province, Mbala, Zambia",,,mbala,https://www.zambiayp.com/company/11301/Chipwa,zambiayp.com
Iyanda,"Box 420031, northern Province, Mbala, Zambia",,,mbala,https://www.zambiayp.com/company/11125/Iyanda,zambiayp.com
Kakungu,"Box 420240, northern Province, Mbala, Zambia",,,mbala,https://www.zambiayp.com/company/11088/Kakungu,zambiayp.com
Kaluluzi Lower,"Box 420181, northern Province, Mbala, Zambia",,,mbala,https://www.zambiayp.com/company/11089/Kaluluzi_Lower,zambiayp.com
Kamuzwazi,"Box 420196, northern Province, Mbala, Zambia",,,mbala,https://www.zambiayp.com/company/11090/Kamuzwazi,zambiayp.com
Kamyanga,"Box 420056, northern Province, Mbala, Zambia",,,mbala,https://www.zambiayp.com/company/11091/Kamyanga,zambiayp.com
Kapela Primary,"Box 420240, northern Province, Mbala, Zambia",,,mbala,https://www.zambiayp.com/company/11129/Kapela_Primary,zambiayp.com
Kasunga,"Box 420240, northern Province, Mbala, Zambia",,,mbala,https://www.zambiayp.com/company/11092/Kasunga,zambiayp.com
Katito,"Box 420145, northern Province, Mbala, Zambia",,,mbala,https://www.zambiayp.com/company/11093/Katito,zambiayp.com
Landula,"Box 420111, northern Province, Mbala, Zambia",,,mbala,https://www.zambiayp.com/company/11096/Landula,zambiayp.com
Lumi,"Box 42024, northern Province, Mbala, Zambia",,,mbala,https://www.zambiayp.com/company/11098/Lumi,zambiayp.com
Matanga Middle,"Box 420240, northern Province, Mbala, Zambia",,,mbala,https://www.zambiayp.com/company/11134/Matanga_Middle,zambiayp.com
Mfwambo M. Basic,"Box 420240, northern Province, Mbala, Zambia",,,mbala,https://www.zambiayp.com/company/11160/Mfwambo_M_Basic,zambiayp.com
Mukunta,"Box 420240, northern Province, Mbala, Zambia",,,mbala,https://www.zambiayp.com/company/11139/Mukunta,zambiayp.com
Musipazi M. Basic,"Box 420185, northern Province, Mbala, Zambia",,,mbala,https://www.zambiayp.com/company/11104/Musipazi_M_Basic,zambiayp.com
Mutitimya,"Box 420420, northern Province, Mbala, Zambia",,,mbala,https://www.zambiayp.com/company/11140/Mutitimya,zambiayp.com
Mwembe,"Box 420094, northern Province, Mbala, Zambia",,,mbala,https://www.zambiayp.com/company/11141/Mwembe,zambiayp.com
Senga Hill Basic,"Box 22, northern Province, Mbala, Zambia",,,mbala,https://www.zambiayp.com/company/11151/Senga_Hill_Basic,zambiayp.com
Senka,"Box 420236, northern Province, Mbala, Zambia",,,mbala,https://www.zambiayp.com/company/11152/Senka,zambiayp.com
Sikalembe,"Box 420004, northern Province, Mbala, Zambia",,,mbala,https://www.zambiayp.com/company/11154/Sikalembe,zambiayp.com
Testokes (tessas),"Box 420445, northern Province, Mbala, Zambia",,,mbala,https://www.zambiayp.com/company/11114/Testokes_tessas,zambiayp.com
Butimbwe Mid Basic,"Box 570805, luapula Province, Milenge, Zambia",,,milenge,https://www.zambiayp.com/company/9919/Butimbwe_Mid_Basic,zambiayp.com
Chayuwa Middle,"Box 710093, luapula Province, Milenge, Zambia",,,milenge,https://www.zambiayp.com/company/9920/Chayuwa_Middle,zambiayp.com
Chibende Primary,"Box 710093, luapula Province, Milenge, Zambia",,,milenge,https://www.zambiayp.com/company/9921/Chibende_Primary,zambiayp.com
Mapula,"Box 710196, luapula Province, Milenge, Zambia",,,milenge,https://www.zambiayp.com/company/9926/Mapula,zambiayp.com
Mashika Primary,"Box 570805, luapula Province, Milenge, Zambia",,,milenge,https://www.zambiayp.com/company/9927/Mashika_Primary,zambiayp.com
Milambo,"Box 570805, luapula Province, Milenge, Zambia",,,milenge,https://www.zambiayp.com/company/9928/Milambo,zambiayp.com
Sokontwe,"Box 570805, luapula Province, Milenge, Zambia",,,milenge,https://www.zambiayp.com/company/9934/Sokontwe,zambiayp.com
Chimula Transport,"731 Medium Extension, off Independence Avenue, Mkushi, Zambia",,,mkushi,https://www.zambiayp.com/company/18390/Chimula_Transport,zambiayp.com
Nchinki Digital Printers and Suppliers,"Plot No. 542, Shop No. 9, Adjacent to Choppies, Independence Avenue, Mkushi, Zambia",,,mkushi,https://www.zambiayp.com/company/18871/Nchinki_Digital_Printers_and_Suppliers,zambiayp.com
Twala Farming,"Farm 3364, Brodawel Farm, Farm Block, Mkushi, Zambia",,,mkushi,https://www.zambiayp.com/company/19416/Twala_Farming,zambiayp.com
Gloryland,"128 Eagle St, c/belt Province, Mkushi, Zambia",,,mkushi,https://www.zambiayp.com/company/8971/Gloryland,zambiayp.com
Seedco Zambia Limited,"Plot 35, P.O.Box 840074, Mkushi, Zambia",,,mkushi,https://www.zambiayp.com/company/4603/Seedco_Zambia_Limited,zambiayp.com
Great North Co,"Great North Road, Mkushi River, Zambia",,,mkushi,https://www.zambiayp.com/company/17005/Great_North_Co,zambiayp.com
Mkushi District Council,"Box 840001, Mkushi, Zambia",,,mkushi,https://www.zambiayp.com/company/13540/Mkushi_District_Council,zambiayp.com
Delca Palms Private School,"P.O.Box 840010, Mkushi, Zambia",,,mkushi,https://www.zambiayp.com/company/7511/Delca_Palms_Private_School,zambiayp.com
Chengelo Primary School,"Off Great North Rd, Mkushi, Zambia",,,mkushi,https://www.zambiayp.com/company/7384/Chengelo_Primary_School,zambiayp.com
Ndubaluba Outdoor Centre,"Mkushi, Zambia",,,mkushi,https://www.zambiayp.com/company/6805/Ndubaluba_Outdoor_Centre,zambiayp.com
A T B Lodge,"Farm No 3352, P.O.Box 840197, Mkushi, Zambia",,,mkushi,https://www.zambiayp.com/company/292/A_T_B_Lodge,zambiayp.com
Stanbic Bank Zambia Ltd,"Mkushi, Zambia",,,mkushi,https://www.zambiayp.com/company/7087/Stanbic_Bank_Zambia_Ltd,zambiayp.com
Zambia State Insurance Corporation Limited The,"P.O.Box 840021, Mkushi, Zambia",,,mkushi,https://www.zambiayp.com/company/1264/Zambia_State_Insurance_Corporation_Limited_The,zambiayp.com
Zambia National Commercial Bank Ltd,"Z N P F Hse, P.O.Box 840073, Mkushi, Zambia",,,mkushi,https://www.zambiayp.com/company/7060/Zambia_National_Commercial_Bank_Ltd,zambiayp.com
ATB Lodge,"Box 840197, Mkushi, Zambia",,,mkushi,https://www.zambiayp.com/company/14623/ATB_Lodge,zambiayp.com
Barclays Bank Zambia Plc,"P.O.Box 840224, Mkushi, Zambia",,,mkushi,https://www.zambiayp.com/company/7186/Barclays_Bank_Zambia_Plc,zambiayp.com
Beckett Investments Limited,"Mkushi, Zambia",,,mkushi,https://www.zambiayp.com/company/1164/Beckett_Investments_Limited,zambiayp.com
Big Moze Boutique,"Mkushi, Zambia",,,mkushi,https://www.zambiayp.com/company/6832/Big_Moze_Boutique,zambiayp.com
Brimagoba Investments Ltd,"Mkushi, Zambia",,,mkushi,https://www.zambiayp.com/company/1108/Brimagoba_Investments_Ltd,zambiayp.com
Chisanga Sydney T/A Star Bar & Restaurant,"Box 840090, Mkushi, Zambia",,,mkushi,https://www.zambiayp.com/company/12886/Chisanga_Sydney_TA_Star_Bar_Restaurant,zambiayp.com
Chimsoro Farms LTD,"Mkushi, Zambia",,,mkushi,https://www.zambiayp.com/company/13859/Chimsoro_Farms_LTD,zambiayp.com
Daas Stationery,"Mkushi, Zambia",,,mkushi,https://www.zambiayp.com/company/4632/Daas_Stationery,zambiayp.com
Emmas Boutique,"Mkushi, Zambia",,,mkushi,https://www.zambiayp.com/company/6834/Emmas_Boutique,zambiayp.com
Farm & Mechanical Service LTD,"Mkushi, Zambia",,,mkushi,https://www.zambiayp.com/company/13822/Farm_Mechanical_Service_LTD,zambiayp.com
Fiwila Development Foundation,"Box 840104, Mkushi, Zambia",,,mkushi,https://www.zambiayp.com/company/13991/Fiwila_Development_Foundation,zambiayp.com
Frarich Electrical Contractors,"Mkushi, Zambia",,,mkushi,https://www.zambiayp.com/company/5020/Frarich_Electrical_Contractors,zambiayp.com
Health Communication Partnership Zambia,"Box 840042, Mkushi, Zambia",,,mkushi,https://www.zambiayp.com/company/14282/Health_Communication_Partnership_Zambia,zambiayp.com
Insofu Breweries LTD,"Box 840039, Mkushi, Zambia",,,mkushi,https://www.zambiayp.com/company/13018/Insofu_Breweries_LTD,zambiayp.com
Katota Wholesale,"Mkushi, Zambia",,,mkushi,https://www.zambiayp.com/company/6731/Katota_Wholesale,zambiayp.com
Kwaps Stationery Hardware & General Dealers,"Mkushi, Zambia",,,mkushi,https://www.zambiayp.com/company/14270/Kwaps_Stationery_Hardware_General_Dealers,zambiayp.com
Lesa Ewaishiba General Dealers,"Mkushi, Zambia",,,mkushi,https://www.zambiayp.com/company/14183/Lesa_Ewaishiba_General_Dealers,zambiayp.com
Lima Agro Supplies Limited,"Mkushi, Zambia",,,mkushi,https://www.zambiayp.com/company/4150/Lima_Agro_Supplies_Limited,zambiayp.com
Linton Farm,"Mkushi, Zambia",,,mkushi,https://www.zambiayp.com/company/13860/Linton_Farm,zambiayp.com
Loza Guest House,"Mkushi, Zambia",,,mkushi,https://www.zambiayp.com/company/3620/Loza_Guest_House,zambiayp.com
Marffy M Fortwood Farm,"Box 840171, , Mkushi, Zambia",,,mkushi,https://www.zambiayp.com/company/13861/Marffy_M_Fortwood_Farm,zambiayp.com
Maska General Dealers,"Mkushi, Zambia",,,mkushi,https://www.zambiayp.com/company/3193/Maska_General_Dealers,zambiayp.com
Mkushi River Motel,"Mkushi, Zambia",,,mkushi,https://www.zambiayp.com/company/3637/Mkushi_River_Motel,zambiayp.com
Mkushi Hillside Academy,"Mkushi, Zambia",,,mkushi,https://www.zambiayp.com/company/12710/Mkushi_Hillside_Academy,zambiayp.com
Mkushi District Co-operative union,"Mkushi, Zambia",,,mkushi,https://www.zambiayp.com/company/13269/Mkushi_District_Co_operative_union,zambiayp.com
Muze Simbeye Shop 2,"P.O.Box 840040, Mkushi, Zambia",,,mkushi,https://www.zambiayp.com/company/3201/Muze_Simbeye_Shop_2,zambiayp.com
Mwanza Rosemary Dr,"Mkushi, Zambia",,,mkushi,https://www.zambiayp.com/company/14834/Mwanza_Rosemary_Dr,zambiayp.com
National Pension Scheme Authority,"P.O.Box 840140, Mkushi, Zambia",,,mkushi,https://www.zambiayp.com/company/5985/National_Pension_Scheme_Authority,zambiayp.com
Omega Hardware,"Plot 33, P.O.Box 840090, Mkushi, Zambia",,,mkushi,https://www.zambiayp.com/company/6618/Omega_Hardware,zambiayp.com
Quick Sek Business Centre,"P.O.Box 840002, Mkushi, Zambia",,,mkushi,https://www.zambiayp.com/company/3037/Quick_Sek_Business_Centre,zambiayp.com
Roman Catholic Church,"Mkushi, Zambia",,,mkushi,https://www.zambiayp.com/company/8219/Roman_Catholic_Church,zambiayp.com
Rural Health Centre,"Mkushi, Zambia",,,mkushi,https://www.zambiayp.com/company/4375/Rural_Health_Centre,zambiayp.com
Rural Realth Centre,"Mkushi, Zambia",,,mkushi,https://www.zambiayp.com/company/14295/Rural_Realth_Centre,zambiayp.com
Selby-KFH & FM Mount Isabelle Farm,"Mkushi, Zambia",,,mkushi,https://www.zambiayp.com/company/13862/Selby_KFH_FM_Mount_Isabelle_Farm,zambiayp.com
ZNFU,"Box 840169, Mkushi, Zambia",,,mkushi,https://www.zambiayp.com/company/15082/ZNFU,zambiayp.com
Agape,"Box 840114, Central Province, Mkushi, Zambia",,,mkushi,https://www.zambiayp.com/company/12655/Agape,zambiayp.com
Andrew Peiles,"Box 840007, central Province, Mkushi, Zambia",,,mkushi,https://www.zambiayp.com/company/8582/Andrew_Peiles,zambiayp.com
Chalata Basic,"Box 840014, central Province, Mkushi, Zambia",,,mkushi,https://www.zambiayp.com/company/8583/Chalata_Basic,zambiayp.com
Chankomo Lower,"Box 840007 central Province, Mkushi, Zambia",,,mkushi,https://www.zambiayp.com/company/8584/Chankomo_Lower,zambiayp.com
Chembe Basic,"Box 84007, central Province, Mkushi, Zambia",,,mkushi,https://www.zambiayp.com/company/8636/Chembe_Basic,zambiayp.com
Chibanga Lower,"Box 840007, central Province, Mkushi, Zambia",,,mkushi,https://www.zambiayp.com/company/8585/Chibanga_Lower,zambiayp.com
Chibefwe Basic,"Box 840095, central Province, Mkushi, Zambia",,,mkushi,https://www.zambiayp.com/company/8586/Chibefwe_Basic,zambiayp.com
Chisanga Basic,"Box 840007, central Province, Mkushi, Zambia",,,mkushi,https://www.zambiayp.com/company/8587/Chisanga_Basic,zambiayp.com
Chitina Basic,"Box 840007, central Province, Mkushi, Zambia",,,mkushi,https://www.zambiayp.com/company/8588/Chitina_Basic,zambiayp.com
Chikupili,"Box 840007, central Province, Mkushi, Zambia",,,mkushi,https://www.zambiayp.com/company/8638/Chikupili,zambiayp.com
Chimika Basic,"Box 840007, central Province, Mkushi, Zambia",,,mkushi,https://www.zambiayp.com/company/8639/Chimika_Basic,zambiayp.com
Chipumfi Basic,"Box 840007, central Province, Mkushi, Zambia",,,mkushi,https://www.zambiayp.com/company/8641/Chipumfi_Basic,zambiayp.com
Chikanda,"Box 55, Central Province, Mkushi, Zambia",,,mkushi,https://www.zambiayp.com/company/12657/Chikanda,zambiayp.com
Chimbofwe,"Box 55, Central Province, Mkushi, Zambia",,,mkushi,https://www.zambiayp.com/company/12658/Chimbofwe,zambiayp.com
Chumwe Basic,"Box 840007, central Province, Mkushi, Zambia",,,mkushi,https://www.zambiayp.com/company/8589/Chumwe_Basic,zambiayp.com
Fibanga Basic,"Box 840007, central Province, Mkushi, Zambia",,,mkushi,https://www.zambiayp.com/company/8590/Fibanga_Basic,zambiayp.com
Fiwila Basic,"Box 840163, central Province, Mkushi, Zambia",,,mkushi,https://www.zambiayp.com/company/8591/Fiwila_Basic,zambiayp.com
Ilume Basic,"Box 8400157, central Province, Mkushi, Zambia",,,mkushi,https://www.zambiayp.com/company/8592/Ilume_Basic,zambiayp.com
Kabololwe Basic,"Box 840007, central Province, Mkushi, Zambia",,,mkushi,https://www.zambiayp.com/company/8642/Kabololwe_Basic,zambiayp.com
Kafwa Basic,"Box 840007, central Province, Mkushi, Zambia",,,mkushi,https://www.zambiayp.com/company/8594/Kafwa_Basic,zambiayp.com
Kalombe Basic,"Box 840007, central Province, Mkushi, Zambia",,,mkushi,https://www.zambiayp.com/company/8596/Kalombe_Basic,zambiayp.com
Kalubula Basic,"Box 840007, central Province, Mkushi, Zambia",,,mkushi,https://www.zambiayp.com/company/8597/Kalubula_Basic,zambiayp.com
Kangalati Basic,"Box 840007, central Province, Mkushi, Zambia",,,mkushi,https://www.zambiayp.com/company/8599/Kangalati_Basic,zambiayp.com
Kanyenshya Basic,"Box 840007, central Province, Mkushi, Zambia",,,mkushi,https://www.zambiayp.com/company/8643/Kanyenshya_Basic,zambiayp.com
Kapelembe Iri,"C/o Shaibila M.b, Central Province, Mkushi, Zambia",,,mkushi,https://www.zambiayp.com/company/12673/Kapelembe_Iri,zambiayp.com
Kasalamakanga,"Box 840007, central Province, Mkushi, Zambia",,,mkushi,https://www.zambiayp.com/company/8601/Kasalamakanga,zambiayp.com
Kasokota Basic,"P/b 42, central Province, Mkushi, Zambia",,,mkushi,https://www.zambiayp.com/company/8602/Kasokota_Basic,zambiayp.com
Katuba Basic,"Box 840007, central Province, Mkushi, Zambia",,,mkushi,https://www.zambiayp.com/company/8604/Katuba_Basic,zambiayp.com
Kwacha - Mkushi,"Box 840007, Central Province, Mkushi, Zambia",,,mkushi,https://www.zambiayp.com/company/12661/KwachaMkushi,zambiayp.com
Lilanda Basic,"Box 840007, central Province, Mkushi, Zambia",,,mkushi,https://www.zambiayp.com/company/8606/Lilanda_Basic,zambiayp.com
Liteta Basic,"Box 840007, central Province, Mkushi, Zambia",,,mkushi,https://www.zambiayp.com/company/8644/Liteta_Basic,zambiayp.com
Luanshimba Basic,"Box 840029, central Province, Mkushi, Zambia",,,mkushi,https://www.zambiayp.com/company/8607/Luanshimba_Basic,zambiayp.com
Lumba Basic,"Box 840007, central Province, Mkushi, Zambia",,,mkushi,https://www.zambiayp.com/company/8646/Lumba_Basic,zambiayp.com
Makolongo Basic,"Box 840007, central Province, Mkushi, Zambia",,,mkushi,https://www.zambiayp.com/company/8609/Makolongo_Basic,zambiayp.com
Malali Basic,"Box 840007, central Province, Mkushi, Zambia",,,mkushi,https://www.zambiayp.com/company/8610/Malali_Basic,zambiayp.com
Mankanda Basic,"Box 840007, central Province, Mkushi, Zambia",,,mkushi,https://www.zambiayp.com/company/8613/Mankanda_Basic,zambiayp.com
Mapapa Basic,"Box 840007, central Province, Mkushi, Zambia",,,mkushi,https://www.zambiayp.com/company/8647/Mapapa_Basic,zambiayp.com
Masansa Basic,"Box 840007, central Province, Mkushi, Zambia",,,mkushi,https://www.zambiayp.com/company/8614/Masansa_Basic,zambiayp.com
Masense,"Box 840007, Central Province, Mkushi, Zambia",,,mkushi,https://www.zambiayp.com/company/12674/Masense,zambiayp.com
Matuku Basic,"Box 840007, central Province, Mkushi, Zambia",,,mkushi,https://www.zambiayp.com/company/8615/Matuku_Basic,zambiayp.com
Mboboli Community,"Box 840013, Central Province, Mkushi, Zambia",,,mkushi,https://www.zambiayp.com/company/12662/Mboboli_Community,zambiayp.com
Milombwe Basic,"Box 840007, central Province, Mkushi, Zambia",,,mkushi,https://www.zambiayp.com/company/8617/Milombwe_Basic,zambiayp.com
Miloso Basic,"Box 840013, central Province, Mkushi, Zambia",,,mkushi,https://www.zambiayp.com/company/8618/Miloso_Basic,zambiayp.com
Misakalala,"Box 840007, Central Province, Mkushi, Zambia",,,mkushi,https://www.zambiayp.com/company/12664/Misakalala,zambiayp.com
Mkushi Boma Basic,"Box 840092, central Province, Mkushi, Zambia",,,mkushi,https://www.zambiayp.com/company/8620/Mkushi_Boma_Basic,zambiayp.com
Mkushi Farmblock,"Box 840008, central Province, Mkushi, Zambia",,,mkushi,https://www.zambiayp.com/company/8621/Mkushi_Farmblock,zambiayp.com
Mkushi River Ranch,"Box 840106, Central Province, Mkushi, Zambia",,,mkushi,https://www.zambiayp.com/company/12665/Mkushi_River_Ranch,zambiayp.com
Momboshi Lower,"Box 840007, central Province, Mkushi, Zambia",,,mkushi,https://www.zambiayp.com/company/8622/Momboshi_Lower,zambiayp.com
Mukulaulo Basic,"Box 840007, central Province, Mkushi, Zambia",,,mkushi,https://www.zambiayp.com/company/8623/Mukulaulo_Basic,zambiayp.com
Mukankamano Basic,"Box 840007, central Province, Mkushi, Zambia",,,mkushi,https://www.zambiayp.com/company/8651/Mukankamano_Basic,zambiayp.com
Mulala Basic,"Box 840007, central Province, Mkushi, Zambia",,,mkushi,https://www.zambiayp.com/company/8624/Mulala_Basic,zambiayp.com
Mulungwe Basic,"Box 840007, central Province, Mkushi, Zambia",,,mkushi,https://www.zambiayp.com/company/8625/Mulungwe_Basic,zambiayp.com
Mult-approach Itala,"Box 840007, Central Province, Mkushi, Zambia",,,mkushi,https://www.zambiayp.com/company/12666/Mult_approach_Itala,zambiayp.com
Munsakamba Basic,"Box 840007, central Province, Mkushi, Zambia",,,mkushi,https://www.zambiayp.com/company/8626/Munsakamba_Basic,zambiayp.com
Munda,"Box 55, Masansa, Central Province, Mkushi, Zambia",,,mkushi,https://www.zambiayp.com/company/12667/Munda,zambiayp.com
Musofu Basic,"Box 840094, central Province, Mkushi, Zambia",,,mkushi,https://www.zambiayp.com/company/8627/Musofu_Basic,zambiayp.com
Myafi Basic,"Box 840007, central Province, Mkushi, Zambia",,,mkushi,https://www.zambiayp.com/company/8629/Myafi_Basic,zambiayp.com
Nkulumashiba,"Box 840007, central Province, Mkushi, Zambia",,,mkushi,https://www.zambiayp.com/company/8653/Nkulumashiba,zambiayp.com
N Michalakis,"Box 840014, Central Province, Mkushi, Zambia",,,mkushi,https://www.zambiayp.com/company/12668/N_Michalakis,zambiayp.com
Nyenje,"Box 840007, central Province, Mkushi, Zambia",,,mkushi,https://www.zambiayp.com/company/8654/Nyenje,zambiayp.com
Shaibila Basic,"Box 840007, central Province, Mkushi, Zambia",,,mkushi,https://www.zambiayp.com/company/8634/Shaibila_Basic,zambiayp.com
Upper Musofu Basic,"Box 840007, central Province, Mkushi, Zambia",,,mkushi,https://www.zambiayp.com/company/8635/Upper_Musofu_Basic,zambiayp.com
Kays Visual Arts,"Kays Visual Arts production, Barotse Mall, 10101 Mongu, Zambia",,,mongu,https://www.zambiayp.com/company/17989/Kays_Visual_Arts,zambiayp.com
Mongu Savory Drinks,"Off Mongu-Senanga Road, Zambia",,,mongu,https://www.zambiayp.com/company/18594/Mongu_Savory_Drinks,zambiayp.com
Pama Foods,"Mongu - Lusaka Rd, Kasima Area, Mongu district, Zambia",,,mongu,https://www.zambiayp.com/company/19430/Pama_Foods,zambiayp.com
THE EMPIRE CLEANERS LIMITED,"PLOT F3 OFF SIPOPA ROAD MULAMBWA, Mongu, Zambia",,,mongu,https://www.zambiayp.com/company/18924/THE_EMPIRE_CLEANERS_LIMITED,zambiayp.com
Country Lodge,"3066 Independence Ave, P.O.Box 910400, Mongu, Zambia",,,mongu,https://www.zambiayp.com/company/270/Country_Lodge,zambiayp.com
Livefresh Agrolink Ltd.,"Plot no. 131, Zircon Avenue, Garnetone, Kitwe, Mongu, Zambia",,,mongu,https://www.zambiayp.com/company/17246/Livefresh_Agrolink_Ltd,zambiayp.com
St John's Sec. School,"P.O.Box 910043, Mongu, Zambia",,,mongu,https://www.zambiayp.com/company/7402/St_Johns_Sec_School,zambiayp.com
Kapatiso Thapelo Advocates,"C/O Dr SIKAKENA KAPATISO, LEWANIKA GENERAL HOSPITAL, WESTERN PROVINCE, MONGU, ZAMBIA.",,,mongu,https://www.zambiayp.com/company/17476/muleta_kapatiso_Advocates,zambiayp.com
Touros Enterprise,"Mongu, Zambia",,,mongu,https://www.zambiayp.com/company/19378/Touros_Enterprise,zambiayp.com
Country Lodge Mongu,"3066 Independence Avenue, P.O. Box: 910400, Mongu, Zambia",,,mongu,https://www.zambiayp.com/company/16561/Country_Lodge_Mongu,zambiayp.com
Nalumba Lodges,"628 Lusaka Road, Mongu, Zambia",,,mongu,https://www.zambiayp.com/company/16588/Nalumba_Lodges,zambiayp.com
Zambia National Commercial Bank Ltd,"P.O.Box 910155, Mongu, Zambia",,,mongu,https://www.zambiayp.com/company/7072/Zambia_National_Commercial_Bank_Ltd,zambiayp.com
Holy Cross,"Malengwa, Box 910299, Mongu, Zambia",,,mongu,https://www.zambiayp.com/company/12603/Holy_Cross,zambiayp.com
Shoprite - Mongu,"Cnr Of M10, Mongu Senang Road & M9, Zambia",,,mongu,https://www.zambiayp.com/company/3471/ShopriteMongu,zambiayp.com
Blue Nile Investments,"Mongu, Zambia",,,mongu,https://www.zambiayp.com/company/5398/Blue_Nile_Investments,zambiayp.com
Kobil Mongu Service Station,"3984 Independence Ave, P.O.Box 910001, Mongu, Zambia",,,mongu,https://www.zambiayp.com/company/6265/Kobil_Mongu_Service_Station,zambiayp.com
Lyambai Hotel Ltd,"P.O.Box 910193, Mongu, Zambia",,,mongu,https://www.zambiayp.com/company/578/Lyambai_Hotel_Ltd,zambiayp.com
Mongu Hardware Ltd,"P.O.Box 910001, Mongu, Zambia",,,mongu,https://www.zambiayp.com/company/6559/Mongu_Hardware_Ltd,zambiayp.com
Mongu Joinery,"Mongu, Zambia",,,mongu,https://www.zambiayp.com/company/6987/Mongu_Joinery,zambiayp.com
Western Water & Sewerage Co,"Lusaka road , Mongu, Zambia",,,mongu,https://www.zambiayp.com/company/15121/Western_Water_Sewerage_Co,zambiayp.com
Kambule Sec Tech,"Box 910052, Western Province, Mongu, Zambia",,,mongu,https://www.zambiayp.com/company/12604/Kambule_Sec_Tech,zambiayp.com
Fedex,"Emporer Bldg Plot 3144 Independence Way, Mongu, Zambia",,,mongu,https://www.zambiayp.com/company/1765/Fedex,zambiayp.com
Mandanga Milling Co Ltd,"Mongu, Zambia",,,mongu,https://www.zambiayp.com/company/1328/Mandanga_Milling_Co_Ltd,zambiayp.com
National Pension Scheme Authority - Napsa,"Provident Hse, P.O.Box 910176, Mongu, Zambia",,,mongu,https://www.zambiayp.com/company/5974/National_Pension_Scheme_AuthorityNapsa,zambiayp.com
Standard Chartered Bank Zambia Plc,"P.O.Box 910090, Mongu, Zambia",,,mongu,https://www.zambiayp.com/company/7066/Standard_Chartered_Bank_Zambia_Plc,zambiayp.com
Africa Supermarkets (shoprite),"P.O.Box 37226, Mongu, Zambia",,,mongu,https://www.zambiayp.com/company/3469/Africa_Supermarkets_shoprite,zambiayp.com
Akakanda W Annie T/a Awa General Dealers,"Mongu, Zambia",,,mongu,https://www.zambiayp.com/company/2946/Akakanda_W_Annie_Ta_Awa_General_Dealers,zambiayp.com
Alushenye Niti Furniture,"Mongu, Zambia",,,mongu,https://www.zambiayp.com/company/2809/Alushenye_Niti_Furniture,zambiayp.com
Anderson Security Systems Midlands Ltd,"Cnr. a, Mongu, Zambia",,,mongu,https://www.zambiayp.com/company/2357/Anderson_Security_Systems_Midlands_Ltd,zambiayp.com
Armaguard Security Limited,"Mongu, Zambia",,,mongu,https://www.zambiayp.com/company/2356/Armaguard_Security_Limited,zambiayp.com
Awa General Dealers,"Mongu, Zambia",,,mongu,https://www.zambiayp.com/company/2947/Awa_General_Dealers,zambiayp.com
Barclays Bank (z) Plc,"P.O.Box 910013, Mongu, Zambia",,,mongu,https://www.zambiayp.com/company/7220/Barclays_Bank_z_Plc,zambiayp.com
Beacon Business Legal Services,"Mongu, Zambia",,,mongu,https://www.zambiayp.com/company/2078/Beacon_Business_Legal_Services,zambiayp.com
Blue Financial Services Limigted,"697 Independence Ave, Mongu, Zambia",,,mongu,https://www.zambiayp.com/company/1992/Blue_Financial_Services_Limigted,zambiayp.com
B P Mongu Service Station,"Mongu, Zambia",,,mongu,https://www.zambiayp.com/company/6193/B_P_Mongu_Service_Station,zambiayp.com
BP Mongu Service Station,"Mongu, Zambia",,,mongu,https://www.zambiayp.com/company/14066/BP_Mongu_Service_Station,zambiayp.com
B P Office,"Mongu, Zambia",,,mongu,https://www.zambiayp.com/company/1441/B_P_Office,zambiayp.com
Bread of Life International,"Mongu, Zambia",,,mongu,https://www.zambiayp.com/company/15182/Bread_of_Life_International,zambiayp.com
Calabash School Limited The,"Mongu, Zambia",,,mongu,https://www.zambiayp.com/company/7516/Calabash_School_Limited_The,zambiayp.com
Care International Zambia,"Mongu, Zambia",,,mongu,https://www.zambiayp.com/company/15183/Care_International_Zambia,zambiayp.com
National Savings & Credit Bank,"P.O.Box 470109, Mporokoso, Zambia",,,mporokoso,https://www.zambiayp.com/company/7179/National_Savings_Credit_Bank,zambiayp.com
Mporokoso School for the Blind,"Box 470047, , Mporokoso, Zambia",,,mporokoso,https://www.zambiayp.com/company/15187/Mporokoso_School_for_the_Blind,zambiayp.com
Bweupe,"Box 470230, nothern Province, Mporokoso, Zambia",,,mporokoso,https://www.zambiayp.com/company/11273/Bweupe,zambiayp.com
Chandamali,"Box 470092, nothern Province, Mporokoso, Zambia",,,mporokoso,https://www.zambiayp.com/company/11274/Chandamali,zambiayp.com
Chishamwamba,"Box 470028, nothern Province, Mporokoso, Zambia",,,mporokoso,https://www.zambiayp.com/company/11275/Chishamwamba,zambiayp.com
Chiwala Basic,"Box 470224, nothern Province, Mporokoso, Zambia",,,mporokoso,https://www.zambiayp.com/company/11276/Chiwala_Basic,zambiayp.com
Kabange,"Box 470061, nothern Province, Mporokoso, Zambia",,,mporokoso,https://www.zambiayp.com/company/11277/Kabange,zambiayp.com
Kalabwe,"Box 470174, nothern Province, Mporokoso, Zambia",,,mporokoso,https://www.zambiayp.com/company/11278/Kalabwe,zambiayp.com
Kambobe,"Box 470038, nothern Province, Mporokoso, Zambia",,,mporokoso,https://www.zambiayp.com/company/11279/Kambobe,zambiayp.com
Kanyimbo Baisc,"Box 470121, nothern Province, Mporokoso, Zambia",,,mporokoso,https://www.zambiayp.com/company/11280/Kanyimbo_Baisc,zambiayp.com
Kashinda Primary,"Box 470032, nothern Province, Mporokoso, Zambia",,,mporokoso,https://www.zambiayp.com/company/11281/Kashinda_Primary,zambiayp.com
Katutwa,"Box 470201, nothern Province, Mporokoso, Zambia",,,mporokoso,https://www.zambiayp.com/company/11282/Katutwa,zambiayp.com
Levi M. Basic,"Box 470108, nothern Province, Mporokoso, Zambia",,,mporokoso,https://www.zambiayp.com/company/11283/Levi_M_Basic,zambiayp.com
Lupungu Basic,"nothern Province, Mporokoso, Zambia",,,mporokoso,https://www.zambiayp.com/company/11284/Lupungu_Basic,zambiayp.com
Mole,"Box 470184, nothern Province, Mporokoso, Zambia",,,mporokoso,https://www.zambiayp.com/company/11285/Mole,zambiayp.com
Mporokoso Basic,"Box 470044, nothern Province, Mporokoso, Zambia",,,mporokoso,https://www.zambiayp.com/company/11286/Mporokoso_Basic,zambiayp.com
Mporokoso Ft Blind,"Box 470047, nothern Province, Mporokoso, Zambia",,,mporokoso,https://www.zambiayp.com/company/11287/Mporokoso_Ft_Blind,zambiayp.com
Munyele Basic,"Box 470210, northern Province, Mporokoso, Zambia",,,mporokoso,https://www.zambiayp.com/company/10920/Munyele_Basic,zambiayp.com
Mutitima (sunkutu),"Box 470025, nothern Province, Mporokoso, Zambia",,,mporokoso,https://www.zambiayp.com/company/11288/Mutitima_sunkutu,zambiayp.com
Mutotoshi,"Box 470015, nothern Province, Mporokoso, Zambia",,,mporokoso,https://www.zambiayp.com/company/11289/Mutotoshi,zambiayp.com
Mwita M. Basic,"Box 470088, nothern Province, Mporokoso, Zambia",,,mporokoso,https://www.zambiayp.com/company/11290/Mwita_M_Basic,zambiayp.com
Ngandu,"Box 470170, nothern Province, Mporokoso, Zambia",,,mporokoso,https://www.zambiayp.com/company/11291/Ngandu,zambiayp.com
Njalamimba M.,"Box 470092, nothern Province, Mporokoso, Zambia",,,mporokoso,https://www.zambiayp.com/company/11292/Njalamimba_M,zambiayp.com
Nsunge,"Box 470092, nothern Province, Mporokoso, Zambia",,,mporokoso,https://www.zambiayp.com/company/11293/Nsunge,zambiayp.com
Vincent Bulaya,"Box 470232, nothern Province, Mporokoso, Zambia",,,mporokoso,https://www.zambiayp.com/company/11272/Vincent_Bulaya,zambiayp.com
Pendulum Transport and Fisheries Limited,"Stand No. 415 , Mpulungu, Zambia",,,mpulungu,https://www.zambiayp.com/company/18546/Pendulum_Transport_and_Fisheries_Limited,zambiayp.com
Mpulungu Harbour Management Limited,"P.O.Box 420053, Mpulungu, Zambia",,,mpulungu,https://www.zambiayp.com/company/2012/Mpulungu_Harbour_Management_Limited,zambiayp.com
New Capital Bank Plc Mpulungu Sub-branch,"P.O.Box 65, Mpulungu, Zambia",,,mpulungu,https://www.zambiayp.com/company/7093/New_Capital_Bank_Plc_Mpulungu_Sub_branch,zambiayp.com
Mpulungu District Rest House,"P.O.Box 420133, Mpulungu, Zambia",,,mpulungu,https://www.zambiayp.com/company/538/Mpulungu_District_Rest_House,zambiayp.com
Mpulungu Service Station,"Mpulungu, Zambia",,,mpulungu,https://www.zambiayp.com/company/6150/Mpulungu_Service_Station,zambiayp.com
Pep Stores,"Mpulungu, Zambia",,,mpulungu,https://www.zambiayp.com/company/6795/Pep_Stores,zambiayp.com
Steli Moris Convent,"Mpulungu, Zambia",,,mpulungu,https://www.zambiayp.com/company/8234/Steli_Moris_Convent,zambiayp.com
St George Fisheries LTD,"Bag 1, Mpulungu, Zambia",,,mpulungu,https://www.zambiayp.com/company/13918/St_George_Fisheries_LTD,zambiayp.com
Zamcargo (z) Ltd,"P.O.Box 420027, Mpulungu, Zambia",,,mpulungu,https://www.zambiayp.com/company/1813/Zamcargo_z_Ltd,zambiayp.com
Zambia Postal Office,"Mpulungu, Zambia",,,mpulungu,https://www.zambiayp.com/company/2211/Zambia_Postal_Office,zambiayp.com
Katulo,"nothern Province, Mpulungu, Zambia",,,mpulungu,https://www.zambiayp.com/company/11313/Katulo,zambiayp.com
Kopeka,"nothern Province, Mpulungu, Zambia",,,mpulungu,https://www.zambiayp.com/company/11315/Kopeka,zambiayp.com
Mulama,"Box 470131, nothern Province, Mpulungu, Zambia",,,mpulungu,https://www.zambiayp.com/company/11294/Mulama,zambiayp.com
Vyamba,"Box 134, nothern Province, Mpulungu, Zambia",,,mpulungu,https://www.zambiayp.com/company/11328/Vyamba,zambiayp.com
OMUSIBA ENGINEERING AND SUPPLIERS LIMITED,"ROOM 25,GAMBO MALL MUFULIRA, Zambia",,,mufulira,https://www.zambiayp.com/company/17906/OMUSIBA_ENGINEERING_AND_SUPPLIERS_LIMITED,zambiayp.com
Georgina Photography,"Chisokone Avenue, Mufulira, Zambia",,,mufulira,https://www.zambiayp.com/company/18593/georgina_photography,zambiayp.com
Hoods produktion LLC,"435 R/C chibolya Mufulira, Zambia",,,mufulira,https://www.zambiayp.com/company/18388/Hoods_produktion_LLC,zambiayp.com
Kashag Industries Limited,"Plot 1080 Freedom Way Light Industrial Area, Mufulira, Zambia",,,mufulira,https://www.zambiayp.com/company/19161/Kashag_Industries_Limited,zambiayp.com
Corporate Meister Investments Ltd,"M/503 Ndeke Village, Mufulira, Zambia",,,mufulira,https://www.zambiayp.com/company/18544/Corporate_Meister_Investments_Ltd,zambiayp.com
Shadystuff Technology,"394 Section 1, Kantanshi, Mufulira, Zambia",,,mufulira,https://www.zambiayp.com/company/18245/Shadystuff_Technology,zambiayp.com
Wanangwa Munyenyembe Investments Ltd,"Plot 2719 Kampemba, Kitwe Road, Mufulira, Zambia",,,mufulira,https://www.zambiayp.com/company/19463/Wanangwa_Munyenyembe_Investments_Ltd,zambiayp.com
Enon,"Plot 1086 kwacha trading area, kankoyo Mufulira , Zambia",,,mufulira,https://www.zambiayp.com/company/18791/Enon,zambiayp.com
Badgergrant Resources,"65 Kombe Avenue, 65 Kombe Avenue, Mufulira, Zambia",,,mufulira,https://www.zambiayp.com/company/18694/Badgergrant_Resources,zambiayp.com
Eagle Schools,"Town Area, Mufulira, Zambia",,,mufulira,https://www.zambiayp.com/company/7371/Eagle_Schools,zambiayp.com
Expand Media,"12a Funda avenue, Mufulira, Zambia",,,mufulira,https://www.zambiayp.com/company/17991/Expand_Media,zambiayp.com
Olympic Milling Co Ltd,"Heavy Industrial Area Kamuchanga, P.O.Box 40348, Mufulira, Zambia",,,mufulira,https://www.zambiayp.com/company/1325/Olympic_Milling_Co_Ltd,zambiayp.com
Nolumugs and Wide trade ltd,"Stands 1,2&3 Place Hotel, Vitanda street., Mufulira, Zambia",,,mufulira,https://www.zambiayp.com/company/17239/Nolumugs_and_Wide_trade_ltd,zambiayp.com
LIMOGE INVESTMENTS ZAMBIA LIMITED,"1888 mukondola square , Mufulira, Zambia",,,mufulira,https://www.zambiayp.com/company/18812/LIMOGE_INVESTMENTS_ZAMBIA_LIMITED,zambiayp.com
Shoprite - Mufulira,"Buteko St, Mufulira, Zambia",,,mufulira,https://www.zambiayp.com/company/3463/ShopriteMufulira,zambiayp.com
UDE COMPANY,"N96,KAMUCHANGA, Mufulira, Zambia",,,mufulira,https://www.zambiayp.com/company/17917/UDE_COMPANY,zambiayp.com
Krypia,"Mufulira, Zambia",,,mufulira,https://www.zambiayp.com/company/19320/Krypia,zambiayp.com
Ael Mining Services,"Plot 1168 M, Mufulira Rd, P.O.Box 40092, Zambia",,,mufulira,https://www.zambiayp.com/company/3785/Ael_Mining_Services,zambiayp.com
African Explosives (zambia) Limited,"Kafironda, P.O.Box 40092, Mufulira, Zambia",,,mufulira,https://www.zambiayp.com/company/3782/African_Explosives_zambia_Limited,zambiayp.com
Mopani Copper Mines Plc,"Mufulira, Zambia",,,mufulira,https://www.zambiayp.com/company/1397/Mopani_Copper_Mines_Plc,zambiayp.com
Zambia National Commercial Bank Ltd,"P.O.Box 1086, Mufulira, Zambia",,,mufulira,https://www.zambiayp.com/company/7058/Zambia_National_Commercial_Bank_Ltd,zambiayp.com
Sonlack General Contractors,"151 Cha Cha Cha Rd, P.O.Box 40751, Mufulira, Zambia",,,mufulira,https://www.zambiayp.com/company/4657/Sonlack_General_Contractors,zambiayp.com
Eagle Charalambous Transport Limited,"261 Freedom Way, Heavy Ind Area, P.O.Box 40397, Mufulira, Zambia",,,mufulira,https://www.zambiayp.com/company/4747/Eagle_Charalambous_Transport_Limited,zambiayp.com
Mufulira Technical Training Institute,"MCM Mine Mufulira Site, Zambia",,,mufulira,https://www.zambiayp.com/company/4668/Mufulira_Technical_Training_Institute,zambiayp.com
A M C Contractors Ltd,"1081 Buntungwa St, P.O.Box 40460, Mufulira, Zambia",,,mufulira,https://www.zambiayp.com/company/4154/A_M_C_Contractors_Ltd,zambiayp.com
Mutti Engineering Services,"150 Chachacha Rd, Mufulira, Zambia",,,mufulira,https://www.zambiayp.com/company/2694/Mutti_Engineering_Services,zambiayp.com
Skylab Engineering Ltd,"233 Cha Cha Cha Street, P.O.Box 40307, Mufulira, Zambia",,,mufulira,https://www.zambiayp.com/company/4647/Skylab_Engineering_Ltd,zambiayp.com
Baxget Auto Services Ltd,"Mufulira, Zambia",,,mufulira,https://www.zambiayp.com/company/2682/Baxget_Auto_Services_Ltd,zambiayp.com
Budget Stores Ltd,"47 Buntungwa St, P.O.Box 22263, Mufulira, Zambia",,,mufulira,https://www.zambiayp.com/company/3147/Budget_Stores_Ltd,zambiayp.com
Mufulira Hardware,"Mpulungu St, P.O.Box 40800, Mufulira, Zambia",,,mufulira,https://www.zambiayp.com/company/6523/Mufulira_Hardware,zambiayp.com
Stache General Contractors Ltd,"Plot 1265, Freedom Way, Mufulira, Zambia",,,mufulira,https://www.zambiayp.com/company/1735/Stache_General_Contractors_Ltd,zambiayp.com
Stavrou Transport Ltd,"P.O.Box 40167, Mufulira, Zambia",,,mufulira,https://www.zambiayp.com/company/4744/Stavrou_Transport_Ltd,zambiayp.com
Zambia State Insurance Corporation Limited The,"Insurance Hse, Buteko Ave, P.O.Box 40333, Mufulira, Zambia",,,mufulira,https://www.zambiayp.com/company/1265/Zambia_State_Insurance_Corporation_Limited_The,zambiayp.com
Zambia National Building Society,"Buteko St, Mufulira, Zambia",,,mufulira,https://www.zambiayp.com/company/6435/Zambia_National_Building_Society,zambiayp.com
A E L (zambia) Plc,"Mufulira, Zambia",,,mufulira,https://www.zambiayp.com/company/2135/A_E_L_zambia_Plc,zambiayp.com
African Eplosives (Zambia)Ltd,"Box 40092, Mufulira, Zambia",,,mufulira,https://www.zambiayp.com/company/13716/African_Eplosives_ZambiaLtd,zambiayp.com
Appollo Radio & T V Services,"Television Repairs, Mufulira, Zambia",,,mufulira,https://www.zambiayp.com/company/14960/Appollo_Radio_T_V_Services,zambiayp.com
B B Brothers T/a Bajkamal Trading,"Mufulira, Zambia",,,mufulira,https://www.zambiayp.com/company/2977/B_B_Brothers_Ta_Bajkamal_Trading,zambiayp.com
BB Brothers T/A bajkamal Trading,"Mufulira, Zambia",,,mufulira,https://www.zambiayp.com/company/14188/BB_Brothers_TA_bajkamal_Trading,zambiayp.com
BM General Trading,"Mufulira, Zambia",,,mufulira,https://www.zambiayp.com/company/14189/BM_General_Trading,zambiayp.com
Chanda Richard T/A Richards,"Mufulira, Zambia",,,mufulira,https://www.zambiayp.com/company/14271/Chanda_Richard_TA_Richards,zambiayp.com
Chins Investments Limited,"Mufulira, Zambia",,,mufulira,https://www.zambiayp.com/company/1232/Chins_Investments_Limited,zambiayp.com
Chibuluma Bakery,"Box 40913, Bakers & Confectioners, Mufulira, Zambia",,,mufulira,https://www.zambiayp.com/company/12938/Chibuluma_Bakery,zambiayp.com
Christian Brothers in Mufulira,"Mufulira, Zambia",,,mufulira,https://www.zambiayp.com/company/8235/Christian_Brothers_in_Mufulira,zambiayp.com
Coppebelt Solid Waste Management,"Mufulira, Zambia",,,mufulira,https://www.zambiayp.com/company/6374/Coppebelt_Solid_Waste_Management,zambiayp.com
Eastlea Clinic,"1 RUTLAND HSE MUMBA AVE EASTLEA, Mufulira, Zambia",,,mufulira,https://www.zambiayp.com/company/15450/Eastlea_Clinic,zambiayp.com
Eckankar,"Mufulira, Zambia",,,mufulira,https://www.zambiayp.com/company/8236/Eckankar,zambiayp.com
El-shaadai Pre-school,"Mufulira, Zambia",,,mufulira,https://www.zambiayp.com/company/7369/El_shaadai_Pre_school,zambiayp.com
Epistles General Dealers,"Mufulira, Zambia",,,mufulira,https://www.zambiayp.com/company/14190/Epistles_General_Dealers,zambiayp.com
Eribe Investments,"Mufulira, Zambia",,,mufulira,https://www.zambiayp.com/company/1077/Eribe_Investments,zambiayp.com
Fabweld Co LTD,"Mufulira, Zambia",,,mufulira,https://www.zambiayp.com/company/15143/Fabweld_Co_LTD,zambiayp.com
Faife Jose Miguel Dr,"Mufulira, Zambia",,,mufulira,https://www.zambiayp.com/company/14841/Faife_Jose_Miguel_Dr,zambiayp.com
Fashion 'n' Glamour,"Mufulira, Zambia",,,mufulira,https://www.zambiayp.com/company/6789/Fashion_n_Glamour,zambiayp.com
Franciscan Missionary,"Box 40263, Mufulira, Zambia",,,mufulira,https://www.zambiayp.com/company/8237/Franciscan_Missionary,zambiayp.com
Fredron Trading Consultants Limited,"Mufulira, Zambia",,,mufulira,https://www.zambiayp.com/company/1802/Fredron_Trading_Consultants_Limited,zambiayp.com
Garry Fast Merchants of Zambia,"Wholesale Merchants, Mufulira, Zambia",,,mufulira,https://www.zambiayp.com/company/15205/Garry_Fast_Merchants_of_Zambia,zambiayp.com
Giraffe Guest House,"Town Centre, Mufulira, Zambia",,,mufulira,https://www.zambiayp.com/company/3580/Giraffe_Guest_House,zambiayp.com
Guardall Security Group,"Mufulira, Zambia",,,mufulira,https://www.zambiayp.com/company/2335/Guardall_Security_Group,zambiayp.com
HIV/AIDS Prevention & Network Project,"Mufulira, Zambia",,,mufulira,https://www.zambiayp.com/company/12763/HIVAIDS_Prevention_Network_Project,zambiayp.com
I C I Explosive Kafironda Ltd,"Mufulira, Zambia",,,mufulira,https://www.zambiayp.com/company/3780/I_C_I_Explosive_Kafironda_Ltd,zambiayp.com
ICI Explosives Kafironda LTD,"Mufulira, Zambia",,,mufulira,https://www.zambiayp.com/company/13717/ICI_Explosives_Kafironda_LTD,zambiayp.com
J K Medical Centre,"Mufulira, Zambia",,,mufulira,https://www.zambiayp.com/company/4389/J_K_Medical_Centre,zambiayp.com
Kankoyo Breweries,"Box 40555, Mufulira, Zambia",,,mufulira,https://www.zambiayp.com/company/13019/Kankoyo_Breweries,zambiayp.com
Kapasa A T/a Nimwe Mwalenga Grocery,"Mufulira, Zambia",,,mufulira,https://www.zambiayp.com/company/2899/Kapasa_A_Ta_Nimwe_Mwalenga_Grocery,zambiayp.com
Katondwe Contractors Ltd,"Mufulira, Zambia",,,mufulira,https://www.zambiayp.com/company/6391/Katondwe_Contractors_Ltd,zambiayp.com
Kobra Security Company Ltd,"Mufulira, Zambia",,,mufulira,https://www.zambiayp.com/company/2344/Kobra_Security_Company_Ltd,zambiayp.com
Kurian Dr Jacob,"Mufulira, Zambia",,,mufulira,https://www.zambiayp.com/company/14842/Kurian_Dr_Jacob,zambiayp.com
Lobe Contractors & General Dealers Ltd,"Mufulira, Zambia",,,mufulira,https://www.zambiayp.com/company/3040/Lobe_Contractors_General_Dealers_Ltd,zambiayp.com
Lovytec General Contractors,"Mufulira, Zambia",,,mufulira,https://www.zambiayp.com/company/975/Lovytec_General_Contractors,zambiayp.com
Lutanda Metals Z Ltd,"Mufulira, Zambia",,,mufulira,https://www.zambiayp.com/company/6474/Lutanda_Metals_Z_Ltd,zambiayp.com
Medical and Education Trust,"Mufulira, Zambia",,,mufulira,https://www.zambiayp.com/company/14349/Medical_and_Education_Trust,zambiayp.com
Monalisa Restaurants,"Mufulira, Zambia",,,mufulira,https://www.zambiayp.com/company/366/Monalisa_Restaurants,zambiayp.com
Monalisa Restraurants,"Mufulira, Zambia",,,mufulira,https://www.zambiayp.com/company/14365/Monalisa_Restraurants,zambiayp.com
Mpelembe Drilling Co Ltd,"P.O.Box 40891, Mufulira, Zambia",,,mufulira,https://www.zambiayp.com/company/6924/Mpelembe_Drilling_Co_Ltd,zambiayp.com
Mufulira Auto Services Ltd,"Mufulira, Zambia",,,mufulira,https://www.zambiayp.com/company/6142/Mufulira_Auto_Services_Ltd,zambiayp.com
Mufulira Auto Service LTD,"Mufulira, Zambia",,,mufulira,https://www.zambiayp.com/company/14069/Mufulira_Auto_Service_LTD,zambiayp.com
Mulembo Transport,"Mufulira, Zambia",,,mufulira,https://www.zambiayp.com/company/4798/Mulembo_Transport,zambiayp.com
Murundu Transport,"P.O.Box 40988, Mufulira, Zambia",,,mufulira,https://www.zambiayp.com/company/4783/Murundu_Transport,zambiayp.com
Nakdam Enterprise,"Mufulira, Zambia",,,mufulira,https://www.zambiayp.com/company/3884/Nakdam_Enterprise,zambiayp.com
National Pension Scheme Authority - Napsa,"State Insurance Bldg, P.O.Box 40099, Mufulira, Zambia",,,mufulira,https://www.zambiayp.com/company/5983/National_Pension_Scheme_AuthorityNapsa,zambiayp.com
Paralegal Catholic Diocese,"Mufulira, Zambia",,,mufulira,https://www.zambiayp.com/company/8238/Paralegal_Catholic_Diocese,zambiayp.com
Pep Stores (z) Ltd,"Mufulira, Zambia",,,mufulira,https://www.zambiayp.com/company/6790/Pep_Stores_z_Ltd,zambiayp.com
Pesan Engineering & Suppliers Co Ltd,"P.O.Box 40166, Mufulira, Zambia",,,mufulira,https://www.zambiayp.com/company/4676/Pesan_Engineering_Suppliers_Co_Ltd,zambiayp.com
Pesan Engineering & Suppliersco LTD,"Box 40166, Mufulira, Zambia",,,mufulira,https://www.zambiayp.com/company/13670/Pesan_Engineering_Suppliersco_LTD,zambiayp.com
Plastic Piping System,"Mufulira, Zambia",,,mufulira,https://www.zambiayp.com/company/5408/Plastic_Piping_System,zambiayp.com
Prodin General Dealers Stationers And General Contractors,"Mufulira, Zambia",,,mufulira,https://www.zambiayp.com/company/3126/Prodin_General_Dealers_Stationers_And_General_Contractors,zambiayp.com
Prodin General dDealers Stationer and General Contractors,"Mufulira, Zambia",,,mufulira,https://www.zambiayp.com/company/14191/Prodin_General_dDealers_Stationer_and_General_Contractors,zambiayp.com
Rabya Machining Tools & Hardware LTD,"Box 40830, , Mufulira, Zambia",,,mufulira,https://www.zambiayp.com/company/14674/Rabya_Machining_Tools_Hardware_LTD,zambiayp.com
Rennetes Fashions,"Buteko St, Mufulira, Zambia",,,mufulira,https://www.zambiayp.com/company/6815/Rennetes_Fashions,zambiayp.com
R Mulenga Grocery,"Mufulira, Zambia",,,mufulira,https://www.zambiayp.com/company/2944/R_Mulenga_Grocery,zambiayp.com
Ronald ross hospital eye care project,"Box 40897, Mufulira, Zambia",,,mufulira,https://www.zambiayp.com/company/14350/Ronald_ross_hospital_eye_care_project,zambiayp.com
R S Service Station,"Mufulira, Zambia",,,mufulira,https://www.zambiayp.com/company/6251/R_S_Service_Station,zambiayp.com
RS Service Station,"Mufulira, Zambia",,,mufulira,https://www.zambiayp.com/company/14070/RS_Service_Station,zambiayp.com
Samaki Fishing Enterprises Ltd,"P.O.Box 40348, Mufulira, Zambia",,,mufulira,https://www.zambiayp.com/company/1035/Samaki_Fishing_Enterprises_Ltd,zambiayp.com
Seventh-Day Adventist Church minister(res),"Mufulira, Zambia",,,mufulira,https://www.zambiayp.com/company/8240/Seventh_Day_Adventist_Church_ministerres,zambiayp.com
Shaka Security Services,"819 Buteko St, P.O.Box 41031, Mufulira, Zambia",,,mufulira,https://www.zambiayp.com/company/2367/Shaka_Security_Services,zambiayp.com
Simwinji Kulombota Michael Dr,"Mufulira, Zambia",,,mufulira,https://www.zambiayp.com/company/14843/Simwinji_Kulombota_Michael_Dr,zambiayp.com
SMA Fathers,"Mufulira, Zambia",,,mufulira,https://www.zambiayp.com/company/8239/SMA_Fathers,zambiayp.com
St Patrick Catholic Church,"Mufulira, Zambia",,,mufulira,https://www.zambiayp.com/company/8241/St_Patrick_Catholic_Church,zambiayp.com
T Kalimanshi Transport,"Industrial Area, Mufulira, Zambia",,,mufulira,https://www.zambiayp.com/company/5261/T_Kalimanshi_Transport,zambiayp.com
Torima Contracting Company Ltd,"Mufulira, Zambia",,,mufulira,https://www.zambiayp.com/company/7021/Torima_Contracting_Company_Ltd,zambiayp.com
Vashee Bazaar Ltd,"Mufulira, Zambia",,,mufulira,https://www.zambiayp.com/company/2836/Vashee_Bazaar_Ltd,zambiayp.com
Vineyard Nursery School,"Mufulira, Zambia",,,mufulira,https://www.zambiayp.com/company/7358/Vineyard_Nursery_School,zambiayp.com
Wera Publications Ltd,"Mufulira, Zambia",,,mufulira,https://www.zambiayp.com/company/6075/Wera_Publications_Ltd,zambiayp.com
Wera Publication LTD,"Mufulira, Zambia",,,mufulira,https://www.zambiayp.com/company/14908/Wera_Publication_LTD,zambiayp.com
Zambeef Products Ltd,"Mufulira, Zambia",,,mufulira,https://www.zambiayp.com/company/3935/Zambeef_Products_Ltd,zambiayp.com
Zamtel Test Line,"Mufulira, Zambia",,,mufulira,https://www.zambiayp.com/company/4884/Zamtel_Test_Line,zambiayp.com
Zamtel Co Ltd,"Mufulira, Zambia",,,mufulira,https://www.zambiayp.com/company/4885/Zamtel_Co_Ltd,zambiayp.com
Zambia News Agency,"P.O.Box 41065, Mufulira, Zambia",,,mufulira,https://www.zambiayp.com/company/5712/Zambia_News_Agency,zambiayp.com
ZAMOX MUFULIRA DEPOT,"CHA CHA CHA ROAD MUFULIRA, Zambia",,,mufulira,https://www.zambiayp.com/company/15875/ZAMOX_MUFULIRA_DEPOT,zambiayp.com
Bertha,"Box 41072, c/belt Province, Mufulira, Zambia",,,mufulira,https://www.zambiayp.com/company/9118/Bertha,zambiayp.com
Eastlea Middle,"Box 40463, c/belt Province, Mufulira, Zambia",,,mufulira,https://www.zambiayp.com/company/9119/Eastlea_Middle,zambiayp.com
Kafironda,"Box 40463, c/belt Province, Mufulira, Zambia",,,mufulira,https://www.zambiayp.com/company/9120/Kafironda,zambiayp.com
Kalanga,"Box 41076, c/belt Province, Mufulira, Zambia",,,mufulira,https://www.zambiayp.com/company/9121/Kalanga,zambiayp.com
Kamuchanga,"Box 40463, c/belt Province, Mufulira, Zambia",,,mufulira,https://www.zambiayp.com/company/9122/Kamuchanga,zambiayp.com
Kankoyo,"Box 40463, c/belt Province, Mufulira, Zambia",,,mufulira,https://www.zambiayp.com/company/9099/Kankoyo,zambiayp.com
Kasumba Middle,"Box 40463, c/belt Province, Mufulira, Zambia",,,mufulira,https://www.zambiayp.com/company/9108/Kasumba_Middle,zambiayp.com
Lima M. Basic,"Box 40463, c/belt Province, Mufulira, Zambia",,,mufulira,https://www.zambiayp.com/company/9125/Lima_M_Basic,zambiayp.com
Minambe,"Box 40463, c/belt Province, Mufulira, Zambia",,,mufulira,https://www.zambiayp.com/company/9110/Minambe,zambiayp.com
Mopani,"Box 40672, c/belt Province, Mufulira, Zambia",,,mufulira,https://www.zambiayp.com/company/9111/Mopani,zambiayp.com
Mufulira Central,"Box 40463, c/belt Province, Mufulira, Zambia",,,mufulira,https://www.zambiayp.com/company/9113/Mufulira_Central,zambiayp.com
Mupambe,"Box 40463, c/belt Province, Mufulira, Zambia",,,mufulira,https://www.zambiayp.com/company/9114/Mupambe,zambiayp.com
Mupena,"Box 40463, c/belt Province, Mufulira, Zambia",,,mufulira,https://www.zambiayp.com/company/9115/Mupena,zambiayp.com
Murundu,"Box 40463, c/belt Province, Mufulira, Zambia",,,mufulira,https://www.zambiayp.com/company/9116/Murundu,zambiayp.com
Thangata,"Box 40463, c/belt Province, Mufulira, Zambia",,,mufulira,https://www.zambiayp.com/company/9104/Thangata,zambiayp.com
Twasekela,"Box 40463, c/belt Province, Mufulira, Zambia",,,mufulira,https://www.zambiayp.com/company/9128/Twasekela,zambiayp.com
Ripix,"Munengo, Mumbwa, Zambia",,,mumbwa,https://www.zambiayp.com/company/18208/Ripix,zambiayp.com
Mumbwa High School,"Mumbwa, Zambia",,,mumbwa,https://www.zambiayp.com/company/7510/Mumbwa_High_School,zambiayp.com
Mumbwa Motel Ltd,"Plot 543 Main Rd Town Area, P.O.Box 830088, Mumbwa, Zambia",,,mumbwa,https://www.zambiayp.com/company/324/Mumbwa_Motel_Ltd,zambiayp.com
Dunavant (z) Ltd,"P.O.Box 830081, Mumbwa, Zambia",,,mumbwa,https://www.zambiayp.com/company/4135/Dunavant_z_Ltd,zambiayp.com
Madalitso Guest House,"Mumbwa Town Centre, P.O.Box 830200, Zambia",,,mumbwa,https://www.zambiayp.com/company/585/Madalitso_Guest_House,zambiayp.com
Barclays Bank Of Zambia Ltd,"Plot 3, Mumbwa Main Rd, P.O.Box 830061, Zambia",,,mumbwa,https://www.zambiayp.com/company/7071/Barclays_Bank_Of_Zambia_Ltd,zambiayp.com
Eden Hotel Ltd,"P.O.Box 830222, Mumbwa, Zambia",,,mumbwa,https://www.zambiayp.com/company/60/Eden_Hotel_Ltd,zambiayp.com
Badat Ym Store,"P.O.Box 100, Mumbwa, Zambia",,,mumbwa,https://www.zambiayp.com/company/2891/Badat_Ym_Store,zambiayp.com
Barclays Bank (z) Pic,"Mumbwa, Zambia",,,mumbwa,https://www.zambiayp.com/company/7206/Barclays_Bank_z_Pic,zambiayp.com
Barclays Bank Zambia,"Mumbwa, Zambia",,,mumbwa,https://www.zambiayp.com/company/7241/Barclays_Bank_Zambia,zambiayp.com
Bina's Secretarial,"Mumbwa, Zambia",,,mumbwa,https://www.zambiayp.com/company/2399/Binas_Secretarial,zambiayp.com
Co-operative league Africa,"Mumbwa, Zambia",,,mumbwa,https://www.zambiayp.com/company/13270/Co_operative_league_Africa,zambiayp.com
Fourways Restaurant & Bar,"Box 4, Mumbwa, Zambia",,,mumbwa,https://www.zambiayp.com/company/12888/Fourways_Restaurant_Bar,zambiayp.com
Hakulipa Trust,"Trust Companies, Mumbwa, Zambia",,,mumbwa,https://www.zambiayp.com/company/15064/Hakulipa_Trust,zambiayp.com
Kasak Trading,"Mumbwa, Zambia",,,mumbwa,https://www.zambiayp.com/company/2941/Kasak_Trading,zambiayp.com
Katongo Trading Store,"P.O.Box 75, Mumbwa, Zambia",,,mumbwa,https://www.zambiayp.com/company/2848/Katongo_Trading_Store,zambiayp.com
Lavaza Dennis & Sons Capentry,"Mumbwa, Zambia",,,mumbwa,https://www.zambiayp.com/company/4735/Lavaza_Dennis_Sons_Capentry,zambiayp.com
Lavaza Dennis & Sons Carpetry,"Mumbwa, Zambia",,,mumbwa,https://www.zambiayp.com/company/13131/Lavaza_Dennis_Sons_Carpetry,zambiayp.com
Mumbwa Trading Store,"P.O.Box 152, Mumbwa, Zambia",,,mumbwa,https://www.zambiayp.com/company/2847/Mumbwa_Trading_Store,zambiayp.com
Mumbwa Youth (skills) Resource,"Mumbwa Ex, Zambia",,,mumbwa,https://www.zambiayp.com/company/4433/Mumbwa_Youth_skills_Resource,zambiayp.com
Mumbwa Catholic Church,"Box 830022, Mumbwa, Zambia",,,mumbwa,https://www.zambiayp.com/company/8242/Mumbwa_Catholic_Church,zambiayp.com
Network Of Zambia People Living With Hiv/aids,"Mumbwa, Zambia",,,mumbwa,https://www.zambiayp.com/company/4728/Network_Of_Zambia_People_Living_With_Hivaids,zambiayp.com
New La Hacienda Hotel,"Mumbwa, Zambia",,,mumbwa,https://www.zambiayp.com/company/66/New_La_Hacienda_Hotel,zambiayp.com
Open Hotel Ltd,"Mumbwa, Zambia",,,mumbwa,https://www.zambiayp.com/company/58/Open_Hotel_Ltd,zambiayp.com
Open Hoyel LTD,"Mumbwa, Zambia",,,mumbwa,https://www.zambiayp.com/company/14383/Open_Hoyel_LTD,zambiayp.com
Servants Of Mary,"Mumbwa Convent, P.O.Box 22, Zambia",,,mumbwa,https://www.zambiayp.com/company/2238/Servants_Of_Mary,zambiayp.com
Zambia National Broadcasting Corporation Ltd,"Mumbwa, Zambia",,,mumbwa,https://www.zambiayp.com/company/1500/Zambia_National_Broadcasting_Corporation_Ltd,zambiayp.com
Zambia Postal Services Corporation (zampost),"P.O.Box 830099, Mumbwa, Zambia",,,mumbwa,https://www.zambiayp.com/company/2199/Zambia_Postal_Services_Corporation_zampost,zambiayp.com
Big Consession,"Box 830144, Province, Mumbwa, Zambia",,,mumbwa,https://www.zambiayp.com/company/12675/Big_Consession,zambiayp.com
Chimoto Iri,"C/o Shimbizhi B. School, Province, Mumbwa, Zambia",,,mumbwa,https://www.zambiayp.com/company/12676/Chimoto_Iri,zambiayp.com
Kaindu Iri,"Box 8301128, Province, Mumbwa, Zambia",,,mumbwa,https://www.zambiayp.com/company/12677/Kaindu_Iri,zambiayp.com
Kalunzyu,"Box 830030, Province, Mumbwa, Zambia",,,mumbwa,https://www.zambiayp.com/company/12678/Kalunzyu,zambiayp.com
Kaunga Community,"Box 830030, Province, Mumbwa, Zambia",,,mumbwa,https://www.zambiayp.com/company/12679/Kaunga_Community,zambiayp.com
Mituntu Community,"Box 830030, Province, Mumbwa, Zambia",,,mumbwa,https://www.zambiayp.com/company/12680/Mituntu_Community,zambiayp.com
Mpande Community,"Box 830030, Province, Mumbwa, Zambia",,,mumbwa,https://www.zambiayp.com/company/12688/Mpande_Community,zambiayp.com
Mwambanzovu,"Box 830030, Province, Mumbwa, Zambia",,,mumbwa,https://www.zambiayp.com/company/12689/Mwambanzovu,zambiayp.com
Nakasa Community,"Box 830030, Province, Mumbwa, Zambia",,,mumbwa,https://www.zambiayp.com/company/12690/Nakasa_Community,zambiayp.com
Paf,"Box 830178, Province, Mumbwa, Zambia",,,mumbwa,https://www.zambiayp.com/company/12683/Paf,zambiayp.com
Shimbizhi Iri,"Box 830178, Province, Mumbwa, Zambia",,,mumbwa,https://www.zambiayp.com/company/12684/Shimbizhi_Iri,zambiayp.com
Sichanzu,"Box 830030, Province, Mumbwa, Zambia",,,mumbwa,https://www.zambiayp.com/company/12685/Sichanzu,zambiayp.com
Sonkwe,"Box 830030, Province, Mumbwa, Zambia",,,mumbwa,https://www.zambiayp.com/company/12686/Sonkwe,zambiayp.com
St. Edmunds,"Box 83200, Province, Mumbwa, Zambia",,,mumbwa,https://www.zambiayp.com/company/12691/St_Edmunds,zambiayp.com
Chifunda Basic,"Box 16, northern Province, Muyombe, Zambia",,,muyombe,https://www.zambiayp.com/company/10842/Chifunda_Basic,zambiayp.com
Kaswanga Basic,"Box 5, northern Province, Muyombe, Zambia",,,muyombe,https://www.zambiayp.com/company/10852/Kaswanga_Basic,zambiayp.com
Masangani Basic,"Box 99, northern Province, Muyombe, Zambia",,,muyombe,https://www.zambiayp.com/company/10855/Masangani_Basic,zambiayp.com
Mpemba Basic,"Box 96, northern Province, Muyombe, Zambia",,,muyombe,https://www.zambiayp.com/company/10856/Mpemba_Basic,zambiayp.com
Mutanga Basic,"Box 28, northern Province, Muyombe, Zambia",,,muyombe,https://www.zambiayp.com/company/10860/Mutanga_Basic,zambiayp.com
Samu Basic,"Box 31, northern Province, Muyombe, Zambia",,,muyombe,https://www.zambiayp.com/company/10870/Samu_Basic,zambiayp.com
Sanga Basic,"Box 95, northern Province, Muyombe, Zambia",,,muyombe,https://www.zambiayp.com/company/10871/Sanga_Basic,zambiayp.com
Tubale Basic,"Box 98, northern Province, Muyombe, Zambia",,,muyombe,https://www.zambiayp.com/company/10874/Tubale_Basic,zambiayp.com
Vumbo Basic,"Box 22, northern Province, Muyombe, Zambia",,,muyombe,https://www.zambiayp.com/company/10875/Vumbo_Basic,zambiayp.com
Kwakuwahi Lodge Ltd,"P.O.Box 160125, Mwinilunga, Zambia",,,mwinilunga,https://www.zambiayp.com/company/229/Kwakuwahi_Lodge_Ltd,zambiayp.com
Finance Bank Zambia Ltd,"P.O.Box 160101, Mwinilunga, Zambia",,,mwinilunga,https://www.zambiayp.com/company/7081/Finance_Bank_Zambia_Ltd,zambiayp.com
Muzina Guest House,"Mwinilunga, Zambia",,,mwinilunga,https://www.zambiayp.com/company/3576/Muzina_Guest_House,zambiayp.com
Pacon General Suppliers Prop P.m. Chama,"P.O.Box 110040, Mwinilunga, Zambia",,,mwinilunga,https://www.zambiayp.com/company/3064/Pacon_General_Suppliers_Prop_Pm_Chama,zambiayp.com
Pacon  suppliers Prop P.m Chama,"Box110040, Mwinilunga, Zambia",,,mwinilunga,https://www.zambiayp.com/company/14193/Pacon_suppliers_Prop_Pm_Chama,zambiayp.com
Rahims Wholesalers,"Mwinilunga, Zambia",,,mwinilunga,https://www.zambiayp.com/company/6725/Rahims_Wholesalers,zambiayp.com
Rahims Wholesalers Ltd,"Mwinilunga, Zambia",,,mwinilunga,https://www.zambiayp.com/company/6738/Rahims_Wholesalers_Ltd,zambiayp.com
St Agness Convent,"Box 12, Mwinilunga, Zambia",,,mwinilunga,https://www.zambiayp.com/company/8246/St_Agness_Convent,zambiayp.com
World Vision Zambia (ADP),"Mwinilunga, Zambia",,,mwinilunga,https://www.zambiayp.com/company/15188/World_Vision_Zambia_ADP,zambiayp.com
Chisengisengi,"Box 160121, north Western Province, Mwinilunga, Zambia",,,mwinilunga,https://www.zambiayp.com/company/10490/Chisengisengi,zambiayp.com
Chiwoma,"Box 160121, north Western Province, Mwinilunga, Zambia",,,mwinilunga,https://www.zambiayp.com/company/10491/Chiwoma,zambiayp.com
Chitokoloki High,"Box 150013, north Western Province, Mwinilunga, Zambia",,,mwinilunga,https://www.zambiayp.com/company/12529/Chitokoloki_High,zambiayp.com
Ikelenge,"Box 7, north Western Province, Mwinilunga, Zambia",,,mwinilunga,https://www.zambiayp.com/company/12519/Ikelenge,zambiayp.com
Ikonga,"Box 160121, north Western Province, Mwinilunga, Zambia",,,mwinilunga,https://www.zambiayp.com/company/10524/Ikonga,zambiayp.com
Kabanda Basic,"Box 160121, north Western Province, Mwinilunga, Zambia",,,mwinilunga,https://www.zambiayp.com/company/10526/Kabanda_Basic,zambiayp.com
Kafweku,"Box 160121, north Western Province, Mwinilunga, Zambia",,,mwinilunga,https://www.zambiayp.com/company/10527/Kafweku,zambiayp.com
Kalukundu Primary,"Box 160121, north Western Province, Mwinilunga, Zambia",,,mwinilunga,https://www.zambiayp.com/company/10494/Kalukundu_Primary,zambiayp.com
Kalumbinga Middle,"Box 160121, north Western Province, Mwinilunga, Zambia",,,mwinilunga,https://www.zambiayp.com/company/10495/Kalumbinga_Middle,zambiayp.com
Kamanengu,"Box 160121, north Western Province, Mwinilunga, Zambia",,,mwinilunga,https://www.zambiayp.com/company/10496/Kamanengu,zambiayp.com
Kamukanda,"Box 160121, north Western Province, Mwinilunga, Zambia",,,mwinilunga,https://www.zambiayp.com/company/10530/Kamukanda,zambiayp.com
Kangaya,"Box 160110, north Western Province, Mwinilunga, Zambia",,,mwinilunga,https://www.zambiayp.com/company/10497/Kangaya,zambiayp.com
Kanyama  Basic,"Box 160121, north Western Province, Mwinilunga, Zambia",,,mwinilunga,https://www.zambiayp.com/company/10498/Kanyama_Basic,zambiayp.com
Kanyikezhi Primary,"Box 160061, north Western Province, Mwinilunga, Zambia",,,mwinilunga,https://www.zambiayp.com/company/10499/Kanyikezhi_Primary,zambiayp.com
Kanzenzi,"Box 160121, north Western Province, Mwinilunga, Zambia",,,mwinilunga,https://www.zambiayp.com/company/10500/Kanzenzi,zambiayp.com
Kanongesha,"Box 160121, north Western Province, Mwinilunga, Zambia",,,mwinilunga,https://www.zambiayp.com/company/10531/Kanongesha,zambiayp.com
Kanyihampa Basic,"Box 160046, north Western Province, Mwinilunga, Zambia",,,mwinilunga,https://www.zambiayp.com/company/10532/Kanyihampa_Basic,zambiayp.com
Kanyikomboshi,"Box 160121, north Western Province, Mwinilunga, Zambia",,,mwinilunga,https://www.zambiayp.com/company/10533/Kanyikomboshi,zambiayp.com
Kapundu Middle,"Box 160081, north Western Province, Mwinilunga, Zambia",,,mwinilunga,https://www.zambiayp.com/company/10501/Kapundu_Middle,zambiayp.com
Kasampula,"Box 160121, north Western Province, Mwinilunga, Zambia",,,mwinilunga,https://www.zambiayp.com/company/10502/Kasampula,zambiayp.com
Kasenga,"Box 160121, north Western Province, Mwinilunga, Zambia",,,mwinilunga,https://www.zambiayp.com/company/10503/Kasenga,zambiayp.com
Kasangezhi Mid,"Box 160121, north Western Province, Mwinilunga, Zambia",,,mwinilunga,https://www.zambiayp.com/company/10534/Kasangezhi_Mid,zambiayp.com
Katuyola,"Box 160121, north Western Province, Mwinilunga, Zambia",,,mwinilunga,https://www.zambiayp.com/company/10504/Katuyola,zambiayp.com
Kayisumpa,"Box 160121, north Western Province, Mwinilunga, Zambia",,,mwinilunga,https://www.zambiayp.com/company/10505/Kayisumpa,zambiayp.com
Kazozu Pri School,"P O Box 160121, north Western Province, Mwinilunga, Zambia",,,mwinilunga,https://www.zambiayp.com/company/10506/Kazozu_Pri_School,zambiayp.com
Lukanka Middle,"P O Box 160007, north Western Province, Mwinilunga, Zambia",,,mwinilunga,https://www.zambiayp.com/company/10507/Lukanka_Middle,zambiayp.com
Lumwana West,"Box 160061, north Western Province, Mwinilunga, Zambia",,,mwinilunga,https://www.zambiayp.com/company/10508/Lumwana_West,zambiayp.com
Lunga Day,"Box 160011, north Western Province, Mwinilunga, Zambia",,,mwinilunga,https://www.zambiayp.com/company/12517/Lunga_Day,zambiayp.com
Lwakela Middle,"Box 160121, north Western Province, Mwinilunga, Zambia",,,mwinilunga,https://www.zambiayp.com/company/10536/Lwakela_Middle,zambiayp.com
Lwawu Primary,"Box 160012, north Western Province, Mwinilunga, Zambia",,,mwinilunga,https://www.zambiayp.com/company/10537/Lwawu_Primary,zambiayp.com
Lwamu Day Sec.sch.,"Box 160012, north Western Province, Mwinilunga, Zambia",,,mwinilunga,https://www.zambiayp.com/company/12521/Lwamu_Day_Secsch,zambiayp.com
Mapunga,"Box 160121, north Western Province, Mwinilunga, Zambia",,,mwinilunga,https://www.zambiayp.com/company/10509/Mapunga,zambiayp.com
Mukumba,"Box 160121, north Western Province, Mwinilunga, Zambia",,,mwinilunga,https://www.zambiayp.com/company/10511/Mukumba,zambiayp.com
Mukangala,"Box 160121, north Western Province, Mwinilunga, Zambia",,,mwinilunga,https://www.zambiayp.com/company/10538/Mukangala,zambiayp.com
Mulumbi Mid Basic,"Box 160012, north Western Province, Mwinilunga, Zambia",,,mwinilunga,https://www.zambiayp.com/company/10539/Mulumbi_Mid_Basic,zambiayp.com
Munwa Middle,"Box 160121, north Western Province, Mwinilunga, Zambia",,,mwinilunga,https://www.zambiayp.com/company/10513/Munwa_Middle,zambiayp.com
Musangila Mid,"Box 160063, north Western Province, Mwinilunga, Zambia",,,mwinilunga,https://www.zambiayp.com/company/10540/Musangila_Mid,zambiayp.com
Muzhila Primary,"Box 160121, north Western Province, Mwinilunga, Zambia",,,mwinilunga,https://www.zambiayp.com/company/10514/Muzhila_Primary,zambiayp.com
Muzeya Prim Sch,"Box 160038, north Western Province, Mwinilunga, Zambia",,,mwinilunga,https://www.zambiayp.com/company/10541/Muzeya_Prim_Sch,zambiayp.com
Mwanamutowa,"Box 160121, north Western Province, Mwinilunga, Zambia",,,mwinilunga,https://www.zambiayp.com/company/10515/Mwanamutowa,zambiayp.com
Mwininyilamba,"Box 160121, north Western Province, Mwinilunga, Zambia",,,mwinilunga,https://www.zambiayp.com/company/10542/Mwininyilamba,zambiayp.com
Mwinilunga Sec.sch.,"Box 160124, north Western Province, Mwinilunga, Zambia",,,mwinilunga,https://www.zambiayp.com/company/12522/Mwinilunga_Secsch,zambiayp.com
Ngoma Lower,"Box 160121, north Western Province, Mwinilunga, Zambia",,,mwinilunga,https://www.zambiayp.com/company/10516/Ngoma_Lower,zambiayp.com
Nkenyawuli,"Box 160121, north Western Province, Mwinilunga, Zambia",,,mwinilunga,https://www.zambiayp.com/company/10517/Nkenyawuli,zambiayp.com
Ntambu Basic,"Box 160121, north Western Province, Mwinilunga, Zambia",,,mwinilunga,https://www.zambiayp.com/company/10518/Ntambu_Basic,zambiayp.com
Ntambu Sachitolu,"Box 160012, north Western Province, Mwinilunga, Zambia",,,mwinilunga,https://www.zambiayp.com/company/10544/Ntambu_Sachitolu,zambiayp.com
Ntambu High School,"Box 160121, north Western Province, Mwinilunga, Zambia",,,mwinilunga,https://www.zambiayp.com/company/12518/Ntambu_High_School,zambiayp.com
Nyangombe,"P O Box 160094, north Western Province, Mwinilunga, Zambia",,,mwinilunga,https://www.zambiayp.com/company/10519/Nyangombe,zambiayp.com
Sailunga,"P O Box 160121, north Western Province, Mwinilunga, Zambia",,,mwinilunga,https://www.zambiayp.com/company/10520/Sailunga,zambiayp.com
Samuteba Middle,"Box 160089, north Western Province, Mwinilunga, Zambia",,,mwinilunga,https://www.zambiayp.com/company/10521/Samuteba_Middle,zambiayp.com
Solwezi Sch For,"Box 110276, north Western Province, Mwinilunga, Zambia",,,mwinilunga,https://www.zambiayp.com/company/12525/Solwezi_Sch_For,zambiayp.com
Tomuyilunga,"Box 160121, north Western Province, Mwinilunga, Zambia",,,mwinilunga,https://www.zambiayp.com/company/10551/Tomuyilunga,zambiayp.com
Zambezi Day Sec,"Box 150135, north Western Province, Mwinilunga, Zambia",,,mwinilunga,https://www.zambiayp.com/company/12530/Zambezi_Day_Sec,zambiayp.com
Juscars services LTD,"430064, Nakonde, Zambia",,,nakonde,https://www.zambiayp.com/company/18428/Juscars_services_LTD,zambiayp.com
World Dawn Logistics,"1409 Katozi Nakonde, Plot 4383 Tungati Rd Ndola, Zambia",,,nakonde,https://www.zambiayp.com/company/17863/World_Dawn_Logistics,zambiayp.com
Mwenzo Girls High,"P.O.Box 430097, Northern Province, Nakonde, Zambia",,,nakonde,https://www.zambiayp.com/company/12552/Mwenzo_Girls_High,zambiayp.com
Merab Grain Millers,"1409 KATOZI, Nakonde, Zambia",,,nakonde,https://www.zambiayp.com/company/17862/Merab_Grain_Millers,zambiayp.com
St Paul Mission Hospital,"Nchelenge, Zambia",,,nchelenge,https://www.zambiayp.com/company/14352/St_Paul_Mission_Hospital,zambiayp.com
Zambia Revenue Authority (customs & Excise),"P.O.Box 740091, Nchelenge, Zambia",,,nchelenge,https://www.zambiayp.com/company/5783/Zambia_Revenue_Authority_customs_Excise,zambiayp.com
Anvic Mining (z) Ltd,"P.O.Box 740174, Nchelenge, Zambia",,,nchelenge,https://www.zambiayp.com/company/1406/Anvic_Mining_z_Ltd,zambiayp.com
Avic Mining (Z) LTD,"Box 740174, , Nchelenge, Zambia",,,nchelenge,https://www.zambiayp.com/company/8340/Avic_Mining_Z_LTD,zambiayp.com
Gift From God Trading Store,"Nchelenge, Zambia",,,nchelenge,https://www.zambiayp.com/company/3086/Gift_From_God_Trading_Store,zambiayp.com
Mansa Milling,"Nchelenge, Zambia",,,nchelenge,https://www.zambiayp.com/company/1354/Mansa_Milling,zambiayp.com
Mpukis Bros Shop,"Nchelenge, Zambia",,,nchelenge,https://www.zambiayp.com/company/3110/Mpukis_Bros_Shop,zambiayp.com
National Savings & Credit Bank,"P.O.Box 740107, Nchelenge, Zambia",,,nchelenge,https://www.zambiayp.com/company/7160/National_Savings_Credit_Bank,zambiayp.com
Nchelenge Health Centre,"Nchelenge, Zambia",,,nchelenge,https://www.zambiayp.com/company/4378/Nchelenge_Health_Centre,zambiayp.com
Rafimbwa Lubilo Store,"Nchelenge, Zambia",,,nchelenge,https://www.zambiayp.com/company/2881/Rafimbwa_Lubilo_Store,zambiayp.com
Sisters of charity(convent),"Box 740106, Nchelenge, Zambia",,,nchelenge,https://www.zambiayp.com/company/8247/Sisters_of_charityconvent,zambiayp.com
Zambia National Commercial Bank Nchelenge Agency,"Nchelenge, Zambia",,,nchelenge,https://www.zambiayp.com/company/7110/Zambia_National_Commercial_Bank_Nchelenge_Agency,zambiayp.com
L S Services,"17 Kandabwe Town Centre, Ndola, Zambia",,,ndola,https://www.zambiayp.com/company/17632/L_S_Services,zambiayp.com
Gomes Haulage Limited,"P.O.Box 71827, Ndola, Zambia",,,ndola,https://www.zambiayp.com/company/4741/Gomes_Haulage_Limited,zambiayp.com
Mission Press,"Franciscan Center - Chifubu Road. P.O Box 71581, Ndola, Zambia",,,ndola,https://www.zambiayp.com/company/17314/Mission_Press,zambiayp.com
Techno Series Limited,"2 Second Floor Collet House,Buteko Avenue Road,Ndola, Zambia",,,ndola,https://www.zambiayp.com/company/17482/Techno_Series_Limited,zambiayp.com
Unimex Chemicals Ltd,"P.O.Box 70542, Ndola, Zambia",,,ndola,https://www.zambiayp.com/company/3691/Unimex_Chemicals_Ltd,zambiayp.com
Third Open Eye Security Services,"Provident House, Broadway Rd, Ndola, Zambia",,,ndola,https://www.zambiayp.com/company/18669/Third_Open_Eye_Security_Services,zambiayp.com
Zed Techfied,"23 Boundary Road, Ndola, Zambia",,,ndola,https://www.zambiayp.com/company/17924/Zed_Techfied,zambiayp.com
Zykar Solutions,"Plot No.39 Buteko Avenue Office suite 3098, Collect House Town Center, Ndola, Zambia",,,ndola,https://www.zambiayp.com/company/18416/Zykar_Solutions,zambiayp.com
Non-Ferrous Metal Works (Z) Ltd,"Plot 5155 Zambia Road, Ndola",,,ndola,https://www.zambiayp.com/company/5150/Non_ferrous_Metal_Works_z_Ltd,zambiayp.com
Zedbat Music Promoters,"Northrise, Ndola, Zambia",,,ndola,https://www.zambiayp.com/company/18039/Zedbat_Music_Promoters,zambiayp.com
Indigo Lodge,"1 Kopa Road, North Rise,, Ndola, Zambia",,,ndola,https://www.zambiayp.com/company/302/Indigo_Lodge,zambiayp.com
Doodle Academy,"Chintu Avenue, Northrise, Ndola, Zambia",,,ndola,https://www.zambiayp.com/company/17589/Doodle_Academy,zambiayp.com
Olympic Milling,"Ndola, Zambia",,,ndola,https://www.zambiayp.com/company/1353/Olympic_Milling,zambiayp.com
Lafarge Cement Zambia,"P.O.Box 71572, Ndola, Zambia",,,ndola,https://www.zambiayp.com/company/3720/Lafarge_Cement_Zambia,zambiayp.com
PHEKO Maintenance services,"07 Chavuma street, Kansenshi, Ndola, Zambia",,,ndola,https://www.zambiayp.com/company/18588/PHEKO_Maintenance_services,zambiayp.com
Foundation Steps Canadian International School,"14 Dag Hammarskjöld Drive - Itawa, Ndola, Zambia",,,ndola,https://www.zambiayp.com/company/17274/foundation-steps-canadian-international-school,zambiayp.com
PalNet Solutions,"Mpelembe house, Ndola, Zambia",,,ndola,https://www.zambiayp.com/company/17722/PalNet_Solutions,zambiayp.com
Zamotronics Investment Limited,"Plot No 980, Town Center, Next to Plaza 5 Cinema, Opp. BBC One Collection, President Avenue, Ndola, Zambia",,,ndola,https://www.zambiayp.com/company/17999/Zamotronics_Investment_Limited,zambiayp.com
Netzach Systems,"6th Floor Mpelembe House, Broadway Road, Ndola, Zambia",,,ndola,https://www.zambiayp.com/company/17961/Netzach_Systems,zambiayp.com
Voyagers Zambia Limited,"Plot 17, Arusha St, P.O. Box: 70023, Ndola, Zambia",,,ndola,https://www.zambiayp.com/company/16903/Voyagers_Travel,zambiayp.com
XYPNET,"5th Floor, Mpelembe House. Broadway Road. Ndola. Zambia",,,ndola,https://www.zambiayp.com/company/16185/XYPNET,zambiayp.com
CCTV ZAMBIA - STEFANTON ELECTRIC,"Ndola, Zambia",,,ndola,https://www.zambiayp.com/company/17974/CCTV_ZAMBIA_STEFANTON_ELECTRIC,zambiayp.com
Kuku Royal Lodge ltd,"Plot 578H Freedomway - Off Mkuni Road, Ndola, Zambia",,,ndola,https://www.zambiayp.com/company/17227/Kuku_Royal_Lodge,zambiayp.com
Lupili Gardens,"30 Lupili Street, Ndola, Zambia",,,ndola,https://www.zambiayp.com/company/16229/Lupili_Gardens,zambiayp.com
Mobrin Colour Drop,"Rekays Mall Unit 3, Independence Avenue Road, Ndola, Zambia",,,ndola,https://www.zambiayp.com/company/17497/Mobrin_Colour_Drop,zambiayp.com
Mpowani Media Ltd,"Plot 3002, Northrise - Ndola, Zambia",,,ndola,https://www.zambiayp.com/company/17534/Mpowani_Media_Ltd,zambiayp.com
Neptune Digital Marketing Agency,"Provident house, Broadway road , Ndola, Zambia",,,ndola,https://www.zambiayp.com/company/19021/Neptune_Digital_Marketing_Agency,zambiayp.com
Pascal Technical University,"Room 217 Building Society, Buteko Avenue, Ndola-Zambia",,,ndola,https://www.zambiayp.com/company/17565/Pascal_Technical_University,zambiayp.com
ZykarHost,"4044 Off Mango Road, Ndola, Zambia",,,ndola,https://www.zambiayp.com/company/17486/ZykarHost,zambiayp.com
Campton Prestige Capital Limited,"Ch 4502 Twende Rd Chifubu , Ndola, Zambia",,,ndola,https://www.zambiayp.com/company/19050/Campton_Prestige_Capital_Limited,zambiayp.com
SYLET BUSINESS CONSULTANCY,"B9/10 ROOM 15 PALACE HOTEL COMPLEX, VITANDA STREET, NDOLA, Zambia",,,ndola,https://www.zambiayp.com/company/17934/SYLET_BUSINESS_CONSULTANCY,zambiayp.com
Visionline innovations limited,"Insurance house second floor, office 217 , Ndola, Zambia",,,ndola,https://www.zambiayp.com/company/18861/Visionline_innovations_limited,zambiayp.com
Afrox Zambia Limited,"Plot 901, Chisokone Ave, P.O.Box 70252, Ndola, Zambia",,,ndola,https://www.zambiayp.com/company/4230/Afrox_Zambia_Limited,zambiayp.com
Baztech Incorporated,"5150 Zambia Rd. Industrial Area, Ndola, Zambia",,,ndola,https://www.zambiayp.com/company/17298/Baztech_Incorporated,zambiayp.com
Dawn Diagnostic Laboratories,"08, Mukuba Road, Kansenshi, Ndola, Zambia",,,ndola,https://www.zambiayp.com/company/17477/Dawn_Diagnostic_Laboratories,zambiayp.com
First Quantum Mining & Operations LTD,"Zambia Rd, P.O Box 71785, Ndola",,,ndola,https://www.zambiayp.com/company/8318/First_Quantum_Mining_Operations_LTD,zambiayp.com
Hustle Photography Zambia,"[email protected], Ndola, Zambia",,,ndola,https://www.zambiayp.com/company/18506/Hustle_Photography_Zambia,zambiayp.com
Roce orange ltd,"broadway road ndola obama complex suit 7, Zambia",,,ndola,https://www.zambiayp.com/company/18125/Roce_orange_ltd,zambiayp.com
Stefanton Electric | CCTV ZAMBIA,"ndola, Zambia",,,ndola,https://www.zambiayp.com/company/18143/Stefanton_Electric_CCTV_ZAMBIA,zambiayp.com
Tata Zambia Limited,"3025 Airport Rd, P.O.Box 31516, Ndola, Zambia",,,ndola,https://www.zambiayp.com/company/2504/Tata_Zambia_Limited,zambiayp.com
Zed Ngoma,"2886 Lwankuni road, Ndola, Zambia",,,ndola,https://www.zambiayp.com/company/18055/Zed_Ngoma,zambiayp.com
Cable Kings Limited,"Plot 7A Vitanda Street, Ndola, Zambia",,,ndola,https://www.zambiayp.com/company/18202/Cable_Kings_Limited,zambiayp.com
Gemstone Processing & Lapidary Training Centre,"Nakambala Rd, P.O.Box 250022, Ndola, Zambia",,,ndola,https://www.zambiayp.com/company/4451/Gemstone_Processing_Lapidary_Training_Centre,zambiayp.com
Goldstar Freight Ltd,"SUB B 36840, Ndola, Zambia",,,ndola,https://www.zambiayp.com/company/18510/Goldstar_Freight_Ltd,zambiayp.com
Heavy Equipment Operators Training Zambia,"Room 217 Building Society, Buteko Avenue , Ndola, Zambia",,,ndola,https://www.zambiayp.com/company/18161/Heavy_Equipment_Operators_Training_Zambia,zambiayp.com
Ndola Lime Company Ltd,"P.O.Box 70057, Ndola, Zambia",,,ndola,https://www.zambiayp.com/company/3856/Ndola_Lime_Company_Ltd,zambiayp.com
Nsansa School Intereducation Trust,"Nkana Rd, P.O.Box 70322, Ndola, Zambia",,,ndola,https://www.zambiayp.com/company/7431/Nsansa_School_Intereducation_Trust,zambiayp.com
Nsansa Boarding School,"Junction of Nkana Road and Yembe Avenue, P. O. Box 70322, Ndola, Zambia",,,ndola,https://www.zambiayp.com/company/7485/Nsansa_Boarding_School,zambiayp.com
Ox Hydraulics Ltd,"Lufunsa Ave, Ndola, Zambia",,,ndola,https://www.zambiayp.com/company/5160/Ox_Hydraulics_Ltd,zambiayp.com
Recruitment Matters Africa,"5 Kafubu rd.  Ndola, Zambia",,,ndola,https://www.zambiayp.com/company/18093/Recruitment_Matters_Africa,zambiayp.com
Rods Digital Marketing Agencies,"7932  Lufwanyama Rd Copperbelt, Ndola, Zambia",,,ndola,https://www.zambiayp.com/company/18357/Rods_Digital_Marketing_Agencies,zambiayp.com
Simba International School,"Airport Rd, Itawa, P.O.Box 240216, Ndola, Zambia",,,ndola,https://www.zambiayp.com/company/7382/Simba_International_School,zambiayp.com
Tubeny,"Twapia 1587, Lubuto 0855, Ndola, Zambia",,,ndola,https://www.zambiayp.com/company/19003/Tubeny,zambiayp.com
HOTSY TOTSY,"3 misundu rd northrise-ndola, Zambia",,,ndola,https://www.zambiayp.com/company/17491/HOTSY_TOTSY,zambiayp.com
Mercury Express Logistics,"Ndola, Zambia",,,ndola,https://www.zambiayp.com/company/1752/Mercury_Express_Logistics,zambiayp.com
Nsobe Game Camp,"Nyenyesi, P.O. Box: 70635, Ndola, Zambia",,,ndola,https://www.zambiayp.com/company/77/Nsobe_Game_Camp,zambiayp.com
Queeza,"Zambia Road, Ndola",,,ndola,https://www.zambiayp.com/company/19058/Queeza,zambiayp.com
Secured Apartments,Plot 36176/M off Kitwe/Ndola Rd  Dolahill Ndola Zambia,,,ndola,https://www.zambiayp.com/company/19412/Secured_Apartments,zambiayp.com
U-rest Foam,"Makoli Ave (Zambia Railways Goods Shed), P.O.Box 70196, Ndola",,,ndola,https://www.zambiayp.com/company/4169/U_rest_Foam,zambiayp.com
Zambezi Portland Cement,"Plot 1468 Ndola Lime Rd, P.O.Box 70942, Zambia",,,ndola,https://www.zambiayp.com/company/3721/Zambezi_Portland_Cement,zambiayp.com
Zambia Flying Doctor Services,"Simon Mwansa Kapwepwe International Airport, Box 71856, Ndola, Zambia",,,ndola,https://www.zambiayp.com/company/12766/Zambia_Flying_Doctor_Services,zambiayp.com
ZAMBIA ELECTRICITY SUPPLY CORPORATION LTD (ZESCO),"ZESCON HSE. BUTEKO AVE , Ndola, Zambia",,,ndola,https://www.zambiayp.com/company/15867/ZAMBIA_ELECTRICITY_SUPPLY_CORPORATION_LTD_ZESCO,zambiayp.com
Zesco Training Centre (Ndola),"Ndola-Luanshya Rd, P.O.Box 240142, Zambia",,,ndola,https://www.zambiayp.com/company/4445/Zesco_Training_Centre_Ndola,zambiayp.com
Morganite Zambia Limited,"Vitanda St, P.O.Box 70543, Ndola, Zambia",,,ndola,https://www.zambiayp.com/company/3786/Morganite_Zambia_Limited,zambiayp.com
Utilize our online HYIP script to examine us,"Mpelembe House, Broadway, Ndola, Zambia",,,ndola,https://www.zambiayp.com/company/17340/Utilize_our_online_HYIP_script_to_examine_us,zambiayp.com
Webdev Technologies Limited,"Plot 11121 Mitengo, Ndola, Zambia",,,ndola,https://www.zambiayp.com/company/17255/webdev-technologies-limited,zambiayp.com
Zambia National Building Society,"Buteko Ave, P.O.Box 70901, Ndola, Zambia",,,ndola,https://www.zambiayp.com/company/6434/Zambia_National_Building_Society,zambiayp.com
CCTV ZAMBIA,"1, Ndola, Zambia",,,ndola,https://www.zambiayp.com/company/17914/CCTV_ZAMBIA,zambiayp.com
First National Bank Zambia,"Plot 50, Cnr. Buteko & Chimwemwe Rd, Ndola, Zambia",,,ndola,https://www.zambiayp.com/company/7239/First_National_Bank_Zambia,zambiayp.com
Jayagie Car Hire,"Simon Mwansa Kapwepwe Airport, Ndola, Zambia",,,ndola,https://www.zambiayp.com/company/17788/Jayagie_Car_Hire,zambiayp.com
Khalif Motors Zambia Limited,"Hammarskjoeld Dr, P.O.Box 73770, Ndola, Zambia",,,ndola,https://www.zambiayp.com/company/4586/Khalif_Motors_Zambia_Limited,zambiayp.com
Pep Stores Ltd,"Stand 4273, 74 President Ave, Ndola, Zambia",,,ndola,https://www.zambiayp.com/company/6791/Pep_Stores_Ltd,zambiayp.com
Radian Stores Ltd,"PLOT NO.1058 CHISOKONE AVENUE, OPPOSITE JAYHIND TRADING COMPANY, TOWN CENTRE, Ndola, Zambia",,,ndola,https://www.zambiayp.com/company/2776/Radian_Stores_Ltd,zambiayp.com
FJM Trading Zambia,"Plot 25246 Dola hill Road chinese complex, Ndola, Zambia",,,ndola,https://www.zambiayp.com/company/18162/FJM_Trading_Zambia,zambiayp.com
Gomes Haulage Ltd,"Plot 4083, Twalumba Close, Ndola, Zambia",,,ndola,https://www.zambiayp.com/company/4801/Gomes_Haulage_Ltd,zambiayp.com
Green Plug Technology,"Ndola, Zambia",,,ndola,https://www.zambiayp.com/company/18573/Green_Plug_Technology,zambiayp.com
Larancer.com,"219 insurance house, Ndola, Zambia",,,ndola,https://www.zambiayp.com/company/18444/Larancercom,zambiayp.com
Learn Lanes Driving School,"RM Funbeshi, behind Chemopharm Chemist Along President Avenue Direct Opposite Zmart Mall , Ndola, Zambia",,,ndola,https://www.zambiayp.com/company/18929/Learn_Lanes_Driving_School,zambiayp.com
Maselap general dealers,"27 Kopa, Ndola, Zambia",,,ndola,https://www.zambiayp.com/company/18000/Maselap_general_dealers,zambiayp.com
Non-Ferrous Metal Works,"Plot 5155 Zambia Road, Industrial Area, P.O.Box 72283, Ndola",,,ndola,https://www.zambiayp.com/company/14875/Non_Ferrous_Metal_Works,zambiayp.com
Reload Logistics,"E14 Arusha St, Ndola, Zambia",,,ndola,https://www.zambiayp.com/company/19264/Reload_Logistics,zambiayp.com
Sentiments Flower Boutique,"Chimwemwe Road (Off Buteko Avenue), Box 73545, Ndola, Zambia",,,ndola,https://www.zambiayp.com/company/13935/Sentiments_Flower_Boutique,zambiayp.com
Skyprint.com,"Buteko Ave, Ndola, Zambia",,,ndola,https://www.zambiayp.com/company/17402/Skyprintcom,zambiayp.com
"STANDOUT CLOTHING CO.,LTD","Ndola, Chifubu, Zambia",,,ndola,https://www.zambiayp.com/company/18458/STANDOUT_CLOTHING_CO_LTD,zambiayp.com
Zambezi Diamond,"18 LUNETA NDOLA ZM Ndola ZM, 10101, Zambia",,,ndola,https://www.zambiayp.com/company/19354/Zambezi_Diamond,zambiayp.com
Capital Industrial Chemicals Limited,"No 3799 Liberia Rd, Ndola, Zambia",,,ndola,https://www.zambiayp.com/company/7871/Capital_Industrial_Chemicals_Limited,zambiayp.com
EQUICARE COMPANY LIMITED,"Insurance House, Ndola, Zambia",,,ndola,https://www.zambiayp.com/company/17975/EQUICARE_COMPANY_LIMITED,zambiayp.com
Mbizi Enterprises,"6003 Kopaland, Ndola, Zambia",,,ndola,https://www.zambiayp.com/company/19083/Mbizi_Enterprises,zambiayp.com
Mills Investments limited,"Room 208, 2nd Floor, Collet House, Buteko Avenue, Ndola, Zambia",,,ndola,https://www.zambiayp.com/company/17861/Mills_Investments_limited,zambiayp.com
Muzi High School,"Ndola, Zambia",,,ndola,https://www.zambiayp.com/company/7450/Muzi_High_School,zambiayp.com
Mwila Innovations,"23 Boundary Road Norhrise, Ndola, Zambia",,,ndola,https://www.zambiayp.com/company/17971/Mwila_Innovations,zambiayp.com
Chemplus Zambia Limited,"3792 Chinyama Cresent, Itawa, Ndola, Zambia",,,ndola,https://www.zambiayp.com/company/16269/Chemplus_Zambia_Limited,zambiayp.com
Elyon tech,"27 kopa road, Ndola, Zambia",,,ndola,https://www.zambiayp.com/company/17321/elyon_tech,zambiayp.com
Threnely General Dealers,"2002 Pamodzi , Ndola, Zambia",,,ndola,https://www.zambiayp.com/company/18377/Threnely_General_Dealers,zambiayp.com
Truddies Primary School,"4552 Pamodzi Rd, Ndola, Zambia",,,ndola,https://www.zambiayp.com/company/18471/Truddies_Primary_School,zambiayp.com
Airlink Zambia,"Ndola, Zambia",,,ndola,https://www.zambiayp.com/company/902/Airlink_Zambia,zambiayp.com
Bank Of Zambia,"Bank of Zambia Bank RO Buteko Avenue, P.O.Box 71511, Ndola",,,ndola,https://www.zambiayp.com/company/7172/Bank_Of_Zambia,zambiayp.com
CROSSNET SOLUTIONS LIMITED,"PLOT 39, BUTEKO AVENUE, SUITE 308, 3RD FLOOR COLLET HOUSE, Ndola, Zambia",,,ndola,https://www.zambiayp.com/company/17328/CROSSNET_SOLUTIONS_LIMITED,zambiayp.com
D.E.I.S. RADIO TELECOMM LTD,"48, Petauke Cr., Ndola, Zambia",,,ndola,https://www.zambiayp.com/company/15564/DEIS_RADIO_TELECOMM_LIMITED,zambiayp.com
Red Pixels,"112 Light Industrial Area, Ndola, Zambia",,,ndola,https://www.zambiayp.com/company/19025/Red_Pixels,zambiayp.com
Zambia Forestry & Forest Industries,"J7QG+67G, Lusaka, Ndola, Zambia",,,ndola,https://www.zambiayp.com/company/19311/Zambia_Forestry_Forest_Industries,zambiayp.com
Boart Longyear Zambia Limited,"Stand 1732 Zambia Rd, Skyways, P.O.Box 71557, Ndola",,,ndola,https://www.zambiayp.com/company/4293/Boart_Longyear_Zambia_Limited,zambiayp.com
Chilanga Cement Plc,"P.O.Box 71572, Ndola, Zambia",,,ndola,https://www.zambiayp.com/company/3715/Chilanga_Cement_Plc,zambiayp.com
Indo Zambia Bank Limited,"P.O.Box 73283, Ndola, Zambia",,,ndola,https://www.zambiayp.com/company/7156/Indo_Zambia_Bank_Limited,zambiayp.com
Mandona ARTS,"2024A ndeke extension, Ndola, Zambia",,,ndola,https://www.zambiayp.com/company/18717/Mandona_ARTS,zambiayp.com
Mukamala,"12 nawaitwika road, kasenshi, ndola., Zambia",,,ndola,https://www.zambiayp.com/company/17869/mukamala,zambiayp.com
Olympic Milling Cbt Ltd,"Bessemer Rd Heavy Industrial Area, P.O.Box 73727, Ndola, Zambia",,,ndola,https://www.zambiayp.com/company/1352/Olympic_Milling_Cbt_Ltd,zambiayp.com
Professional Insurance Corporation Zambia Ltd,"2 Finance Hse, President Ave, Ndola, Zambia",,,ndola,https://www.zambiayp.com/company/1244/Professional_Insurance_Corporation_Zambia_Ltd,zambiayp.com
Tazama Pipelines Limited,"4487 Moffat Road P.O Box 71651, Ndola, Zambia",,,ndola,https://www.zambiayp.com/company/1434/Tazama_Pipelines_Limited,zambiayp.com
Vision Hire Ltd,"Security Hse, Buteko Ave, P.O.Box 72006, Ndola, Zambia",,,ndola,https://www.zambiayp.com/company/1580/Vision_Hire_Ltd,zambiayp.com
V S Cargo Management Services,"44 Chintu Ave, North Rise, P.O.Box 240330, Ndola, Zambia",,,ndola,https://www.zambiayp.com/company/1816/V_S_Cargo_Management_Services,zambiayp.com
"Zambia ICT College, Zict College Courses, Intake, Online Registration","Zambia ICT college, Kalewa Road, Northrise, P.O Box 71601, Ndola",,,ndola,https://www.zambiayp.com/company/8292/Zambia_Information_and_Communications_Technology_College,zambiayp.com
Autoworld Limited,"President Ave, P.O.Box 240541, Ndola, Zambia",,,ndola,https://www.zambiayp.com/company/2591/Autoworld_Limited,zambiayp.com
Copiermate Business Systems Limited,"Plot 101, Petauke Crescent, Kansenshi, Ndola, Zambia",,,ndola,https://www.zambiayp.com/company/19164/Copiermate_Business_Systems_Limited,zambiayp.com
Hermes Electrical & Construction,"Plot 0155 depot road, town center, Ndola, Zambia",,,ndola,https://www.zambiayp.com/company/19169/Hermes_Electrical_Construction,zambiayp.com
kamiz,"Ndola, Zambia",,,ndola,https://www.zambiayp.com/company/19278/kamiz,zambiayp.com
POM,"31A Via  Casonetti, Ndola, Zambia",,,ndola,https://www.zambiayp.com/company/19413/POM,zambiayp.com
"Sakthi Veera Power Africa Limited, Zambia","4630 Jacaranda villa, Ndola, Ndola Copperbelt Province Zambia",,,ndola,https://www.zambiayp.com/company/19452/Sakthi_Veera_Power_Africa_Limited_Zambia,zambiayp.com
TalkNChat,"Ndola, Zambia",,,ndola,https://www.zambiayp.com/company/19292/TalkNChat,zambiayp.com
Ukusefya Events Management,"Chintu Road, Kansenshi,, Ndola, Zambia",,,ndola,https://www.zambiayp.com/company/17305/Ukusefya_Events_Management,zambiayp.com
Unirate Investments Ltd,"P.O.Box 240334, Ndola, Zambia",,,ndola,https://www.zambiayp.com/company/1076/Unirate_Investments_Ltd,zambiayp.com
Zambia Telecommunications Company Ltd,"Provident Hse, Moffat Rd, P.O.Box 71660, Ndola, Zambia",,,ndola,https://www.zambiayp.com/company/4922/Zambia_Telecommunications_Company_Ltd,zambiayp.com
Fatmols Executive Lodges Ltd,"2 Sekela rd, Kansenshi, Ndola, Zambia",,,ndola,https://www.zambiayp.com/company/258/Fatmols_Executive_Lodges_Ltd,zambiayp.com
Flamin'touch,"Ndola, Copperbelt, Zambia",,,ndola,https://www.zambiayp.com/company/19064/Flamintouch,zambiayp.com
GS Suppliers and General Dealers,"1135 kabushi, Ndola, Zambia",,,ndola,https://www.zambiayp.com/company/18410/Gs_suppliers_and_General_dealers,zambiayp.com
MELOPA MACHINE OPERATOR TRAINING,"114 INSURANCE BUIDING , Ndola, Zambia",,,ndola,https://www.zambiayp.com/company/17616/MELOPA_MACHINE_OPERATOR_TRAINING,zambiayp.com
M7 PRO,"Twapia, Ndola, Zambia",,,ndola,https://www.zambiayp.com/company/18151/M7_PRO,zambiayp.com
Ndola General Dealers,"F3 Vitanda St, P.O.Box 70043, Ndola, Zambia",,,ndola,https://www.zambiayp.com/company/6518/Ndola_General_Dealers,zambiayp.com
Ndola Golf Club,"Box 70154, Ndola, Zambia",,,ndola,https://www.zambiayp.com/company/13292/Ndola_Golf_Club,zambiayp.com
Neelkanth Cables,"Plot No. 1263/m Masaiti Area, Chilengwa Road, Ndola, Zambia",,,ndola,https://www.zambiayp.com/company/18733/Neelkanth_Cables,zambiayp.com
Ox Drilling,"Plot 5461 Tinde Close Skyways Industrial Area, Ndola, Zambia",,,ndola,https://www.zambiayp.com/company/6937/Ox_Drilling,zambiayp.com
Proflight Zambia,"Main Concourse International Airport, Ndola, Zambia",,,ndola,https://www.zambiayp.com/company/914/Proflight_Zambia,zambiayp.com
Studio Rêves,"Ndola, Zambia",,,ndola,https://www.zambiayp.com/company/19372/Studio_Rêves,zambiayp.com
Unity Packages Ltd,"3292 Ulengo Rd, Industrial Area, P.O.Box 71697, Ndola, Zambia",,,ndola,https://www.zambiayp.com/company/3969/Unity_Packages_Ltd,zambiayp.com
Vitafro Limited,"Plot 5161, Chimwemwe Rd, P.O.Box 71767, Ndola, Zambia",,,ndola,https://www.zambiayp.com/company/3833/Vitafro_Limited,zambiayp.com
Concrete Blocks & Bricks,"Box 71671, Building Blocks, Ndola, Zambia",,,ndola,https://www.zambiayp.com/company/13030/Concrete_Blocks_Bricks,zambiayp.com
Dragon Construction,"T3, ZM Ndola Plot 5220, Mini Mart, Zambia",,,ndola,https://www.zambiayp.com/company/19137/Dragon_Construction,zambiayp.com
Fabricar Ltd,"Plot 509 President Ave North, P.O.Box 70182, Ndola, Zambia",,,ndola,https://www.zambiayp.com/company/2483/Fabricar_Ltd,zambiayp.com
GRADS INVESTMENT LIMITED,"Office Number 23 First Floor, Insurance House , Town Center, Ndola, Zambia",,,ndola,https://www.zambiayp.com/company/18420/GRADS_INVESTMENT_LIMITED,zambiayp.com
Indeni Petroleum Refinery Co Ltd,"Mafuta Rd, Bwanamkubwa Area, P.O.Box 71869, Ndola, Zambia",,,ndola,https://www.zambiayp.com/company/1428/Indeni_Petroleum_Refinery_Co_Ltd,zambiayp.com
Kumbali Lodge,"Chibwe Cres Kansenshi, Ndola, Zambia",,,ndola,https://www.zambiayp.com/company/353/Kumbali_Lodge,zambiayp.com
Spades Bar & Grill,"Plot C19 Vitanda Street, Ndola, Zambia",,,ndola,https://www.zambiayp.com/company/16228/Spades_Bar_Grill,zambiayp.com
Times Printpak Zambia Limited,"P.O.Box 70069, Ndola, Zambia",,,ndola,https://www.zambiayp.com/company/6069/Times_Printpak_Zambia_Limited,zambiayp.com
Zambia Postal Services Ltd (Zampost),"Ndola, Zambia",,,ndola,https://www.zambiayp.com/company/2196/Zambia_Postal_Services_Ltd_Zampost,zambiayp.com
Madison Insurance Co,"Ndola, Zambia",,,ndola,https://www.zambiayp.com/company/5789/Madison_Insurance_Co,zambiayp.com
Micmar Investments Ltd,"Plot 18 President Av. P.O. Box 71629, Ndola, Zambia",,,ndola,https://www.zambiayp.com/company/5489/Micmar_Investments_Ltd,zambiayp.com
Zambia National Commercial Bank Ltd - Ndola Business Centre Branch,"President Ave, P.O.Box 71679, Ndola, Zambia",,,ndola,https://www.zambiayp.com/company/7053/Zambia_National_Commercial_Bank_LtdNdola_Business_Centre_Branch,zambiayp.com
Ashwas Industries Ltd,"Arusha St, North Rise, P.O.Box 73278, Ndola, Zambia",,,ndola,https://www.zambiayp.com/company/7139/Ashwas_Industries_Ltd,zambiayp.com
Beverley eye clinic,"Ndola, Zambia",,,ndola,https://www.zambiayp.com/company/13719/Beverley_eye_clinic,zambiayp.com
Challenge Stationers Limited,"1723 Buteko Ave, P.O.Box 70264, Ndola, Zambia",,,ndola,https://www.zambiayp.com/company/4458/Challenge_Stationers_Limited,zambiayp.com
Fatmols,"2 Sekela Rd, Kansenshi, Ndola, Zambia",,,ndola,https://www.zambiayp.com/company/188/Fatmols,zambiayp.com
Lana Academy,"6 Luneta Street, Northrise, Ndola, Zambia",,,ndola,https://www.zambiayp.com/company/18014/Lana_Academy,zambiayp.com
Merco (1971) Ltd,"Plot 1251, Lufunsa Ave, P.O.Box 71229, Ndola, Zambia",,,ndola,https://www.zambiayp.com/company/4215/Merco_1971_Ltd,zambiayp.com
Mupapa Adventist Secondary School,"P.O. Box 70708, Ndola, Zambia",,,ndola,https://www.zambiayp.com/company/7417/Mupapa_Adventist_Secondary_School,zambiayp.com
Shoprite - Ndola,"Plot 91, President Avenue, Ndola, Zambia",,,ndola,https://www.zambiayp.com/company/3462/ShopriteNdola,zambiayp.com
Tagfly Computer Solutions,"20 Cross Crescent, Kansenshi, Ndola, Zambia",,,ndola,https://www.zambiayp.com/company/18507/Tagfly_Computer_Solutions,zambiayp.com
Advance Diagnostic Center Ltd.,"3 Lualaba Road , Kanshenshi , Ndola, Zambia",,,ndola,https://www.zambiayp.com/company/17319/Advance_Diagnostic_Center_Ltd,zambiayp.com
Boart Longyear,"P.O.Box 71557, Ndola, Zambia",,,ndola,https://www.zambiayp.com/company/7888/Boart_Longyear,zambiayp.com
Cargo Management & Logistics (zambia) Ltd,"Plot 3801 Rd, P.O.Box 71654, Ndola, Zambia",,,ndola,https://www.zambiayp.com/company/5749/Cargo_Management_Logistics_zambia_Ltd,zambiayp.com
Chimanga Changa Limited,"Chimwemwe Rd, Ndola, Zambia",,,ndola,https://www.zambiayp.com/company/4195/Chimanga_Changa_Limited,zambiayp.com
Eminence Group (Z) Ltd,"Suite 216,2nd Floor mpelembe house Ndola, Zambia",,,ndola,https://www.zambiayp.com/company/17749/Eminence_Group_Z_Ltd,zambiayp.com
Environmental Council Of Zambia,"Jacaranda Rd, P.O.Box 71302, Ndola, Zambia",,,ndola,https://www.zambiayp.com/company/6342/Environmental_Council_Of_Zambia,zambiayp.com
Kemuz Educational Institute,"President Ave, P.O.Box 72488, Ndola, Zambia",,,ndola,https://www.zambiayp.com/company/7375/Kemuz_Educational_Institute,zambiayp.com
LeadCap Ventures Central Africa Franchise Ltd,"Suit 25, Compenstion House Ndola, Copperbelt, Zambia",,,ndola,https://www.zambiayp.com/company/16262/LeadCap_Ventures_Central_Africa_Franchise_Ltd,zambiayp.com
Northrise University,"Main campus, 30029 Kitwe-Ndola Highway, Zambia",,,ndola,https://www.zambiayp.com/company/15085/Northrise_University,zambiayp.com
Turtle Blinds,"Plot N7/N8, President Ave, Ndola, Zambia",,,ndola,https://www.zambiayp.com/company/6450/Turtle_Blinds,zambiayp.com
ZAMBEZI PAPER MILLS LTD,"Plot 4087/5/6/7, Mushili Road, Industrial Area Ndola, Zambia",,,ndola,https://www.zambiayp.com/company/15933/ZAMBEZI_PAPER_MILLS_LTD,zambiayp.com
Aaran Construction & Transport Ltd,"No 3 Laneway Rd, Town Centre, Ndola, Zambia",,,ndola,https://www.zambiayp.com/company/4810/Aaran_Construction_Transport_Ltd,zambiayp.com
Pat Impex,"Po Box 5, Ndola, Zambia",,,ndola,https://www.zambiayp.com/company/16203/Pat_Impex,zambiayp.com
RECORD ENGINEERING LTD,"PLOT NO:1745, NAKAMBALA ROAD, Ndola, Zambia",,,ndola,https://www.zambiayp.com/company/3209/Record_Engineering_Limited,zambiayp.com
Snupify,"Ndola, Zambia",,,ndola,https://www.zambiayp.com/company/19362/Snupify,zambiayp.com
G Rutherford Outdoor Advertising,"Trinity Hse, Buteko Ave, P.O.Box 70736, Ndola, Zambia",,,ndola,https://www.zambiayp.com/company/867/G_Rutherford_Outdoor_Advertising,zambiayp.com
Healton Clinic Dr Dm Tailor,"P.O.Box 70738, Ndola, Zambia",,,ndola,https://www.zambiayp.com/company/7675/Healton_Clinic_Dr_Dm_Tailor,zambiayp.com
Jabulani Furniture,"Ndola, Zambia",,,ndola,https://www.zambiayp.com/company/19356/Jabulani_Furniture,zambiayp.com
Kinsa Lodge,"Plot 24, Petauke Cres, Kansenji, Ndola, Zambia",,,ndola,https://www.zambiayp.com/company/274/Kinsa_Lodge,zambiayp.com
Lubuto,"Box 71578, c/belt Province, Ndola, Zambia",,,ndola,https://www.zambiayp.com/company/9150/Lubuto,zambiayp.com
Masala Secondary School,"Luombe Rd, Ndola, Zambia",,,ndola,https://www.zambiayp.com/company/7556/Masala_Secondary_School,zambiayp.com
Protea Hotel by Marriott Ndola,"Ndola / Kitwe Dual Carriage Way, Zambia",,,ndola,https://www.zambiayp.com/company/17754/Protea_Hotel_by_Marriott_Ndola,zambiayp.com
Sathya Sai School,"P.O.Box 72573, Ndola, Zambia",,,ndola,https://www.zambiayp.com/company/7389/Sathya_Sai_School,zambiayp.com
Zambia State Insurance Corporation Limited The,"Mpendwa Hse, President Ave, P.O.Box 290036, Ndola, Zambia",,,ndola,https://www.zambiayp.com/company/1297/Zambia_State_Insurance_Corporation_Limited_The,zambiayp.com
Zanji Lodge Limited,"10 Tusha Street, Broadway Road, P.O. Box: 72088, Ndola, Zambia",,,ndola,https://www.zambiayp.com/company/303/Zanji_Lodge_Limited,zambiayp.com
Bank Abc Microfin,"Plot 1101 Bangala Hse, Buteko Ave, P.O.Box 240544, Ndola, Zambia",,,ndola,https://www.zambiayp.com/company/7246/Bank_Abc_Microfin,zambiayp.com
Canon Office Equipment & Supplies (photocopy And Office Machines Ltd),"Plot 22/23, Buteko Ave South, P.O.Box 70879, Ndola, Zambia",,,ndola,https://www.zambiayp.com/company/5191/Canon_Office_Equipment_Supplies_photocopy_And_Office_Machines_Ltd,zambiayp.com
Coastal Hire,"16 Arusha Street, Ndola, Zambia",,,ndola,https://www.zambiayp.com/company/17049/Coastal_Hire,zambiayp.com
Ellisam Brothers Ltd,"P.O.Box 25675, Ndola, Zambia",,,ndola,https://www.zambiayp.com/company/6855/Ellisam_Brothers_Ltd,zambiayp.com
Express Insurance Brokers Limited,"Bharat Bldg Vitanda St, P.O.Box 70185, Ndola, Zambia",,,ndola,https://www.zambiayp.com/company/5824/Express_Insurance_Brokers_Limited,zambiayp.com
Michelangelo Cafem- Luxury Accommodation,"Plot 126, Broadway Rd, P.O.Box 70447, Ndola, Zambia",,,ndola,https://www.zambiayp.com/company/135/Michelangelo_CafemLuxury_Accommodation,zambiayp.com
Spectra Oil Corporation Ltd,"Bwana Mkubwa, Mafuta Road, Ndola, Zambia",,,ndola,https://www.zambiayp.com/company/1455/Spectra_Oil_Corporation_Ltd,zambiayp.com
Barclays Bank Zambia Plc,"President Ave, Ndola, Zambia",,,ndola,https://www.zambiayp.com/company/7123/Barclays_Bank_Zambia_Plc,zambiayp.com
Cactus Financial Services Limited,"Ndola, Zambia",,,ndola,https://www.zambiayp.com/company/1027/Cactus_Financial_Services_Limited,zambiayp.com
D H L International (z) Ltd,"Canada Hse, President Ave, P.O.Box 240031, Ndola, Zambia",,,ndola,https://www.zambiayp.com/company/1748/D_H_L_International_z_Ltd,zambiayp.com
Fatima Girl's Secondary School,"P.O.Box 71724, Ndola, Zambia",,,ndola,https://www.zambiayp.com/company/7392/Fatima_Girls_Secondary_School,zambiayp.com
First Quantum Mining And Operations Limited,"P.O.Box 71785, Ndola, Zambia",,,ndola,https://www.zambiayp.com/company/1380/First_Quantum_Mining_And_Operations_Limited,zambiayp.com
Fran Car Hire Limited,"Ndola International Airport, Zambia",,,ndola,https://www.zambiayp.com/company/17519/Fran_Car_Hire_Limited,zambiayp.com
Guap Pay,"Ndola, Zambia",,,ndola,https://www.zambiayp.com/company/19343/Guap_Pay,zambiayp.com
Mukuyu Camp,"Nsobe Game Camp, Miengwe, Ndola, Zambia",,,ndola,https://www.zambiayp.com/company/16809/Mukuyu_Camp,zambiayp.com
Nampak Zambia Limited,"P.O.Box 71564, Ndola, Zambia",,,ndola,https://www.zambiayp.com/company/5369/Nampak_Zambia_Limited,zambiayp.com
Northern Breweries,"Ndola, Zambia",,,ndola,https://www.zambiayp.com/company/13020/Northern_Breweries,zambiayp.com
Zambia Postal Services Corporation - Headquarters,"Provident Hse Cnr Broadway & Moffat Rds, P.O.Box 71845, Ndola, Zambia",,,ndola,https://www.zambiayp.com/company/2177/Zambia_Postal_Services_CorporationHeadquarters,zambiayp.com
Zamned Timber Trading Limited,"Masala, Ndola , Zambia",,,ndola,https://www.zambiayp.com/company/17767/Zamned_Timber_Trading_Limited,zambiayp.com
A ONE DISTRIBUTORS LTD,"Marconi Crescent, Light Industrial Area, Ndola, Zambia",,,ndola,https://www.zambiayp.com/company/16195/A_ONE_DISTRIBUTORS_LTD,zambiayp.com
Bridge Shipping (z) Ltd,"P.O.Box 230117, Ndola, Zambia",,,ndola,https://www.zambiayp.com/company/1495/Bridge_Shipping_z_Ltd,zambiayp.com
Bwana Mkubwa Mining Ltd,"XM9R+RC2, Ndola, Zambia",,,ndola,https://www.zambiayp.com/company/1411/Bwana_Mkubwa_Mining_Ltd,zambiayp.com
Chiwala Secondary School,"Chiwala Rd, Ndola, Zambia",,,ndola,https://www.zambiayp.com/company/7482/Chiwala_Secondary_School,zambiayp.com
DHL International  (Z) LTD,"Box 240031, Ndola, Zambia",,,ndola,https://www.zambiayp.com/company/13495/DHL_International_Z_LTD,zambiayp.com
Dominican Convent Sec School,"Broadway, P.O.Box 70235, Ndola, Zambia",,,ndola,https://www.zambiayp.com/company/7410/Dominican_Convent_Sec_School,zambiayp.com
EK BEARINGS HYDRAULICS AND ENGINEERING,"22 Fransen Street Chamdor South africa, Ndola, Zambia",,,ndola,https://www.zambiayp.com/company/17316/EK_BEARINGS_HYDRAULICS_AND_ENGINEERING,zambiayp.com
Henry Makulu House,"Yembe Avenue, Box 70296, Ndola, Zambia",,,ndola,https://www.zambiayp.com/company/14362/Henry_Makulu_House,zambiayp.com
Kafubu Inn,"Ndola, Zambia",,,ndola,https://www.zambiayp.com/company/661/Kafubu_Inn,zambiayp.com
New Masala Clinic,"Ndola, Zambia",,,ndola,https://www.zambiayp.com/company/7717/New_Masala_Clinic,zambiayp.com
Pat-joy Security Services Ltd,"Plot No. 9523, Light Industrial Area, Kabwe/Skyways Roundabout,P.O Box 70968,Ndola,Zambia.",,,ndola,https://www.zambiayp.com/company/2312/Patjoy_Security,zambiayp.com
Sunbird Optician Limited,"Ndola, Zambia",,,ndola,https://www.zambiayp.com/company/7822/Sunbird_Optician_Limited,zambiayp.com
Zamm Imports,"Ndola, Zambia",,,ndola,https://www.zambiayp.com/company/5689/Zamm_Imports,zambiayp.com
Zesco Training Centre(Ndola),"Ndola, Zambia",,,ndola,https://www.zambiayp.com/company/8304/Zesco_Training_Centrendola,zambiayp.com
Amerex Fire Equipment,"Shop No 1 Vitanda Rd, Ndola, Zambia",,,ndola,https://www.zambiayp.com/company/5145/Amerex_Fire_Equipment,zambiayp.com
Fedex,"Plot 1, Cnr. Shinde Rd & Broadway, Ndola, Zambia",,,ndola,https://www.zambiayp.com/company/1766/Fedex,zambiayp.com
Gloria Knitting Co Ltd,"Plot H1, Arusha St, North Rise, P.O.Box 30799, Ndola, Zambia",,,ndola,https://www.zambiayp.com/company/4103/Gloria_Knitting_Co_Ltd,zambiayp.com
Joe's Earthworks & Mining Ltd,"5028 President Ave North End, P.O.Box 71671, Ndola, Zambia",,,ndola,https://www.zambiayp.com/company/6431/Joes_Earthworks_Mining_Ltd,zambiayp.com
Juba Transport Limited,"Ndola, Zambia",,,ndola,https://www.zambiayp.com/company/5309/Juba_Transport_Limited,zambiayp.com
Larco Systems Ltd,"Plot 5028 President Ave North End, P.O.Box 71671, Ndola, Zambia",,,ndola,https://www.zambiayp.com/company/4525/Larco_Systems_Ltd,zambiayp.com
Matutu & Co,"Plot 5 President Ave, Town Centre, P.O.Box 240239, Ndola, Zambia",,,ndola,https://www.zambiayp.com/company/6286/Matutu_Co,zambiayp.com
Polite Car Hire Ltd,"P.O.Box 73435, Ndola, Zambia",,,ndola,https://www.zambiayp.com/company/799/Polite_Car_Hire_Ltd,zambiayp.com
Pyramid Brushware (1973) Ltd,"Plot 4710 Marconi Close, P.O.Box 71689, Ndola, Zambia",,,ndola,https://www.zambiayp.com/company/3676/Pyramid_Brushware_1973_Ltd,zambiayp.com
Raven Design Associates,"P.O.Box 240289, Ndola, Zambia",,,ndola,https://www.zambiayp.com/company/7306/Raven_Design_Associates,zambiayp.com
Ronbeat Investments Ltd,"80 Namboard Hse Buteko Ave, Town Centre, P.O.Box 72116, Ndola, Zambia",,,ndola,https://www.zambiayp.com/company/1056/Ronbeat_Investments_Ltd,zambiayp.com
Setanga Investments Ltd,"Chikumbi Hse Broadway Rd, Ndola, Zambia",,,ndola,https://www.zambiayp.com/company/5578/Setanga_Investments_Ltd,zambiayp.com
Sterling Travel Centre,"1 shinde street ndola, Zambia",,,ndola,https://www.zambiayp.com/company/797/Sterling_Travel_Centre,zambiayp.com
The Palace Hotel,"Vitanda St, P.O.Box 71063, Ndola, Zambia",,,ndola,https://www.zambiayp.com/company/5/The_Palace_Hotel,zambiayp.com
Vitretex Paints Ltd,"Zambia Rd, Industrial Area, P.O.Box 70207, Ndola",,,ndola,https://www.zambiayp.com/company/3999/Vitretex_Paints_Ltd,zambiayp.com
Abha Patel & Associates,"Capital Hse, Buteko Ave, P.O.Box 240351, Ndola, Zambia",,,ndola,https://www.zambiayp.com/company/7639/Abha_Patel_Associates,zambiayp.com
Adriatic Transport Ltd,"P.O.Box 72245, Ndola, Zambia",,,ndola,https://www.zambiayp.com/company/6986/Adriatic_Transport_Ltd,zambiayp.com
Agip (zambia) Ltd,"Plot 415 b Kavu Rd Bwana Mkubwa Area, P.O.Box 70371, Ndola, Zambia",,,ndola,https://www.zambiayp.com/company/1424/Agip_zambia_Ltd,zambiayp.com
Anthony Associates,"President Ave, P.O.Box 71184, Ndola, Zambia",,,ndola,https://www.zambiayp.com/company/7648/Anthony_Associates,zambiayp.com
Art Engineering (1971) Limited,"Plot 3538, Nakambala Cres, Industrial Area, P.O.Box 71260, Ndola, Zambia",,,ndola,https://www.zambiayp.com/company/3841/Art_Engineering_1971_Limited,zambiayp.com
Black Bull Lodge,"P.O.Box 72090, Ndola, Zambia",,,ndola,https://www.zambiayp.com/company/296/Black_Bull_Lodge,zambiayp.com
Bridge Shipping Zambia,"Ndola, Zambia",,,ndola,https://www.zambiayp.com/company/1952/Bridge_Shipping_Zambia,zambiayp.com
Briking Limited (kansenji Chemist),"Cosdown Hse, Kwacha Rd, Chifuba, P.O.Box 240342, Ndola, Zambia",,,ndola,https://www.zambiayp.com/company/7739/Briking_Limited_kansenji_Chemist,zambiayp.com
Caltex Oil Zambia Ltd,"Ndola, Zambia",,,ndola,https://www.zambiayp.com/company/1427/Caltex_Oil_Zambia_Ltd,zambiayp.com
Cemen Limited,"Dorcas Hse Buteko Ave Town Ctr, P.O.Box 71389, Ndola, Zambia",,,ndola,https://www.zambiayp.com/company/4473/Cemen_Limited,zambiayp.com
Cetzam Financial Services Limited,"Plot 18 Arusha St, P.O.Box 71956, Ndola, Zambia",,,ndola,https://www.zambiayp.com/company/2000/Cetzam_Financial_Services_Limited,zambiayp.com
Chibwende Restaurant,"Plot 551, President Ave, Ndola, Zambia",,,ndola,https://www.zambiayp.com/company/374/Chibwende_Restaurant,zambiayp.com
Coates Brothers Zambia Ltd,"Ulengo Rd, Industrial Area, P.O.Box 230025, Ndola, Zambia",,,ndola,https://www.zambiayp.com/company/3838/Coates_Brothers_Zambia_Ltd,zambiayp.com
Copperbelt Shoes Ltd,"Cnr. Matipa St & Nakambala Rd, Industrial Area, P.O.Box 71644, Ndola, Zambia",,,ndola,https://www.zambiayp.com/company/3819/Copperbelt_Shoes_Ltd,zambiayp.com
Cummins,"P.O.Box 71501, Ndola, Zambia",,,ndola,https://www.zambiayp.com/company/7875/Cummins,zambiayp.com
Dana Services Limited,"Nakambala Rd, Heavy Ind Area, P.O.Box 71848, Ndola, Zambia",,,ndola,https://www.zambiayp.com/company/5091/Dana_Services_Limited,zambiayp.com
Drill Africa,"Plot 917 Kabompo Rd, P.O.Box 71060, Ndola, Zambia",,,ndola,https://www.zambiayp.com/company/6930/Drill_Africa,zambiayp.com
Elite Insurance Brokers Ltd,"P.O.Box 71590, Ndola, Zambia",,,ndola,https://www.zambiayp.com/company/5846/Elite_Insurance_Brokers_Ltd,zambiayp.com
Fire Prevention Ltd,"President Ave, P.O.Box 70553, Ndola, Zambia",,,ndola,https://www.zambiayp.com/company/5131/Fire_Prevention_Ltd,zambiayp.com
Goldman Insurance Ltd,"Mulasikwanda Hse Cnr President Ave & Kaunda Dve, P.O.Box 70236, Ndola, Zambia",,,ndola,https://www.zambiayp.com/company/1248/Goldman_Insurance_Ltd,zambiayp.com
Guardian Insurance Brokers Ltd,"Collect Hse, Buteko Ave, P.O.Box 70217, Ndola, Zambia",,,ndola,https://www.zambiayp.com/company/5808/Guardian_Insurance_Brokers_Ltd,zambiayp.com
Industrial Credit Company Limited (registered Financial Institution),"44 Buteko Ave, P.O.Box 70742, Ndola, Zambia",,,ndola,https://www.zambiayp.com/company/986/Industrial_Credit_Company_Limited_registered_Financial_Institution,zambiayp.com
Insaka Press Publishers Co Ltd,"Shop No 1 Nordesia Hse Buteko Ave, Ndola, Zambia",,,ndola,https://www.zambiayp.com/company/6082/Insaka_Press_Publishers_Co_Ltd,zambiayp.com
Interair South Africa in Zambia,"Africa House, Buteko Avenue, Ndola, Zambia",,,ndola,https://www.zambiayp.com/company/16880/Interair_South_Africa_in_Zambia,zambiayp.com
Jayhind Packages Limited,"Chisokone Ave, P.O.Box 71129, Ndola, Zambia",,,ndola,https://www.zambiayp.com/company/3964/Jayhind_Packages_Limited,zambiayp.com
Just Travel Tours & Car Hire,"Ndola Airport, Zambia",,,ndola,https://www.zambiayp.com/company/1623/Just_Travel_Tours_Car_Hire,zambiayp.com
Just Travel Tours And Car Hire,"Ndola Airport, Zambia",,,ndola,https://www.zambiayp.com/company/1625/Just_Travel_Tours_And_Car_Hire,zambiayp.com
Kabuka J And Company,"Mpelembe Hse Broadway, P.O.Box 240440, Ndola, Zambia",,,ndola,https://www.zambiayp.com/company/7831/Kabuka_J_And_Company,zambiayp.com
Kanini Guest House,"P.O.Box 70414, Ndola, Zambia",,,ndola,https://www.zambiayp.com/company/3579/Kanini_Guest_House,zambiayp.com
Leasing Finance Co Ltd,"Finance Hse, President Ave, P.O.Box 72543, Ndola, Zambia",,,ndola,https://www.zambiayp.com/company/1322/Leasing_Finance_Co_Ltd,zambiayp.com
Lion Roofing Tiles,"President Ave North End, P.O.Box 71671, Ndola, Zambia",,,ndola,https://www.zambiayp.com/company/6895/Lion_Roofing_Tiles,zambiayp.com
Lynx Zambia Ltd,"28 Shinde Street, P.O. Box: 70908, Ndola, Zambia",,,ndola,https://www.zambiayp.com/company/3842/Lynx_Zambia_Ltd,zambiayp.com
Malar Industries Limited,"94 President Ave, P.O.Box 71885, Ndola, Zambia",,,ndola,https://www.zambiayp.com/company/3822/Malar_Industries_Limited,zambiayp.com
Matibini Lm & Company,"Collet Hse, Buteko Ave, P.O.Box 71568, Ndola, Zambia",,,ndola,https://www.zambiayp.com/company/7838/Matibini_Lm_Company,zambiayp.com
M C F I Int (z) Ltd,"Ndola, Zambia",,,ndola,https://www.zambiayp.com/company/3710/M_C_F_I_Int_z_Ltd,zambiayp.com
Millenium Importers & Logistics Ltd,"Plot 0376 Makoli Ave, Town Centre, P.O.Box 240111, Ndola, Zambia",,,ndola,https://www.zambiayp.com/company/5333/Millenium_Importers_Logistics_Ltd,zambiayp.com
Mirza Auto Spares And General Engineering Services,"P.O.Box 72600, Ndola, Zambia",,,ndola,https://www.zambiayp.com/company/2585/Mirza_Auto_Spares_And_General_Engineering_Services,zambiayp.com
M K Landscape Art & Designs,"Southview Close Plot 3202 Northrise, P.O.Box 70168, Ndola, Zambia",,,ndola,https://www.zambiayp.com/company/5948/M_K_Landscape_Art_Designs,zambiayp.com
Mobil Oil (zambia),"P.O.Box 70222, Ndola, Zambia",,,ndola,https://www.zambiayp.com/company/1430/Mobil_Oil_zambia,zambiayp.com
Moores Rowland,"Compensation Hse, Broadway, P.O.Box 70998, Ndola, Zambia",,,ndola,https://www.zambiayp.com/company/6304/Moores_Rowland,zambiayp.com
M S M Legal Practitioners,"Chaslen Hse, Buteko Ave, P.O.Box 71322, Ndola, Zambia",,,ndola,https://www.zambiayp.com/company/7642/M_S_M_Legal_Practitioners,zambiayp.com
Mukuba Textiles Limited,"Zambia Rd, Industrial Area, P.O.Box 70358, Ndola",,,ndola,https://www.zambiayp.com/company/4100/Mukuba_Textiles_Limited,zambiayp.com
National Legal Aid Clinic For Women,"Mapanza No. 9 Town Centre, Ndola, Zambia",,,ndola,https://www.zambiayp.com/company/7697/National_Legal_Aid_Clinic_For_Women,zambiayp.com
Ndola Commercial Trading Company,"77 President Ave Town Ctr, P.O.Box 71852, Ndola, Zambia",,,ndola,https://www.zambiayp.com/company/2917/Ndola_Commercial_Trading_Company,zambiayp.com
Ndola Stationers Ltd,"Ndola, Zambia",,,ndola,https://www.zambiayp.com/company/4093/Ndola_Stationers_Ltd,zambiayp.com
Ndola Chemists Ltd,"346 Blantyre Rd, P.O.Box 70983, Ndola, Zambia",,,ndola,https://www.zambiayp.com/company/7734/Ndola_Chemists_Ltd,zambiayp.com
Optical Centre Ltd,"Chalsten Hse Buteko Ave, P.O.Box 72230, Ndola, Zambia",,,ndola,https://www.zambiayp.com/company/7816/Optical_Centre_Ltd,zambiayp.com
Pharmanova (zambia) Limited,"3282 Mushili Rd, Heavy Ind Sites, P.O.Box 71555, Ndola, Zambia",,,ndola,https://www.zambiayp.com/company/3987/Pharmanova_zambia_Limited,zambiayp.com
Phoenix Electrical,"Cnr. President Ave & Maina Soko Ave, Ndola, Zambia",,,ndola,https://www.zambiayp.com/company/5037/Phoenix_Electrical,zambiayp.com
Polytra Transport Engineering & Consulting,"Falcon House Lufunsa Rd, Ndola, Zambia",,,ndola,https://www.zambiayp.com/company/4695/Polytra_Transport_Engineering_Consulting,zambiayp.com
Professional Services Ltd,"Plot 103 Finance Hse, President Ave, P.O.Box 70238, Ndola, Zambia",,,ndola,https://www.zambiayp.com/company/5937/Professional_Services_Ltd,zambiayp.com
Rekay's Farming And Building Supplies Ltd,"11 President Ave, P.O.Box 240183, Ndola, Zambia",,,ndola,https://www.zambiayp.com/company/5452/Rekays_Farming_And_Building_Supplies_Ltd,zambiayp.com
Royal Travel & Tours Ltd,"P.O.Box 71853, Ndola, Zambia",,,ndola,https://www.zambiayp.com/company/751/Royal_Travel_Tours_Ltd,zambiayp.com
Rutherford G Outdoor Advertising,"Buteko Ave, P.O.Box 70736, Ndola, Zambia",,,ndola,https://www.zambiayp.com/company/846/Rutherford_G_Outdoor_Advertising,zambiayp.com
Sara Lee Household And Bodycare Zambia Limited,"1318 Lukasu Rd, Industrial Area, P.O.Box 71593, Ndola, Zambia",,,ndola,https://www.zambiayp.com/company/4064/Sara_Lee_Household_And_Bodycare_Zambia_Limited,zambiayp.com
Shamilimo Lodge,"Great North, Ndola Road, P.O.Box 71046, Zambia",,,ndola,https://www.zambiayp.com/company/273/Shamilimo_Lodge,zambiayp.com
Sonjay Limited T/a Your Chemist,"P.O.Box 72048, Ndola, Zambia",,,ndola,https://www.zambiayp.com/company/7751/Sonjay_Limited_Ta_Your_Chemist,zambiayp.com
Spoornet,"Zambia Railways Bldg President Ave North, P.O.Box 240329, Ndola",,,ndola,https://www.zambiayp.com/company/1921/Spoornet,zambiayp.com
Status Hi-tech,"Plot E9 / E10 Vitanda St, Ndola, Zambia",,,ndola,https://www.zambiayp.com/company/5144/Status_Hi_tech,zambiayp.com
St Andrews High School,"Kampala Rd,P.O.Box 70408, Ndola, Zambia",,,ndola,https://www.zambiayp.com/company/7388/St_Andrews_High_School,zambiayp.com
Steve Blagus Ltd,"32b President Ave, Town Centre, P.O.Box 71474, Ndola, Zambia",,,ndola,https://www.zambiayp.com/company/775/Steve_Blagus_Ltd,zambiayp.com
Suban Petroleum Zambia Limited,"Plot No 415/55/1 Kavu Rd Makubwa Area, P.O.Box 73119, Ndola, Zambia",,,ndola,https://www.zambiayp.com/company/1477/Suban_Petroleum_Zambia_Limited,zambiayp.com
Sundowner Investment Ltd,"E16, Arusha St, North Rise, P.O.Box 71442, Ndola, Zambia",,,ndola,https://www.zambiayp.com/company/621/Sundowner_Investment_Ltd,zambiayp.com
Sundat Motor Sales,"BP Service Station Cnr of Broadway & Shinde St, Ndola, Zambia",,,ndola,https://www.zambiayp.com/company/2507/Sundat_Motor_Sales,zambiayp.com
Swarp Limited,"Ndola, Zambia",,,ndola,https://www.zambiayp.com/company/4063/Swarp_Limited,zambiayp.com
Swarp Spinning Mills Plc,"Nakambala Rd, Industrial Area, P.O.Box 71846, Ndola, Zambia",,,ndola,https://www.zambiayp.com/company/4104/Swarp_Spinning_Mills_Plc,zambiayp.com
The Palm Guest House,"4753 Mukuni Rd, Kansenshi, P.O.Box 70612, Ndola, Zambia",,,ndola,https://www.zambiayp.com/company/3570/The_Palm_Guest_House,zambiayp.com
Tiger Transport,"415 a Mafuta Rd, Bwanamkubwa Area, P.O.Box 240283, Ndola, Zambia",,,ndola,https://www.zambiayp.com/company/5272/Tiger_Transport,zambiayp.com
T P Chibwe & Co,"1 Security Hse, P.O.Box 72978, Ndola, Zambia",,,ndola,https://www.zambiayp.com/company/5617/T_P_Chibwe_Co,zambiayp.com
Travel International Air Charter Ltd,"Ndola Airport, P.O.Box 10724, Zambia",,,ndola,https://www.zambiayp.com/company/1561/Travel_International_Air_Charter_Ltd,zambiayp.com
Yakashika Ltd,"Ndola, Zambia",,,ndola,https://www.zambiayp.com/company/6955/Yakashika_Ltd,zambiayp.com
Zambia Flying Doctor Service,"Ndola Airport, P.O.Box 71856, Zambia",,,ndola,https://www.zambiayp.com/company/1558/Zambia_Flying_Doctor_Service,zambiayp.com
Zamrock Africa Limited,"P.O.Box 70885, Ndola, Zambia",,,ndola,https://www.zambiayp.com/company/4292/Zamrock_Africa_Limited,zambiayp.com
Cetrap Limited,"Arusha St, North Rise, P.O.Box 290122, Ndola, Zambia",,,ndola,https://www.zambiayp.com/company/5358/Cetrap_Limited,zambiayp.com
Chabanga Lodge,"Ndola, Zambia",,,ndola,https://www.zambiayp.com/company/137/Chabanga_Lodge,zambiayp.com
Joe's Motors,"Ndola, Zambia",,,ndola,https://www.zambiayp.com/company/2494/Joes_Motors,zambiayp.com
Kabi advertising,"Freelancer , Ndola, Zambia",,,ndola,https://www.zambiayp.com/company/17830/Kabi_advertising,zambiayp.com
Kasembo Transport,"Ndola, Zambia",,,ndola,https://www.zambiayp.com/company/5262/Kasembo_Transport,zambiayp.com
Lamamuda Limited,"Ndola, Zambia",,,ndola,https://www.zambiayp.com/company/1740/Lamamuda_Limited,zambiayp.com
Laurel Services Limited,"E19 Oxford Hse, 42 Arusha St, North Rise, P.O.Box 71322, Ndola, Zambia",,,ndola,https://www.zambiayp.com/company/1642/Laurel_Services_Limited,zambiayp.com
Leadway Insurance Brokers Limited,"Plot 1259, President Ave North, North Rise, P.O.Box 72473, Ndola, Zambia",,,ndola,https://www.zambiayp.com/company/5840/Leadway_Insurance_Brokers_Limited,zambiayp.com
Microword Business Systems Limited,"P.O.Box 70805, Ndola, Zambia",,,ndola,https://www.zambiayp.com/company/4553/Microword_Business_Systems_Limited,zambiayp.com
Park Lodge,"Ndola, Zambia",,,ndola,https://www.zambiayp.com/company/240/Park_Lodge,zambiayp.com
Rehmar Guest House,"Shinde Street. Just in the same building with Pantry Pride Supermarket. P.O.Box 70035., Ndola, Zambia",,,ndola,https://www.zambiayp.com/company/3563/Rehmar_Guest_House,zambiayp.com
Savoy Hotel,"Ndola, Zambia",,,ndola,https://www.zambiayp.com/company/606/Savoy_Hotel,zambiayp.com
S D Mining Equipment,"Ndola, Zambia",,,ndola,https://www.zambiayp.com/company/4313/S_D_Mining_Equipment,zambiayp.com
SPEEDY AUTO PANEL BEATERS LTD,"LUSAKA ROAD. INDUSTRIAL AREA NDOLA, Zambia",,,ndola,https://www.zambiayp.com/company/15793/SPEEDY_AUTO_PANEL_BEATERS_LTD,zambiayp.com
Standard Chartered Bank Zambia Plc,"Buteko Ave, P.O.Box 71665, Ndola, Zambia",,,ndola,https://www.zambiayp.com/company/6123/Standard_Chartered_Bank_Zambia_Plc,zambiayp.com
Vitanda Consumer Supplies Ltd,"71-75, Vitanda St, North Rise, Ndola, Zambia",,,ndola,https://www.zambiayp.com/company/6675/Vitanda_Consumer_Supplies_Ltd,zambiayp.com
Zambia Weights And Measures Agency,"P.O.Box 72049, Ndola, Zambia",,,ndola,https://www.zambiayp.com/company/5175/Zambia_Weights_And_Measures_Agency,zambiayp.com
B L I Zambia Ltd (boart Long Year Drilling Services),"P.O.Box 703000, Ndola, Zambia",,,ndola,https://www.zambiayp.com/company/6947/B_L_I_Zambia_Ltd_boart_Long_Year_Drilling_Services,zambiayp.com
Bwana Mkubwa Mine,"Box 230022, Ndola, Zambia",,,ndola,https://www.zambiayp.com/company/8343/Bwana_Mkubwa_Mine,zambiayp.com
Chawama Fashions,"Ndola, Zambia",,,ndola,https://www.zambiayp.com/company/6811/Chawama_Fashions,zambiayp.com
CHITABO CHINGA ASSOCIATES,"Mulilansolo house, corner of Kabinga-Lewanika Roads, Ndola, Zambia",,,ndola,https://www.zambiayp.com/company/15549/CHITABO_CHINGA_ASSOCIATES,zambiayp.com
Cosmic Motors Ltd,"Vitanda St, P.O.Box 70225, Ndola, Zambia",,,ndola,https://www.zambiayp.com/company/2663/Cosmic_Motors_Ltd,zambiayp.com
Martin Engineering & Technical Services Ltd,"Ndola, Zambia",,,ndola,https://www.zambiayp.com/company/3241/Martin_Engineering_Technical_Services_Ltd,zambiayp.com
Rekay's Farming And Building Supplies Ltd,"11 President Ave, P.O.Box 23216, Ndola, Zambia",,,ndola,https://www.zambiayp.com/company/5383/Rekays_Farming_And_Building_Supplies_Ltd,zambiayp.com
Spree Guest House,"30 Cross Cres, Kansenji, Ndola, Zambia",,,ndola,https://www.zambiayp.com/company/3582/Spree_Guest_House,zambiayp.com
The Salvation Army Kabushi Corps,"Mapepo Street, Ndola, Zambia",,,ndola,https://www.zambiayp.com/company/15192/The_Salvation_Army_Kabushi_Corps,zambiayp.com
Thor Developments Ltd,"President Ave, P.O.Box 70921, Ndola, Zambia",,,ndola,https://www.zambiayp.com/company/6380/Thor_Developments_Ltd,zambiayp.com
Kusemba Trust School,"Ndola, Zambia",,,ndola,https://www.zambiayp.com/company/7526/Kusemba_Trust_School,zambiayp.com
Ndola Regional Immigration Office,"Buteko Ave, Ndola, Zambia",,,ndola,https://www.zambiayp.com/company/13105/Ndola_Regional_Immigration_Office,zambiayp.com
Telnor Clinic,"TELNOR HSE. BUTEKO AVE, Ndola, Zambia",,,ndola,https://www.zambiayp.com/company/15448/Telnor_Clinic,zambiayp.com
Citibank (z) Ltd,"Atlas Copco Bldg Zambia Rd, Ndola",,,ndola,https://www.zambiayp.com/company/7111/Citibank_z_Ltd,zambiayp.com
F M Freight Inter-rail Ltd,"Stanbic Bank Main Branch-Town President Ave, P.O.Box 71175, Ndola, Zambia",,,ndola,https://www.zambiayp.com/company/1932/F_M_Freight_Inter_rail_Ltd,zambiayp.com
Khalif Motors (z) Ltd,"Plot 7718 Dag Drive, Ndola, Zambia",,,ndola,https://www.zambiayp.com/company/6200/Khalif_Motors_z_Ltd,zambiayp.com
Manica (zambia) Ltd,"P.O.Box 240200, Ndola, Zambia",,,ndola,https://www.zambiayp.com/company/5740/Manica_zambia_Ltd,zambiayp.com
International Red Locust Control Organisation For Central & Southern Africa,"P.O.Box 240252, Ndola, Zambia",,,ndola,https://www.zambiayp.com/company/6357/International_Red_Locust_Control_Organisation_For_Central_Southern_Afr,zambiayp.com
Kawambwa Tea Company Limited,"Ndola, Zambia",,,ndola,https://www.zambiayp.com/company/4129/Kawambwa_Tea_Company_Limited,zambiayp.com
Layne Drilling Zambia,"Ndola, Zambia",,,ndola,https://www.zambiayp.com/company/1401/Layne_Drilling_Zambia,zambiayp.com
Leather Plastic Industries(1979)ltd,"Box 70895, Ndola, Zambia",,,ndola,https://www.zambiayp.com/company/14565/Leather_Plastic_Industries1979ltd,zambiayp.com
Ndola Baptist Church,"102 Broadway, Ndola, Zambia",,,ndola,https://www.zambiayp.com/company/8269/Ndola_Baptist_Church,zambiayp.com
P B Wholesalers,"436 Chisokone Ave, Ndola, Zambia",,,ndola,https://www.zambiayp.com/company/6670/P_B_Wholesalers,zambiayp.com
Transocean Ltd,"PRESIDENT AVE NORTH, Ndola, Zambia",,,ndola,https://www.zambiayp.com/company/15299/Transocean_Ltd,zambiayp.com
Wilaku Hairdressers,"Shop No. 08, Watch It Grow Building, Buteko Avenue, Town Centre, NDOLA, Zambia",,,ndola,https://www.zambiayp.com/company/16265/Wilaku_Hairdressers,zambiayp.com
Afrox Zambia,"Chisokone Ave, Ndola, Zambia",,,ndola,https://www.zambiayp.com/company/4229/Afrox_Zambia,zambiayp.com
Chana Lodge,"Plot 50, Kwacha Rd, Kansenji, P.O.Box 25106, Ndola, Zambia",,,ndola,https://www.zambiayp.com/company/115/Chana_Lodge,zambiayp.com
Chitabo Chiinga Associates,"Holdsworth's Bldg 32 President Ave, P.O.Box 71598, Ndola, Zambia",,,ndola,https://www.zambiayp.com/company/7826/Chitabo_Chiinga_Associates,zambiayp.com
Circle Pharmaceuticals Limited,"Zambia Rd, P.O.Box 70286, Ndola",,,ndola,https://www.zambiayp.com/company/3985/Circle_Pharmaceuticals_Limited,zambiayp.com
Colgate Palmolive (zambia) Inc,"Ndola, Zambia",,,ndola,https://www.zambiayp.com/company/3835/Colgate_Palmolive_zambia_Inc,zambiayp.com
Davmin Enterprises Ltd,"Plot 5531, Makoli Ave, P.O.Box 240315, Ndola, Zambia",,,ndola,https://www.zambiayp.com/company/6607/Davmin_Enterprises_Ltd,zambiayp.com
Kalima Transport Limited,"Plot 8098 Nakambala Cres Heavy Industrial Area, P.O.Box 70863, Ndola, Zambia",,,ndola,https://www.zambiayp.com/company/5316/Kalima_Transport_Limited,zambiayp.com
Kapasa Jm & Company,"Canada Hse, President Ave, P.O.Box 72591, Ndola, Zambia",,,ndola,https://www.zambiayp.com/company/7844/Kapasa_Jm_Company,zambiayp.com
Maiden Bookshop,"Shop No 3 President Ave North, P.O.Box 71428, Ndola, Zambia",,,ndola,https://www.zambiayp.com/company/2758/Maiden_Bookshop,zambiayp.com
Mego Security Services Ltd,"Evelyn Rd, North Rise, P.O.Box 240165, Ndola, Zambia",,,ndola,https://www.zambiayp.com/company/2348/Mego_Security_Services_Ltd,zambiayp.com
Mwale & Musonda Associates,"Insurance Hse Maina Soko Rd, P.O.Box 71399, Ndola, Zambia",,,ndola,https://www.zambiayp.com/company/7634/Mwale_Musonda_Associates,zambiayp.com
Shibuwa Enterprises Limited,"Bwafwano Hse, Buteko Ave, P.O.Box 70429, Ndola, Zambia",,,ndola,https://www.zambiayp.com/company/5053/Shibuwa_Enterprises_Limited,zambiayp.com
ACCESS INFORMATION SYSTEMS LTD,"PROVIDENT HSE BUTEKO AVE NDOLA, Zambia",,,ndola,https://www.zambiayp.com/company/15514/ACCESS_INFORMATION_SYSTEMS_LTD,zambiayp.com
A H K Motors Spares And Accessories Ltd,"Plot 550, President Ave, P.O.Box 73746, Ndola, Zambia",,,ndola,https://www.zambiayp.com/company/2676/A_H_K_Motors_Spares_And_Accessories_Ltd,zambiayp.com
Al-clem Investments Limited,"Ndola, Zambia",,,ndola,https://www.zambiayp.com/company/1073/Al_clem_Investments_Limited,zambiayp.com
Amalgamated Dress Zambia Ltd,"President Ave North, North Rise, P.O.Box 240313, Ndola, Zambia",,,ndola,https://www.zambiayp.com/company/3728/Amalgamated_Dress_Zambia_Ltd,zambiayp.com
Amin & Co Ltd,"President Ave North, North Rise, P.O.Box 70925, Ndola, Zambia",,,ndola,https://www.zambiayp.com/company/6674/Amin_Co_Ltd,zambiayp.com
APMAC COMPUTER SYSTEMS LTD,"TAZAMA HSE CNR BUTEKO AVE MOFFAT ROAD JUNCTION NDOLA, Zambia",,,ndola,https://www.zambiayp.com/company/15525/APMAC_COMPUTER_SYSTEMS_LTD,zambiayp.com
AUTO-RAMA LTD,"75 PRESIDENT AVE NDOLA, Zambia",,,ndola,https://www.zambiayp.com/company/15531/AUTO_RAMA_LTD,zambiayp.com
Barclays Bank Of Zambia Ltd,"Ndola Barclays Bus Ctr, Matipa St, P.O.Box 70862, Zambia",,,ndola,https://www.zambiayp.com/company/7084/Barclays_Bank_Of_Zambia_Ltd,zambiayp.com
Baxget Auto Services Ltd,"Headquarters Ndola Complex Plot 5519 Shinde St, P.O.Box 70897, Zambia",,,ndola,https://www.zambiayp.com/company/2568/Baxget_Auto_Services_Ltd,zambiayp.com
B L I Zambia LTD,"Box 703000, Ndola, Zambia",,,ndola,https://www.zambiayp.com/company/13548/B_L_I_Zambia_LTD,zambiayp.com
Bonar Canvas Ltd,"Arusha St, North Rise, P.O.Box 70546, Ndola, Zambia",,,ndola,https://www.zambiayp.com/company/3712/Bonar_Canvas_Ltd,zambiayp.com
Border Motor Co Ltd,"President Ave, P.O.Box 70182, Ndola, Zambia",,,ndola,https://www.zambiayp.com/company/2521/Border_Motor_Co_Ltd,zambiayp.com
BOTLORM CLAIMS AGENCY,"5TH FL N/EAST WING MPELEMBE HSE CNR BROADWAY SOKO ROAD TOWN CTR. TOWN CENTRE NDOLA, Zambia",,,ndola,https://www.zambiayp.com/company/15537/BOTLORM_CLAIMS_AGENCY,zambiayp.com
Business & Office Supplies Ltd,"President Ave, P.O.Box 71711, Ndola, Zambia",,,ndola,https://www.zambiayp.com/company/5188/Business_Office_Supplies_Ltd,zambiayp.com
BWALI UND TEILNEHMER,"CARAVELLE HSE. BUTEKO AVE NDOLA, Zambia",,,ndola,https://www.zambiayp.com/company/15541/BWALI_UND_TEILNEHMER,zambiayp.com
Campbell Watt (1970) Ltd,"Moffat Rd, P.O.Box 70039, Ndola, Zambia",,,ndola,https://www.zambiayp.com/company/7325/Campbell_Watt_1970_Ltd,zambiayp.com
Carribea Beverages Ltd,"P.O.Box 71884, Ndola, Zambia",,,ndola,https://www.zambiayp.com/company/3683/Carribea_Beverages_Ltd,zambiayp.com
C & C Debt Tracking Services Certificated Baliffs,"P.O.Box 70776, Ndola, Zambia",,,ndola,https://www.zambiayp.com/company/1852/C_C_Debt_Tracking_Services_Certificated_Baliffs,zambiayp.com
"Chali, Chama & Co","1 Tazama Hse, Moffat Rd, P.O.Box 71729, Ndola, Zambia",,,ndola,https://www.zambiayp.com/company/7655/ChaliChama_Co,zambiayp.com
CHILANGA KLEBERPLC,"CLEVELAND PK. NDOLA, Zambia",,,ndola,https://www.zambiayp.com/company/15547/CHILANGA_KLEBERPLC,zambiayp.com
Colwyn Group Of Companies,"P.O.Box 70431, Ndola, Zambia",,,ndola,https://www.zambiayp.com/company/3743/Colwyn_Group_Of_Companies,zambiayp.com
Copperbelt Weaving Mill (z) Limited,"Plot 3286, Lukasu Rd, Industrial Area, P.O.Box 71101, Ndola, Zambia",,,ndola,https://www.zambiayp.com/company/4134/Copperbelt_Weaving_Mill_z_Limited,zambiayp.com
Copperbelt Earth Moving Ltd,"116 Chisokone Ave, P.O.Box 70476, Ndola, Zambia",,,ndola,https://www.zambiayp.com/company/5110/Copperbelt_Earth_Moving_Ltd,zambiayp.com
Cummins Zambia,"Lufunsa Ave, P.O.Box 71501, Ndola, Zambia",,,ndola,https://www.zambiayp.com/company/5321/Cummins_Zambia,zambiayp.com
Davis & Shirtliff (z) Ltd,"Vitanda St, Ndola, Zambia",,,ndola,https://www.zambiayp.com/company/5228/Davis_Shirtliff_z_Ltd,zambiayp.com
Desai Syndicate Ltd,"Chisokone Ave, P.O.Box 71156, Ndola, Zambia",,,ndola,https://www.zambiayp.com/company/6673/Desai_Syndicate_Ltd,zambiayp.com
Discount Steel,"Moffat Rd, P.O.Box 240140, Ndola, Zambia",,,ndola,https://www.zambiayp.com/company/6477/Discount_Steel,zambiayp.com
Dominican Convent Sisters,"P.O.Box 70235, Ndola, Zambia",,,ndola,https://www.zambiayp.com/company/2235/Dominican_Convent_Sisters,zambiayp.com
DRAKE AND GORHAM ZAMBIA LTD,"MAKOLI AVE. LIGHT IND AREA NDOLA, Zambia",,,ndola,https://www.zambiayp.com/company/15569/DRAKE_AND_GORHAM_ZAMBIA_LTD,zambiayp.com
DULUX FARBEN,"KABWE ROAD NDOLA, Zambia",,,ndola,https://www.zambiayp.com/company/15572/DULUX_FARBEN,zambiayp.com
DUNLOP (ZAMBIA) LIMITED,"MUSHILI ROAD. INDUSTRIAL AREA NDOLA, Zambia",,,ndola,https://www.zambiayp.com/company/15573/DUNLOP_ZAMBIA_LIMITED,zambiayp.com
Electro Products Limited,"P.O.Box 71964, Ndola, Zambia",,,ndola,https://www.zambiayp.com/company/4561/Electro_Products_Limited,zambiayp.com
ELEGANT LIVING LTD,"BUTEKO AVE NDOLA, Zambia",,,ndola,https://www.zambiayp.com/company/15580/ELEGANT_LIVING_LTD,zambiayp.com
Excel Textiles Mills (z) Limited,"Plot 1091, Walilanji Rd, Heavy Ind Sites, P.O.Box 71406, Ndola, Zambia",,,ndola,https://www.zambiayp.com/company/4102/Excel_Textiles_Mills_z_Limited,zambiayp.com
Finance Building Society,"Finance Hse, President Ave, P.O.Box 70249, Ndola, Zambia",,,ndola,https://www.zambiayp.com/company/6445/Finance_Building_Society,zambiayp.com
Finance Bank Ltd,"Insurance Hse, Maina Soko Rd, Ndola, Zambia",,,ndola,https://www.zambiayp.com/company/7080/Finance_Bank_Ltd,zambiayp.com
First Alliance Bank (z) Ltd,"P.O.Box 70987, Ndola, Zambia",,,ndola,https://www.zambiayp.com/company/7103/First_Alliance_Bank_z_Ltd,zambiayp.com
Foamking Manufacturers Ltd - 2 Year Guarantee,"Plot 3084, Nakambala Rd, Industrial Area, P.O.Box 230006, Ndola, Zambia",,,ndola,https://www.zambiayp.com/company/3800/Foamking_Manufacturers_Ltd2_Year_Guarantee,zambiayp.com
FUMBESHI RM  COMPANY,"TAZAMA HSE. MOFFAT ROAD NDOLA, Zambia",,,ndola,https://www.zambiayp.com/company/15598/FUMBESHI_RM_COMPANY,zambiayp.com
Global Logistics Ltd,"P.O.Box 21091, Ndola, Zambia",,,ndola,https://www.zambiayp.com/company/1940/Global_Logistics_Ltd,zambiayp.com
Grand Insurance Brokers Limited,"P.O.Box 72425, Ndola, Zambia",,,ndola,https://www.zambiayp.com/company/5830/Grand_Insurance_Brokers_Limited,zambiayp.com
Greystone Lodge,"P.O.Box 70928, Ndola, Zambia",,,ndola,https://www.zambiayp.com/company/272/Greystone_Lodge,zambiayp.com
Habitat Designs,"Mpelembe Hse, Broadway, P.O.Box 70156, Ndola, Zambia",,,ndola,https://www.zambiayp.com/company/1854/Habitat_Designs,zambiayp.com
HAUS VON KASAMA LTD.,"VITANDA STREET TOWN CENTRE NDOLA, Zambia",,,ndola,https://www.zambiayp.com/company/15606/HAUS_VON_KASAMA_LTD,zambiayp.com
Immanuel International Christian School,"Ndola, Zambia",,,ndola,https://www.zambiayp.com/company/2280/Immanuel_International_Christian_School,zambiayp.com
Indeni Petroleum Refinery Company Limited,"Ndola, Zambia",,,ndola,https://www.zambiayp.com/company/1462/Indeni_Petroleum_Refinery_Company_Limited,zambiayp.com
Intown Hardware And Electrical,"77 President Ave, P.O.Box 72212, Ndola, Zambia",,,ndola,https://www.zambiayp.com/company/6567/Intown_Hardware_And_Electrical,zambiayp.com
Interair,"Ndola, Zambia",,,ndola,https://www.zambiayp.com/company/7892/Interair,zambiayp.com
Ital Terrazzo Limited,"Nakambala Rd, Industrial Area, P.O.Box 71972, Ndola, Zambia",,,ndola,https://www.zambiayp.com/company/5376/Ital_Terrazzo_Limited,zambiayp.com
Kalande Memorial School,"Ndola, Zambia",,,ndola,https://www.zambiayp.com/company/7509/Kalande_Memorial_School,zambiayp.com
Kapeza N & Co,"Room 101/3 1 Collet Hse, Buteko Ave, P.O.Box 73729, Ndola, Zambia",,,ndola,https://www.zambiayp.com/company/7835/Kapeza_N_Co,zambiayp.com
Kpmg,"Canada Hse, President Ave, P.O.Box 71600, Ndola, Zambia",,,ndola,https://www.zambiayp.com/company/6321/Kpmg,zambiayp.com
KUNDA GEORGE  CO,"PELICAN HSE. VITANDA ST NDOLA, Zambia",,,ndola,https://www.zambiayp.com/company/15631/KUNDA_GEORGE_CO,zambiayp.com
Leather Plastic Industries (1979) Ltd,"P.O.Box 70895, Ndola, Zambia",,,ndola,https://www.zambiayp.com/company/3857/Leather_Plastic_Industries_1979_Ltd,zambiayp.com
Leon And Garmy Limited,"P.O.Box 70464, Ndola, Zambia",,,ndola,https://www.zambiayp.com/company/839/Leon_And_Garmy_Limited,zambiayp.com
LION BLOCKS AND TILES,"PRESIDENT AVE NORTH END NDOLA, Zambia",,,ndola,https://www.zambiayp.com/company/15641/LION_BLOCKS_AND_TILES,zambiayp.com
LORBEER KONSULTIEREN LTD.,"LAUREL HOUSE (FORMER AD MACLEAN BLDG) ARUSHA ST NORTH END NDOLA, Zambia",,,ndola,https://www.zambiayp.com/company/15646/LORBEER_KONSULTIEREN_LTD,zambiayp.com
Lufunsa Distributors,"P.O.Box 240276, Ndola, Zambia",,,ndola,https://www.zambiayp.com/company/6453/Lufunsa_Distributors,zambiayp.com
Malik And Co,"P.O.Box 70831, Ndola, Zambia",,,ndola,https://www.zambiayp.com/company/6278/Malik_And_Co,zambiayp.com
MAUREEN FURNISHERS LTD,"BUTEKO AVE. TOWN CENTRE NDOLA, Zambia",,,ndola,https://www.zambiayp.com/company/15670/MAUREEN_FURNISHERS_LTD,zambiayp.com
Microfin,"1101 Bangala Hse, Buteko Ave, P.O.Box 240544, Ndola, Zambia",,,ndola,https://www.zambiayp.com/company/1001/Microfin,zambiayp.com
MIRZA AUTO SPARES LTD,"107 PRESIDENT AVE NDOLA, Zambia",,,ndola,https://www.zambiayp.com/company/15689/MIRZA_AUTO_SPARES_LTD,zambiayp.com
Mpende Fisheries Limited,"Plot E13, Arusha St, North Rise, P.O.Box 72984, Ndola, Zambia",,,ndola,https://www.zambiayp.com/company/1034/Mpende_Fisheries_Limited,zambiayp.com
MULOPE AGENTUREN,"CHAPASUKA HSE. PRESIDENT AVE NDOLA, Zambia",,,ndola,https://www.zambiayp.com/company/15702/MULOPE_AGENTUREN,zambiayp.com
MWALE AND MUSONDA ASSOCIATES,"INSURANCE HSE. MAINA SOKO ROAD NDOLA, Zambia",,,ndola,https://www.zambiayp.com/company/15705/MWALE_AND_MUSONDA_ASSOCIATES,zambiayp.com
National Milling Corp.,"Arusha St, North Rise, Ndola, Zambia",,,ndola,https://www.zambiayp.com/company/1340/National_Milling_Corp,zambiayp.com
Ndola Executive Lodge,"33 Sheila Dare Rd, P.O.Box 240095, Ndola, Zambia",,,ndola,https://www.zambiayp.com/company/3555/Ndola_Executive_Lodge,zambiayp.com
Ndola Hardware Limited,"Plot 17 President Ave, Ndola, Zambia",,,ndola,https://www.zambiayp.com/company/5395/Ndola_Hardware_Limited,zambiayp.com
NDOLA LIQUOR DISTRIBUTORS LTD,"ARUSHA ST NDOLA, Zambia",,,ndola,https://www.zambiayp.com/company/15714/NDOLA_LIQUOR_DISTRIBUTORS_LTD,zambiayp.com
Need Enterprises Ltd,"2 Beverley Hse, President Ave, P.O.Box 72704, Ndola, Zambia",,,ndola,https://www.zambiayp.com/company/3864/Need_Enterprises_Ltd,zambiayp.com
New Capital Bank Plc-ndola Branch,"Plot 94, President Ave, P.O.Box 71299, Ndola, Zambia",,,ndola,https://www.zambiayp.com/company/7061/New_Capital_Bank_Plc_ndola_Branch,zambiayp.com
OFFICE MAX (APMAC COMPUTER SYSTEMS LTD),"TAZAMA HSE CNR BUTEKO AVE/MOFFAT ROAD JUNCTION NDOLA, Zambia",,,ndola,https://www.zambiayp.com/company/15726/OFFICE_MAX_APMAC_COMPUTER_SYSTEMS_LTD,zambiayp.com
Palace Hotel,"Ndola, Zambia",,,ndola,https://www.zambiayp.com/company/614/Palace_Hotel,zambiayp.com
Pantry Pride Supermarket (rehmar Enterprises Ltd),"Shinde St, North Rise, P.O.Box 70035, Ndola, Zambia",,,ndola,https://www.zambiayp.com/company/3510/Pantry_Pride_Supermarket_rehmar_Enterprises_Ltd,zambiayp.com
Pannar Seed,"Plot 5533, Makoli Ave, Ndola, Zambia",,,ndola,https://www.zambiayp.com/company/4607/Pannar_Seed,zambiayp.com
Parky's Jobbing Services,"Ndola, Zambia",,,ndola,https://www.zambiayp.com/company/3815/Parkys_Jobbing_Services,zambiayp.com
Parmar Electric & Hardware Ltd,"Plot 1173 Chisokone Ave Town Ctr, P.O.Box 72477, Ndola, Zambia",,,ndola,https://www.zambiayp.com/company/5024/Parmar_Electric_Hardware_Ltd,zambiayp.com
P G Glass,"Ndola, Zambia",,,ndola,https://www.zambiayp.com/company/3830/P_G_Glass,zambiayp.com
PHONIX CONTRACTORS,"ELKAIM BLDG. PRESIDENT AVE NDOLA, Zambia",,,ndola,https://www.zambiayp.com/company/15738/PHONIX_CONTRACTORS,zambiayp.com
P M Insurance Services Limited,"P.O.Box 72679, Ndola, Zambia",,,ndola,https://www.zambiayp.com/company/5807/P_M_Insurance_Services_Limited,zambiayp.com
POLLY STONES PS,"DORCAS HSE 36 BUTEKO AVE TOWN CENTRE NDOLA, Zambia",,,ndola,https://www.zambiayp.com/company/15741/POLLY_STONES_PS,zambiayp.com
Primetown Guest House,"Ndola, Zambia",,,ndola,https://www.zambiayp.com/company/3596/Primetown_Guest_House,zambiayp.com
PYRAMID ELECTRICAL AND MECHANICAL SERVICES LTD,"BUTEKO HSE. BUTEKO AVE. BROADWAY NDOLA, Zambia",,,ndola,https://www.zambiayp.com/company/15750/PYRAMID_ELECTRICAL_AND_MECHANICAL_SERVICES_LTD,zambiayp.com
Rehmar Agricultural & Building Supplies,"Shinde St, North Rise, P.O.Box 70035, Ndola, Zambia",,,ndola,https://www.zambiayp.com/company/5386/Rehmar_Agricultural_Building_Supplies,zambiayp.com
REKAYS BEWIRTSCHAFTENund ERRICHTENDE VERSORGUNGSMATERIALIEN Ltd.,"11 PRESIDENT AVE NDOLA, Zambia",,,ndola,https://www.zambiayp.com/company/15755/REKAYS_BEWIRTSCHAFTENund_ERRICHTENDE_VERSORGUNGSMATERIALIEN_Ltd,zambiayp.com
RIVIERA ARBEITET LTD. UM,"MAYANKWA CRES NDOLA, Zambia",,,ndola,https://www.zambiayp.com/company/15758/RIVIERA_ARBEITET_LTD_UM,zambiayp.com
ROULIN LIMITED,"LIBERIA STREET LIGHT IND AREA NDOLA, Zambia",,,ndola,https://www.zambiayp.com/company/15759/ROULIN_LIMITED,zambiayp.com
Sabrina's Farmers Harvest Limited,"Arusha St, North Rise, P.O.Box 71683, Ndola, Zambia",,,ndola,https://www.zambiayp.com/company/4144/Sabrinas_Farmers_Harvest_Limited,zambiayp.com
Sable Transport Ltd,"Mafuta Rd, P.O.Box 70923, Ndola, Zambia",,,ndola,https://www.zambiayp.com/company/4760/Sable_Transport_Ltd,zambiayp.com
Safetech Security Services Limited,"Plot 3805 Rd, P.O.Box 70919, Ndola, Zambia",,,ndola,https://www.zambiayp.com/company/2322/Safetech_Security_Services_Limited,zambiayp.com
SAKALA JB AND CO,"1102 BAMBO HSE BUTEKO AVE NDOLA, Zambia",,,ndola,https://www.zambiayp.com/company/15761/SAKALA_JB_AND_CO,zambiayp.com
Shakti Engineering Limited,"Vitanda St, P.O.Box 240170, Ndola, Zambia",,,ndola,https://www.zambiayp.com/company/3210/Shakti_Engineering_Limited,zambiayp.com
SIMBA SCHULE,"AIRPORT ROAD. ITAWA NDOLA, Zambia",,,ndola,https://www.zambiayp.com/company/15785/SIMBA_SCHULE,zambiayp.com
Sisters Of The Sacred Heart,"Chinika Hse, P.O.Box 70284, Ndola, Zambia",,,ndola,https://www.zambiayp.com/company/2246/Sisters_Of_The_Sacred_Heart,zambiayp.com
SONICA WHOLESALER LTD,"17 PRESIDENT AVE NDOLA, Zambia",,,ndola,https://www.zambiayp.com/company/15789/SONICA_WHOLESALER_LTD,zambiayp.com
Southern Denver,"Plot 1316, Lukasu Rd, Industrial Area, P.O.Box 70994, Ndola, Zambia",,,ndola,https://www.zambiayp.com/company/4298/Southern_Denver,zambiayp.com
Starscape Restaurant,"Opp Central Police Station, P.O.Box 240319, Ndola, Zambia",,,ndola,https://www.zambiayp.com/company/506/Starscape_Restaurant,zambiayp.com
Stallion Motors Ltd,"P.O.Box 70471, Ndola, Zambia",,,ndola,https://www.zambiayp.com/company/4753/Stallion_Motors_Ltd,zambiayp.com
The Zambia Insurance Business College Trust,"Copperbelt Campus, P.O.Box 71727, Ndola, Zambia",,,ndola,https://www.zambiayp.com/company/1516/The_Zambia_Insurance_Business_College_Trust,zambiayp.com
Thornton Grant,"P.O.Box 71837, Ndola, Zambia",,,ndola,https://www.zambiayp.com/company/6297/Thornton_Grant,zambiayp.com
Tiny Teen Nursery School,"Ndola, Zambia",,,ndola,https://www.zambiayp.com/company/7535/Tiny_Teen_Nursery_School,zambiayp.com
Titan Steel Warehouse Zambia,"Plot D2 Vitanda Street, Ndola, Zambia",,,ndola,https://www.zambiayp.com/company/7292/Titan_Steel_Warehouse_Zambia,zambiayp.com
Tom Mtine Limited,"Canada Hse, President Ave, P.O.Box 71425, Ndola, Zambia",,,ndola,https://www.zambiayp.com/company/5607/Tom_Mtine_Limited,zambiayp.com
TOM MTINE BEGRENZT,"CANADA HSE. PRESIDENT AVE NDOLA, Zambia",,,ndola,https://www.zambiayp.com/company/15821/TOM_MTINE_BEGRENZT,zambiayp.com
Tops Trading Company Ltd,"Plot 1722, Chisokone Ave, P.O.Box 71697, Ndola, Zambia",,,ndola,https://www.zambiayp.com/company/6676/Tops_Trading_Company_Ltd,zambiayp.com
TOYOTA (Z) LTD,"BROADWAY . NDOLA, Zambia",,,ndola,https://www.zambiayp.com/company/15823/TOYOTA_Z_LTD,zambiayp.com
Unity Garments Ltd,"P.O.Box 71697, Ndola, Zambia",,,ndola,https://www.zambiayp.com/company/3827/Unity_Garments_Ltd,zambiayp.com
Unilever South East Africa,"Ndola, Zambia",,,ndola,https://www.zambiayp.com/company/4066/Unilever_South_East_Africa,zambiayp.com
UNION INSURANCE CORPORATION LIMITED,"ICC BLDG BUTEKO AVE NDOLA, Zambia",,,ndola,https://www.zambiayp.com/company/15837/UNION_INSURANCE_CORPORATION_LIMITED,zambiayp.com
V K Mwewa And Company,"Room 202 2 Buteko Hse, Buteko Ave, P.O.Box 73494, Ndola, Zambia",,,ndola,https://www.zambiayp.com/company/7836/V_K_Mwewa_And_Company,zambiayp.com
VOYAGERS RENTALS LTD,"NDOLA AIRPORT NDOLA, Zambia",,,ndola,https://www.zambiayp.com/company/15848/VOYAGERS_RENTALS_LTD,zambiayp.com
WARE ON EARTH,"5TH FL MPELEMBE HSE CNR BROADWAY MAINA SOKO ROAD NDOLA, Zambia",,,ndola,https://www.zambiayp.com/company/15852/WARE_ON_EARTH,zambiayp.com
WESSY PEE CAR BREAKERS,"KABWE ROAD. INDUSTRIAL AREA NDOLA, Zambia",,,ndola,https://www.zambiayp.com/company/15853/WESSY_PEE_CAR_BREAKERS,zambiayp.com
WESSY PEE CAR BREAKERS,"KABWE ROAD, INDUSTRIAL AREA, Ndola, Zambia",,,ndola,https://www.zambiayp.com/company/15894/WESSY_PEE_CAR_BREAKERS,zambiayp.com
Zalikami Property Investments,"Plot 227, Buteko Ave, P.O.Box 72250, Ndola, Zambia",,,ndola,https://www.zambiayp.com/company/2039/Zalikami_Property_Investments,zambiayp.com
Zambia State Insurance Corporation Limited,"Mpendwa Hse, President Ave, P.O.Box 290036, Ndola, Zambia",,,ndola,https://www.zambiayp.com/company/1267/Zambia_State_Insurance_Corporation_Limited,zambiayp.com
Zambezi Oil Transport,"Kabwe Rd, Ndola, Zambia",,,ndola,https://www.zambiayp.com/company/4797/Zambezi_Oil_Transport,zambiayp.com
Zambian Road Binders,"1741 Nakambala Rd, Industrial Area, P.O.Box 230028, Ndola, Zambia",,,ndola,https://www.zambiayp.com/company/6908/Zambian_Road_Binders,zambiayp.com
Zambia National Commercial Bank,"Ndola Industrial Branch, Zambia",,,ndola,https://www.zambiayp.com/company/7215/Zambia_National_Commercial_Bank,zambiayp.com
ZAMBIA NATIONAL OIL CO LTD-FUEL TERMINAL,"MUFUTA ROAD BWANA M'KUBWA NDOLA, Zambia",,,ndola,https://www.zambiayp.com/company/15871/ZAMBIA_NATIONAL_OIL_CO_LTD_FUEL_TERMINAL,zambiayp.com
ZENTRALE ZIGARETTEN-HERSTELLER LTD.,"MOFFAT ROAD NDOLA, Zambia",,,ndola,https://www.zambiayp.com/company/15877/ZENTRALE_ZIGARETTEN_HERSTELLER_LTD,zambiayp.com
A B C - Microfinance Ltd,"Ndola, Zambia",,,ndola,https://www.zambiayp.com/company/996/A_B_CMicrofinance_Ltd,zambiayp.com
Able Construction Ltd,"P.O.Box 71308, Ndola, Zambia",,,ndola,https://www.zambiayp.com/company/937/Able_Construction_Ltd,zambiayp.com
Able Bricks Manufacturing Co Ltd,"KABWE ROAD. INDUSTRIAL AREA, Ndola, Zambia",,,ndola,https://www.zambiayp.com/company/15366/Able_Bricks_Manufacturing_Co_Ltd,zambiayp.com
Action Computers And Electronic Systems Ltd,"PROVIDENT HSE. BROADWAY, Ndola, Zambia",,,ndola,https://www.zambiayp.com/company/15407/Action_Computers_And_Electronic_Systems_Ltd,zambiayp.com
Admar Properties,"Ndola, Zambia",,,ndola,https://www.zambiayp.com/company/6019/Admar_Properties,zambiayp.com
Afri Chemicals Ltd,"Ndola, Zambia",,,ndola,https://www.zambiayp.com/company/3704/Afri_Chemicals_Ltd,zambiayp.com
Afritran Forwarders Ltd,"P.O.Box 73175, Ndola, Zambia",,,ndola,https://www.zambiayp.com/company/5747/Afritran_Forwarders_Ltd,zambiayp.com
Africa Personnel Services,"Ndola, Zambia",,,ndola,https://www.zambiayp.com/company/5998/Africa_Personnel_Services,zambiayp.com
AgapeGgospel Outreachministries and Church International,"Ndola, Zambia",,,ndola,https://www.zambiayp.com/company/8248/AgapeGgospel_Outreachministries_and_Church_International,zambiayp.com
Agchem Technical Services,"Ndola, Zambia",,,ndola,https://www.zambiayp.com/company/3698/Agchem_Technical_Services,zambiayp.com
Agchem Technical service,"Ndola, Zambia",,,ndola,https://www.zambiayp.com/company/13176/Agchem_Technical_service,zambiayp.com
A H K Motors Spares LTD,"Box 73746, , Ndola, Zambia",,,ndola,https://www.zambiayp.com/company/14898/A_H_K_Motors_Spares_LTD,zambiayp.com
Airmaster Travel & Tours Ltd,"P.O.Box 240505, Ndola, Zambia",,,ndola,https://www.zambiayp.com/company/702/Airmaster_Travel_Tours_Ltd,zambiayp.com
Air Bp Zambia Ltd,"P.O.Box 73267, Ndola, Zambia",,,ndola,https://www.zambiayp.com/company/1431/Air_Bp_Zambia_Ltd,zambiayp.com
Air Brake (z) Ltd,"Ndola, Zambia",,,ndola,https://www.zambiayp.com/company/2469/Air_Brake_z_Ltd,zambiayp.com
Airport,"Box 70424, Airports, Ndola, Zambia",,,ndola,https://www.zambiayp.com/company/12780/Airport,zambiayp.com
Alamein Bottle Store Ltd,"Ndola, Zambia",,,ndola,https://www.zambiayp.com/company/5081/Alamein_Bottle_Store_Ltd,zambiayp.com
Alka Garments Ltd,"P.O.Box 71829, Ndola, Zambia",,,ndola,https://www.zambiayp.com/company/3736/Alka_Garments_Ltd,zambiayp.com
All Trade,"Ndola, Zambia",,,ndola,https://www.zambiayp.com/company/3005/All_Trade,zambiayp.com
All Trades,"Ndola, Zambia",,,ndola,https://www.zambiayp.com/company/14197/All_Trades,zambiayp.com
Alpha Logistics,"Ndola, Zambia",,,ndola,https://www.zambiayp.com/company/2084/Alpha_Logistics,zambiayp.com
Al Shams Trading,"Ndola, Zambia",,,ndola,https://www.zambiayp.com/company/2942/Al_Shams_Trading,zambiayp.com
Amalgamated Dress (z) Ltd,"PRESIDENT AVE NORTH, Ndola, Zambia",,,ndola,https://www.zambiayp.com/company/15365/Amalgamated_Dress_z_Ltd,zambiayp.com
American Institute for Research,"Ndola, Zambia",,,ndola,https://www.zambiayp.com/company/14482/American_Institute_for_Research,zambiayp.com
Amila,"Ndola, Zambia",,,ndola,https://www.zambiayp.com/company/12968/Amila,zambiayp.com
A M Rodrigues Earth Moving Ltd,"Ndola, Zambia",,,ndola,https://www.zambiayp.com/company/5115/A_M_Rodrigues_Earth_Moving_Ltd,zambiayp.com
Am rodrigues Earth Moving LTD,"Ndola, Zambia",,,ndola,https://www.zambiayp.com/company/13565/Am_rodrigues_Earth_Moving_LTD,zambiayp.com
A M T Trading & Commercial Travellers Ltd,"Ndola, Zambia",,,ndola,https://www.zambiayp.com/company/3071/A_M_T_Trading_Commercial_Travellers_Ltd,zambiayp.com
AMT Trading & Commercial Travellers Ltd,"Ndola, Zambia",,,ndola,https://www.zambiayp.com/company/14196/AMT_Trading_Commercial_Travellers_Ltd,zambiayp.com
Anderson Security Systems Ltd,"Ndola, Zambia",,,ndola,https://www.zambiayp.com/company/2298/Anderson_Security_Systems_Ltd,zambiayp.com
Anderson + Anderson,"Box 71602, Ndola, Zambia",,,ndola,https://www.zambiayp.com/company/14923/Anderson_Anderson,zambiayp.com
Anglican Diocese Of Zambia,"Box 70172, Ndola, Zambia",,,ndola,https://www.zambiayp.com/company/8249/Anglican_Diocese_Of_Zambia,zambiayp.com
Arch-roz Construction Limited,"Ndola, Zambia",,,ndola,https://www.zambiayp.com/company/7015/Arch_roz_Construction_Limited,zambiayp.com
Arusha Properties,"P.O.Box 72433, Ndola, Zambia",,,ndola,https://www.zambiayp.com/company/5892/Arusha_Properties,zambiayp.com
Ashim Esaq Transport,"Ndola, Zambia",,,ndola,https://www.zambiayp.com/company/4788/Ashim_Esaq_Transport,zambiayp.com
Autocare Ltd,"P.O.Box 70987, Ndola, Zambia",,,ndola,https://www.zambiayp.com/company/6146/Autocare_Ltd,zambiayp.com
Avni's Corner,"Ndola, Zambia",,,ndola,https://www.zambiayp.com/company/2885/Avnis_Corner,zambiayp.com
Avon Cycle Spares & Accessories,"Ndola, Zambia",,,ndola,https://www.zambiayp.com/company/2772/Avon_Cycle_Spares_Accessories,zambiayp.com
Baby Bunty play Centre & Preschool,"Ndola, Zambia",,,ndola,https://www.zambiayp.com/company/13509/Baby_Bunty_play_Centre_Preschool,zambiayp.com
Bakas General Dealers,"Plot 375, Makoli Ave, Ndola, Zambia",,,ndola,https://www.zambiayp.com/company/3179/Bakas_General_Dealers,zambiayp.com
Baluba Valley Farm,"Box 250092, Ndola, Zambia",,,ndola,https://www.zambiayp.com/company/13826/Baluba_Valley_Farm,zambiayp.com
B A Property Consultants,"Ndola, Zambia",,,ndola,https://www.zambiayp.com/company/6013/B_A_Property_Consultants,zambiayp.com
Barclays Bank (z),"Ndola, Zambia",,,ndola,https://www.zambiayp.com/company/7148/Barclays_Bank_z,zambiayp.com
Baxter General Dealer,"Ndola, Zambia",,,ndola,https://www.zambiayp.com/company/2943/Baxter_General_Dealer,zambiayp.com
Bei Tempi Bar Pizzeria Tavola Calda Ltd,"Shop No 1 Daniel Shopping Complex Dag Hammerskjoeld, Ndola, Zambia",,,ndola,https://www.zambiayp.com/company/368/Bei_Tempi_Bar_Pizzeria_Tavola_Calda_Ltd,zambiayp.com
Bible Alive Ministries,"Ndola, Zambia",,,ndola,https://www.zambiayp.com/company/8250/Bible_Alive_Ministries,zambiayp.com
Bitrust Real Estate Consult,"Ndola, Zambia",,,ndola,https://www.zambiayp.com/company/5621/Bitrust_Real_Estate_Consult,zambiayp.com
B M L Electrical Ltd,"Dorcas Hse, Buteko Ave, P.O.Box 71389, Ndola, Zambia",,,ndola,https://www.zambiayp.com/company/4991/B_M_L_Electrical_Ltd,zambiayp.com
Bonar Colwyn Ltd,"Arusha St, North Rise, P.O.Box 70431, Ndola, Zambia",,,ndola,https://www.zambiayp.com/company/3727/Bonar_Colwyn_Ltd,zambiayp.com
Bonar Colywyn LTD,"Box 70431, Ndola, Zambia",,,ndola,https://www.zambiayp.com/company/13252/Bonar_Colywyn_LTD,zambiayp.com
Bowin Chemicals Limited,"BUTEKO HSE. BUTEKO AVE, Ndola, Zambia",,,ndola,https://www.zambiayp.com/company/15440/Bowin_Chemicals_Limited,zambiayp.com
Branch,"Ndola, Zambia",,,ndola,https://www.zambiayp.com/company/13601/Branch,zambiayp.com
Bread of life,"Ndola, Zambia",,,ndola,https://www.zambiayp.com/company/8251/Bread_of_life,zambiayp.com
Bread of life Church,"Box 72219, Ndola, Zambia",,,ndola,https://www.zambiayp.com/company/8252/Bread_of_life_Church,zambiayp.com
Bristol Insurance Agency,"Ndola, Zambia",,,ndola,https://www.zambiayp.com/company/1271/Bristol_Insurance_Agency,zambiayp.com
Buffalo Paints,"Arusha St, North Rise, P.O.Box 70927, Ndola, Zambia",,,ndola,https://www.zambiayp.com/company/4026/Buffalo_Paints,zambiayp.com
Bullion Travel & Tours,"DBZ Hse, President Ave, P.O.Box 240658, Ndola, Zambia",,,ndola,https://www.zambiayp.com/company/720/Bullion_Travel_Tours,zambiayp.com
Bullion Management & Trading Services Ltd,"Ndola, Zambia",,,ndola,https://www.zambiayp.com/company/3068/Bullion_Management_Trading_Services_Ltd,zambiayp.com
Bullion Bureau De Change LTD,"Ndola, Zambia",,,ndola,https://www.zambiayp.com/company/13973/Bullion_Bureau_De_Change_LTD,zambiayp.com
Bullion Management &Trading Service LTD,"Ndola, Zambia",,,ndola,https://www.zambiayp.com/company/14198/Bullion_Management_Trading_Service_LTD,zambiayp.com
Busy Bodies Gymnasium,"Ndola, Zambia",,,ndola,https://www.zambiayp.com/company/14305/Busy_Bodies_Gymnasium,zambiayp.com
Business Machines Services (z) Ltd,"BUTEKO AVE, Ndola, Zambia",,,ndola,https://www.zambiayp.com/company/15382/Business_Machines_Services_z_Ltd,zambiayp.com
Buteko Pharmacy,"Ndola, Zambia",,,ndola,https://www.zambiayp.com/company/7787/Buteko_Pharmacy,zambiayp.com
Buzuma Lodge,"Kansenshi, Ndola, Zambia",,,ndola,https://www.zambiayp.com/company/300/Buzuma_Lodge,zambiayp.com
Cabrite Car Hire,"Ndola, Zambia",,,ndola,https://www.zambiayp.com/company/1611/Cabrite_Car_Hire,zambiayp.com
Caltex Chifubu Filling Station,"Ndola, Zambia",,,ndola,https://www.zambiayp.com/company/6222/Caltex_Chifubu_Filling_Station,zambiayp.com
Cam Booknest & Stationers,"Ndola, Zambia",,,ndola,https://www.zambiayp.com/company/2737/Cam_Booknest_Stationers,zambiayp.com
Capital Industrial chemical Limited,"No 3799 liberia Rd, Ndola, Zambia",,,ndola,https://www.zambiayp.com/company/14424/Capital_Industrial_chemical_Limited,zambiayp.com
Cargo Management & Logistics,"Ndola, Zambia",,,ndola,https://www.zambiayp.com/company/2101/Cargo_Management_Logistics,zambiayp.com
Cargo Truck & Trailer Engineering Limited,"Plot 509 President Avenue North, Ndola, Zambia",,,ndola,https://www.zambiayp.com/company/6977/Cargo_Truck_Trailer_Engineering_Limited,zambiayp.com
Cargo Truck & Trailer Engineering Limited,"Ndola, Zambia",,,ndola,https://www.zambiayp.com/company/6978/Cargo_Truck_Trailer_Engineering_Limited,zambiayp.com
Caribean Beverages LTD,"Ndola, Zambia",,,ndola,https://www.zambiayp.com/company/12969/Caribean_Beverages_LTD,zambiayp.com
Cargo Management Services & Logistics,"Management Services, Ndola, Zambia",,,ndola,https://www.zambiayp.com/company/14656/Cargo_Management_Services_Logistics,zambiayp.com
Caress Lingerie Ltd,"ARUSHA ST, Ndola, Zambia",,,ndola,https://www.zambiayp.com/company/15357/Caress_Lingerie_Ltd,zambiayp.com
Catholic Diocese Accounts Department,"Ndola, Zambia",,,ndola,https://www.zambiayp.com/company/8253/Catholic_Diocese_Accounts_Department,zambiayp.com
Catholic Diocese Of Ndola,"Ndola, Zambia",,,ndola,https://www.zambiayp.com/company/8254/Catholic_Diocese_Of_Ndola,zambiayp.com
Catholic Diocese Of Ndola Women Shelter,"Ndola, Zambia",,,ndola,https://www.zambiayp.com/company/8255/Catholic_Diocese_Of_Ndola_Women_Shelter,zambiayp.com
Catholic Diocese Pastoral Department,"Ndola, Zambia",,,ndola,https://www.zambiayp.com/company/8256/Catholic_Diocese_Pastoral_Department,zambiayp.com
Catholic Mission Franciscan Fathers,"Ndola, Zambia",,,ndola,https://www.zambiayp.com/company/8257/Catholic_Mission_Franciscan_Fathers,zambiayp.com
Catholic Youth Centre,"Ndola, Zambia",,,ndola,https://www.zambiayp.com/company/8258/Catholic_Youth_Centre,zambiayp.com
C D G M Freight & Investment Ltd,"Ndola, Zambia",,,ndola,https://www.zambiayp.com/company/1935/C_D_G_M_Freight_Investment_Ltd,zambiayp.com
C D G M Freight & Investments LTD,"Ndola, Zambia",,,ndola,https://www.zambiayp.com/company/14009/C_D_G_M_Freight_Investments_LTD,zambiayp.com
Cech Service Station,"President Ave, P.O.Box 71627, Ndola, Zambia",,,ndola,https://www.zambiayp.com/company/6149/Cech_Service_Station,zambiayp.com
Cel-line Trading,"Ndola, Zambia",,,ndola,https://www.zambiayp.com/company/3089/Cel_line_Trading,zambiayp.com
Central Protective Clothing Limited,"P.O.Box 70803, Ndola, Zambia",,,ndola,https://www.zambiayp.com/company/5220/Central_Protective_Clothing_Limited,zambiayp.com
Chapasuka And Sons Ltd,"Chapasuka Hse, President Ave, P.O.Box 70433, Ndola, Zambia",,,ndola,https://www.zambiayp.com/company/2903/Chapasuka_And_Sons_Ltd,zambiayp.com
Chani Enterprises,"Ndola, Zambia",,,ndola,https://www.zambiayp.com/company/3915/Chani_Enterprises,zambiayp.com
"Chali,Chama & Co","Box 71729, Ndola, Zambia",,,ndola,https://www.zambiayp.com/company/14575/Chali_Chama_Co,zambiayp.com
C H C Commodities,"Ndola, Zambia",,,ndola,https://www.zambiayp.com/company/5887/C_H_C_Commodities,zambiayp.com
Chemtech Ltd,"Ndola, Zambia",,,ndola,https://www.zambiayp.com/company/3701/Chemtech_Ltd,zambiayp.com
Chibangali Investment Limited,"Ndola, Zambia",,,ndola,https://www.zambiayp.com/company/1221/Chibangali_Investment_Limited,zambiayp.com
Chikopa Survey & Technical Services Ltd,"Ndola, Zambia",,,ndola,https://www.zambiayp.com/company/2415/Chikopa_Survey_Technical_Services_Ltd,zambiayp.com
Chilukusha General Dealers,"P.O.Box 72711, Ndola, Zambia",,,ndola,https://www.zambiayp.com/company/2864/Chilukusha_General_Dealers,zambiayp.com
Chilanga Cement Plc Sales Office,"Ndola, Zambia",,,ndola,https://www.zambiayp.com/company/3718/Chilanga_Cement_Plc_Sales_Office,zambiayp.com
Chil Quality Computer Systems,"Ndola, Zambia",,,ndola,https://www.zambiayp.com/company/4556/Chil_Quality_Computer_Systems,zambiayp.com
Chinan Clinic,"Ndola, Zambia",,,ndola,https://www.zambiayp.com/company/7698/Chinan_Clinic,zambiayp.com
Chifubu Recreation Club Pco,"Ndola, Zambia",,,ndola,https://www.zambiayp.com/company/13290/Chifubu_Recreation_Club_Pco,zambiayp.com
Chichetekelo Home(Hospice),"Ndola, Zambia",,,ndola,https://www.zambiayp.com/company/14323/Chichetekelo_HomeHospice,zambiayp.com
Chief of security(res),"Ndola, Zambia",,,ndola,https://www.zambiayp.com/company/14584/Chief_of_securityres,zambiayp.com
Chisoko Dr & Francisca EK,"Ndola, Zambia",,,ndola,https://www.zambiayp.com/company/14844/Chisoko_Dr_Francisca_EK,zambiayp.com
Child Care and Adoption Society,"Box 71998, , Ndola, Zambia",,,ndola,https://www.zambiayp.com/company/15189/Child_Care_and_Adoption_Society,zambiayp.com
Chibenge Chemicals & Agri Supplies Ltd,"MAKOLI AVE, Ndola, Zambia",,,ndola,https://www.zambiayp.com/company/15438/Chibenge_Chemicals_Agri_Supplies_Ltd,zambiayp.com
Chotto Pump Engineers Ltd,"P.O.Box 73767, Ndola, Zambia",,,ndola,https://www.zambiayp.com/company/5336/Chotto_Pump_Engineers_Ltd,zambiayp.com
Choto Pump Engineers LTD,"Box 73767, Pumps Maintenance, Ndola, Zambia",,,ndola,https://www.zambiayp.com/company/14918/Choto_Pump_Engineers_LTD,zambiayp.com
CHRISTIAN BOOKSHOP THE,BROADWAY OPP. ZAMBIA NATIONAL PROVIDENT HSE BLDG NDOLA,,,ndola,https://www.zambiayp.com/company/15551/CHRISTIAN_BOOKSHOP_THE,zambiayp.com
Church Of Jesus christ Of Latter Day Saints,"Ndola, Zambia",,,ndola,https://www.zambiayp.com/company/8259/Church_Of_Jesus_christ_Of_Latter_Day_Saints,zambiayp.com
Citizen Industrial Suppliers Limited,"4931 Chitamba Rd, P.O.Box 20169, Ndola, Zambia",,,ndola,https://www.zambiayp.com/company/5505/Citizen_Industrial_Suppliers_Limited,zambiayp.com
Classic Salalula Traders Ltd,"Ndola, Zambia",,,ndola,https://www.zambiayp.com/company/3006/Classic_Salalula_Traders_Ltd,zambiayp.com
Coastal Equipment Hire Coppberbelt,"Ndola, Zambia",,,ndola,https://www.zambiayp.com/company/2017/Coastal_Equipment_Hire_Coppberbelt,zambiayp.com
Coin Security International Zambia Ltd,"Ndola, Zambia",,,ndola,https://www.zambiayp.com/company/2334/Coin_Security_International_Zambia_Ltd,zambiayp.com
Colwyn Travel Ltd,"Buteko Ave, P.O.Box 70431, Ndola, Zambia",,,ndola,https://www.zambiayp.com/company/793/Colwyn_Travel_Ltd,zambiayp.com
Commercial Manager-inden Petroleum Refinery,"P.O.Box 71869, Ndola, Zambia",,,ndola,https://www.zambiayp.com/company/1478/Commercial_Manager_inden_Petroleum_Refinery,zambiayp.com
Community Based Rehabilitation Proj,"Ndola, Zambia",,,ndola,https://www.zambiayp.com/company/13551/Community_Based_Rehabilitation_Proj,zambiayp.com
Continetal General Dealers,"P.O.Box 70521, Ndola, Zambia",,,ndola,https://www.zambiayp.com/company/3112/Continetal_General_Dealers,zambiayp.com
Congo National Railways,"Ndola, Zambia",,,ndola,https://www.zambiayp.com/company/5250/Congo_National_Railways,zambiayp.com
Container Terminals (zambia) Ltd,"Mushili Rd, Heavy Ind Sites, P.O.Box 72611, Ndola, Zambia",,,ndola,https://www.zambiayp.com/company/5739/Container_Terminals_zambia_Ltd,zambiayp.com
Copperbelt Institute Of Management,"Ndola, Zambia",,,ndola,https://www.zambiayp.com/company/2104/Copperbelt_Institute_Of_Management,zambiayp.com
Copperbelt Cycle Supplies Ltd,"President Ave, P.O.Box 70157, Ndola, Zambia",,,ndola,https://www.zambiayp.com/company/2769/Copperbelt_Cycle_Supplies_Ltd,zambiayp.com
Copperbelt Engineering & Sanitary Services,"Ndola, Zambia",,,ndola,https://www.zambiayp.com/company/3270/Copperbelt_Engineering_Sanitary_Services,zambiayp.com
Copper Harvest Foods Limited,"Cnr. Twikatane Hill Lowenthal Ave, North Rise, P.O.Box 70126, Ndola, Zambia",,,ndola,https://www.zambiayp.com/company/5367/Copper_Harvest_Foods_Limited,zambiayp.com
Copperbelt Company,"Ndola, Zambia",,,ndola,https://www.zambiayp.com/company/13097/Copperbelt_Company,zambiayp.com
Copperbelt Diagnostic Suppliers LTD,"Ndola, Zambia",,,ndola,https://www.zambiayp.com/company/13520/Copperbelt_Diagnostic_Suppliers_LTD,zambiayp.com
Copper Kiddywear Ltd,"PRESIDENT AVE, Ndola, Zambia",,,ndola,https://www.zambiayp.com/company/15354/Copper_Kiddywear_Ltd,zambiayp.com
COPPERBELT SPARES (NDOLA) LTD,"1625 PRESIDENT AVE NDOLA, Zambia",,,ndola,https://www.zambiayp.com/company/15556/COPPERBELT_SPARES_NDOLA_LTD,zambiayp.com
Cornwill Furnitures,"P.O.Box 73769, Ndola, Zambia",,,ndola,https://www.zambiayp.com/company/2798/Cornwill_Furnitures,zambiayp.com
Cornelius Carriers Limited,"Ndola, Zambia",,,ndola,https://www.zambiayp.com/company/4805/Cornelius_Carriers_Limited,zambiayp.com
Count Down Enterprises Ltd,"BUTEKO AVE, Ndola, Zambia",,,ndola,https://www.zambiayp.com/company/15353/Count_Down_Enterprises_Ltd,zambiayp.com
Culapio Medics Ltd,"P.O.Box 240263, Ndola, Zambia",,,ndola,https://www.zambiayp.com/company/2108/Culapio_Medics_Ltd,zambiayp.com
Customised Clearing & Forwarding Ltd,"Ndola, Zambia",,,ndola,https://www.zambiayp.com/company/1913/Customised_Clearing_Forwarding_Ltd,zambiayp.com
Dallas Enterprises Limited,"SHINDE ST, Ndola, Zambia",,,ndola,https://www.zambiayp.com/company/15352/Dallas_Enterprises_Limited,zambiayp.com
Danny's Restaurant,"Ndola, Zambia",,,ndola,https://www.zambiayp.com/company/392/Dannys_Restaurant,zambiayp.com
Daniel's Motor Spares Ltd,"Ndola, Zambia",,,ndola,https://www.zambiayp.com/company/2465/Daniels_Motor_Spares_Ltd,zambiayp.com
Dateline Development,"Box 72949, Ndola, Zambia",,,ndola,https://www.zambiayp.com/company/14242/Dateline_Development,zambiayp.com
D C SHARMA MEMORIAL SCHOOL,"BROADWAY BLDG. NDOLA, Zambia",,,ndola,https://www.zambiayp.com/company/15562/D_C_SHARMA_MEMORIAL_SCHOOL,zambiayp.com
D & D Investments,"Ndola, Zambia",,,ndola,https://www.zambiayp.com/company/3663/D_D_Investments,zambiayp.com
Delice Bakery (1972) LTD,"Box 70569, Bakers & Confectioners, Ndola, Zambia",,,ndola,https://www.zambiayp.com/company/12939/Delice_Bakery_1972_LTD,zambiayp.com
Dems Consultants & Business Services,"Ndola, Zambia",,,ndola,https://www.zambiayp.com/company/1702/Dems_Consultants_Business_Services,zambiayp.com
Desai Dr BV (Surgery),"Box 71280, , Ndola, Zambia",,,ndola,https://www.zambiayp.com/company/14845/Desai_Dr_BV_Surgery,zambiayp.com
Development Aid from People to People,"Box 70505, , Ndola, Zambia",,,ndola,https://www.zambiayp.com/company/15190/Development_Aid_from_People_to_People,zambiayp.com
Director's Lodge,"8 Mwinilunga Cl, P.O.Box 250035, Ndola, Zambia",,,ndola,https://www.zambiayp.com/company/3541/Directors_Lodge,zambiayp.com
D M Bwali Architects,"Ndola, Zambia",,,ndola,https://www.zambiayp.com/company/5905/D_M_Bwali_Architects,zambiayp.com
Dormic General Dealers,"Ndola, Zambia",,,ndola,https://www.zambiayp.com/company/3192/Dormic_General_Dealers,zambiayp.com
Dot Pat General Dealers,"Ndola, Zambia",,,ndola,https://www.zambiayp.com/company/3038/Dot_Pat_General_Dealers,zambiayp.com
Drink 'O' Pop,"Ndola, Zambia",,,ndola,https://www.zambiayp.com/company/12970/Drink_O_Pop,zambiayp.com
Drum And Can Ltd,"KAVU ROAD. HEAVY IND AREA, Ndola, Zambia",,,ndola,https://www.zambiayp.com/company/15350/Drum_And_Can_Ltd,zambiayp.com
Duly Motors(Zambia)Ltd,"Box 71591, Ndola, Zambia",,,ndola,https://www.zambiayp.com/company/14071/Duly_MotorsZambiaLtd,zambiayp.com
Dulux Paints,"KABWE ROAD, Ndola, Zambia",,,ndola,https://www.zambiayp.com/company/15348/Dulux_Paints,zambiayp.com
Duzi Sweetland,"MARCONI CRES. LIGHT IND SITES, Ndola, Zambia",,,ndola,https://www.zambiayp.com/company/15347/Duzi_Sweetland,zambiayp.com
Dynamic Dimesions Training Academy,"Box 24530, Ndola, Zambia",,,ndola,https://www.zambiayp.com/company/14483/Dynamic_Dimesions_Training_Academy,zambiayp.com
Early Warning Security Service Ltd,"Ndola, Zambia",,,ndola,https://www.zambiayp.com/company/2326/Early_Warning_Security_Service_Ltd,zambiayp.com
Easy Car Hire,"Kansenshi, Ndola, Zambia",,,ndola,https://www.zambiayp.com/company/1629/Easy_Car_Hire,zambiayp.com
East Coast General Dealers,"Ndola, Zambia",,,ndola,https://www.zambiayp.com/company/3098/East_Coast_General_Dealers,zambiayp.com
Effie Pharmacy,"P.O.Box 240555, Ndola, Zambia",,,ndola,https://www.zambiayp.com/company/7747/Effie_Pharmacy,zambiayp.com
Elim pentecostal Church,"Ndola, Zambia",,,ndola,https://www.zambiayp.com/company/8260/Elim_pentecostal_Church,zambiayp.com
Ellerines Furnishers,"Ndola, Zambia",,,ndola,https://www.zambiayp.com/company/2807/Ellerines_Furnishers,zambiayp.com
E M B Engineering Work & General Suppliers,"Ndola, Zambia",,,ndola,https://www.zambiayp.com/company/3242/E_M_B_Engineering_Work_General_Suppliers,zambiayp.com
Enbee Knitting Mills LTD,"Ndola, Zambia",,,ndola,https://www.zambiayp.com/company/14546/Enbee_Knitting_Mills_LTD,zambiayp.com
Energy Petroleum (z) Limited,"Ndola, Zambia",,,ndola,https://www.zambiayp.com/company/1464/Energy_Petroleum_z_Limited,zambiayp.com
ENGINE RECONDITIONERS OF ZAMBIA (NDOLA) LIMITED,"CHISOKONE AVE NDOLA, Zambia",,,ndola,https://www.zambiayp.com/company/15583/ENGINE_RECONDITIONERS_OF_ZAMBIA_NDOLA_LIMITED,zambiayp.com
Ethon Agricultural Engineering Services,"Ndola, Zambia",,,ndola,https://www.zambiayp.com/company/6968/Ethon_Agricultural_Engineering_Services,zambiayp.com
Eva's Beauty Elegance Boutique Ltd,"P.O.Box 250141, Ndola, Zambia",,,ndola,https://www.zambiayp.com/company/6839/Evas_Beauty_Elegance_Boutique_Ltd,zambiayp.com
Events Hire Company Ltd - Ndola,"Ndola, Zambia",,,ndola,https://www.zambiayp.com/company/1647/Events_Hire_Company_LtdNdola,zambiayp.com
Exstatic Guest House,"Ndola, Zambia",,,ndola,https://www.zambiayp.com/company/3562/Exstatic_Guest_House,zambiayp.com
Farah Transport Ltd,"P.O.Box 73119, Ndola, Zambia",,,ndola,https://www.zambiayp.com/company/4769/Farah_Transport_Ltd,zambiayp.com
Fashion Fair Exclusive Boutique Salon & Barber Shop Ltd,"P.O.Box 240269, Ndola, Zambia",,,ndola,https://www.zambiayp.com/company/6836/Fashion_Fair_Exclusive_Boutique_Salon_Barber_Shop_Ltd,zambiayp.com
Fashion Fair Hair Saloon,"Ndola, Zambia",,,ndola,https://www.zambiayp.com/company/7796/Fashion_Fair_Hair_Saloon,zambiayp.com
Fashions fair Exclusive Boutique salon & Babber Shop LTD,"Box 240269, Ndola, Zambia",,,ndola,https://www.zambiayp.com/company/13244/Fashions_fair_Exclusive_Boutique_salon_Babber_Shop_LTD,zambiayp.com
Fejcam Foundries,"Box 230083, Ndola, Zambia",,,ndola,https://www.zambiayp.com/company/13998/Fejcam_Foundries,zambiayp.com
Fire Baptised Church(Cathedral Of Faith),"Ndola, Zambia",,,ndola,https://www.zambiayp.com/company/8261/Fire_Baptised_ChurchCathedral_Of_Faith,zambiayp.com
Fire & Ambulance,"Box 70192, , Ndola, Zambia",,,ndola,https://www.zambiayp.com/company/13908/Fire_Ambulance,zambiayp.com
Fire Station,"Ndola, Zambia",,,ndola,https://www.zambiayp.com/company/13909/Fire_Station,zambiayp.com
Flied Hardware & Suppliers Limited,"Ndola, Zambia",,,ndola,https://www.zambiayp.com/company/6622/Flied_Hardware_Suppliers_Limited,zambiayp.com
Foamking Manufacturers Ltd,"PLOT 3084 NAKAMBALA ROAD. INDUSTRIAL AREA, Ndola, Zambia",,,ndola,https://www.zambiayp.com/company/15293/Foamking_Manufacturers_Ltd,zambiayp.com
Formking Manufacturers Limited,"Ndola, Zambia",,,ndola,https://www.zambiayp.com/company/3288/Formking_Manufacturers_Limited,zambiayp.com
Fourways Ltd,"President Ave, P.O.Box 240332, Ndola, Zambia",,,ndola,https://www.zambiayp.com/company/2766/Fourways_Ltd,zambiayp.com
Foundation for better Health,"Ndola, Zambia",,,ndola,https://www.zambiayp.com/company/14289/Foundation_for_better_Health,zambiayp.com
FRANCISCAN CENTRE,"CHIFUBU ROAD FRIARY NDOLA, Zambia",,,ndola,https://www.zambiayp.com/company/15596/FRANCISCAN_CENTRE,zambiayp.com
Fumbeshi Rm & Co,"Ndola, Zambia",,,ndola,https://www.zambiayp.com/company/1556/Fumbeshi_Rm_Co,zambiayp.com
Furnishing World Ltd,"Ndola, Zambia",,,ndola,https://www.zambiayp.com/company/3809/Furnishing_World_Ltd,zambiayp.com
Furncoz,"LUKASU ROAD. INDUSTRIAL AREA, Ndola, Zambia",,,ndola,https://www.zambiayp.com/company/15346/Furncoz,zambiayp.com
Gecamines,"P.O.Box 71824, Ndola, Zambia",,,ndola,https://www.zambiayp.com/company/1392/Gecamines,zambiayp.com
Geesoir Motors,"P.O.Box 230046, Ndola, Zambia",,,ndola,https://www.zambiayp.com/company/6209/Geesoir_Motors,zambiayp.com
GEIST-KLOSTER RES,"36 KWACHA ROAD NDOLA, Zambia",,,ndola,https://www.zambiayp.com/company/15600/GEIST_KLOSTER_RES,zambiayp.com
Gem Clothing Industry Ltd,"PRESIDENT AVE, Ndola, Zambia",,,ndola,https://www.zambiayp.com/company/15281/Gem_Clothing_Industry_Ltd,zambiayp.com
Gez Motors Spares,"Moffat Rd, P.O.Box 70717, Ndola, Zambia",,,ndola,https://www.zambiayp.com/company/2620/Gez_Motors_Spares,zambiayp.com
Gilbert Advertising Ltd,"AFRICA HSE. BUTEKO AVE, Ndola, Zambia",,,ndola,https://www.zambiayp.com/company/15408/Gilbert_Advertising_Ltd,zambiayp.com
G K Enterprise,"BUTKO HSE. BUTEKO AVE, Ndola, Zambia",,,ndola,https://www.zambiayp.com/company/15345/G_K_Enterprise,zambiayp.com
Godl Fish Mart,"Ndola, Zambia",,,ndola,https://www.zambiayp.com/company/13919/Godl_Fish_Mart,zambiayp.com
Golden Touch Boutique,"Ndola, Zambia",,,ndola,https://www.zambiayp.com/company/6825/Golden_Touch_Boutique,zambiayp.com
Gold Spot,"LUKASU ROAD. INDUSTRIAL AREA, Ndola, Zambia",,,ndola,https://www.zambiayp.com/company/15344/Gold_Spot,zambiayp.com
Goodwishes Trading Co Ltd,"P.O.Box 70697, Ndola, Zambia",,,ndola,https://www.zambiayp.com/company/3025/Goodwishes_Trading_Co_Ltd,zambiayp.com
Goodwear Enterprises,"74 President Ave, P.O.Box 70292, Ndola, Zambia",,,ndola,https://www.zambiayp.com/company/3904/Goodwear_Enterprises,zambiayp.com
Gospel Church Int.min,"Ndola, Zambia",,,ndola,https://www.zambiayp.com/company/8262/Gospel_Church_Intmin,zambiayp.com
Gospel literature Outreach,"Ndola, Zambia",,,ndola,https://www.zambiayp.com/company/8263/Gospel_literature_Outreach,zambiayp.com
Grace Ministries Mission,"Ndola, Zambia",,,ndola,https://www.zambiayp.com/company/8264/Grace_Ministries_Mission,zambiayp.com
Grinpak Investments,"Ndola, Zambia",,,ndola,https://www.zambiayp.com/company/1075/Grinpak_Investments,zambiayp.com
Grippo Engineering Ltd,"P.O.Box 90668, Ndola, Zambia",,,ndola,https://www.zambiayp.com/company/6958/Grippo_Engineering_Ltd,zambiayp.com
Guardall Security Group Ltd,"P.O.Box 70351, Ndola, Zambia",,,ndola,https://www.zambiayp.com/company/2333/Guardall_Security_Group_Ltd,zambiayp.com
Hailenge Farms,"Ndola, Zambia",,,ndola,https://www.zambiayp.com/company/13827/Hailenge_Farms,zambiayp.com
Halifax Freight Services Limited,"P.O.Box 240284, Ndola, Zambia",,,ndola,https://www.zambiayp.com/company/1938/Halifax_Freight_Services_Limited,zambiayp.com
Hamson Communications,"FIRESTONE BLDG PLOT A1 PRESIDENT AVE NORTH, Ndola, Zambia",,,ndola,https://www.zambiayp.com/company/15402/Hamson_Communications,zambiayp.com
Health Workers Union of Zambia,"Box 72210, Trade Unions, Ndola, Zambia",,,ndola,https://www.zambiayp.com/company/15019/Health_Workers_Union_of_Zambia,zambiayp.com
Henlup Marketing Agency,"Ndola, Zambia",,,ndola,https://www.zambiayp.com/company/5535/Henlup_Marketing_Agency,zambiayp.com
Heros Construction & General Dealers,"Ndola, Zambia",,,ndola,https://www.zambiayp.com/company/947/Heros_Construction_General_Dealers,zambiayp.com
Heros construction & GeneralDealers,"Ndola, Zambia",,,ndola,https://www.zambiayp.com/company/13393/Heros_construction_GeneralDealers,zambiayp.com
Highway Electric Motor Rewinding,"P.O.Box 73048, Ndola, Zambia",,,ndola,https://www.zambiayp.com/company/2476/Highway_Electric_Motor_Rewinding,zambiayp.com
Hill And Delamain,"Ndola, Zambia",,,ndola,https://www.zambiayp.com/company/5738/Hill_And_Delamain,zambiayp.com
Hilton Clothing Manufacturers Ltd,"MAKOLI AVE, Ndola, Zambia",,,ndola,https://www.zambiayp.com/company/15280/Hilton_Clothing_Manufacturers_Ltd,zambiayp.com
Holy Family Home for Children,"Box 250024, , Ndola, Zambia",,,ndola,https://www.zambiayp.com/company/15191/Holy_Family_Home_for_Children,zambiayp.com
Hong Kong Restaurant,"President Ave, P.O.Box 72048, Ndola, Zambia",,,ndola,https://www.zambiayp.com/company/373/Hong_Kong_Restaurant,zambiayp.com
House Of Prayer,"P.O.Box 72783, Ndola, Zambia",,,ndola,https://www.zambiayp.com/company/2273/House_Of_Prayer,zambiayp.com
HOUSE OF MANSA,"HEAVY IND SITES NDOLA, Zambia",,,ndola,https://www.zambiayp.com/company/15610/HOUSE_OF_MANSA,zambiayp.com
Hughes Ct Ltd,"Crompton Rd, Industrial Area, P.O.Box 70753, Ndola, Zambia",,,ndola,https://www.zambiayp.com/company/6954/Hughes_Ct_Ltd,zambiayp.com
Humpty Dumpty Nursery School,"24 Nawaitwika Rd, North Rise, Ndola, Zambia",,,ndola,https://www.zambiayp.com/company/7349/Humpty_Dumpty_Nursery_School,zambiayp.com
Huntershaul Transport,"Ndola, Zambia",,,ndola,https://www.zambiayp.com/company/5307/Huntershaul_Transport,zambiayp.com
Ialisos Bakery LTD,"Box 71488, Bakers & Confectioners, Ndola, Zambia",,,ndola,https://www.zambiayp.com/company/12940/Ialisos_Bakery_LTD,zambiayp.com
I C M Electrical,"Ndola, Zambia",,,ndola,https://www.zambiayp.com/company/5001/I_C_M_Electrical,zambiayp.com
I M Malama And Co Ltd,"GRD FLR COLLET HSE 39 BUTEKO AVE, Ndola, Zambia",,,ndola,https://www.zambiayp.com/company/15489/I_M_Malama_And_Co_Ltd,zambiayp.com
Independence Service Station Ltd,"Ndola, Zambia",,,ndola,https://www.zambiayp.com/company/6194/Independence_Service_Station_Ltd,zambiayp.com
Industrial Credit Company LTD,"Box 70742, , Ndola, Zambia",,,ndola,https://www.zambiayp.com/company/13890/Industrial_Credit_Company_LTD,zambiayp.com
Inland Investments Ltd,"P.O.Box 230148, Ndola, Zambia",,,ndola,https://www.zambiayp.com/company/1058/Inland_Investments_Ltd,zambiayp.com
Inshimu Engineering Limited,"Ndola, Zambia",,,ndola,https://www.zambiayp.com/company/6967/Inshimu_Engineering_Limited,zambiayp.com
Inveco Battery Ltd,"ULENGO ROAD. INDUSTRIAL AREA, Ndola, Zambia",,,ndola,https://www.zambiayp.com/company/15338/Inveco_Battery_Ltd,zambiayp.com
Iqbal's Frozen Foods,"HOTEL NAAZININA COMPLEX, Ndola, Zambia",,,ndola,https://www.zambiayp.com/company/15460/Iqbals_Frozen_Foods,zambiayp.com
Ishy's Auto Spares,"Ndola, Zambia",,,ndola,https://www.zambiayp.com/company/4711/Ishys_Auto_Spares,zambiayp.com
Ishy's Auto Services,"Auto Spares, Ndola, Zambia",,,ndola,https://www.zambiayp.com/company/12868/Ishys_Auto_Services,zambiayp.com
Ishimu Engineering Limited,"Ndola, Zambia",,,ndola,https://www.zambiayp.com/company/13679/Ishimu_Engineering_Limited,zambiayp.com
Islamic Ndola Butcheries,"Ndola, Zambia",,,ndola,https://www.zambiayp.com/company/13098/Islamic_Ndola_Butcheries,zambiayp.com
Jaba Tea,"Ndola, Zambia",,,ndola,https://www.zambiayp.com/company/4127/Jaba_Tea,zambiayp.com
Jagjivan Gopaji,"Ndola, Zambia",,,ndola,https://www.zambiayp.com/company/6798/Jagjivan_Gopaji,zambiayp.com
Jako Motor Spares,"116/117 Chisokone Ave, Ndola, Zambia",,,ndola,https://www.zambiayp.com/company/2699/Jako_Motor_Spares,zambiayp.com
Javira Security Services,"Ndola, Zambia",,,ndola,https://www.zambiayp.com/company/2360/Javira_Security_Services,zambiayp.com
Jayhind Trading Co,"Box 71129, Wholesale Merchants, Ndola, Zambia",,,ndola,https://www.zambiayp.com/company/15206/Jayhind_Trading_Co,zambiayp.com
J B Furniture World Limited,"Ndola, Zambia",,,ndola,https://www.zambiayp.com/company/2820/J_B_Furniture_World_Limited,zambiayp.com
J C K Transport LTD,"Ndola, Zambia",,,ndola,https://www.zambiayp.com/company/13058/J_C_K_Transport_LTD,zambiayp.com
Jele Enterprises Ltd,"26 BUTEKO AVE, Ndola, Zambia",,,ndola,https://www.zambiayp.com/company/15336/Jele_Enterprises_Ltd,zambiayp.com
Jere M Property Consulting Services,"Ndola, Zambia",,,ndola,https://www.zambiayp.com/company/6020/Jere_M_Property_Consulting_Services,zambiayp.com
Jikasa General Supplier & Contactors Limited,"P.O.Box 73618, Ndola, Zambia",,,ndola,https://www.zambiayp.com/company/3163/Jikasa_General_Supplier_Contactors_Limited,zambiayp.com
Jikasa General Suppliers,"Ndola, Zambia",,,ndola,https://www.zambiayp.com/company/3183/Jikasa_General_Suppliers,zambiayp.com
J V Accounting Services,"P.O.Box 71673, Ndola, Zambia",,,ndola,https://www.zambiayp.com/company/1668/J_V_Accounting_Services,zambiayp.com
Kabuka J & Company,"Box 240440, Ndola, Zambia",,,ndola,https://www.zambiayp.com/company/12856/Kabuka_J_Company,zambiayp.com
Kafunda And Company,"Buteko Ave, P.O.Box 250020, Ndola, Zambia",,,ndola,https://www.zambiayp.com/company/7828/Kafunda_And_Company,zambiayp.com
Kafunda & Company,"Box 250020, Ndola, Zambia",,,ndola,https://www.zambiayp.com/company/12857/Kafunda_Company,zambiayp.com
Kafubu Valley Farm,"Ndola, Zambia",,,ndola,https://www.zambiayp.com/company/13828/Kafubu_Valley_Farm,zambiayp.com
Kalima Transport Ltd,"Ndola, Zambia",,,ndola,https://www.zambiayp.com/company/4800/Kalima_Transport_Ltd,zambiayp.com
Kalunga & Cameron Smith Architects,"Africa Hse, Buteko Ave, P.O.Box 70762, Ndola, Zambia",,,ndola,https://www.zambiayp.com/company/7296/Kalunga_Cameron_Smith_Architects,zambiayp.com
Kaloko Primary School,"Ndola, Zambia",,,ndola,https://www.zambiayp.com/company/7548/Kaloko_Primary_School,zambiayp.com
Kameela Furnishers,"Ndola, Zambia",,,ndola,https://www.zambiayp.com/company/3788/Kameela_Furnishers,zambiayp.com
Kaniki Bible College,"Plot 121 Mufulira Rd Kaniki, P.O.Box 250092, Ndola, Zambia",,,ndola,https://www.zambiayp.com/company/7540/Kaniki_Bible_College,zambiayp.com
Kansenshi Drug Store,"P.O.Box 71767, Ndola, Zambia",,,ndola,https://www.zambiayp.com/company/7765/Kansenshi_Drug_Store,zambiayp.com
Kanseshi Pentecostal Assembly Of God,"Ndola, Zambia",,,ndola,https://www.zambiayp.com/company/8265/Kanseshi_Pentecostal_Assembly_Of_God,zambiayp.com
Kanos Bar & Take Away,"Ndola, Zambia",,,ndola,https://www.zambiayp.com/company/12889/Kanos_Bar_Take_Away,zambiayp.com
Kaps Villa & Lodge,"Ndola, Zambia",,,ndola,https://www.zambiayp.com/company/283/Kaps_Villa_Lodge,zambiayp.com
Kapamba Trails Ltd,"Ndola, Zambia",,,ndola,https://www.zambiayp.com/company/689/Kapamba_Trails_Ltd,zambiayp.com
Kasni Investment Limited,"Ndola, Zambia",,,ndola,https://www.zambiayp.com/company/1222/Kasni_Investment_Limited,zambiayp.com
Katuba Guest House,"Ndola, Zambia",,,ndola,https://www.zambiayp.com/company/584/Katuba_Guest_House,zambiayp.com
Kayele Primary School,"Ndola, Zambia",,,ndola,https://www.zambiayp.com/company/7547/Kayele_Primary_School,zambiayp.com
Kay Health & Beauty,"Beauty Salons, Ndola, Zambia",,,ndola,https://www.zambiayp.com/company/12966/Kay_Health_Beauty,zambiayp.com
KGS Diesel Engineering Service,"Ndola, Zambia",,,ndola,https://www.zambiayp.com/company/13682/KGS_Diesel_Engineering_Service,zambiayp.com
Kichen Ware,"Ndola, Zambia",,,ndola,https://www.zambiayp.com/company/14543/Kichen_Ware,zambiayp.com
Kitui Tyre Services Ltd,"Ndola, Zambia",,,ndola,https://www.zambiayp.com/company/3310/Kitui_Tyre_Services_Ltd,zambiayp.com
Kiwi Brands Limited,"LUKASU ROAD. INDUSTRIAL AREA, Ndola, Zambia",,,ndola,https://www.zambiayp.com/company/15332/Kiwi_Brands_Limited,zambiayp.com
KESIM GENERAL DEALERS,"P.o 850023 serenje, Zambia",,,serenje,https://www.zambiayp.com/company/18811/KESIM_GENERAL_DEALERS,zambiayp.com
Christian Council of Zambia,"Serenje, Zambia",,,serenje,https://www.zambiayp.com/company/13207/Christian_Council_of_Zambia,zambiayp.com
G N Wholesale,"Serenje, Zambia",,,serenje,https://www.zambiayp.com/company/6722/G_N_Wholesale,zambiayp.com
Lukanga Water & Sewerage Company Ltd,"P.O.Box 850122, Serenje, Zambia",,,serenje,https://www.zambiayp.com/company/2451/Lukanga_Water_Sewerage_Company_Ltd,zambiayp.com
Macklan General Dealers,"P.O.Box 850077, Serenje, Zambia",,,serenje,https://www.zambiayp.com/company/3118/Macklan_General_Dealers,zambiayp.com
Mupepetwe Development Company,"Serenje, Zambia",,,serenje,https://www.zambiayp.com/company/4259/Mupepetwe_Development_Company,zambiayp.com
Mupepetwe Engineering & Contracting Company,"Serenje, Zambia",,,serenje,https://www.zambiayp.com/company/6969/Mupepetwe_Engineering_Contracting_Company,zambiayp.com
Mupepetwe Engineering &Contracting Company,"Serenje, Zambia",,,serenje,https://www.zambiayp.com/company/13681/Mupepetwe_Engineering_Contracting_Company,zambiayp.com
Serenje Filling Station,"Box 161, Serenje, Zambia",,,serenje,https://www.zambiayp.com/company/14077/Serenje_Filling_Station,zambiayp.com
Sundi Enterprise,"NGASWA ROAD, Serenje, Zambia",,,serenje,https://www.zambiayp.com/company/15301/Sundi_Enterprise,zambiayp.com
Zambia News & Information Service,"Serenje, Zambia",,,serenje,https://www.zambiayp.com/company/2035/Zambia_News_Information_Service,zambiayp.com
Chief Serenje,"Box 850100 central Province, Serenje, Zambia",,,serenje,https://www.zambiayp.com/company/8758/Chief_Serenje,zambiayp.com
Chibuye Saili,"Box 850100 central Province, Serenje, Zambia",,,serenje,https://www.zambiayp.com/company/8759/Chibuye_Saili,zambiayp.com
Chintankwa,"Box 850100 central Province, Serenje, Zambia",,,serenje,https://www.zambiayp.com/company/8760/Chintankwa,zambiayp.com
Chisomo,"Box 850100 central Province, Serenje, Zambia",,,serenje,https://www.zambiayp.com/company/8761/Chisomo,zambiayp.com
Kabwe- Kupela,"Box 850100 central Province, Serenje, Zambia",,,serenje,https://www.zambiayp.com/company/8762/KabweKupela,zambiayp.com
Kalela Mid Basic,"Box 850100 central Province, Serenje, Zambia",,,serenje,https://www.zambiayp.com/company/8763/Kalela_Mid_Basic,zambiayp.com
Mailo,"Box 14 Kanona, central Province, Serenje, Zambia",,,serenje,https://www.zambiayp.com/company/8773/Mailo,zambiayp.com
Mpande,"Box 850068, central Province, Serenje, Zambia",,,serenje,https://www.zambiayp.com/company/8778/Mpande,zambiayp.com
Muchinka,"Box 850100 central Province, Serenje, Zambia",,,serenje,https://www.zambiayp.com/company/8751/Muchinka,zambiayp.com
Mukando,"Box 850156 central Province, Serenje, Zambia",,,serenje,https://www.zambiayp.com/company/8752/Mukando,zambiayp.com
Mwimbula,"Box 850100 central Province, Serenje, Zambia",,,serenje,https://www.zambiayp.com/company/8753/Mwimbula,zambiayp.com
Nsomaulwa,"Box 850100, central Province, Serenje, Zambia",,,serenje,https://www.zambiayp.com/company/8786/Nsomaulwa,zambiayp.com
Shadreck Mailo,"Box 850100 central Province, Serenje, Zambia",,,serenje,https://www.zambiayp.com/company/8756/Shadreck_Mailo,zambiayp.com
Yoram Mwanje,"Box 850100 central Province, Serenje, Zambia",,,serenje,https://www.zambiayp.com/company/8757/Yoram_Mwanje,zambiayp.com
Lake Safari Lodge,"Plot 230, Simamba road, Siavonga, Lake Kariba, P.O. Box: 5, Zambia",,,siavonga,https://www.zambiayp.com/company/6/Lake_Safari_Lodge,zambiayp.com
Brainstorm Design Studios,"78 Zambezi Close, , Siavonga, Zambia",,,siavonga,https://www.zambiayp.com/company/17265/brainstorm-design-studios,zambiayp.com
Lake Kariba Inns Lusaka,"Siavonga, Zambia",,,siavonga,https://www.zambiayp.com/company/14384/Lake_Kariba_Inns_Lusaka,zambiayp.com
Hill Top Lodge,"Siavonga, Zambia",,,siavonga,https://www.zambiayp.com/company/331/Hill_Top_Lodge,zambiayp.com
Kaliolio Croc Farm,"Mutinangala Rd, Siavonga, Zambia",,,siavonga,https://www.zambiayp.com/company/14038/Kaliolio_Croc_Farm,zambiayp.com
Chimuthuzi Guest House,"Plot 63, Sikoongo Rd, P.O.Box 32755, Siavonga, Zambia",,,siavonga,https://www.zambiayp.com/company/3583/Chimuthuzi_Guest_House,zambiayp.com
Zefa Lodge Ltd,"Plot 518 Sinadambwe Rd, Siavonga, Zambia",,,siavonga,https://www.zambiayp.com/company/330/Zefa_Lodge_Ltd,zambiayp.com
Manchinchi Bay Lodge,"P.O.Box 115, Siavonga, Zambia",,,siavonga,https://www.zambiayp.com/company/80/Manchinchi_Bay_Lodge,zambiayp.com
Zambia Revenue Authority,"Kariba, Siavonga, Zambia",,,siavonga,https://www.zambiayp.com/company/5780/Zambia_Revenue_Authority,zambiayp.com
Zambia National Commercial Bank  Ltd,"P.O.Box 94, Siavonga, Zambia",,,siavonga,https://www.zambiayp.com/company/7075/Zambia_National_Commercial_Bank_Ltd,zambiayp.com
Access Financial Services,"Siavonga, Zambia",,,siavonga,https://www.zambiayp.com/company/1970/Access_Financial_Services,zambiayp.com
Animal Proteins Ltd,"Siavonga, Zambia",,,siavonga,https://www.zambiayp.com/company/5411/Animal_Proteins_Ltd,zambiayp.com
Barclays Bank Of Zambia Ltd,"Barclays Bank Cottage Plot 12, Siavonga, Zambia",,,siavonga,https://www.zambiayp.com/company/7088/Barclays_Bank_Of_Zambia_Ltd,zambiayp.com
Bbaasi Guest House,"Siavonga, Zambia",,,siavonga,https://www.zambiayp.com/company/3621/Bbaasi_Guest_House,zambiayp.com
Carton Inns Ltd,"Siavonga, Zambia",,,siavonga,https://www.zambiayp.com/company/3630/Carton_Inns_Ltd,zambiayp.com
Chilanga Cement Ltd,"P.O.Box 160, Siavonga, Zambia",,,siavonga,https://www.zambiayp.com/company/4156/Chilanga_Cement_Ltd,zambiayp.com
Diocese Of Monze,"P.O.Box 183, Siavonga, Zambia",,,siavonga,https://www.zambiayp.com/company/2259/Diocese_Of_Monze,zambiayp.com
Eagle  Rest Chalets & Camping,"P.O.Box 1, Siavonga, Zambia",,,siavonga,https://www.zambiayp.com/company/534/Eagle_Rest_Chalets_Camping,zambiayp.com
Grannies Treasure Bakery,"Bakers & Confectioners, Siavonga, Zambia",,,siavonga,https://www.zambiayp.com/company/12941/Grannies_Treasure_Bakery,zambiayp.com
Guest House,"Siavonga, Zambia",,,siavonga,https://www.zambiayp.com/company/13607/Guest_House,zambiayp.com
Islanda Fishing Industry,"Siavonga, Zambia",,,siavonga,https://www.zambiayp.com/company/1036/Islanda_Fishing_Industry,zambiayp.com
Kariba Enterprises,"P.O.Box 63, Siavonga, Zambia",,,siavonga,https://www.zambiayp.com/company/3910/Kariba_Enterprises,zambiayp.com
Kariba Serv Station,"Siavonga, Zambia",,,siavonga,https://www.zambiayp.com/company/6215/Kariba_Serv_Station,zambiayp.com
Kariba Crocodile & Fish Farms LTD,"Box 69, Siavonga, Zambia",,,siavonga,https://www.zambiayp.com/company/13921/Kariba_Crocodile_Fish_Farms_LTD,zambiayp.com
Lake Transport Ltd,"P.O.Box 91, Siavonga, Zambia",,,siavonga,https://www.zambiayp.com/company/4757/Lake_Transport_Ltd,zambiayp.com
Lake Kariba Waterwells LTD,"Box 44, Water Projects, Siavonga, Zambia",,,siavonga,https://www.zambiayp.com/company/15123/Lake_Kariba_Waterwells_LTD,zambiayp.com
Leisure Bay Lodge,"Siavonga, Zambia",,,siavonga,https://www.zambiayp.com/company/141/Leisure_Bay_Lodge,zambiayp.com
LIMBADA,"PLOT 18 SIAVONGA EAST SIAVONGA, Zambia",,,siavonga,https://www.zambiayp.com/company/15640/LIMBADA,zambiayp.com
M N C Butchery,"Siavonga, Zambia",,,siavonga,https://www.zambiayp.com/company/13102/M_N_C_Butchery,zambiayp.com
Musa B (am Motors),"P.O.Box 33309, Siavonga, Zambia",,,siavonga,https://www.zambiayp.com/company/6174/Musa_B_am_Motors,zambiayp.com
Musa B(am motors),"Box 33309, Siavonga, Zambia",,,siavonga,https://www.zambiayp.com/company/14079/Musa_Bam_motors,zambiayp.com
Nataizya Lodge,"Siavonga, Zambia",,,siavonga,https://www.zambiayp.com/company/234/Nataizya_Lodge,zambiayp.com
PCO,"Siavonga, Zambia",,,siavonga,https://www.zambiayp.com/company/14627/PCO,zambiayp.com
Regional Development And Programme Planning,"P.O.Box 12, Siavonga, Zambia",,,siavonga,https://www.zambiayp.com/company/4239/Regional_Development_And_Programme_Planning,zambiayp.com
Regional Development & Programme,"Box 12, Siavonga, Zambia",,,siavonga,https://www.zambiayp.com/company/13526/Regional_Development_Programme,zambiayp.com
Siavonga Filling Station Prop Ct Campbell,"P.O.Box 98, Siavonga, Zambia",,,siavonga,https://www.zambiayp.com/company/6155/Siavonga_Filling_Station_Prop_Ct_Campbell,zambiayp.com
Siavonga filling Station prop  Campbell,"Box 98, Siavonga, Zambia",,,siavonga,https://www.zambiayp.com/company/14080/Siavonga_filling_Station_prop_Campbell,zambiayp.com
Simuwana Engineering,"Siavonga, Zambia",,,siavonga,https://www.zambiayp.com/company/3264/Simuwana_Engineering,zambiayp.com
Standard Chartered Bank Zambia Ltd,"P.O.Box 32238, Siavonga, Zambia",,,siavonga,https://www.zambiayp.com/company/7089/Standard_Chartered_Bank_Zambia_Ltd,zambiayp.com
Sumbu Crocodile LTD,"Box17, Siavonga, Zambia",,,siavonga,https://www.zambiayp.com/company/14039/Sumbu_Crocodile_LTD,zambiayp.com
Tiger Trails,"P.O.Box 108, Siavonga, Zambia",,,siavonga,https://www.zambiayp.com/company/683/Tiger_Trails,zambiayp.com
Vundu Adventures,"Siavonga, Zambia",,,siavonga,https://www.zambiayp.com/company/12737/Vundu_Adventures,zambiayp.com
Western Union Siavonga,"Trade Unions, Siavonga, Zambia",,,siavonga,https://www.zambiayp.com/company/15021/Western_Union_Siavonga,zambiayp.com
Bbakasa,"Box 18, Southern Province, Siavonga, Zambia",,,siavonga,https://www.zambiayp.com/company/11955/Bbakasa,zambiayp.com
Chininde,"Box 43, Southern Province, Siavonga, Zambia",,,siavonga,https://www.zambiayp.com/company/11958/Chininde,zambiayp.com
Hachipilika,"Box 13, Southern Province, Siavonga, Zambia",,,siavonga,https://www.zambiayp.com/company/11960/Hachipilika,zambiayp.com
Kariba M.basic,"Box 140, Southern Province, Siavonga, Zambia",,,siavonga,https://www.zambiayp.com/company/11964/Kariba_Mbasic,zambiayp.com
Kayuni M. Basic,"Box 13, Southern Province, Siavonga, Zambia",,,siavonga,https://www.zambiayp.com/company/11965/Kayuni_M_Basic,zambiayp.com
Lusitu Basic,"Box 36, Southern Province, Siavonga, Zambia",,,siavonga,https://www.zambiayp.com/company/11966/Lusitu_Basic,zambiayp.com
Manchamvwa,"Box 175, Southern Province, Siavonga, Zambia",,,siavonga,https://www.zambiayp.com/company/11967/Manchamvwa,zambiayp.com
Matuwa Primary,"Box 43, Southern Province, Siavonga, Zambia",,,siavonga,https://www.zambiayp.com/company/11969/Matuwa_Primary,zambiayp.com
Mpango M.basic,"Box 13, Southern Province, Siavonga, Zambia",,,siavonga,https://www.zambiayp.com/company/11971/Mpango_Mbasic,zambiayp.com
Nabbanda,"Box 20, Southern Province, Siavonga, Zambia",,,siavonga,https://www.zambiayp.com/company/11972/Nabbanda,zambiayp.com
Pambazana M.,"Box 13, Southern Province, Siavonga, Zambia",,,siavonga,https://www.zambiayp.com/company/11973/Pambazana_M,zambiayp.com
Sianyolo,"Box 176, Southern Province, Siavonga, Zambia",,,siavonga,https://www.zambiayp.com/company/11975/Sianyolo,zambiayp.com
Siavonga Basic,"Box 99, Southern Province, Siavonga, Zambia",,,siavonga,https://www.zambiayp.com/company/11976/Siavonga_Basic,zambiayp.com
Sikoongo,"Box 20, Southern Province, Siavonga, Zambia",,,siavonga,https://www.zambiayp.com/company/11977/Sikoongo,zambiayp.com
Simaundu Primary,"Box 64, Southern Province, Siavonga, Zambia",,,siavonga,https://www.zambiayp.com/company/11978/Simaundu_Primary,zambiayp.com
Sinadambwe,"Box 91, Southern Province, Siavonga, Zambia",,,siavonga,https://www.zambiayp.com/company/11979/Sinadambwe,zambiayp.com
Sitinkwi,"Box 13, Southern Province, Siavonga, Zambia",,,siavonga,https://www.zambiayp.com/company/11980/Sitinkwi,zambiayp.com
Syakalyabanyam,"Box 13, Southern Province, Siavonga, Zambia",,,siavonga,https://www.zambiayp.com/company/11982/Syakalyabanyam,zambiayp.com
Syamwiinga,"Box 13, Southern Province, Siavonga, Zambia",,,siavonga,https://www.zambiayp.com/company/11983/Syamwiinga,zambiayp.com
Penson Car Hiring,"[email protected], Solwezi, Zambia",,,solwezi,https://www.zambiayp.com/company/19112/PENSON_CAR_HIRING,zambiayp.com
GsmZed 247,"Kandundu Area, Solwezi Central , Zambia",,,solwezi,https://www.zambiayp.com/company/18815/GsmZed_247,zambiayp.com
MUSHILI DELVIN CONSULTING LIMITED,"Kansanshi road Mushitala, Solwezi, Zambia",,,solwezi,https://www.zambiayp.com/company/16482/MUSHILI_DELVIN_CONSULTING_LIMITED,zambiayp.com
Far-gearengineering & general supplies,"Plot No 114 Kamijiji Street Solwezi Town, Zambia",,,solwezi,https://www.zambiayp.com/company/18706/Far_gearengineering_general_supplies,zambiayp.com
Floriana Lodge,"4 km from Solwezi on Chingola Rd, P.O.Box 110183, Zambia",,,solwezi,https://www.zambiayp.com/company/99/Floriana_Lodge,zambiayp.com
ACE VENTURES CRAFT,"plot no 10502 Solwezi teachers college, Zambia",,,solwezi,https://www.zambiayp.com/company/17654/ACE_VENTURES_CRAFT,zambiayp.com
Mabanga Express Delivery Services,"Near Kyawama Secondary school  along the school road, Solwezi, Zambia",,,solwezi,https://www.zambiayp.com/company/18432/Mabanga_Express_Delivery_Services,zambiayp.com
PETGET LEGAL  AND GENERAL CONSULTING GROUP,"INDEPENDENCE AVENUE, PLOT NO. 40645, Solwezi, Zambia",,,solwezi,https://www.zambiayp.com/company/18361/PETGET_LEGAL_AND_GENERAL_CONSULTING_GROUP,zambiayp.com
B.M.H. TRADING INTERNATIONAL,"no 6 main rd , Solwezi, Zambia",,,solwezi,https://www.zambiayp.com/company/17197/BMH_TRADING_INTERNATIONAL,zambiayp.com
Shakao General Suppliers LTD,"T5, Northern Resettlement road 2 Kalumbila, Solwezi, Zambia",,,solwezi,https://www.zambiayp.com/company/17686/Shakao_General_Suppliers_LTD,zambiayp.com
Cr Graphics,"MUSHITALA ALONG KANSANSHI ROAD OPPOSITE CHOPPIES MAL, Solwezi, Zambia",,,solwezi,https://www.zambiayp.com/company/19016/CR_GRAPHICS,zambiayp.com
Solwezi Municipal Council,"P.O.Box 110001, Independence Avenue Independence Avenue , Solwezi, Zambia",,,solwezi,https://www.zambiayp.com/company/2129/Solwezi_Municipal_Council,zambiayp.com
Sunworks Technologies  Limited,"Kyawama Along the independence Avenue Solwezi, Zambia",,,solwezi,https://www.zambiayp.com/company/18989/Sunworks_Technologies_Limited,zambiayp.com
HINGSMART COMPUTER SOLUTIONS,"Shop No. 2 Next To Food 24 Dox Complex Independence Avenue, Solwezi, Zambia",,,solwezi,https://www.zambiayp.com/company/17369/HINGSMART_COMPUTER_SOLUTIONS,zambiayp.com
KITEBE SAFARIS LIMITED,"KITEBE SAFARIS, P.O.BOX 130004, MUFUMBWE, NORTH wESTERN PROVINCE., Solwezi, Zambia",,,solwezi,https://www.zambiayp.com/company/16496/KITEBE_SAFARIS_LIMITED,zambiayp.com
NORTH WESTERN ART ENGINEERING LIMITED,"WEIGHBRIDGE SOLWEZI, Zambia",,,solwezi,https://www.zambiayp.com/company/18165/NORTH_WESTERN_ART_ENGINEERING_LIMITED,zambiayp.com
Sunnyville Engineering,"Plot No. 9047 SOLWEZI COLLEGE OF EDUCATION , Zambia",,,solwezi,https://www.zambiayp.com/company/18938/Sunnyville_Engineering,zambiayp.com
P & T Security and Consultancy Services,"PLOT 40645, INDEPENDENCE AVENUE - SOLWEZI, Zambia",,,solwezi,https://www.zambiayp.com/company/18392/P_T_Security_and_Consultancy_Services,zambiayp.com
Pharmaking Ltd,"Plot No : 15841, Shop No 26 A, Solwezi City Mall, Independence Avenue, T - 5 Main Road, North-Western Province, Solwezi, Zambia 10101",,,solwezi,https://www.zambiayp.com/company/7790/Pharmaking_Ltd,zambiayp.com
ASSO Executive Lodge,"PLot 121 Kyankwakwa Road, Low Density, Solwezi, Zambia",,,solwezi,https://www.zambiayp.com/company/14596/ASSO_Executive_Lodge,zambiayp.com
Mercury Couriers,"Solwezi, Zambia",,,solwezi,https://www.zambiayp.com/company/1787/Mercury_Couriers,zambiayp.com
National Pension Scheme Authority - Napsa,"Provident Hse, P.O.Box 11065, Solwezi, Zambia",,,solwezi,https://www.zambiayp.com/company/5981/National_Pension_Scheme_Authority_Napsa,zambiayp.com
Door To Door Perfect Polish,"Mitech Area, Solwezi, Zambia",,,solwezi,https://www.zambiayp.com/company/18795/Door_To_Door_Perfect_Polish,zambiayp.com
Shoprite,"15841 T5 Main Road , Solwezi, Zambia",,,solwezi,https://www.zambiayp.com/company/3529/Shoprite,zambiayp.com
Kisu Lodge,"kisu Lodge Investment LTD Plot No 1397 Saviye Area-Solwezi, north-western province, Zambia",,,solwezi,https://www.zambiayp.com/company/319/Kisu_Lodge,zambiayp.com
"Royal Solwezi Hotel, The","147 Old Chingola Road, Solwezi, Zambia",,,solwezi,https://www.zambiayp.com/company/16527/Royal_Solwezi_Hotel_The,zambiayp.com
Seedco Zambia Limited,"Plot 8191 Jihundu Rd, P.O.Box 110209, Solwezi, Zambia",,,solwezi,https://www.zambiayp.com/company/4610/Seedco_Zambia_Limited,zambiayp.com
Fedex,"Ministry of Works & Supply Bldg 110365 Independence Ave, Solwezi, Zambia",,,solwezi,https://www.zambiayp.com/company/1777/Fedex,zambiayp.com
SMARTLINE (Z) LIMITED,"T55 - 53, Banana One, Kalumbila Township, Mine Housing,, Solwezi, Zambia",,,solwezi,https://www.zambiayp.com/company/17285/smartline-z-limited,zambiayp.com
Fire Baptised Church - Solwezi Central,"Solwezi Town near Vision School, Zambia",,,solwezi,https://www.zambiayp.com/company/16452/Fire_Baptised_Church_Solwezi_Central,zambiayp.com
MOULDTECH,"Nayakrupa Estate, Nilamber Aangan Lane, Opp. New Timber Market, Near Namsakar Marble, Near Soma Talav Chokdi, Pratapnagar, Solwezi, Zambia",,,solwezi,https://www.zambiayp.com/company/18835/MOULDTECH,zambiayp.com
Bresmar Investment Ltd,"P.O.Box 110380, Solwezi, Zambia",,,solwezi,https://www.zambiayp.com/company/1129/Bresmar_Investment_Ltd,zambiayp.com
Mwaaka Lodge,"Plot 2460 Independence Ave Riverside, P.O.Box 110046, Solwezi, Zambia",,,solwezi,https://www.zambiayp.com/company/96/Mwaaka_Lodge,zambiayp.com
Robust Technologies Zambia Ltd,"Lumwana Copper Mine, P.O.Box 110378, Solwezi, Zambia",,,solwezi,https://www.zambiayp.com/company/964/Robust_Technologies_Zambia_Ltd,zambiayp.com
Status Hi-tech Zambia Limited,"Plot 1914 President Rd, Solwezi, Zambia",,,solwezi,https://www.zambiayp.com/company/5143/Status_Hi_tech_Zambia_Limited,zambiayp.com
Boc Gases - Agent Jaids Wholesaler,"Plot 133 Independence Ave, Solwezi, Zambia",,,solwezi,https://www.zambiayp.com/company/6749/Boc_GasesAgent_Jaids_Wholesaler,zambiayp.com
Jaids Wholesalers,"Solwezi, Zambia",,,solwezi,https://www.zambiayp.com/company/6758/Jaids_Wholesalers,zambiayp.com
Zambia Police - Protective Unit,"Solwezi, Zambia",,,solwezi,https://www.zambiayp.com/company/2229/Zambia_PoliceProtective_Unit,zambiayp.com
Amerex Fire Equipment,"Plot 8236 Chingola Rd, Solwezi, Zambia",,,solwezi,https://www.zambiayp.com/company/5149/Amerex_Fire_Equipment,zambiayp.com
Zambia State Insurance Corporation Limited The,"P.O.Box 110133, Solwezi, Zambia",,,solwezi,https://www.zambiayp.com/company/1266/Zambia_State_Insurance_Corporation_Limited_The,zambiayp.com
ROYAL KUTACHIKA LODGE,"Riverside Plot 2472, Zambezi, Zambia",,,zambezi,https://www.zambiayp.com/company/18204/ROYAL_KUTACHIKA_LODGE,zambiayp.com
Cars For Diplomats,"Zambia, Zambezi",,,zambezi,https://www.zambiayp.com/company/18555/Cars_For_Diplomats,zambiayp.com
"NetOne IT, Lusaka, Zambia","Corporate Office No 12553 Zambezi Road Roma, Zambia",,,zambezi,https://www.zambiayp.com/company/18054/NetOne_IT_Lusaka_Zambia,zambiayp.com
Massey Ferguson Zambia,"Lusaka, Zambia, Zambezi",,,zambezi,https://www.zambiayp.com/company/18606/Massey_Ferguson_Zambia,zambiayp.com
Sunfor Technologies,"16 Gerhardus Street, Randburg, Zambezi, Zambia",,,zambezi,https://www.zambiayp.com/company/16333/Sunfor_Technologies,zambiayp.com
"Pinnacle Weld, Safety, PPE & Workwear","26 Aspen Road, Zambezi, Zambia",,,zambezi,https://www.zambiayp.com/company/18973/Pinnacle_Weld_Safety_PPE_Workwear,zambiayp.com
Yambeeji Honey and Rice Products,"Box 150111, Room 3, Napsa Building, Chavuma Road Zambezi, Zambia",,,zambezi,https://www.zambiayp.com/company/16219/Yambeeji_Honey_and_Rice_Products,zambiayp.com
Uber Clone | Taxi App Like Uber | Tagmytaxi,"Zambia, Zambezi",,,zambezi,https://www.zambiayp.com/company/17597/Uber_Clone_Taxi_App_Like_Uber_Tagmytaxi,zambiayp.com
Wama Technology  Pvt Ltd,"50 Long Street, Lusaka,Zambia., Lusaka, Zambezi",,,zambezi,https://www.zambiayp.com/company/19404/Wama_Technology_Pvt_Ltd,zambiayp.com
ENKOMAK BAKERY MACHINERY CO.,"Gümüşpala Mh. No:12 E-5 Yan Yol Üzeri 34320 Avcılar / İSTANBUL / TÜRKİYE, Zambezi, Zambia",,,zambezi,https://www.zambiayp.com/company/16299/ENKOMAK_BAKERY_MACHINERY_CO,zambiayp.com
Capuchini Fathers,"Box 150015, Zambezi, Zambia",,,zambezi,https://www.zambiayp.com/company/8291/Capuchini_Fathers,zambiayp.com
Kizito Sampa Dr,"Zambezi, Zambia",,,zambezi,https://www.zambiayp.com/company/14864/Kizito_Sampa_Dr,zambiayp.com
Muzaza Fackson Stores,"Zambezi, Zambia",,,zambezi,https://www.zambiayp.com/company/3111/Muzaza_Fackson_Stores,zambiayp.com
National Pension Scheme Authority - Napsa,"Provident Hse, P.O.Box 150151, Zambezi, Zambia",,,zambezi,https://www.zambiayp.com/company/5975/National_Pension_Scheme_AuthorityNapsa,zambiayp.com
North Western Bee Products Ltd,"P.O.Box 99, Zambezi, Zambia",,,zambezi,https://www.zambiayp.com/company/1712/North_Western_Bee_Products_Ltd,zambiayp.com
Chizenzi,"Box 150014, north Western Province, Zambezi, Zambia",,,zambezi,https://www.zambiayp.com/company/10656/Chizenzi,zambiayp.com
Chizozu Middle,"Box 150014, north Western Province, Zambezi, Zambia",,,zambezi,https://www.zambiayp.com/company/10657/Chizozu_Middle,zambiayp.com
Chihongo,"Box 150014, north Western Province, Zambezi, Zambia",,,zambezi,https://www.zambiayp.com/company/10687/Chihongo,zambiayp.com
Chinyingi Baisc,"Box 150046, north Western Province, Zambezi, Zambia",,,zambezi,https://www.zambiayp.com/company/10688/Chinyingi_Baisc,zambiayp.com
Kadihombu Lower,"Box 150014, north Western Province, Zambezi, Zambia",,,zambezi,https://www.zambiayp.com/company/10660/Kadihombu_Lower,zambiayp.com
Kakeki,"Box 150014, north Western Province, Zambezi, Zambia",,,zambezi,https://www.zambiayp.com/company/10661/Kakeki,zambiayp.com
Kakonga,"Box 150014, north Western Province, Zambezi, Zambia",,,zambezi,https://www.zambiayp.com/company/10662/Kakonga,zambiayp.com
Kakhoto Lower,"Box 150014, north Western Province, Zambezi, Zambia",,,zambezi,https://www.zambiayp.com/company/10689/Kakhoto_Lower,zambiayp.com
Kamakala,"Box 150014, north Western Province, Zambezi, Zambia",,,zambezi,https://www.zambiayp.com/company/10663/Kamakala,zambiayp.com
Kanyilaba Middle,"Box 150067, north Western Province, Zambezi, Zambia",,,zambezi,https://www.zambiayp.com/company/10664/Kanyilaba_Middle,zambiayp.com
Kapidi Middle,"Box 150014, north Western Province, Zambezi, Zambia",,,zambezi,https://www.zambiayp.com/company/10665/Kapidi_Middle,zambiayp.com
Kasesi,"Box 150014, north Western Province, Zambezi, Zambia",,,zambezi,https://www.zambiayp.com/company/10666/Kasesi,zambiayp.com
Kashona Middle,"Box 150014, north Western Province, Zambezi, Zambia",,,zambezi,https://www.zambiayp.com/company/10691/Kashona_Middle,zambiayp.com
Katontu Middle,"Box 150014, north Western Province, Zambezi, Zambia",,,zambezi,https://www.zambiayp.com/company/10667/Katontu_Middle,zambiayp.com
Kawumbu,"Box 150096, north Western Province, Zambezi, Zambia",,,zambezi,https://www.zambiayp.com/company/10668/Kawumbu,zambiayp.com
Kawelele,"Box 150014, north Western Province, Zambezi, Zambia",,,zambezi,https://www.zambiayp.com/company/10692/Kawelele,zambiayp.com
Kayisaka,"Box 150014, north Western Province, Zambezi, Zambia",,,zambezi,https://www.zambiayp.com/company/10669/Kayisaka,zambiayp.com
Likungu,"Box 150014, north Western Province, Zambezi, Zambia",,,zambezi,https://www.zambiayp.com/company/10693/Likungu,zambiayp.com
Liyovu,"Box 150014, north Western Province, Zambezi, Zambia",,,zambezi,https://www.zambiayp.com/company/10694/Liyovu,zambiayp.com
Lwampungwa,"Box 150078, north Western Province, Zambezi, Zambia",,,zambezi,https://www.zambiayp.com/company/10672/Lwampungwa,zambiayp.com
Lwatembu,"Box 150014, north Western Province, Zambezi, Zambia",,,zambezi,https://www.zambiayp.com/company/10673/Lwatembu,zambiayp.com
Lwitadi Middle,"Box 150014, north Western Province, Zambezi, Zambia",,,zambezi,https://www.zambiayp.com/company/10674/Lwitadi_Middle,zambiayp.com
Makanga Middle,"Box 150014, north Western Province, Zambezi, Zambia",,,zambezi,https://www.zambiayp.com/company/10695/Makanga_Middle,zambiayp.com
Mapachi Upper,"Box 150045, north Western Province, Zambezi, Zambia",,,zambezi,https://www.zambiayp.com/company/10696/Mapachi_Upper,zambiayp.com
Matondo Primary,"Box 150014, north Western Province, Zambezi, Zambia",,,zambezi,https://www.zambiayp.com/company/10654/Matondo_Primary,zambiayp.com
Milomboyi,"Box 150014, north Western Province, Zambezi, Zambia",,,zambezi,https://www.zambiayp.com/company/10677/Milomboyi,zambiayp.com
Mpidi,"Box 150014, north Western Province, Zambezi, Zambia",,,zambezi,https://www.zambiayp.com/company/10678/Mpidi,zambiayp.com
Mufula,"Box 150014, north Western Province, Zambezi, Zambia",,,zambezi,https://www.zambiayp.com/company/10697/Mufula,zambiayp.com
Mukenge Middle,"Box 150014, north Western Province, Zambezi, Zambia",,,zambezi,https://www.zambiayp.com/company/10679/Mukenge_Middle,zambiayp.com
Mukongu Basic,"Box 150014, north Western Province, Zambezi, Zambia",,,zambezi,https://www.zambiayp.com/company/10680/Mukongu_Basic,zambiayp.com
Musamba Primary,"Box 150014, north Western Province, Zambezi, Zambia",,,zambezi,https://www.zambiayp.com/company/10681/Musamba_Primary,zambiayp.com
Muswiza,"Box 150014, north Western Province, Zambezi, Zambia",,,zambezi,https://www.zambiayp.com/company/10698/Muswiza,zambiayp.com
Muyembe Middle,"Box 150009, north Western Province, Zambezi, Zambia",,,zambezi,https://www.zambiayp.com/company/10699/Muyembe_Middle,zambiayp.com
Mwange Basic,"Box 150014, north Western Province, Zambezi, Zambia",,,zambezi,https://www.zambiayp.com/company/10700/Mwange_Basic,zambiayp.com
Nyakuleng'a,"Box 150014, north Western Province, Zambezi, Zambia",,,zambezi,https://www.zambiayp.com/company/10682/Nyakulenga,zambiayp.com
Nyawanda,"Box 150014, north Western Province, Zambezi, Zambia",,,zambezi,https://www.zambiayp.com/company/10702/Nyawanda,zambiayp.com
Nyilamba,"Box 150014, north Western Province, Zambezi, Zambia",,,zambezi,https://www.zambiayp.com/company/10684/Nyilamba,zambiayp.com
Zambezi Basic,"Box 150012, north Western Province, Zambezi, Zambia",,,zambezi,https://www.zambiayp.com/company/10686/Zambezi_Basic,zambiayp.com
Zambezi Sec. Sch.,"Box 150022, north Western Province, Zambezi, Zambia",,,zambezi,https://www.zambiayp.com/company/12531/Zambezi_Sec_Sch,zambiayp.com
Tech Imaginations Zambia,"PLOT NO 24 ALONG HIGHWAY LIVING STONE ROAD ZIMBA TOWN Zimba Southern Province, Zambia",,,zimba,https://www.zambiayp.com/company/19475/Tech_Imaginations_Zambia,zambiayp.com
Uttam Toyota,"H Block Noida Sec 63, Uttar Pradesh, Zimba, Zambia",,,zimba,https://www.zambiayp.com/company/19153/Uttam_Toyota,zambiayp.com
HCM MEDICA,"fengchenguoji, Building 3, 713, Zimba, Zambia",,,zimba,https://www.zambiayp.com/company/19208/HCM_MEDICA,zambiayp.com
Acacia Safaris and Tours,"Maramba Mc 290, Zimba, Zambia",,,zimba,https://www.zambiayp.com/company/18885/Acacia_Safaris_and_Tours,zambiayp.com
Ariesalloys,"No.3, 327 S.V.P.Road, Makharai House, Mumbai: 400 004, Zimba, Zambia",,,zimba,https://www.zambiayp.com/company/17753/ariesalloys,zambiayp.com
Set up a new MLM website with cozy features,"5 Edison Crescent,, Zimba, Zambia",,,zimba,https://www.zambiayp.com/company/17412/Set_up_a_new_MLM_website_with_cozy_features,zambiayp.com
"Smart Electronics Design Co., Limited","First Building,Hui Chuan Industry Park, Xiang Yin Road No.71-3.Nan Lian community, Zimba, Zambia",,,zimba,https://www.zambiayp.com/company/17810/Smart_Electronics_Design_Co_Limited,zambiayp.com
"Anhui Longsheng New Material Co.,Ltd","Gushu Industrial Zone,Dangtu County,Maanshan City, Zimba, Zambia",,,zimba,https://www.zambiayp.com/company/19436/Anhui_Longsheng_New_Material_Co_Ltd,zambiayp.com
Po erugo and sons ltd,"lot 240 avenue zambia, Zimba",,,zimba,https://www.zambiayp.com/company/17470/Po_erugo_and_sons_ltd,zambiayp.com
"Zambian Consulate in Harare, Zimbabwe","Zimba, Zambia",,,zimba,https://www.zambiayp.com/company/15266/Zambian_Consulate_in_HarareZimbabwe,zambiayp.com
Dynamic Recruitment & Travels Limited,"Rue Gaba Tokoin Habitat,Lome-Togo, Zimba, Zambia",,,zimba,https://www.zambiayp.com/company/16266/Dynamic_Recruitment_Travels_Limited,zambiayp.com
Zimba Mission Hospital,"T1, Zimba, Zambia",,,zimba,https://www.zambiayp.com/company/14357/Zimba_Mission_Hospital,zambiayp.com
Zimba Secondary,"P.O.Box 910141, Southern Province, Zimba, Zambia",,,zimba,https://www.zambiayp.com/company/12566/Zimba_Secondary,zambiayp.com
J K Soppeiz Farms LTD,"Zimba, Zambia",,,zimba,https://www.zambiayp.com/company/13835/J_K_Soppeiz_Farms_LTD,zambiayp.com
Nyawa Rural Health Centre,"Zimba, Zambia",,,zimba,https://www.zambiayp.com/company/4371/Nyawa_Rural_Health_Centre,zambiayp.com
Wessels M (Fairford Farm),"Zimba, Zambia",,,zimba,https://www.zambiayp.com/company/13836/Wessels_M_Fairford_Farm,zambiayp.com
Zimba Eye Hospital,"Zimba, Zambia",,,zimba,https://www.zambiayp.com/company/13720/Zimba_Eye_Hospital,zambiayp.com
Zimba Centre for Rural & Youth,"Zimba, Zambia",,,zimba,https://www.zambiayp.com/company/15238/Zimba_Centre_for_Rural_Youth,zambiayp.com
Chooma River,"Box 610053, Southern Province, Zimba, Zambia",,,zimba,https://www.zambiayp.com/company/11687/Chooma_River,zambiayp.com
Nkungwa,"Box 610112, Southern Province, Zimba, Zambia",,,zimba,https://www.zambiayp.com/company/11671/Nkungwa,zambiayp.com
Simwami,"Box 81, Southern Province, Zimba, Zambia",,,zimba,https://www.zambiayp.com/company/11677/Simwami,zambiayp.com
